{"epoch": 15, "macroF1Rumor": 0.6231775613909064, "accRumor": 0.7208216619981326, "loss": 1.1793698072433472, "testRumorAcc": [0.7189542483660131, 0.7189542483660131, 0.7208216619981326, 0.6974789915966386, 0.7142857142857143, 0.6993464052287581, 0.6928104575163399, 0.6853408029878618, 0.673202614379085, 0.6844070961718021, 0.6844070961718021, 0.6890756302521008, 0.6881419234360411], "testRumorF1": [0.5000500738552613, 0.5855765409128596, 0.6231775613909064, 0.5993206531436344, 0.5986403820425374, 0.5989854740212492, 0.5905826278332434, 0.5744631949586053, 0.5658296245017204, 0.5664699341583247, 0.5615573144889894, 0.566243549646591, 0.5666605556725423], "testLoss": [0.7997956275939941, 1.0084396600723267, 1.1793698072433472, 1.4347071647644043, 1.704566478729248, 1.9986311197280884, 2.2812483310699463, 2.6072304248809814, 2.9833192825317383, 3.3619771003723145, 3.7565038204193115, 3.864511728286743, 3.8792386054992676]}