{"epoch": 85, "macroF1Rumor": 0.5333333333333333, "accRumor": 0.5357142857142857, "loss": 5.0370354652404785, "testRumorAcc": [0.2857142857142857, 0.39285714285714285, 0.39285714285714285, 0.39285714285714285, 0.39285714285714285, 0.4642857142857143, 0.4642857142857143, 0.4642857142857143, 0.4642857142857143, 0.4642857142857143, 0.5, 0.4642857142857143, 0.4642857142857143, 0.5357142857142857, 0.5357142857142857, 0.5357142857142857, 0.5357142857142857, 0.5357142857142857, 0.5, 0.5, 0.5, 0.5357142857142857, 0.5, 0.5, 0.5, 0.5, 0.5], "testRumorF1": [0.14814814814814817, 0.3333333333333333, 0.3297022512708787, 0.32763532763532766, 0.3619909502262444, 0.4235764235764236, 0.4235764235764236, 0.4235764235764236, 0.4251950947603122, 0.4251950947603122, 0.477056277056277, 0.4476190476190476, 0.4476190476190476, 0.5325241207594149, 0.5325241207594149, 0.5325241207594149, 0.5333333333333333, 0.5333333333333333, 0.4930856553147575, 0.4930856553147575, 0.4930856553147575, 0.5333333333333333, 0.4930856553147575, 0.4930856553147575, 0.4930856553147575, 0.4930856553147575, 0.4930856553147575], "testLoss": [1.2238258123397827, 1.3259596824645996, 1.3466371297836304, 1.7412234544754028, 2.0336291790008545, 2.279365062713623, 2.4850709438323975, 2.7484707832336426, 2.969869375228882, 3.170807123184204, 3.3660330772399902, 3.572749137878418, 3.808985948562622, 4.081114292144775, 4.375124931335449, 4.698659420013428, 5.0370354652404785, 5.385106563568115, 5.729691505432129, 6.068314552307129, 6.364287853240967, 6.300848007202148, 6.624537467956543, 6.920176029205322, 7.174936771392822, 7.3741559982299805, 7.5509490966796875]}