{"epoch": 95, "macroF1Rumor": 0.579479000531632, "macroF1Stance": 0.3194070927056408, "accRumor": 0.5714285714285714, "accStance": 0.6912045889101338, "loss": 3.972699761390686, "testRumorAcc": [0.2857142857142857, 0.2857142857142857, 0.42857142857142855, 0.39285714285714285, 0.39285714285714285, 0.4642857142857143, 0.39285714285714285, 0.39285714285714285, 0.4642857142857143, 0.42857142857142855, 0.5714285714285714, 0.5, 0.5, 0.5357142857142857, 0.4642857142857143, 0.5357142857142857, 0.5, 0.5357142857142857, 0.5714285714285714, 0.5357142857142857, 0.5357142857142857, 0.5714285714285714, 0.4642857142857143, 0.5, 0.4642857142857143, 0.4642857142857143, 0.4642857142857143, 0.4642857142857143, 0.4642857142857143, 0.4642857142857143, 0.4642857142857143, 0.4642857142857143, 0.4642857142857143, 0.4642857142857143, 0.4642857142857143, 0.42857142857142855, 0.42857142857142855, 0.42857142857142855, 0.4642857142857143], "testRumorF1": [0.14814814814814817, 0.14814814814814817, 0.3621052631578947, 0.32763532763532766, 0.3333333333333333, 0.46812324929972, 0.3619909502262444, 0.36813186813186816, 0.46277777777777773, 0.4124183006535948, 0.5694444444444445, 0.4920634920634921, 0.4920634920634921, 0.5391091219096334, 0.4587301587301587, 0.5325241207594149, 0.4779831932773109, 0.5347027699968877, 0.579479000531632, 0.538961038961039, 0.538961038961039, 0.5714285714285715, 0.461994301994302, 0.4944258639910813, 0.4640914640914641, 0.4640914640914641, 0.4654403567447045, 0.46322327558025495, 0.4610389610389611, 0.4610389610389611, 0.4610389610389611, 0.4610389610389611, 0.4610389610389611, 0.4666666666666666, 0.4666666666666666, 0.42698412698412697, 0.42698412698412697, 0.42698412698412697, 0.4666666666666666], "testStanceAcc": [0.765774378585086, 0.765774378585086, 0.765774378585086, 0.765774378585086, 0.765774378585086, 0.765774378585086, 0.765774378585086, 0.765774378585086, 0.762906309751434, 0.762906309751434, 0.7571701720841301, 0.7504780114722753, 0.7418738049713193, 0.7332695984703633, 0.7284894837476099, 0.7189292543021033, 0.6864244741873805, 0.6940726577437859, 0.6912045889101338, 0.6873804971319312, 0.6759082217973231, 0.6673040152963671, 0.6491395793499044, 0.6481835564053537, 0.6367112810707457, 0.6453154875717018, 0.6367112810707457, 0.6204588910133844, 0.627151051625239, 0.627151051625239, 0.6328871892925431, 0.6108986615678776, 0.6032504780114722, 0.5965583173996176, 0.6118546845124283, 0.5860420650095602, 0.6061185468451242, 0.6032504780114722, 0.5936902485659655], "testStanceF1": [0.32267561463981054, 0.32267561463981054, 0.32267561463981054, 0.32267561463981054, 0.32267561463981054, 0.32267561463981054, 0.32267561463981054, 0.32267561463981054, 0.31893759926180276, 0.31893759926180276, 0.3148876404494382, 0.3098531017446588, 0.3056137233750027, 0.2980463281150566, 0.29751303350046143, 0.30104211010217924, 0.29422510707447497, 0.30833961789844144, 0.3194070927056408, 0.3085866446010759, 0.3211223743731259, 0.31088333452537914, 0.31292994254943507, 0.3086686928578086, 0.30853087443950694, 0.3066413357174227, 0.2946942191954547, 0.30189273292767627, 0.2906666832635919, 0.2914350469577801, 0.29158136460541195, 0.29803981102966975, 0.28951741986257107, 0.2897261620022946, 0.29036260513213463, 0.28267051797235354, 0.29555002687755083, 0.29204134774735907, 0.2833420733429188], "testLoss": [2.0414616465568542, 2.0780099630355835, 2.083665609359741, 1.9450036883354187, 1.9823413491249084, 2.23192697763443, 2.413021504878998, 2.6904537081718445, 2.7366050481796265, 2.9185129404067993, 2.58164244890213, 2.893899977207184, 3.048437476158142, 3.3026043176651, 3.637474536895752, 3.9166600704193115, 3.9954652786254883, 4.087019443511963, 3.972699761390686, 4.247263312339783, 4.408298850059509, 5.014464616775513, 5.010710954666138, 5.546572685241699, 5.865061044692993, 6.227739334106445, 6.472676992416382, 6.667362213134766, 6.909308671951294, 7.042064189910889, 7.059017896652222, 7.560570001602173, 7.724326133728027, 7.953432559967041, 7.943649530410767, 8.322563171386719, 8.271552562713623, 8.318155527114868, 8.604351043701172]}