{"epoch": 165, "macroF1Rumor": 0.49902534113060426, "macroF1Stance": 0.33569454175395635, "accRumor": 0.5, "accStance": 0.6347992351816444, "loss": 4.722774267196655, "trainRumorEpoch": [1, 13, 15, 16, 18, 19, 20, 25, 26, 28, 31, 33, 35, 36, 38, 39, 40, 41, 42, 44, 50, 52, 54, 56, 58, 61, 62, 63, 64, 66, 67, 68, 69, 70, 71, 72, 73, 75, 76, 78, 79, 81, 84, 85, 87, 88, 91, 93, 94, 95, 97, 99, 100, 101, 102, 103, 104, 108, 109, 110, 113, 116, 118, 119, 126, 127, 129, 132, 133, 134, 136, 137, 138, 140, 144, 146, 151, 154, 155, 157, 164, 166, 167, 168, 170, 171, 172, 174, 176, 179, 182, 184, 191, 192, 193, 194, 196, 197, 198, 200, 203, 204, 209, 212, 214, 216, 218, 219, 220, 222, 224, 226, 228, 229, 232, 234, 235, 237, 238, 239, 241, 242, 243, 245, 247, 252, 253, 254, 259, 260, 261, 262, 263], "trainRumorAcc": [0.46691176470588236, 0.46691176470588236, 0.46691176470588236, 0.46691176470588236, 0.46691176470588236, 0.5257352941176471, 0.5367647058823529, 0.6691176470588235, 0.7132352941176471, 0.7352941176470589, 0.7463235294117647, 0.7573529411764706, 0.7683823529411765, 0.7830882352941176, 0.8014705882352942, 0.8676470588235294, 0.9191176470588235, 0.9338235294117647, 0.9742647058823529, 0.9889705882352942, 0.9889705882352942, 1.0, 0.9963235294117647, 1.0, 1.0, 1.0, 1.0, 1.0, 1.0, 1.0, 1.0, 1.0, 1.0, 1.0, 1.0, 1.0, 1.0, 0.9926470588235294, 1.0, 1.0, 1.0, 1.0, 1.0, 1.0, 1.0, 1.0, 0.9963235294117647, 1.0, 1.0, 1.0, 1.0, 1.0, 1.0, 1.0, 1.0, 1.0, 1.0, 1.0, 1.0, 1.0, 0.9963235294117647, 1.0, 1.0, 1.0, 1.0, 1.0, 1.0, 1.0, 1.0, 1.0, 1.0, 1.0, 1.0, 1.0, 1.0, 1.0, 1.0, 1.0, 1.0, 1.0, 0.9963235294117647, 1.0, 1.0, 1.0, 1.0, 1.0, 1.0, 1.0, 1.0, 1.0, 1.0, 1.0, 1.0, 1.0, 1.0, 1.0, 1.0, 1.0, 1.0, 1.0, 1.0, 1.0, 1.0, 1.0, 1.0, 1.0, 1.0, 1.0, 1.0, 1.0, 1.0, 1.0, 1.0, 1.0, 1.0, 1.0, 1.0, 1.0, 1.0, 1.0, 1.0, 1.0, 1.0, 1.0, 1.0, 1.0, 1.0, 1.0, 1.0, 1.0, 1.0, 1.0, 1.0], "trainRumorF1": [0.21219715956558063, 0.21219715956558063, 0.21219715956558063, 0.21219715956558063, 0.21219715956558063, 0.3171578889594555, 0.3339181286549708, 0.4862869198312236, 0.5233344799908267, 0.5396775194888104, 0.54871293580971, 0.5574271165380573, 0.5662280701754386, 0.5789643119941134, 0.6240612266652743, 0.7888825744805864, 0.8836351793600864, 0.9086547985082983, 0.967052795726072, 0.985799671065827, 0.985531154801988, 1.0, 0.9969372762452662, 1.0, 1.0, 1.0, 1.0, 1.0, 1.0, 1.0, 1.0, 1.0, 1.0, 1.0, 1.0, 1.0, 1.0, 0.993866556154165, 1.0, 1.0, 1.0, 1.0, 1.0, 1.0, 1.0, 1.0, 0.9969372762452662, 1.0, 1.0, 1.0, 1.0, 1.0, 1.0, 1.0, 1.0, 1.0, 1.0, 1.0, 1.0, 1.0, 0.9969291420271812, 1.0, 1.0, 1.0, 1.0, 1.0, 1.0, 1.0, 1.0, 1.0, 1.0, 1.0, 1.0, 1.0, 1.0, 1.0, 1.0, 1.0, 1.0, 1.0, 0.9969291420271812, 1.0, 1.0, 1.0, 1.0, 1.0, 1.0, 1.0, 1.0, 1.0, 1.0, 1.0, 1.0, 1.0, 1.0, 1.0, 1.0, 1.0, 1.0, 1.0, 1.0, 1.0, 1.0, 1.0, 1.0, 1.0, 1.0, 1.0, 1.0, 1.0, 1.0, 1.0, 1.0, 1.0, 1.0, 1.0, 1.0, 1.0, 1.0, 1.0, 1.0, 1.0, 1.0, 1.0, 1.0, 1.0, 1.0, 1.0, 1.0, 1.0, 1.0, 1.0, 1.0], "trainStanceEpoch": [2, 3, 4, 5, 6, 7, 8, 9, 10, 11, 12, 14, 17, 21, 22, 23, 24, 27, 29, 30, 32, 34, 37, 43, 45, 46, 47, 48, 49, 51, 53, 55, 57, 59, 60, 65, 74, 77, 80, 82, 83, 86, 89, 90, 92, 96, 98, 105, 106, 107, 111, 112, 114, 115, 117, 120, 121, 122, 123, 124, 125, 128, 130, 131, 135, 139, 141, 142, 143, 145, 147, 148, 149, 150, 152, 153, 156, 158, 159, 160, 161, 162, 163, 165, 169, 173, 175, 177, 178, 180, 181, 183, 185, 186, 187, 188, 189, 190, 195, 199, 201, 202, 205, 206, 207, 208, 210, 211, 213, 215, 217, 221, 223, 225, 227, 230, 231, 233, 236, 240, 244, 246, 248, 249, 250, 251, 255, 256, 257, 258, 264, 265], "trainStanceAcc": [0.5800189393939394, 0.6676136363636364, 0.703125, 0.703125, 0.703125, 0.703125, 0.703125, 0.703125, 0.703125, 0.703125, 0.7035984848484849, 0.7038352272727273, 0.7054924242424242, 0.7066761363636364, 0.7078598484848485, 0.7073863636363636, 0.7076231060606061, 0.7154356060606061, 0.7168560606060606, 0.7189867424242424, 0.7213541666666666, 0.7251420454545454, 0.7270359848484849, 0.7244318181818182, 0.7253787878787878, 0.7270359848484849, 0.7286931818181818, 0.7310606060606061, 0.7336647727272727, 0.7348484848484849, 0.7367424242424242, 0.740530303030303, 0.7421875, 0.7436079545454546, 0.7488162878787878, 0.7504734848484849, 0.7556818181818182, 0.7599431818181818, 0.765625, 0.771780303030303, 0.7739109848484849, 0.7781723484848485, 0.7838541666666666, 0.7900094696969697, 0.7937973484848485, 0.7978219696969697, 0.8008996212121212, 0.8042140151515151, 0.8072916666666666, 0.8098958333333334, 0.8136837121212122, 0.8177083333333334, 0.8210227272727273, 0.8274147727272727, 0.8312026515151515, 0.8366477272727273, 0.8456439393939394, 0.8506155303030303, 0.8570075757575758, 0.8643465909090909, 0.8707386363636364, 0.8693181818181818, 0.8828125, 0.8877840909090909, 0.8903882575757576, 0.8977272727272727, 0.9038825757575758, 0.9116950757575758, 0.9173768939393939, 0.9199810606060606, 0.9242424242424242, 0.9322916666666666, 0.9372632575757576, 0.9375, 0.9386837121212122, 0.9448390151515151, 0.9474431818181818, 0.9509943181818182, 0.9562026515151515, 0.9585700757575758, 0.9609375, 0.9649621212121212, 0.967092803030303, 0.9628314393939394, 0.9663825757575758, 0.9699337121212122, 0.9741950757575758, 0.9777462121212122, 0.9803503787878788, 0.9786931818181818, 0.9822443181818182, 0.9822443181818182, 0.984375, 0.9848484848484849, 0.9874526515151515, 0.9862689393939394, 0.9888731060606061, 0.9881628787878788, 0.9888731060606061, 0.9888731060606061, 0.9900568181818182, 0.9912405303030303, 0.9912405303030303, 0.9933712121212122, 0.993844696969697, 0.9947916666666666, 0.9943181818181818, 0.9945549242424242, 0.9955018939393939, 0.9952651515151515, 0.9952651515151515, 0.9964488636363636, 0.9952651515151515, 0.9959753787878788, 0.9969223484848485, 0.9976325757575758, 0.9966856060606061, 0.998342803030303, 0.9966856060606061, 0.998342803030303, 0.9981060606060606, 0.9985795454545454, 0.9971590909090909, 0.9988162878787878, 0.9985795454545454, 0.9992897727272727, 0.9992897727272727, 0.9988162878787878, 0.9988162878787878, 0.9992897727272727, 0.9995265151515151, 0.9992897727272727],