{"epoch": 100, "macroF1Rumor": 0.5841687552213868, "macroF1Stance": 0.3035977337110482, "accRumor": 0.5714285714285714, "accStance": 0.7466539196940727, "loss": 2.845880150794983, "testRumorAcc": [0.2857142857142857, 0.2857142857142857, 0.2857142857142857, 0.39285714285714285, 0.42857142857142855, 0.42857142857142855, 0.42857142857142855, 0.39285714285714285, 0.42857142857142855, 0.35714285714285715, 0.39285714285714285, 0.35714285714285715, 0.35714285714285715, 0.5, 0.39285714285714285, 0.5714285714285714, 0.5357142857142857, 0.5357142857142857, 0.4642857142857143, 0.5714285714285714, 0.5, 0.4642857142857143, 0.4642857142857143, 0.5, 0.5714285714285714, 0.5714285714285714, 0.5, 0.5, 0.4642857142857143, 0.5, 0.39285714285714285, 0.5357142857142857, 0.4642857142857143, 0.4642857142857143, 0.5, 0.39285714285714285, 0.39285714285714285, 0.5, 0.5, 0.39285714285714285], "testRumorF1": [0.14814814814814817, 0.14814814814814817, 0.14814814814814817, 0.3333333333333333, 0.3646723646723647, 0.3771712158808933, 0.3646723646723647, 0.3556658395368073, 0.375, 0.3172043010752688, 0.35139573070607555, 0.3147656940760389, 0.3147656940760389, 0.43874643874643876, 0.36495726495726494, 0.5437506810504522, 0.5140096618357487, 0.5140096618357487, 0.4259561948349133, 0.5841687552213868, 0.4954870837223779, 0.4558270676691729, 0.4465497076023392, 0.4954870837223779, 0.5813204508856683, 0.5813204508856683, 0.4959514170040486, 0.4959514170040486, 0.446031746031746, 0.4959514170040486, 0.373202614379085, 0.538961038961039, 0.45975232198142413, 0.46086369770580293, 0.4944258639910814, 0.37606837606837606, 0.37367521367521367, 0.4972136222910217, 0.4974937343358396, 0.37367521367521367], "testStanceAcc": [0.765774378585086, 0.765774378585086, 0.765774378585086, 0.765774378585086, 0.765774378585086, 0.765774378585086, 0.765774378585086, 0.765774378585086, 0.765774378585086, 0.765774378585086, 0.765774378585086, 0.7648183556405354, 0.7638623326959847, 0.7638623326959847, 0.762906309751434, 0.762906309751434, 0.760038240917782, 0.7571701720841301, 0.7562141491395793, 0.7466539196940727, 0.745697896749522, 0.739961759082218, 0.7122370936902486, 0.719885277246654, 0.6978967495219885, 0.6864244741873805, 0.6759082217973231, 0.6749521988527725, 0.6931166347992351, 0.6663479923518164, 0.6806883365200764, 0.6586998087954111, 0.6692160611854685, 0.6539196940726577, 0.641491395793499, 0.6395793499043977, 0.6328871892925431, 0.6395793499043977, 0.6233269598470363, 0.615678776290631], "testStanceF1": [0.32267561463981054, 0.32267561463981054, 0.32267561463981054, 0.32267561463981054, 0.32267561463981054, 0.32267561463981054, 0.32267561463981054, 0.32267561463981054, 0.32267561463981054, 0.32267561463981054, 0.32267561463981054, 0.3209191116874696, 0.31992178770949725, 0.31992178770949725, 0.31824587362821255, 0.31893759926180276, 0.315406162464986, 0.31267140916263725, 0.31178191021311186, 0.3035977337110482, 0.30501831624188575, 0.30015678449258837, 0.29558424607121336, 0.29809814190244566, 0.3031526836733148, 0.29420711059715204, 0.3001030634249847, 0.3066149235757387, 0.32939394819058954, 0.3279898241854764, 0.325141499137483, 0.33659424655023784, 0.31502691921999815, 0.32886027523360817, 0.3254182350099619, 0.32140004001549216, 0.31958551457917456, 0.3213307157597519, 0.3126137799049685, 0.30944493025852476], "testLoss": [2.0236690044403076, 2.0163058042526245, 2.0586767196655273, 2.0812758207321167, 2.096067249774933, 2.16858834028244, 2.355689764022827, 2.8439608216285706, 2.9584855437278748, 3.415060818195343, 3.7019795179367065, 3.586768627166748, 3.5940572023391724, 4.005639910697937, 3.8864102959632874, 3.937153458595276, 3.7370625138282776, 3.9960240721702576, 3.4327386617660522, 2.845880150794983, 2.952787697315216, 2.9288004636764526, 3.1730337142944336, 3.3673778772354126, 3.0614876747131348, 3.3641984462738037, 3.3874224424362183, 3.572986602783203, 3.7389835119247437, 3.8653578758239746, 3.964827299118042, 3.5744118690490723, 3.9901598691940308, 3.941324234008789, 4.0455145835876465, 4.385770082473755, 4.546786069869995, 4.586426258087158, 4.703226089477539, 5.033169269561768]}