{"epoch": 20, "macroF1Rumor": 0.6672188501561769, "accRumor": 0.7488328664799253, "loss": 1.3378734588623047, "testRumorAcc": [0.7180205415499533, 0.7236227824463118, 0.7563025210084033, 0.7488328664799253, 0.7478991596638656, 0.7338935574229691, 0.7310924369747899, 0.7292250233426704, 0.7264239028944911, 0.7301587301587301, 0.7189542483660131, 0.711484593837535, 0.7105508870214753, 0.715219421101774], "testRumorF1": [0.4768447303950102, 0.562665095169903, 0.6542065841285288, 0.6672188501561769, 0.6482417469562893, 0.6389040102424444, 0.6393986023360198, 0.6364581945311684, 0.6418758821005076, 0.6358621728441529, 0.6250538359125345, 0.6111246294807618, 0.614707602511293, 0.6153165589371854], "testLoss": [0.7652644515037537, 0.8166897892951965, 1.0611271858215332, 1.3378734588623047, 1.727982759475708, 1.9777264595031738, 2.2661538124084473, 2.4465858936309814, 2.7208011150360107, 3.027275800704956, 3.2296299934387207, 3.495067834854126, 3.7870705127716064, 3.957923412322998]}