{"epoch": 100, "macroF1Rumor": 0.4428635953026197, "macroF1Stance": 0.3302102004236598, "accRumor": 0.5846153846153846, "accStance": 0.7014084507042253, "loss": 1.8224194049835205, "trainRumorAcc": [0.43846153846153846, 0.4461538461538462, 0.4423076923076923, 0.4461538461538462, 0.4423076923076923, 0.4461538461538462, 0.45, 0.45384615384615384, 0.45, 0.4461538461538462, 0.45384615384615384, 0.4846153846153846, 0.4461538461538462, 0.4576923076923077, 0.4846153846153846, 0.46923076923076923, 0.46923076923076923, 0.4807692307692308, 0.47307692307692306, 0.47692307692307695, 0.4846153846153846, 0.47692307692307695, 0.4846153846153846, 0.5, 0.5, 0.5192307692307693, 0.4846153846153846, 0.49615384615384617, 0.5230769230769231, 0.5269230769230769, 0.5230769230769231, 0.5076923076923077, 0.5230769230769231, 0.5346153846153846, 0.5538461538461539, 0.5269230769230769, 0.5346153846153846, 0.5423076923076923, 0.5576923076923077, 0.5153846153846153, 0.5538461538461539, 0.5653846153846154, 0.5461538461538461, 0.5769230769230769, 0.5807692307692308, 0.5884615384615385, 0.5807692307692308, 0.5653846153846154, 0.5576923076923077, 0.6038461538461538, 0.5961538461538461, 0.5961538461538461, 0.6115384615384616, 0.6038461538461538, 0.5961538461538461, 0.6076923076923076, 0.5961538461538461, 0.5961538461538461, 0.6115384615384616, 0.5807692307692308, 0.6192307692307693, 0.5807692307692308, 0.6153846153846154, 0.6192307692307693, 0.6076923076923076, 0.6230769230769231, 0.6038461538461538, 0.6, 0.6384615384615384, 0.6461538461538462, 0.6230769230769231, 0.6192307692307693, 0.6230769230769231, 0.6269230769230769, 0.65, 0.6384615384615384, 0.6269230769230769, 0.6576923076923077, 0.6115384615384616, 0.6461538461538462, 0.6346153846153846, 0.6423076923076924, 0.6461538461538462, 0.6346153846153846, 0.6230769230769231, 0.6576923076923077, 0.6538461538461539, 0.6576923076923077, 0.6576923076923077, 0.6538461538461539, 0.6615384615384615, 0.6615384615384615, 0.6730769230769231, 0.6846153846153846, 0.6576923076923077, 0.676923076923077, 0.6615384615384615, 0.6730769230769231, 0.7, 0.6846153846153846], "trainRumorF1": [0.2174864955303791, 0.20567375886524822, 0.20444444444444443, 0.20567375886524822, 0.20444444444444443, 0.20567375886524822, 0.214349376114082, 0.22927412069819622, 0.22090800477897252, 0.20677361853832443, 0.22230924481127814, 0.2889548441806233, 0.20732797140303846, 0.24303642485460666, 0.2889548441806233, 0.25282279267651414, 0.2769100155070995, 0.27845303867403315, 0.2599043715846995, 0.280859010270775, 0.29696969696969705, 0.276424083439255, 0.29734254028039336, 0.333994708994709, 0.32306823466879275, 0.3522982963677274, 0.30749411618976835, 0.3176043102368124, 0.36262626262626263, 0.3696760101929378, 0.36715369804054826, 0.34618473895582325, 0.3798278038225748, 0.3761694416128667, 0.4100190625562567, 0.3774637304202069, 0.38387096774193546, 0.3926428975664969, 0.4196668933957069, 0.3662216056875325, 0.4124444355217833, 0.4319444444444444, 0.4115348515238277, 0.446833446022087, 0.44112557947264297, 0.4563074352548036, 0.44622003601634047, 0.43426037611711177, 0.42190960173597625, 0.4800879227374783, 0.46028668489518604, 0.46885331977859385, 0.4852132379790029, 0.4872552815164006, 0.46991779246726706, 0.4774852012313464, 0.4722332520279086, 0.47708519547341616, 0.4901024752832502, 0.4598013501254945, 0.49861366592207484, 0.44975175483650065, 0.4856277629334052, 0.4985433311912056, 0.48840522096336053, 0.4938077220336097, 0.4865372577701345, 0.4847627130235826, 0.5224133046050854, 0.5269092135182057, 0.5026024752832502, 0.514985805290126, 0.5113677745256692, 0.5136987768566715, 0.5327772177087245, 0.5305204102884515, 0.5138712023834434, 0.5454477797854996, 0.5106640140739473, 0.5452265142529659, 0.5227770644819435, 0.5334321750751755, 0.5300246637632, 0.5432408560007559, 0.5217399957459142, 0.5593471162207362, 0.5514189569578791, 0.5550635733284136, 0.5553856726783729, 0.5522818251291867, 0.556464048771741, 0.5577550101519825, 0.5729231473774231, 0.5849078130704638, 0.5681358222326661, 0.5843687843687845, 0.5649025946508784, 0.5769504103793274, 0.6037319403149772, 0.5946734268108088], "trainStanceAcc": [0.4643570952698201, 0.661114812347324, 0.661114812347324, 0.661114812347324, 0.661114812347324, 0.661114812347324, 0.661114812347324, 0.661114812347324, 0.661114812347324, 0.661114812347324, 0.661114812347324, 0.661114812347324, 0.661114812347324, 0.661114812347324, 0.6608927381745503, 0.6622251832111925, 0.667110815012214, 0.6717743726404619, 0.6737730401954253, 0.6784365978236732, 0.676215856095936, 0.6782145236508994, 0.6786586719964468, 0.6784365978236732, 0.6773262269598046, 0.6808794137241839, 0.6784365978236732, 0.6797690428603154, 0.6819897845880524, 0.6819897845880524, 0.6819897845880524, 0.6813235620697313, 0.6819897845880524, 0.6848767488341105, 0.685320897179658, 0.6835443037974683, 0.685320897179658, 0.6831001554519209, 0.6842105263157895, 0.6868754163890739, 0.6857650455252055, 0.6859871196979791, 0.6862091938707529, 0.6870974905618477, 0.6895403064623584, 0.6895403064623584, 0.6910948256717744, 0.6895403064623584, 0.6886520097712636, 0.6917610481900955, 0.6904286031534532, 0.6899844548079058, 0.6919831223628692, 0.6904286031534532, 0.6877637130801688, 0.6897623806351322, 0.6904286031534532, 0.6935376415722851, 0.6919831223628692, 0.6904286031534532, 0.692871419053964, 0.6937597157450589, 0.6919831223628692, 0.6915389740173218, 0.6908727514990006, 0.6926493448811903, 0.6922051965356429, 0.6917610481900955, 0.6922051965356429, 0.6924272707084166, 0.690650677326227, 0.6917610481900955, 0.6919831223628692, 0.6922051965356429, 0.6933155673995114, 0.692871419053964, 0.6930934932267377, 0.6939817899178325, 0.6942038640906063, 0.6948700866089274, 0.69442593826338, 0.692871419053964, 0.6946480124361537, 0.6930934932267377, 0.69442593826338, 0.6942038640906063, 0.6937597157450589, 0.692871419053964, 0.6939817899178325, 0.6948700866089274, 0.69442593826338, 0.6946480124361537, 0.69442593826338, 0.6939817899178325, 0.6968687541638907, 0.6942038640906063, 0.6946480124361537, 0.6953142349544748, 0.6959804574727959, 0.69442593826338],