{"epoch": 30, "macroF1Rumor": 0.7200539741361529, "accRumor": 0.7927170868347339, "loss": 0.6840382218360901, "trainRumorAcc": [0.6292491595069107, 0.673515128875607, 0.7069480762047068, 0.7317893163989541, 0.7387000373552484, 0.7512140455734031, 0.7612999626447516, 0.768771012327232, 0.7850205453866268, 0.7967874486365334, 0.7966006723944714, 0.8046320508031378, 0.8124766529697423, 0.8259245423982069, 0.826858423608517, 0.8289129622711991, 0.8406798655211057, 0.8453492715726559, 0.8539409787075084, 0.8574897273066866, 0.8625326858423609, 0.8686963018304071, 0.8731789316398954, 0.8823309675009339, 0.8875607022786701, 0.8907358983937244, 0.8903623459096003, 0.8920433320881583, 0.8987672768023908, 0.9004482629809488, 0.9122151662308554, 0.9187523347030258, 0.9170713485244677, 0.923234964512514, 0.9209936496077699, 0.9312663429211804, 0.9275308180799402, 0.9308927904370564, 0.9333208815838625, 0.9364960776989167, 0.9378035113933507, 0.943406798655211, 0.9449010085917071, 0.9454613373178932, 0.9503175196115055, 0.9506910720956294, 0.9557340306313037, 0.9534927157265596, 0.9574150168098617, 0.9574150168098617, 0.962271199103474, 0.9585356742622338, 0.9641389615240942, 0.9676877101232724, 0.9669406051550243, 0.9654463952185282, 0.9725438924168845, 0.9699290250280165, 0.9727306686589465, 0.9732909973851326, 0.9738513261113186, 0.9770265222263728, 0.9774000747104968, 0.9770265222263728, 0.979454613373179, 0.9775868509525588, 0.9781471796787449, 0.9798281658573029, 0.9770265222263728, 0.982069480762047, 0.9831901382144191, 0.9854314531191632, 0.9835636906985431, 0.982069480762047, 0.9859917818453493, 0.9856182293612252, 0.9880463205080314, 0.9861785580874113, 0.9831901382144191, 0.9846843481509152], "trainRumorF1": [0.21599236728160506, 0.3698352612776609, 0.5068402407454313, 0.5702929552497894, 0.584628766114507, 0.6132835888278614, 0.6258064098330016, 0.6370810511407238, 0.6665502945511843, 0.6880192242778809, 0.689615376735643, 0.7037375710092078, 0.7164186516219623, 0.7397673906477786, 0.741913808637372, 0.7456072701280331, 0.7637414842575452, 0.770707109860745, 0.7835392476215133, 0.7891815000023952, 0.797823610634671, 0.8071108634088473, 0.8149205800563628, 0.8265275670930728, 0.8387808636967995, 0.8402232089916264, 0.8379627541584685, 0.8431151469867755, 0.8520544885199626, 0.85696935163658, 0.8712243631706611, 0.8836596443484974, 0.8786623074981792, 0.8893592984012697, 0.8823948696269971, 0.9001142824728845, 0.8917927237816016, 0.8989506237614551, 0.9068941881470154, 0.9058074213479392, 0.9091519174376154, 0.918607200673824, 0.9210822132845533, 0.9218591167908443, 0.9278526404889258, 0.9268809278800179, 0.9367750353210089, 0.9324198135771581, 0.9376265447206251, 0.9378618045359954, 0.9441051177611622, 0.9412414707495247, 0.9465853642488831, 0.9540023492211747, 0.950958421020891, 0.9488841292953549, 0.9592440975867372, 0.9550253172194202, 0.9588874511323858, 0.9615905860117558, 0.9628918468617857, 0.9663070421206273, 0.9674780779933774, 0.9657502185562266, 0.969667016554913, 0.9672328370445796, 0.9690979111069363, 0.9705562071717792, 0.9645000034692809, 0.9738394425642364, 0.9763830371666846, 0.9777543957829428, 0.9748705161493021, 0.9721620582824424, 0.980122593830234, 0.9785420470434788, 0.9818847490172102, 0.9794485975151322, 0.9756108194409979, 0.977141423054523], "trainLoss": [1.0033864974975586, 0.8483768701553345, 0.758864164352417, 0.6978141069412231, 0.6640380024909973, 0.6294978857040405, 0.6078103184700012, 0.5858784914016724, 0.5606268644332886, 0.534011960029602, 0.5244154334068298, 0.5019577145576477, 0.49463900923728943, 0.46573200821876526, 0.4535517394542694, 0.4425697922706604, 0.4247799515724182, 0.4096456468105316, 0.39593505859375, 0.37804335355758667, 0.37030941247940063, 0.35354143381118774, 0.3354852795600891, 0.32451125979423523, 0.31607991456985474, 0.29943138360977173, 0.29775214195251465, 0.29245030879974365, 0.27372851967811584, 0.26264581084251404, 0.24425488710403442, 0.23711459338665009, 0.22715717554092407, 0.21302123367786407, 0.21043278276920319, 0.19871746003627777, 0.19846871495246887, 0.19104047119617462, 0.17987118661403656, 0.16874803602695465, 0.16956783831119537, 0.15564250946044922, 0.15730918943881989, 0.15085574984550476, 0.13322752714157104, 0.13888175785541534, 0.11899615824222565, 0.12311729788780212, 0.1280125081539154, 0.11338813602924347, 0.10895052552223206, 0.10989589989185333, 0.0990384891629219, 0.0920654758810997, 0.08908373862504959, 0.09141895920038223, 0.0850629135966301, 0.08268775045871735, 0.07138610631227493, 0.07369080185890198, 0.0767785906791687, 0.07015112787485123, 0.07009667903184891, 0.06575797498226166, 0.061381995677948, 0.06162450090050697, 0.06287754327058792, 0.05862800404429436, 0.06464193016290665, 0.04948221519589424, 0.04471268132328987, 0.045982662588357925, 0.05072280392050743, 0.05093977972865105, 0.04199022054672241, 0.04273967444896698, 0.04076521098613739, 0.03532487154006958, 0.04171675071120262, 0.046339746564626694], "testRumorAcc": [0.7030812324929971, 0.7469654528478058, 0.7665732959850607, 0.7777777777777778, 0.7824463118580766, 0.7927170868347339, 0.7833800186741363, 0.7917833800186741, 0.7833800186741363, 0.7843137254901961, 0.7824463118580766, 0.7787114845938375, 0.7787114845938375, 0.7665732959850607, 0.7796451914098973, 0.7703081232492998], "testRumorF1": [0.5632679932934126, 0.6494631593123261, 0.692179242565975, 0.6934547431365784, 0.699261549332495, 0.7200539741361529, 0.7129526216275166, 0.7142040310074351, 0.7114756627921178, 0.7155714409378517, 0.7077813057620184, 0.6931622775650994, 0.7124660325249348, 0.6918838385438658, 0.6966137566137567, 0.700323858705016], "testLoss": [0.6848487257957458, 0.6111922264099121, 0.6036829948425293, 0.608256459236145, 0.6302741765975952, 0.6840382218360901, 0.7879749536514282, 0.8650182485580444, 0.9305707812309265, 1.0081322193145752, 1.156980037689209, 1.2785580158233643, 1.284834861755371, 1.4135208129882812, 1.5433181524276733, 1.4741511344909668]}