{"epoch": 35, "macroF1Rumor": 0.7115788081527763, "accRumor": 0.7815126050420168, "loss": 0.7169349193572998, "trainRumorAcc": [0.6264475158759806, 0.655024280911468, 0.6822936122525215, 0.7151662308554352, 0.7297347777362719, 0.7377661561449383, 0.750093388121031, 0.7583115427717594, 0.77045199850579, 0.7740007471049682, 0.7919312663429212, 0.7919312663429212, 0.8025775121404557, 0.7994023160254016, 0.8121031004856182, 0.8203212551363467, 0.826484871124393, 0.8360104594695554, 0.8403063130369817, 0.8511393350765782, 0.8479641389615241, 0.8601045946955548, 0.8591707134852447, 0.865521105715353, 0.8705640642510273, 0.8763541277549496, 0.8832648487112439, 0.8894284646992903, 0.8890549122151662, 0.8935375420246545, 0.8974598431079567, 0.9054912215166231, 0.9090399701158013, 0.9094135225999253, 0.9088531938737393, 0.9181920059768397, 0.923608516996638, 0.9200597683974598, 0.9260366081434441, 0.9279043705640643, 0.9312663429211804, 0.9329473290997385, 0.9361225252147927, 0.9394844975719089, 0.9473290997385133, 0.9432200224131491, 0.9480762047067613, 0.9505042958535674, 0.9596563317146058, 0.9562943593574897, 0.9557340306313037, 0.961337317893164, 0.9590960029884199, 0.9585356742622338, 0.962084422861412, 0.9658199477026522, 0.9663802764288383, 0.9643257377661562, 0.9693686963018304, 0.9682480388494583, 0.9682480388494583, 0.9716100112065745, 0.9731042211430706, 0.9785207321628688, 0.9768397459843108, 0.9745984310795667, 0.9772132984684349, 0.9798281658573029, 0.9781471796787449, 0.9781471796787449, 0.980948823309675, 0.9796413896152409, 0.9824430332461711, 0.981322375793799, 0.9833769144564811, 0.9844975719088532, 0.9854314531191632, 0.9816959282779231, 0.9852446768771013, 0.9846843481509152, 0.9854314531191632, 0.9884198729921554, 0.9856182293612252, 0.9872992155397834, 0.9908479641389615], "trainRumorF1": [0.19787361673672507, 0.3004659967689288, 0.3723390203651249, 0.5003692697306404, 0.5549687097941856, 0.5712522924350791, 0.5962922670511612, 0.619935994855821, 0.6333502603788452, 0.6451069778456864, 0.6675377794872132, 0.6726858943925287, 0.6928882317945873, 0.6887184022978895, 0.713692771911528, 0.7235994260343295, 0.733030721875973, 0.7504186930788969, 0.7589797170552001, 0.7764020329623071, 0.7745440505551885, 0.7894520801521612, 0.7888085351935475, 0.7998865315835242, 0.8077524138505041, 0.8149577899711884, 0.827289274230038, 0.8336773045000067, 0.8378728161001593, 0.843103712484497, 0.845927358516057, 0.8603601614134001, 0.865200871208415, 0.865799576679257, 0.8648212232048366, 0.8795271778933187, 0.8858508431126435, 0.8806993734802995, 0.8898429044557353, 0.8971811575143158, 0.8990479312156431, 0.9001137561860262, 0.9057138779483044, 0.9110821971773786, 0.9209566914218689, 0.9154555132216817, 0.9229685877722543, 0.9263936738714915, 0.9395934188486206, 0.9358638591120136, 0.9338287317608789, 0.9408271156662176, 0.9415391658611922, 0.9378792439068584, 0.9422086852471604, 0.9489106135456251, 0.9496205937160316, 0.9469234350020492, 0.9544435918724635, 0.9539656462492926, 0.9525671229680754, 0.959398640363912, 0.9599877642575415, 0.9694584448274209, 0.9661255817950085, 0.962437476360245, 0.9664541091959782, 0.9705632212528998, 0.9677823807894546, 0.9688535032421328, 0.971597917290073, 0.9703014784121465, 0.9747883620775164, 0.9729563821946798, 0.9763098726543318, 0.9767778805146126, 0.9791802006921263, 0.9743527786068569, 0.9785078367904687, 0.9775606635314029, 0.9788922649135291, 0.9832456276417078, 0.9787260353561856, 0.9812017564325889, 0.9855935845611417], "trainLoss": [1.0334937572479248, 0.8908902406692505, 0.8133816719055176, 0.7537559270858765, 0.7165340781211853, 0.6840500235557556, 0.6548877954483032, 0.6274978518486023, 0.5991373658180237, 0.5853013396263123, 0.5538845062255859, 0.5402040481567383, 0.5175947546958923, 0.5097904801368713, 0.49288976192474365, 0.4709382951259613, 0.4576895534992218, 0.43855586647987366, 0.423127144575119, 0.41256195306777954, 0.40395471453666687, 0.3829318583011627, 0.3744315505027771, 0.3657703399658203, 0.35104790329933167, 0.33043840527534485, 0.3206171989440918, 0.3009907305240631, 0.2960936725139618, 0.2881804406642914, 0.2805958390235901, 0.2606549859046936, 0.2516697645187378, 0.25019070506095886, 0.23793300986289978, 0.23230281472206116, 0.21635417640209198, 0.20894990861415863, 0.2082011103630066, 0.1968042254447937, 0.1873297095298767, 0.18511375784873962, 0.18048053979873657, 0.17158006131649017, 0.15758509933948517, 0.15428972244262695, 0.15078608691692352, 0.143396258354187, 0.12463567405939102, 0.12597441673278809, 0.12661316990852356, 0.11277343332767487, 0.11522378772497177, 0.11496175825595856, 0.10501943528652191, 0.1020866110920906, 0.09279688447713852, 0.09989170730113983, 0.08750957250595093, 0.08734163641929626, 0.09146029502153397, 0.07841744273900986, 0.08277308195829391, 0.06667248904705048, 0.06537538766860962, 0.06973109394311905, 0.06169538572430611, 0.06024027615785599, 0.06124309077858925, 0.060021307319402695, 0.058424029499292374, 0.056737806648015976, 0.05046924203634262, 0.051360271871089935, 0.047661639750003815, 0.04650313779711723, 0.043019142001867294, 0.047016825526952744, 0.042624227702617645, 0.040771663188934326, 0.039292216300964355, 0.03221823275089264, 0.04113965481519699, 0.033155541867017746, 0.02914530783891678], "testRumorAcc": [0.7170868347338936, 0.7357609710550888, 0.7703081232492998, 0.7712418300653595, 0.7796451914098973, 0.7787114845938375, 0.7815126050420168, 0.7740429505135388, 0.780578898225957, 0.7824463118580766, 0.773109243697479, 0.7787114845938375, 0.7637721755368814, 0.7581699346405228, 0.7740429505135388, 0.7600373482726424, 0.7647058823529411], "testRumorF1": [0.5320229585575245, 0.6098793953985211, 0.6637112098640499, 0.6812258801676101, 0.7043689201723682, 0.7077963894001631, 0.7115788081527763, 0.6973820809711845, 0.7114371710175478, 0.7018695206613426, 0.6937042958358969, 0.7049247667203776, 0.6903270262498771, 0.6896251547481056, 0.6966714861899558, 0.6822533758720517, 0.6826950808077279], "testLoss": [0.7340977787971497, 0.6323339939117432, 0.6192415952682495, 0.6125365495681763, 0.6229565143585205, 0.6803876161575317, 0.7169349193572998, 0.8195462822914124, 0.8380809426307678, 0.9453445672988892, 1.0072139501571655, 1.0819847583770752, 1.2469844818115234, 1.2757841348648071, 1.3666648864746094, 1.4102863073349, 1.5377817153930664]}