{"epoch": 45, "macroF1Rumor": 0.7145422754381866, "accRumor": 0.7880485527544351, "loss": 0.7954452633857727, "trainRumorAcc": [0.6288756070227867, 0.6525961897646619, 0.6892043332088158, 0.7228240567799776, 0.7336570788195742, 0.7396339185655585, 0.7609264101606276, 0.7654090399701158, 0.7801643630930146, 0.7803511393350766, 0.7923048188270452, 0.7995890922674636, 0.8050056032872619, 0.8068733657078819, 0.8178931639895405, 0.8223757937990288, 0.8360104594695554, 0.8319013821441913, 0.846283152782966, 0.8500186776242062, 0.8556219648860665, 0.8623459096002989, 0.865521105715353, 0.8750466940605155, 0.8765409039970116, 0.8795293238700037, 0.8815838625326858, 0.8892416884572283, 0.8968995143817706, 0.8983937243182667, 0.903063130369817, 0.902502801643631, 0.9084796413896152, 0.9086664176316772, 0.9112812850205454, 0.9208068733657079, 0.9252895031751961, 0.9269704893537543, 0.9297721329846843, 0.9350018677624207, 0.9331341053418005, 0.9348150915203586, 0.9398580500560328, 0.9437803511393351, 0.9439671273813971, 0.9443406798655211, 0.9508778483376914, 0.9488233096750094, 0.9488233096750094, 0.9566679118416137, 0.960403436682854, 0.9568546880836758, 0.9600298841987299, 0.962457975345536, 0.961337317893164, 0.9626447515875981, 0.9660067239447142, 0.9686215913335824, 0.9703025775121404, 0.9675009338812103, 0.9695554725438924, 0.9738513261113186, 0.9738513261113186, 0.9721703399327606, 0.9727306686589465, 0.9770265222263728, 0.9753455360478147, 0.9772132984684349, 0.981135599551737, 0.980948823309675, 0.9785207321628688, 0.9783339559208069, 0.981322375793799, 0.980014942099365, 0.9846843481509152, 0.9865521105715352, 0.9844975719088532, 0.9848711243929772, 0.9831901382144191, 0.9848711243929772, 0.9867388868135973, 0.9831901382144191, 0.9843107956667911, 0.9869256630556593, 0.9869256630556593, 0.9861785580874113, 0.9899140829286515, 0.9865521105715352, 0.9876727680239074, 0.9874859917818454, 0.9876727680239074, 0.9893537542024654, 0.9882330967500934, 0.9901008591707134, 0.9897273066865895], "trainRumorF1": [0.1958310605190629, 0.29832529393171425, 0.42870454714008577, 0.5341555046329585, 0.5711841318719966, 0.593599446975503, 0.6266819796363694, 0.6324340228213318, 0.6604824850704943, 0.6575251604301247, 0.679020790519598, 0.6913557234067231, 0.6979418574455429, 0.7014691515325021, 0.720527345791711, 0.7262120061256594, 0.7513199469135617, 0.7475462905017546, 0.7639711190558796, 0.7750587783237255, 0.7855930427535158, 0.7898720178549035, 0.7982485664428065, 0.8126906579778495, 0.8109881247798945, 0.8203097172629192, 0.8227075543036814, 0.8335565159895031, 0.8436799398592979, 0.8489901308470247, 0.857266807212895, 0.8526582207809905, 0.8664028179537224, 0.8654046898135708, 0.868552514966304, 0.8806968391263866, 0.8902582868012892, 0.8893830745268642, 0.8945209873442099, 0.9039933537957986, 0.9007923304897183, 0.9016443294596722, 0.9094728817498913, 0.9168325094234964, 0.9143110140849096, 0.9181753340910057, 0.9279142406369305, 0.9206582567054524, 0.9210472001030379, 0.9360921995300503, 0.9401883567722691, 0.9351645374936582, 0.940493456590192, 0.9437670883998184, 0.9441188489472239, 0.9429724807348183, 0.9499494717240344, 0.9535415516837182, 0.9559300491594231, 0.9517919950820415, 0.9545562843824722, 0.9604844267855548, 0.9609730889074846, 0.9592807468342823, 0.9611420128103978, 0.9645530266141987, 0.9620582054852176, 0.9676318243565832, 0.9721609022035967, 0.9711344204645944, 0.9671488956143522, 0.968558758355148, 0.9709725428686028, 0.9686142624651835, 0.9784786002444348, 0.9806645205206301, 0.97707659360329, 0.9771971070127194, 0.9751995713437571, 0.977253126261694, 0.9792549786339091, 0.975337798339052, 0.9761065901672528, 0.9807586987534718, 0.9797357053803648, 0.9791283941502607, 0.9853384357129391, 0.9795357639726932, 0.9813127451614632, 0.9813532579973906, 0.9810333525715732, 0.9839826996136379, 0.9830132621815608, 0.9844354288922067, 0.9856380999462697], "trainLoss": [1.0400789976119995, 0.8984651565551758, 0.8130322694778442, 0.7319819331169128, 0.6959019899368286, 0.6590118408203125, 0.6253306269645691, 0.6001121997833252, 0.5840579271316528, 0.5650798678398132, 0.5382604002952576, 0.5224291086196899, 0.5110519528388977, 0.49579212069511414, 0.47661539912223816, 0.45901480317115784, 0.4417828321456909, 0.4305824041366577, 0.40936824679374695, 0.3998299539089203, 0.38457074761390686, 0.3752569258213043, 0.36333197355270386, 0.35209348797798157, 0.33801522850990295, 0.322443425655365, 0.3069341778755188, 0.30011120438575745, 0.2938868999481201, 0.27028772234916687, 0.2681623101234436, 0.2649973928928375, 0.2510948181152344, 0.24221214652061462, 0.2352096140384674, 0.2289014309644699, 0.21244947612285614, 0.20297053456306458, 0.19471681118011475, 0.18257884681224823, 0.18296821415424347, 0.17826996743679047, 0.16588567197322845, 0.15691350400447845, 0.1623932272195816, 0.15036092698574066, 0.13765904307365417, 0.14186888933181763, 0.1365678608417511, 0.12815508246421814, 0.12412790954113007, 0.12442553788423538, 0.1087254136800766, 0.110770583152771, 0.10783638805150986, 0.10504764318466187, 0.10136457532644272, 0.08888264745473862, 0.08510337024927139, 0.08522631227970123, 0.08552855998277664, 0.0758027508854866, 0.07987985759973526, 0.07489864528179169, 0.0745425820350647, 0.07355937361717224, 0.06778763234615326, 0.06811440736055374, 0.058835696429014206, 0.05601494759321213, 0.064041867852211, 0.054191216826438904, 0.0505840890109539, 0.061818718910217285, 0.04905518516898155, 0.04602346569299698, 0.04390294477343559, 0.04434526711702347, 0.053044743835926056, 0.043592412024736404, 0.035638149827718735, 0.045063938945531845, 0.0437023751437664, 0.04000074416399002, 0.03953119367361069, 0.04534570127725601, 0.029310310259461403, 0.04074627161026001, 0.038228362798690796, 0.03334110602736473, 0.04088371619582176, 0.029958777129650116, 0.03283233568072319, 0.02763417549431324, 0.029275720939040184], "testRumorAcc": [0.7142857142857143, 0.7544351073762838, 0.7927170868347339, 0.7917833800186741, 0.7843137254901961, 0.7843137254901961, 0.7796451914098973, 0.7815126050420168, 0.7880485527544351, 0.7665732959850607, 0.76937441643324, 0.7721755368814193, 0.7703081232492998, 0.7703081232492998, 0.7740429505135388, 0.7703081232492998, 0.7777777777777778, 0.76937441643324, 0.7675070028011205], "testRumorF1": [0.5817751143309629, 0.6576991758097056, 0.6994785347042943, 0.7103741146919884, 0.7104349744501772, 0.7092713826421256, 0.7041404993331705, 0.7025635859261945, 0.7145422754381866, 0.6977945929710088, 0.6899146075226068, 0.6935768821526344, 0.703878712964688, 0.6856988926903425, 0.6887647208090261, 0.6801397245079097, 0.6896360500623274, 0.675757384484413, 0.682369075765302], "testLoss": [0.6964535713195801, 0.6120781898498535, 0.5630702972412109, 0.5635497570037842, 0.5954113006591797, 0.6247809529304504, 0.6593970060348511, 0.7552881836891174, 0.7954452633857727, 0.8887457847595215, 0.9711096882820129, 1.0199658870697021, 1.1020724773406982, 1.18730628490448, 1.2507655620574951, 1.3460153341293335, 1.4129828214645386, 1.5277163982391357, 1.4972000122070312]}