{"epoch": 20, "macroF1Rumor": 0.7217133169803915, "accRumor": 0.7964519140989729, "loss": 0.571631908416748, "trainRumorAcc": [0.6206574523720583, 0.655024280911468, 0.7017183414269705, 0.7250653716847217, 0.7403810235338065, 0.7467314157639149, 0.7558834516249533, 0.7663429211804258, 0.7794172581247665, 0.7824056779977587, 0.7917444901008591, 0.7924915950691072, 0.8042584983190139, 0.8057527082555099, 0.8180799402316026, 0.8244303324617108, 0.8298468434815092, 0.8330220395965633, 0.8447889428464699, 0.8546880836757564, 0.8498319013821442, 0.8546880836757564, 0.8683227493462832, 0.8670153156518491, 0.8763541277549496, 0.8726186029137094, 0.883638401195368, 0.8875607022786701, 0.8875607022786701, 0.8914830033619724, 0.8978333955920806, 0.9010085917071349, 0.9056779977586851, 0.9110945087784834, 0.9138961524094136, 0.9114680612626074, 0.9174449010085917, 0.9181920059768397, 0.922301083302204, 0.9280911468061263, 0.9286514755323123, 0.9325737766156145, 0.9391109450877848, 0.9430332461710871, 0.943406798655211, 0.9430332461710871, 0.940791931266343, 0.9503175196115055, 0.9534927157265596, 0.9512514008218155, 0.9536794919686216, 0.9602166604407919, 0.9581621217781098, 0.961524094135226, 0.960776989166978, 0.9656331714605902, 0.9585356742622338, 0.9654463952185282, 0.9675009338812103, 0.9652596189764662, 0.9701158012700785, 0.9731042211430706, 0.9712364587224505, 0.9738513261113186, 0.9757190885319388, 0.9760926410160627, 0.9753455360478147, 0.9759058647740008, 0.9816959282779231, 0.9781471796787449], "trainRumorF1": [0.2037595250135668, 0.30533605899648886, 0.4476861094566299, 0.5269852461498099, 0.5733913937272396, 0.5892154721916072, 0.6089176924583289, 0.629591260637514, 0.6508750050937302, 0.6598514806414906, 0.6751539386344647, 0.681051696570708, 0.697762945047251, 0.6978599608433753, 0.720364649077965, 0.7350614795608843, 0.7404682350196496, 0.7486202154856083, 0.7637296033728611, 0.7799836904821416, 0.7757206534442267, 0.7809315018637188, 0.8027715584124756, 0.8022144242467828, 0.8141766633796834, 0.8139615946654479, 0.8283525274202571, 0.8340862199215905, 0.8337402599834904, 0.8385172284773905, 0.8498951581100873, 0.8568905818853529, 0.8609346402024947, 0.8666416796686671, 0.8728320495676658, 0.8683740163028706, 0.8786876007978794, 0.8794435312089061, 0.8864573005917844, 0.89194532513335, 0.8945748620222445, 0.9007936567631978, 0.9117433672884088, 0.9171282927163802, 0.9150709359462768, 0.9176291679090753, 0.9139926314460214, 0.925582543235649, 0.9300933310130068, 0.9277730861402285, 0.9314284748502656, 0.9396923688421446, 0.9399831598350653, 0.9437834499845306, 0.9402831780255574, 0.9498471261344721, 0.938124527958046, 0.9478548564137088, 0.950007222291645, 0.948661858383173, 0.954284847147804, 0.9612181989065496, 0.9566131016473928, 0.9599347448020286, 0.963179786967864, 0.964471871089308, 0.9640574259807028, 0.9646232919059023, 0.9719258434392679, 0.967375879896728], "trainLoss": [1.0247788429260254, 0.8828215599060059, 0.7945644855499268, 0.7308192253112793, 0.6891257166862488, 0.664600670337677, 0.6456413269042969, 0.6218366622924805, 0.5939527750015259, 0.571395754814148, 0.554359495639801, 0.5407120585441589, 0.5199516415596008, 0.5021838545799255, 0.4884307086467743, 0.478315144777298, 0.4545001685619354, 0.439055472612381, 0.41589128971099854, 0.4069399833679199, 0.4011458456516266, 0.38694503903388977, 0.36190661787986755, 0.36139941215515137, 0.34294745326042175, 0.34082674980163574, 0.32885468006134033, 0.3036419451236725, 0.3081708550453186, 0.2943934202194214, 0.28411513566970825, 0.2675881087779999, 0.2612776756286621, 0.24951361119747162, 0.2402927279472351, 0.2333955317735672, 0.22300727665424347, 0.218925341963768, 0.21908143162727356, 0.20081661641597748, 0.19712896645069122, 0.1802803874015808, 0.16757774353027344, 0.16640950739383698, 0.157888263463974, 0.1584899127483368, 0.16304145753383636, 0.14636015892028809, 0.13228432834148407, 0.13563644886016846, 0.13146966695785522, 0.11928578466176987, 0.12442053109407425, 0.11890681833028793, 0.118046335875988, 0.10537233203649521, 0.1133698970079422, 0.09806077927350998, 0.08776840567588806, 0.09692778438329697, 0.08462647348642349, 0.08018090575933456, 0.08225756138563156, 0.07446331530809402, 0.07473897933959961, 0.06883266568183899, 0.06870808452367783, 0.06873337179422379, 0.057458315044641495, 0.06608498096466064], "testRumorAcc": [0.7236227824463118, 0.7684407096171803, 0.7749766573295985, 0.7964519140989729, 0.7871148459383753, 0.7955182072829131, 0.7871148459383753, 0.7824463118580766, 0.7824463118580766, 0.7852474323062558, 0.7824463118580766, 0.776844070961718, 0.7815126050420168, 0.7796451914098973], "testRumorF1": [0.5813238266857805, 0.6487615369399278, 0.7010042327758582, 0.7217133169803915, 0.7110225815659922, 0.7187813732426112, 0.6983640383632651, 0.7152929844884455, 0.6971454504123561, 0.7098441732230844, 0.7011356618868323, 0.6893724304968759, 0.6997385069418969, 0.6967187014140049], "testLoss": [0.701424241065979, 0.6065479516983032, 0.5774683952331543, 0.571631908416748, 0.5998305082321167, 0.6209048628807068, 0.6872929334640503, 0.7201259732246399, 0.7866837978363037, 0.8582852482795715, 0.9291683435440063, 1.027513861656189, 1.091516375541687, 1.1336513757705688]}