{"epoch": 25, "macroF1Rumor": 0.7096329975664036, "accRumor": 0.7908496732026143, "loss": 0.599920392036438, "trainRumorAcc": [0.6275681733283527, 0.6585730295106462, 0.7009712364587225, 0.7093761673515129, 0.729361225252148, 0.7422487859544266, 0.7512140455734031, 0.7542024654463952, 0.7652222637280538, 0.7773627194620845, 0.787448636533433, 0.7964138961524094, 0.7979081060889055, 0.8085543518864401, 0.8171460590212924, 0.8296600672394472, 0.8248038849458349, 0.8360104594695554, 0.8481509152035861, 0.8421740754576018, 0.8533806499813223, 0.8578632797908106, 0.8629062383264848, 0.865894658199477, 0.8767276802390735, 0.8757937990287635, 0.8812103100485619, 0.8864400448262981, 0.8940978707508405, 0.886253268584236, 0.8983937243182667, 0.8985805005603287, 0.903997011580127, 0.9099738513261113, 0.9122151662308554, 0.9092267463578633, 0.9159506910720956, 0.9224878595442659, 0.9282779230481882, 0.9312663429211804, 0.9318266716473664, 0.9364960776989167, 0.9385506163615988, 0.9402316025401569, 0.942659693686963, 0.9398580500560328, 0.9441539036234591, 0.9482629809488233, 0.9523720582741875, 0.9549869256630557, 0.9562943593574897, 0.9551737019051176, 0.960776989166978, 0.9566679118416137, 0.961524094135226, 0.962457975345536, 0.9633918565558461, 0.9650728427344042, 0.9708629062383265, 0.9661935001867762, 0.9701158012700785, 0.9712364587224505, 0.9710496824803885, 0.9721703399327606, 0.9753455360478147, 0.9719835636906985, 0.9716100112065745, 0.9757190885319388, 0.9781471796787449, 0.9736645498692567, 0.980575270825551, 0.9788942846469929, 0.9783339559208069, 0.9816959282779231, 0.9828165857302951], "trainRumorF1": [0.19677546802318543, 0.3136652818110322, 0.4698709820001421, 0.5114824753232596, 0.5551637007174498, 0.5890416353463722, 0.6099465998783887, 0.6128957874674126, 0.6389099501834481, 0.6581119841588162, 0.6738038989811466, 0.6913474320079132, 0.6948698655567942, 0.7147480226237654, 0.7261569597597104, 0.7451752450536069, 0.7365699332712723, 0.7586551917758639, 0.7744389470032969, 0.7706792139087351, 0.7885695279060853, 0.7901921742836682, 0.7987425913197221, 0.8047862646937608, 0.8219684800142607, 0.8177511347725158, 0.8260223753136398, 0.834466212676835, 0.8453364056297882, 0.8344164152851551, 0.8518587128417645, 0.8524876606283114, 0.8605887786841204, 0.8714460564371779, 0.8746684602343812, 0.8668378035470549, 0.8808003319180125, 0.8895170702139912, 0.8951279037123252, 0.8991571765493701, 0.9032428039726463, 0.9064306280464426, 0.9139898751812982, 0.9135539876482512, 0.9158263087541803, 0.9136231381478066, 0.9150155353606013, 0.9250348777662211, 0.9298876029704619, 0.9345136721053054, 0.9362980849104046, 0.9352902020769593, 0.9431506686389991, 0.9381961537596705, 0.9445540355710256, 0.9443899798863241, 0.9457217475961996, 0.9488510451621534, 0.9574041834241858, 0.9516808972683797, 0.9574838133473261, 0.956794911325781, 0.9578458187050325, 0.9591803694533784, 0.9640860677342407, 0.9610667580517336, 0.9588935169947991, 0.9640717630402855, 0.9672497196884956, 0.9589321106226989, 0.9738234122962786, 0.9691272328066842, 0.9686740648448489, 0.9738121705845318, 0.9757107638254927], "trainLoss": [1.0377590656280518, 0.8856717944145203, 0.795669436454773, 0.7544797658920288, 0.7083780765533447, 0.6757990717887878, 0.6520417332649231, 0.6224009990692139, 0.5948091149330139, 0.5764880776405334, 0.5620646476745605, 0.534518837928772, 0.5178143978118896, 0.49485668540000916, 0.48604267835617065, 0.4606363773345947, 0.45450523495674133, 0.4333515465259552, 0.414819598197937, 0.4146464467048645, 0.3990391492843628, 0.37863948941230774, 0.370326966047287, 0.3558694124221802, 0.34113699197769165, 0.3353738486766815, 0.3213096261024475, 0.30347663164138794, 0.2975503206253052, 0.2937960624694824, 0.2813352644443512, 0.2741378843784332, 0.2615155279636383, 0.24242804944515228, 0.23980414867401123, 0.24236871302127838, 0.22669948637485504, 0.21202890574932098, 0.20421446859836578, 0.1982990801334381, 0.18624691665172577, 0.17487052083015442, 0.17145276069641113, 0.1664854735136032, 0.1655064970254898, 0.15885570645332336, 0.15941613912582397, 0.142354354262352, 0.13869062066078186, 0.1307024359703064, 0.12490983307361603, 0.12659183144569397, 0.11494104564189911, 0.11693520098924637, 0.10888274013996124, 0.1080961525440216, 0.1049257293343544, 0.0973086804151535, 0.08814498782157898, 0.09037979692220688, 0.08425956964492798, 0.08143623173236847, 0.08322545886039734, 0.08002123236656189, 0.07541820406913757, 0.07632763683795929, 0.07666388154029846, 0.0692027285695076, 0.0663546621799469, 0.07014118134975433, 0.056039292365312576, 0.06192199885845184, 0.060674212872982025, 0.053838878870010376, 0.06208937242627144], "testRumorAcc": [0.7189542483660131, 0.7535014005602241, 0.7899159663865546, 0.7936507936507936, 0.7908496732026143, 0.7852474323062558, 0.7880485527544351, 0.7899159663865546, 0.7843137254901961, 0.7889822595704948, 0.7787114845938375, 0.7815126050420168, 0.7796451914098973, 0.7796451914098973, 0.7749766573295985], "testRumorF1": [0.5784397482816006, 0.6443240601551777, 0.6986940897733673, 0.7012125654911285, 0.7096329975664036, 0.6993705505838336, 0.7091654230983604, 0.6956145765269195, 0.6995961117110212, 0.7011816574090916, 0.6822313649035717, 0.6899203910813245, 0.6866607037264696, 0.6844450056234241, 0.681355682199746], "testLoss": [0.7141106724739075, 0.6063604950904846, 0.5768013596534729, 0.5714961290359497, 0.599920392036438, 0.6323527097702026, 0.6602197885513306, 0.72785884141922, 0.7908623218536377, 0.8703820109367371, 0.9494157433509827, 1.0006765127182007, 1.1122997999191284, 1.1575325727462769, 1.1687825918197632]}