{"epoch": 15, "macroF1Rumor": 0.7010935526235265, "accRumor": 0.7908496732026143, "loss": 0.5950260758399963, "trainRumorAcc": [0.6363466567052671, 0.673515128875607, 0.7198356369069854, 0.7381397086290624, 0.7485991781845349, 0.7741875233470302, 0.7853940978707509, 0.7971610011206575, 0.8035113933507658, 0.8126634292118042, 0.8225625700410908, 0.8371311169219275, 0.8423608516996638, 0.8498319013821442, 0.8614120283899888, 0.8683227493462832, 0.8748599178184535, 0.8810235338064998, 0.8914830033619724, 0.8950317519611506, 0.902316025401569, 0.9124019424729174, 0.9148300336197236, 0.9209936496077699, 0.922301083302204, 0.9368696301830407, 0.9338812103100486, 0.9398580500560328, 0.9454613373178932, 0.9523720582741875, 0.9540530444527456, 0.9583488980201719, 0.9628315278296601, 0.9650728427344042, 0.9671273813970863, 0.9725438924168845, 0.9749719835636907, 0.9768397459843108, 0.9783339559208069, 0.981882704519985, 0.9772132984684349, 0.9837504669406052, 0.9861785580874113, 0.9874859917818454, 0.9871124392977213, 0.9858050056032872, 0.9897273066865895, 0.9886066492342174, 0.9882330967500934, 0.9893537542024654, 0.9891669779604034, 0.9912215166230856, 0.9912215166230856, 0.9902876354127755, 0.9912215166230856, 0.9930892790437056, 0.9908479641389615, 0.9942099364960777, 0.9923421740754576, 0.9943967127381397, 0.9958909226746357, 0.9949570414643257, 0.9955173701905118, 0.9949570414643257, 0.9958909226746357], "trainRumorF1": [0.2420276621425076, 0.3492104116645889, 0.5090605281208103, 0.5627127816452626, 0.5924669178814682, 0.6457375924889137, 0.6694090091405972, 0.6869931171581749, 0.704740814065373, 0.7144521064448422, 0.7294462217981053, 0.7553282380448121, 0.760510883465506, 0.7706745508000044, 0.7941672053776899, 0.8045960447728491, 0.8148571684410866, 0.8243461554247462, 0.8410150947552246, 0.8468755673591076, 0.8555260764797432, 0.8701026229548104, 0.8753945495737161, 0.8810039747196128, 0.8850114564753698, 0.9054294651259359, 0.903274826052824, 0.9104900424420139, 0.9191740731426536, 0.9316150495552894, 0.934082204430517, 0.9367268569907219, 0.9480900339581746, 0.9500463656655438, 0.9533958234236581, 0.9599527965801912, 0.9636887222408304, 0.9664217137487138, 0.9692060515628083, 0.9741537706571048, 0.9666030959883389, 0.9767025067056143, 0.9793365855847082, 0.9818506406807418, 0.9803760839540367, 0.9789211325220333, 0.9850215535726669, 0.9839349369539779, 0.9823584370545209, 0.9837519178972174, 0.9837679248496706, 0.9852729200379728, 0.987330355848534, 0.9849223062978782, 0.9845972508655648, 0.989447214228925, 0.9858384977518344, 0.9918033772280082, 0.9888622653739273, 0.9919728475358365, 0.9937561513993297, 0.9929127926574579, 0.9934358300738957, 0.9924411925758323, 0.9937320270031823], "trainLoss": [0.988126814365387, 0.8351132869720459, 0.7453877329826355, 0.6767581701278687, 0.6354777812957764, 0.5904590487480164, 0.5584877729415894, 0.5306937098503113, 0.5124616622924805, 0.47992342710494995, 0.4605720639228821, 0.43133237957954407, 0.4130183756351471, 0.39695310592651367, 0.3703487813472748, 0.35630565881729126, 0.33454814553260803, 0.3119582533836365, 0.2962709665298462, 0.28325027227401733, 0.26963189244270325, 0.25194087624549866, 0.23632332682609558, 0.21827740967273712, 0.20697961747646332, 0.18619032204151154, 0.17838285863399506, 0.16856952011585236, 0.15340694785118103, 0.14159557223320007, 0.13261856138706207, 0.11890216171741486, 0.10747415572404861, 0.09931827336549759, 0.08894585818052292, 0.07767011970281601, 0.07377395033836365, 0.07131387293338776, 0.06517919898033142, 0.057906173169612885, 0.06414727121591568, 0.04871499910950661, 0.04402153193950653, 0.03970135748386383, 0.04017547518014908, 0.0413033701479435, 0.033685438334941864, 0.03257083520293236, 0.03670955449342728, 0.029142722487449646, 0.032461412250995636, 0.02384171076118946, 0.02612106129527092, 0.02820592373609543, 0.025918345898389816, 0.02250075526535511, 0.027194976806640625, 0.018945174291729927, 0.021521151065826416, 0.018405485898256302, 0.015542764216661453, 0.015632513910531998, 0.015149485319852829, 0.016552813351154327, 0.011667218990623951], "testRumorAcc": [0.7301587301587301, 0.7712418300653595, 0.7908496732026143, 0.776844070961718, 0.7787114845938375, 0.7824463118580766, 0.7871148459383753, 0.7824463118580766, 0.780578898225957, 0.7740429505135388, 0.7759103641456583, 0.780578898225957, 0.7600373482726424], "testRumorF1": [0.5807936334711121, 0.664993027913579, 0.7010935526235265, 0.6870690952335274, 0.6924261196329226, 0.6930821846462047, 0.6976853390788473, 0.6972452791346546, 0.6892642879778026, 0.6817187156483294, 0.6780906395126566, 0.6918383653074279, 0.6667551093505834], "testLoss": [0.6648603081703186, 0.5948357582092285, 0.5950260758399963, 0.6478485465049744, 0.7406261563301086, 0.8634836673736572, 1.0235918760299683, 1.1884477138519287, 1.3472648859024048, 1.4567914009094238, 1.5245171785354614, 1.5634450912475586, 1.7603696584701538]}