{"epoch": 45, "macroF1Rumor": 0.7021030736956748, "accRumor": 0.7833800186741363, "loss": 0.7514854073524475, "trainRumorAcc": [0.6285020545386627, 0.635225999252895, 0.6675382891296228, 0.7022786701531565, 0.7288008965259619, 0.7424355621964887, 0.750653716847217, 0.7566305565932013, 0.7654090399701158, 0.769704893537542, 0.789316398954053, 0.7857676503548748, 0.7994023160254016, 0.8003361972357116, 0.8117295480014942, 0.8225625700410908, 0.8206948076204706, 0.8287261860291371, 0.8341426970489354, 0.8373178931639895, 0.8423608516996638, 0.8472170339932761, 0.8550616361598805, 0.8614120283899888, 0.8677624206200971, 0.8640268957788569, 0.8735524841240194, 0.8752334703025775, 0.8806499813223758, 0.8868135973104221, 0.8898020171834142, 0.8940978707508405, 0.8980201718341427, 0.903810235338065, 0.9062383264848711, 0.9129622711991034, 0.9114680612626074, 0.9178184534927157, 0.9180052297347777, 0.922301083302204, 0.9280911468061263, 0.9325737766156145, 0.9280911468061263, 0.9312663429211804, 0.9370564064251027, 0.9443406798655211, 0.9413522599925289, 0.9402316025401569, 0.9460216660440792, 0.9525588345162496, 0.9508778483376914, 0.9562943593574897, 0.9529323870003735, 0.9592827792304819, 0.961150541651102, 0.9585356742622338, 0.9650728427344042, 0.9643257377661562, 0.9686215913335824, 0.9630183040717221, 0.9678744863653344, 0.9697422487859544, 0.9703025775121404, 0.9714232349645125, 0.9699290250280165, 0.9731042211430706, 0.9725438924168845, 0.9783339559208069, 0.9796413896152409, 0.9792678371311169, 0.9766529697422488, 0.9770265222263728, 0.9760926410160627, 0.981322375793799, 0.979454613373179, 0.9835636906985431, 0.9796413896152409, 0.9856182293612252, 0.9828165857302951, 0.9835636906985431, 0.9846843481509152, 0.9858050056032872, 0.9856182293612252, 0.9852446768771013, 0.9865521105715352, 0.9856182293612252, 0.9876727680239074, 0.9889802017183414, 0.9884198729921554, 0.9897273066865895, 0.9901008591707134, 0.9906611878968995, 0.9902876354127755, 0.9901008591707134, 0.9902876354127755], "trainRumorF1": [0.1929693772221585, 0.2561468247869224, 0.3380152030673233, 0.47174847881823245, 0.5486786058216581, 0.5865827392394378, 0.6031738786538522, 0.613267110374766, 0.6317682014138057, 0.6424678482652673, 0.6743823240716107, 0.6684712158910212, 0.6896515093983611, 0.6915029299965465, 0.7100779221882149, 0.7303695293261883, 0.725381215066715, 0.7426810035803073, 0.7467625257881132, 0.7561542673338506, 0.7646471583739164, 0.7730337231991883, 0.7853184013760925, 0.7947067014817388, 0.8054269351257731, 0.7989918578151495, 0.8123570503897775, 0.8162865887792911, 0.8231318093445144, 0.834003242715314, 0.8375073580823773, 0.8460908451180715, 0.8510995671678161, 0.8573496628022867, 0.8625181026283927, 0.8734619210902885, 0.8724675871984279, 0.8795902916816856, 0.8807680446004051, 0.8888704086694348, 0.8951364919260658, 0.9017675630435783, 0.8942903634482795, 0.9009678543496181, 0.9089694570029918, 0.9171724264113408, 0.9146288968644046, 0.9146849777939794, 0.9222983716666254, 0.9328367703127056, 0.9305120314416706, 0.9346165353827958, 0.9315414526100904, 0.9418839859607828, 0.943178036058521, 0.9405937246899726, 0.9499817374349546, 0.9476906913048028, 0.9549534251049199, 0.9455107126486233, 0.9533479873955839, 0.9558438129407001, 0.9570936538193981, 0.9578222635955042, 0.956446249878647, 0.9600322369535157, 0.9596280754692451, 0.9680449869830783, 0.9714549098672368, 0.9687458647725533, 0.966369045018786, 0.9666390038636957, 0.9637334415361913, 0.9721302556819691, 0.9702614574189447, 0.9760489730063375, 0.9709054103920466, 0.9797938720955044, 0.9748994014036102, 0.9752804167418643, 0.9759697153475504, 0.9781801471042263, 0.978600633706317, 0.9788613256546685, 0.9812417659589955, 0.9771482560039566, 0.9838818236267789, 0.9829798583905008, 0.9836446189463117, 0.9841719391488025, 0.9851185383859742, 0.9870487302370348, 0.984937766174165, 0.9842371692766363, 0.985455774547414], "trainLoss": [1.0517492294311523, 0.9357539415359497, 0.8394534587860107, 0.7794777750968933, 0.7307099103927612, 0.68592369556427, 0.6569719314575195, 0.634327232837677, 0.6134148836135864, 0.5904909372329712, 0.563290536403656, 0.5509719848632812, 0.537757158279419, 0.5218982696533203, 0.5009883642196655, 0.4799516499042511, 0.46835777163505554, 0.45839810371398926, 0.4412756562232971, 0.42941614985466003, 0.41089022159576416, 0.40472325682640076, 0.3868454396724701, 0.37758103013038635, 0.3642905652523041, 0.35557636618614197, 0.3394990861415863, 0.3332514464855194, 0.32267045974731445, 0.3075903058052063, 0.305085152387619, 0.2879181504249573, 0.27356818318367004, 0.26677554845809937, 0.258465439081192, 0.245193749666214, 0.24291323125362396, 0.22626212239265442, 0.21786126494407654, 0.21024708449840546, 0.1942056119441986, 0.1884424388408661, 0.19431841373443604, 0.18848004937171936, 0.17486993968486786, 0.15860894322395325, 0.1634005904197693, 0.16393719613552094, 0.14985081553459167, 0.13828809559345245, 0.1344650387763977, 0.12929512560367584, 0.13212472200393677, 0.11802756041288376, 0.11461259424686432, 0.1208803579211235, 0.09875506907701492, 0.10536664724349976, 0.09023956209421158, 0.10625910013914108, 0.09560386091470718, 0.08925919234752655, 0.08117350190877914, 0.08156166225671768, 0.07974247634410858, 0.07224388420581818, 0.08093848079442978, 0.06474698334932327, 0.05950142443180084, 0.06257687509059906, 0.06485869735479355, 0.0659186914563179, 0.0625917911529541, 0.05850997194647789, 0.06292194128036499, 0.049968454986810684, 0.05833936110138893, 0.04028350114822388, 0.04833067208528519, 0.04720618203282356, 0.04236476868391037, 0.039898041635751724, 0.04561980068683624, 0.03944962099194527, 0.04050334170460701, 0.03847496211528778, 0.03735598176717758, 0.03290533274412155, 0.03200072422623634, 0.032028891146183014, 0.030968694016337395, 0.029933759942650795, 0.027179457247257233, 0.030220337212085724, 0.029312830418348312], "testRumorAcc": [0.7226890756302521, 0.7478991596638656, 0.776844070961718, 0.76937441643324, 0.7861811391223156, 0.7796451914098973, 0.7712418300653595, 0.7740429505135388, 0.7833800186741363, 0.7787114845938375, 0.7749766573295985, 0.7684407096171803, 0.7721755368814193, 0.7684407096171803, 0.7684407096171803, 0.7637721755368814, 0.7628384687208216, 0.7637721755368814, 0.7619047619047619], "testRumorF1": [0.5821566519547503, 0.6194665004541122, 0.6809828028825515, 0.681608663716507, 0.6950047967880735, 0.6865376349878102, 0.6744042819967544, 0.6913715849539024, 0.7021030736956748, 0.6869036416170143, 0.686663743819934, 0.6852501591678416, 0.6877216450704025, 0.6734273448654033, 0.679610746784995, 0.6754380656854835, 0.6725371924681773, 0.6701176809336461, 0.6690616653099121], "testLoss": [0.7453005313873291, 0.6411762833595276, 0.5845246911048889, 0.5987247228622437, 0.5968621969223022, 0.607734203338623, 0.6682125329971313, 0.7185728549957275, 0.7514854073524475, 0.8347980380058289, 0.9505006670951843, 1.0113691091537476, 1.084410309791565, 1.1850898265838623, 1.2246657609939575, 1.3499993085861206, 1.3541591167449951, 1.4967795610427856, 1.5563421249389648]}