{"epoch": 30, "macroF1Rumor": 0.7126410573658701, "accRumor": 0.7824463118580766, "loss": 0.8729714155197144, "trainRumorAcc": [0.6398954053044452, 0.6789316398954053, 0.7175943220022413, 0.7372058274187523, 0.7521479267837131, 0.7734404183787822, 0.786888307807247, 0.7962271199103474, 0.807060141949944, 0.8175196115054165, 0.8248038849458349, 0.8363840119536795, 0.8429211804258498, 0.8556219648860665, 0.8604781471796787, 0.8688830780724692, 0.8771012327231976, 0.885506163615988, 0.8929772132984685, 0.9010085917071349, 0.904370564064251, 0.9140829286514756, 0.922114307060142, 0.9267837131116922, 0.9299589092267464, 0.9364960776989167, 0.9467687710123273, 0.9480762047067613, 0.9546133731789317, 0.9531191632424355, 0.9609637654090399, 0.9656331714605902, 0.9660067239447142, 0.9688083675756444, 0.9703025775121404, 0.9768397459843108, 0.9783339559208069, 0.980201718341427, 0.980201718341427, 0.9824430332461711, 0.9830033619723572, 0.9852446768771013, 0.9876727680239074, 0.9882330967500934, 0.9880463205080314, 0.9884198729921554, 0.9899140829286515, 0.9917818453492716, 0.9925289503175196, 0.9927157265595816, 0.9940231602540157, 0.9940231602540157, 0.9915950691072095, 0.9917818453492716, 0.9923421740754576, 0.9951438177063877, 0.9917818453492716, 0.9949570414643257, 0.9936496077698916, 0.9942099364960777, 0.9940231602540157, 0.9973851326111318, 0.9955173701905118, 0.9940231602540157, 0.9957041464325738, 0.9953305939484498, 0.9964512514008218, 0.9975719088531939, 0.9962644751587598, 0.9957041464325738, 0.9962644751587598, 0.9981322375793799, 0.9968248038849459, 0.9943967127381397, 0.9979454613373179, 0.9968248038849459, 0.9962644751587598, 0.9968248038849459, 0.9971983563690698, 0.9970115801270079], "trainRumorF1": [0.24504633346714844, 0.3576450187618836, 0.5041896736136008, 0.5695249871926251, 0.604840818579835, 0.6425855195481194, 0.6692282305484065, 0.6876395629836564, 0.7081594520419985, 0.724333651467746, 0.7378428493313817, 0.7547252567438969, 0.7688614600123538, 0.7836018626112526, 0.7903646524045731, 0.805019951206805, 0.8176869809819958, 0.828464451220621, 0.8432526761705935, 0.8530540206793984, 0.8583452668780875, 0.8721240888116619, 0.8840086863076554, 0.8929413464126946, 0.8969862346655761, 0.906037521033578, 0.9208294413714286, 0.9224199773135199, 0.9339668171698715, 0.928519521394753, 0.9415860434644594, 0.9491637747091328, 0.9486499705193784, 0.9531504715051592, 0.9559210743403819, 0.9650026083683784, 0.9685357869556289, 0.9703918846887516, 0.9706143691002405, 0.9732941383959177, 0.9740065696833521, 0.9791172499086125, 0.9828102653769333, 0.9816572781263136, 0.9826476312818856, 0.9828592781311114, 0.9851401925624781, 0.9874190793382385, 0.9882665824408109, 0.9885563071574677, 0.9915815392438266, 0.9918521683585745, 0.987361494682996, 0.9870866925105006, 0.9885087959564198, 0.99280294134827, 0.9878579560326151, 0.9927447003112148, 0.9905966162763145, 0.9923284346842498, 0.9914520542939462, 0.9963161352207149, 0.9925594956138502, 0.9915099953454376, 0.9939902527264173, 0.993531919630911, 0.9949241325492203, 0.9962152407694211, 0.9942379464878781, 0.9941285494902672, 0.9943033877864781, 0.997411244955612, 0.9949988066245967, 0.9920991331199736, 0.9969908929283191, 0.9957901755382155, 0.994527231393409, 0.9953117940896526, 0.9959793700463322, 0.9955160413116727], "trainLoss": [0.9796178936958313, 0.8317868709564209, 0.7508205771446228, 0.684392511844635, 0.6397545337677002, 0.5928663015365601, 0.5573118925094604, 0.5286795496940613, 0.5019786953926086, 0.47098520398139954, 0.4569814205169678, 0.4250451326370239, 0.4112372100353241, 0.38435497879981995, 0.3662073612213135, 0.3412030041217804, 0.32425829768180847, 0.30485984683036804, 0.2818260192871094, 0.2722209692001343, 0.25594398379325867, 0.23129969835281372, 0.21265923976898193, 0.2002183496952057, 0.19507703185081482, 0.17080780863761902, 0.15742897987365723, 0.15141157805919647, 0.1355801373720169, 0.1291145533323288, 0.11454038321971893, 0.10424158722162247, 0.09760040789842606, 0.08714316040277481, 0.08254682272672653, 0.07229653745889664, 0.0632639080286026, 0.05729110538959503, 0.05658918619155884, 0.05013231188058853, 0.05134765803813934, 0.0442398265004158, 0.037022147327661514, 0.03577897325158119, 0.03287285566329956, 0.03448641300201416, 0.03473534435033798, 0.023399874567985535, 0.023543545976281166, 0.021049682050943375, 0.01980108581483364, 0.020625915378332138, 0.024878954514861107, 0.024401750415563583, 0.022655945271253586, 0.016369272023439407, 0.020482510328292847, 0.01563842222094536, 0.021848294883966446, 0.017645059153437614, 0.016500219702720642, 0.008400987833738327, 0.012543498538434505, 0.015203766524791718, 0.011168117634952068, 0.010302690789103508, 0.012313530780375004, 0.008315806277096272, 0.010626699775457382, 0.012100130319595337, 0.010144862346351147, 0.005805005319416523, 0.008616282604634762, 0.014981298707425594, 0.007121868431568146, 0.009115319699048996, 0.010898184031248093, 0.007671556435525417, 0.006550834514200687, 0.00958465039730072], "testRumorAcc": [0.7124183006535948, 0.7712418300653595, 0.7889822595704948, 0.776844070961718, 0.7871148459383753, 0.7824463118580766, 0.7721755368814193, 0.765639589169001, 0.76937441643324, 0.7740429505135388, 0.7665732959850607, 0.7591036414565826, 0.773109243697479, 0.7581699346405228, 0.7591036414565826, 0.7675070028011205], "testRumorF1": [0.5923105596885546, 0.6560222943678143, 0.7028852834146988, 0.6687742121347429, 0.7085412479488828, 0.7126410573658701, 0.687645782928177, 0.6737845544145089, 0.676222279555715, 0.6823378281170108, 0.6698077709879254, 0.6631680173247637, 0.6807680733439013, 0.6626264429663435, 0.6727862943312374, 0.6754223803968366], "testLoss": [0.6891091465950012, 0.6082011461257935, 0.6017104983329773, 0.7096953988075256, 0.7564642429351807, 0.8729714155197144, 1.115178108215332, 1.285241961479187, 1.5198166370391846, 1.6415225267410278, 1.7837566137313843, 1.8452669382095337, 1.9238691329956055, 2.00256609916687, 2.1745407581329346, 2.1514761447906494]}