{"epoch": 20, "macroF1Rumor": 0.7088608622288916, "accRumor": 0.7889822595704948, "loss": 0.6329519748687744, "trainRumorAcc": [0.6324243556219649, 0.6800522973477774, 0.7187149794546134, 0.7429958909226746, 0.7599925289503175, 0.7717594322002241, 0.7861412028389989, 0.7934254762794173, 0.8050056032872619, 0.8212551363466567, 0.827979081060889, 0.845162495330594, 0.8511393350765782, 0.8522599925289503, 0.8591707134852447, 0.8729921553978334, 0.8812103100485619, 0.8877474785207322, 0.8912962271199103, 0.902316025401569, 0.9090399701158013, 0.9176316772506538, 0.923048188270452, 0.9301456854688084, 0.9308927904370564, 0.9441539036234591, 0.9450877848337691, 0.9519985057900635, 0.9583488980201719, 0.9598431079566679, 0.9637654090399701, 0.9671273813970863, 0.9708629062383265, 0.9725438924168845, 0.9753455360478147, 0.980948823309675, 0.9785207321628688, 0.9824430332461711, 0.981882704519985, 0.9852446768771013, 0.9871124392977213, 0.9859917818453493, 0.9880463205080314, 0.9887934254762795, 0.9874859917818454, 0.9895405304445275, 0.9893537542024654, 0.9917818453492716, 0.9923421740754576, 0.9921553978333956, 0.9932760552857677, 0.9929025028016436, 0.9929025028016436, 0.9915950691072095, 0.9927157265595816, 0.9970115801270079, 0.9927157265595816, 0.9947702652222637, 0.9964512514008218, 0.9949570414643257, 0.9940231602540157, 0.9945834889802018, 0.9966380276428838, 0.9957041464325738, 0.9981322375793799, 0.9964512514008218, 0.9951438177063877, 0.9960776989166978, 0.9970115801270079, 0.9945834889802018], "trainRumorF1": [0.22509140860766086, 0.38168356528222463, 0.5154277799908078, 0.5828549391169331, 0.6270546485712283, 0.6441991931078657, 0.6673862786037519, 0.6834732970361572, 0.7012108375213078, 0.7278944054689607, 0.7391601800274863, 0.7687337305692099, 0.7786465378836485, 0.7788490524033482, 0.791441399087393, 0.8122218617177771, 0.8252511050120954, 0.8346063177219605, 0.8406580531081795, 0.8561257842900776, 0.869587651169508, 0.8798010743210043, 0.8888437400062057, 0.8978768115535545, 0.8998079002165078, 0.91743497217079, 0.9184046263213237, 0.9300801068477421, 0.9389751174630101, 0.9415810459130518, 0.9462004022557007, 0.9524597043649581, 0.9559645233217969, 0.9601976250467282, 0.963736248521077, 0.9719139381804531, 0.9703728797595282, 0.9749044259553105, 0.9744147244443533, 0.978671138195065, 0.9808894677528972, 0.9801342748068296, 0.9810650995939869, 0.9845182772218171, 0.9817004298466742, 0.9850168353337488, 0.9844536566898314, 0.9873132664024169, 0.988641834003734, 0.987531061996245, 0.9910718285536119, 0.9905843383634987, 0.9884465395700504, 0.9868703842692651, 0.9894465440339609, 0.9955259961547684, 0.990037195077099, 0.9932042244776217, 0.9952156794785323, 0.9923573104078932, 0.9908100467764637, 0.9909511658170935, 0.9954374151944485, 0.9938843734528422, 0.997184544561837, 0.9951308877317917, 0.9926722450013448, 0.9938561501898944, 0.9960541274497179, 0.9913334634108427], "trainLoss": [1.0025570392608643, 0.835227906703949, 0.7384259700775146, 0.6649951338768005, 0.6188172101974487, 0.5847863554954529, 0.5521048307418823, 0.5277178883552551, 0.5036634206771851, 0.47208017110824585, 0.4572358727455139, 0.42829835414886475, 0.4056343734264374, 0.38774028420448303, 0.369463175535202, 0.33760008215904236, 0.3187527358531952, 0.30402061343193054, 0.28399667143821716, 0.26191774010658264, 0.24892127513885498, 0.22174939513206482, 0.20970496535301208, 0.1983933299779892, 0.17807617783546448, 0.1613209992647171, 0.1507854014635086, 0.1369466483592987, 0.12453730404376984, 0.11445654183626175, 0.10137616842985153, 0.09064999222755432, 0.08131144195795059, 0.07783164829015732, 0.06995722651481628, 0.05658603087067604, 0.06013806536793709, 0.05018625035881996, 0.049353890120983124, 0.04382120817899704, 0.044243209064006805, 0.043630726635456085, 0.03513005003333092, 0.034991730004549026, 0.036519281566143036, 0.029810914769768715, 0.028368044644594193, 0.026980146765708923, 0.024814363569021225, 0.026148580014705658, 0.021457010880112648, 0.017504960298538208, 0.023621944710612297, 0.023067405447363853, 0.020205330103635788, 0.012053740210831165, 0.01906440407037735, 0.01996971294283867, 0.012637324631214142, 0.02040974050760269, 0.01832795888185501, 0.013893339782953262, 0.010543959215283394, 0.01250962819904089, 0.007089979015290737, 0.010494307614862919, 0.011392258107662201, 0.012675246223807335, 0.010130049660801888, 0.01567983627319336], "testRumorAcc": [0.7450980392156863, 0.7675070028011205, 0.7852474323062558, 0.7889822595704948, 0.7871148459383753, 0.7824463118580766, 0.7787114845938375, 0.7712418300653595, 0.7600373482726424, 0.7712418300653595, 0.7600373482726424, 0.76937441643324, 0.7628384687208216, 0.7563025210084033], "testRumorF1": [0.6082167793019613, 0.668327443744307, 0.6865444022532656, 0.7088608622288916, 0.6901915376171598, 0.6899833214046531, 0.6990405926556333, 0.6796262626891909, 0.6730896916359064, 0.6731860753088279, 0.6686795390497713, 0.6855862270908851, 0.6657223177695512, 0.656790059630698], "testLoss": [0.6460659503936768, 0.5932533740997314, 0.5939803719520569, 0.6329519748687744, 0.7960880994796753, 0.9573133587837219, 1.1268428564071655, 1.3321362733840942, 1.5011087656021118, 1.6387516260147095, 1.65556001663208, 1.7377064228057861, 1.9883015155792236, 2.073101282119751]}