{"epoch": 30, "macroF1Rumor": 0.6986406411289836, "accRumor": 0.7796451914098973, "loss": 0.6303808689117432, "trainRumorAcc": [0.6257004109077325, 0.6638027642883825, 0.6850952558834517, 0.7215166230855435, 0.7280537915577139, 0.7364587224505043, 0.7469181920059769, 0.7532685842360851, 0.7682106836010459, 0.7702652222637281, 0.7844602166604407, 0.786701531565185, 0.7984684348150916, 0.7995890922674636, 0.8059394844975719, 0.8199477026522226, 0.8203212551363467, 0.827792304818827, 0.8322749346283153, 0.8361972357116175, 0.8446021666044079, 0.845909600298842, 0.8554351886440045, 0.8582368322749346, 0.866268210683601, 0.8698169592827792, 0.8754202465446396, 0.8769144564811356, 0.884572282405678, 0.8892416884572283, 0.8957788569293986, 0.8942846469929026, 0.903249906611879, 0.9090399701158013, 0.9127754949570415, 0.9165110197982816, 0.9185655584609638, 0.92192753081808, 0.9251027269331341, 0.9252895031751961, 0.9256630556593202, 0.9355621964886066, 0.9387373926036608, 0.9381770638774748, 0.9353754202465446, 0.9400448262980949, 0.9519985057900635, 0.9497571908853194, 0.9491968621591333, 0.9467687710123273, 0.9527456107583115, 0.9600298841987299, 0.9529323870003735, 0.9602166604407919, 0.962084422861412, 0.961150541651102, 0.9635786327979081, 0.9650728427344042, 0.9660067239447142, 0.9641389615240942, 0.9697422487859544, 0.9691819200597684, 0.9721703399327606, 0.9712364587224505, 0.9727306686589465, 0.9714232349645125, 0.9762794172581247, 0.9768397459843108, 0.9736645498692567, 0.9788942846469929, 0.980201718341427, 0.9770265222263728, 0.979454613373179, 0.981135599551737, 0.980388494583489, 0.9824430332461711, 0.9816959282779231, 0.9841240194247292, 0.9835636906985431, 0.9828165857302951], "trainRumorF1": [0.19802387758690765, 0.3121153897874143, 0.3928567792096113, 0.5200812700863988, 0.5427123214561482, 0.5733510991099875, 0.5928715361586625, 0.6061826460150879, 0.6378497925151491, 0.6402445421950078, 0.6706451421096478, 0.6775002163277578, 0.6942153003129605, 0.6999449356785714, 0.7046712546445733, 0.7256115704837257, 0.7297961855879357, 0.741797510769187, 0.7436431358827813, 0.757454364995858, 0.7683089215967228, 0.7751446657455167, 0.7879509277416763, 0.7909195659080375, 0.8040258354645571, 0.80869608427736, 0.8131918083036638, 0.8229423553797977, 0.8315649805445205, 0.8363435214673688, 0.8513220291354892, 0.8464723683679949, 0.859397578270648, 0.8690018734191338, 0.8758845420085037, 0.8794825577260993, 0.8820684691121793, 0.8867095778058021, 0.8908744239392343, 0.8915145398226872, 0.8909940262957777, 0.9052956766806597, 0.9100025471392342, 0.9104254495444978, 0.9065730028664736, 0.9127944173372473, 0.9267098143384732, 0.9276245146870874, 0.9261879264382751, 0.9223456641123545, 0.9325379623633903, 0.9393907926191816, 0.9309950379016974, 0.9415485748712664, 0.9453499848389534, 0.9439173931331243, 0.9486006007276138, 0.9508955339096332, 0.9488336823267226, 0.9470048315830701, 0.954126698238909, 0.9548177004515328, 0.9622009960146491, 0.9598530843138963, 0.9604660591015812, 0.9589668347791734, 0.9676049642283617, 0.9650531129075758, 0.9628880073396173, 0.9677649943481073, 0.9695675086725686, 0.9652614264335788, 0.9705492287989348, 0.9719617460233503, 0.9728585938394644, 0.9750099643219658, 0.9736014356221346, 0.9768883067078619, 0.9762532350980195, 0.9731042534012527], "trainLoss": [1.0347955226898193, 0.8742530941963196, 0.8119329214096069, 0.752323567867279, 0.7184745669364929, 0.683922290802002, 0.6575331687927246, 0.6333598494529724, 0.6099496483802795, 0.5873505473136902, 0.5702822208404541, 0.5524787306785583, 0.5325762033462524, 0.5133359432220459, 0.5004950761795044, 0.4801415801048279, 0.47337040305137634, 0.45738041400909424, 0.4426673352718353, 0.42819786071777344, 0.4157150387763977, 0.39486998319625854, 0.38771912455558777, 0.3700481057167053, 0.3635973036289215, 0.3492177724838257, 0.33603793382644653, 0.33028092980384827, 0.3121594488620758, 0.2944110631942749, 0.28123000264167786, 0.284392386674881, 0.26903361082077026, 0.24782516062259674, 0.2430448979139328, 0.22947555780410767, 0.2200421690940857, 0.21705111861228943, 0.2055453062057495, 0.20461684465408325, 0.20010411739349365, 0.18757407367229462, 0.18337886035442352, 0.17121978104114532, 0.17273660004138947, 0.1722036600112915, 0.1484997272491455, 0.14320434629917145, 0.14437603950500488, 0.14789502322673798, 0.13531973958015442, 0.11632650345563889, 0.13056860864162445, 0.1232810690999031, 0.10963401198387146, 0.11279819160699844, 0.10753673315048218, 0.09979873150587082, 0.0932571291923523, 0.10606423020362854, 0.09024997800588608, 0.09029877930879593, 0.08662983030080795, 0.08228509873151779, 0.07836620509624481, 0.08029096573591232, 0.0707186684012413, 0.07199344038963318, 0.07211708277463913, 0.06428100168704987, 0.06034082919359207, 0.06128573417663574, 0.06011609733104706, 0.05428413674235344, 0.060022953897714615, 0.051939621567726135, 0.061258476227521896, 0.050656840205192566, 0.047128353267908096, 0.04760812595486641], "testRumorAcc": [0.7096171802054155, 0.7441643323996265, 0.7675070028011205, 0.7759103641456583, 0.776844070961718, 0.7796451914098973, 0.7647058823529411, 0.7703081232492998, 0.7665732959850607, 0.7553688141923436, 0.7581699346405228, 0.76937441643324, 0.7712418300653595, 0.7712418300653595, 0.7675070028011205, 0.7703081232492998], "testRumorF1": [0.5519809098354029, 0.6333510656706743, 0.6786595360123617, 0.6827783534139027, 0.6963147037235514, 0.6986406411289836, 0.6823066378190388, 0.6824283157570084, 0.6808884021292929, 0.6679386221642545, 0.6848228504066942, 0.6821859280041176, 0.6874168616458436, 0.6843137186691433, 0.6868456482737801, 0.6890282247741496], "testLoss": [0.7288563251495361, 0.6298342943191528, 0.5916416645050049, 0.5829863548278809, 0.5983939170837402, 0.6303808689117432, 0.6878324151039124, 0.7433637976646423, 0.7940108180046082, 0.8789340853691101, 0.9462217688560486, 1.017876148223877, 1.0796252489089966, 1.1514958143234253, 1.2613677978515625, 1.2942324876785278]}