{"epoch": 15, "macroF1Rumor": 0.701932961487419, "accRumor": 0.7889822595704948, "loss": 0.5778144598007202, "trainRumorAcc": [0.6309301456854688, 0.672020918939111, 0.7067612999626448, 0.731228987672768, 0.7469181920059769, 0.7629809488233097, 0.7728800896525961, 0.7797908106088905, 0.7937990287635412, 0.8042584983190139, 0.8085543518864401, 0.8240567799775869, 0.8313410534180052, 0.8416137467314158, 0.8505790063503922, 0.8548748599178184, 0.8670153156518491, 0.8729921553978334, 0.8804632050803138, 0.8894284646992903, 0.8991408292865147, 0.9082928651475533, 0.9124019424729174, 0.922114307060142, 0.922301083302204, 0.9293985805005603, 0.9387373926036608, 0.9378035113933507, 0.9475158759805753, 0.9490100859170714, 0.9527456107583115, 0.9548001494209937, 0.9635786327979081, 0.9645125140082181, 0.9682480388494583, 0.9744116548375047, 0.9742248785954427, 0.9712364587224505, 0.9822562570041091, 0.980201718341427, 0.980575270825551, 0.9858050056032872, 0.9874859917818454, 0.9830033619723572, 0.9872992155397834, 0.9871124392977213, 0.9886066492342174, 0.9912215166230856, 0.9882330967500934, 0.9912215166230856, 0.9915950691072095, 0.9912215166230856, 0.9930892790437056, 0.9925289503175196, 0.9945834889802018, 0.9934628315278297, 0.9934628315278297, 0.9936496077698916, 0.9938363840119537, 0.9940231602540157, 0.9957041464325738, 0.9949570414643257, 0.9953305939484498, 0.9960776989166978, 0.9962644751587598], "trainRumorF1": [0.21107104883959438, 0.327089287267171, 0.45241213643581096, 0.5516181043021788, 0.5913262663012719, 0.6228058132371789, 0.6459722029254745, 0.6573429411194184, 0.6808409288087093, 0.6971689212578822, 0.7053301155825522, 0.7310789136094895, 0.743163034977179, 0.7631675528449864, 0.7720969198229792, 0.7814762929585815, 0.801318325165642, 0.810314674411824, 0.823153884873138, 0.8347143256529495, 0.8489982287344174, 0.8639910791391645, 0.8701141285990853, 0.8801196880558626, 0.8839975759954527, 0.8916187102019005, 0.9092678432824562, 0.908410121533224, 0.9218783850944106, 0.9213267038238087, 0.9276520097482525, 0.9309677734423466, 0.9455465134408286, 0.9470003444854187, 0.951420247259964, 0.960805378608429, 0.9603430774021229, 0.9577460003554389, 0.9727559796163431, 0.9685652094521597, 0.9719613036139925, 0.978569762683203, 0.9819858767302126, 0.9763411526389623, 0.9808332083146794, 0.9806693800282767, 0.9818967094837322, 0.9876479688856551, 0.9819893706006236, 0.9865089303086423, 0.9871351021124877, 0.9862690796948077, 0.9900015404030835, 0.9891830199754016, 0.9914463480152076, 0.9903342538525081, 0.9899693759238968, 0.9907675584696289, 0.990590240890067, 0.9908198137916561, 0.9930550188343141, 0.9930563636511691, 0.9925988830000523, 0.9928492620980884, 0.9948281330371107], "trainLoss": [1.0157493352890015, 0.8559356927871704, 0.7728409171104431, 0.7050235867500305, 0.6587316989898682, 0.6264960169792175, 0.5950764417648315, 0.5729064345359802, 0.5422405004501343, 0.5197452902793884, 0.49624624848365784, 0.47410741448402405, 0.4509214460849762, 0.4226066470146179, 0.4051238000392914, 0.38332289457321167, 0.36604228615760803, 0.34495967626571655, 0.32491225004196167, 0.3006504774093628, 0.28421229124069214, 0.26227256655693054, 0.2488369196653366, 0.23306486010551453, 0.2155582159757614, 0.19569462537765503, 0.17775268852710724, 0.17143404483795166, 0.15243396162986755, 0.14689725637435913, 0.13327443599700928, 0.12319996953010559, 0.11043551564216614, 0.10105490684509277, 0.08810769021511078, 0.08363720029592514, 0.07309943437576294, 0.07921136170625687, 0.058465514332056046, 0.05694810673594475, 0.055862076580524445, 0.045490555465221405, 0.04109685868024826, 0.04310736060142517, 0.0341295562684536, 0.03474820405244827, 0.03565084934234619, 0.026548007503151894, 0.0310523584485054, 0.030220432206988335, 0.023324500769376755, 0.025879336521029472, 0.021857352927327156, 0.021007560193538666, 0.017275990918278694, 0.017492877319455147, 0.016880476847290993, 0.023987405002117157, 0.017693165689706802, 0.016761386767029762, 0.010128384456038475, 0.012173577211797237, 0.014806804247200489, 0.014099163003265858, 0.01341360341757536], "testRumorAcc": [0.7282913165266106, 0.765639589169001, 0.7889822595704948, 0.7852474323062558, 0.773109243697479, 0.7619047619047619, 0.7759103641456583, 0.7712418300653595, 0.7647058823529411, 0.7675070028011205, 0.7684407096171803, 0.765639589169001, 0.7703081232492998], "testRumorF1": [0.582441792641881, 0.6512330985427432, 0.701932961487419, 0.700148229709377, 0.6887915839446549, 0.6827573947768383, 0.690662675637551, 0.6889516881723665, 0.6760515406020637, 0.6753202333904167, 0.6873005196120924, 0.6906798432934851, 0.6935424130990777], "testLoss": [0.7021235227584839, 0.6055805683135986, 0.5778144598007202, 0.6051021814346313, 0.6859680414199829, 0.8289458751678467, 1.0250822305679321, 1.167685866355896, 1.4062178134918213, 1.6068615913391113, 1.6955792903900146, 1.720293402671814, 1.8535798788070679]}