{"epoch": 35, "macroF1Rumor": 0.6890527657453689, "accRumor": 0.7787114845938375, "loss": 0.9178006052970886, "trainRumorAcc": [0.6249533059394845, 0.6578259245423982, 0.692005976839746, 0.7254389241688457, 0.7418752334703026, 0.7543892416884572, 0.7760552857676504, 0.7810982443033246, 0.7969742248785955, 0.8046320508031378, 0.8178931639895405, 0.8244303324617108, 0.8298468434815092, 0.8421740754576018, 0.8470302577512141, 0.8554351886440045, 0.8668285394097871, 0.8737392603660814, 0.8806499813223758, 0.8858797161001121, 0.8911094508778483, 0.8955920806873365, 0.904183787822189, 0.9159506910720956, 0.9178184534927157, 0.923982069480762, 0.9279043705640643, 0.9346283152782966, 0.9366828539409787, 0.9445274561075832, 0.9467687710123273, 0.9548001494209937, 0.961524094135226, 0.9645125140082181, 0.9660067239447142, 0.9699290250280165, 0.9699290250280165, 0.9708629062383265, 0.9775868509525588, 0.9777736271946208, 0.980388494583489, 0.9826298094882331, 0.9839372431826672, 0.9844975719088532, 0.9865521105715352, 0.9841240194247292, 0.9872992155397834, 0.9880463205080314, 0.9912215166230856, 0.9923421740754576, 0.9912215166230856, 0.9923421740754576, 0.9921553978333956, 0.9932760552857677, 0.9934628315278297, 0.9938363840119537, 0.9932760552857677, 0.9953305939484498, 0.9936496077698916, 0.9942099364960777, 0.9958909226746357, 0.9947702652222637, 0.9955173701905118, 0.9942099364960777, 0.9943967127381397, 0.9947702652222637, 0.9966380276428838, 0.9964512514008218, 0.9958909226746357, 0.9964512514008218, 0.9964512514008218, 0.9964512514008218, 0.9970115801270079, 0.9951438177063877, 0.9971983563690698, 0.9971983563690698, 0.9977586850952559, 0.9958909226746357, 0.998319013821442, 0.9985057900635039, 0.9977586850952559, 0.9977586850952559, 0.9979454613373179, 0.9981322375793799, 0.9985057900635039], "trainRumorF1": [0.19457875461191615, 0.3069970247853321, 0.4119169817329319, 0.5282949029974985, 0.5754524662626254, 0.604316621496786, 0.6457383693346949, 0.6601627211122031, 0.6854691030694802, 0.70198196280949, 0.719158652273806, 0.7254789120597371, 0.7417373525537183, 0.7584820708133152, 0.7695735290382353, 0.7831693146122667, 0.8004360878036804, 0.8087397131301577, 0.8211949420130075, 0.8261293460598804, 0.8367656994698818, 0.8464004533366817, 0.8579535358010555, 0.8745613270935372, 0.8778558208333879, 0.8886485036021199, 0.8915206182946507, 0.902891296016918, 0.9049703011685595, 0.9177590837749927, 0.9217114332745087, 0.9335004973989357, 0.9433472140287852, 0.9481636737738475, 0.9512999984224579, 0.9579917555364588, 0.9585560440509301, 0.9578079615210384, 0.9671832155826241, 0.969176438859219, 0.9722574193157145, 0.9759721838793197, 0.9774749546817288, 0.9770865708483298, 0.9807592900781319, 0.9786057551765723, 0.9827509725710641, 0.9835788575222487, 0.9870971476786193, 0.9886455604316986, 0.9886868499491805, 0.9881302856279427, 0.9887514254750831, 0.9896326992789496, 0.9909459969804009, 0.9906827951025747, 0.9902664180187073, 0.9927114569441206, 0.9896815393576979, 0.9916317534227479, 0.994167147893036, 0.993247926072446, 0.993645057254516, 0.9912302895198014, 0.9917086549867682, 0.992574041154179, 0.9946458184733832, 0.9945411432337583, 0.9941751908858183, 0.9946997645497518, 0.9944845282916118, 0.9950052341971622, 0.9961320175074139, 0.9927873367091591, 0.9958070028034074, 0.996207173493922, 0.9966045611012614, 0.9940421988541459, 0.997880728523687, 0.9975565291266647, 0.9959957468864374, 0.9967597521277304, 0.9971411069487874, 0.9977137742601153, 0.9980236119333303], "trainLoss": [1.0421594381332397, 0.876721203327179, 0.8065381646156311, 0.7375283241271973, 0.6791409254074097, 0.6330521702766418, 0.5974071621894836, 0.56689453125, 0.5385944247245789, 0.5155056118965149, 0.49114614725112915, 0.47080346941947937, 0.44892364740371704, 0.4231663942337036, 0.40978100895881653, 0.39073631167411804, 0.3643212914466858, 0.3508402705192566, 0.330656498670578, 0.31382283568382263, 0.2921658754348755, 0.27797210216522217, 0.25893130898475647, 0.2416054904460907, 0.23014385998249054, 0.2145611047744751, 0.20407044887542725, 0.18250590562820435, 0.1753402203321457, 0.160481795668602, 0.1453445553779602, 0.1329348087310791, 0.11912553757429123, 0.11406347900629044, 0.0996762067079544, 0.09669357538223267, 0.08932816982269287, 0.0827612355351448, 0.0659770667552948, 0.06574959307909012, 0.060991644859313965, 0.052800845354795456, 0.05107926204800606, 0.04962488263845444, 0.03834998607635498, 0.04313649982213974, 0.03623735532164574, 0.033285003155469894, 0.02739204652607441, 0.024879662320017815, 0.02899010106921196, 0.024462569504976273, 0.022271404042840004, 0.022564122453331947, 0.01954924315214157, 0.023796794936060905, 0.024372493848204613, 0.017573432996869087, 0.01791756972670555, 0.018692223355174065, 0.013267626985907555, 0.0177950169891119, 0.012575671076774597, 0.016484804451465607, 0.016919292509555817, 0.011353970505297184, 0.01008669938892126, 0.011026153340935707, 0.013628743588924408, 0.010802331380546093, 0.009581509977579117, 0.009625322185456753, 0.008936657570302486, 0.012517902068793774, 0.007393634412437677, 0.00794461090117693, 0.006995783187448978, 0.012738283723592758, 0.005131250247359276, 0.006589800119400024, 0.007803855463862419, 0.006762534845620394, 0.008337988518178463, 0.006599374581128359, 0.005034287925809622], "testRumorAcc": [0.7292250233426704, 0.7619047619047619, 0.7796451914098973, 0.7777777777777778, 0.7665732959850607, 0.7619047619047619, 0.7787114845938375, 0.7591036414565826, 0.7553688141923436, 0.7684407096171803, 0.7600373482726424, 0.7535014005602241, 0.7647058823529411, 0.7497665732959851, 0.7544351073762838, 0.7525676937441643, 0.7497665732959851], "testRumorF1": [0.5708158574945467, 0.6717197555519948, 0.6689231984401911, 0.6767617501689891, 0.6814794006435382, 0.6694804624213644, 0.6890527657453689, 0.6690526253346879, 0.6495651075628871, 0.6662506451166246, 0.6622669751875964, 0.6522909022955649, 0.6725724457691671, 0.6456708731019987, 0.6675096577938349, 0.6512183888042056, 0.6474788227952291], "testLoss": [0.6994354724884033, 0.6022931933403015, 0.6190487146377563, 0.6454944610595703, 0.7023534774780273, 0.7970718145370483, 0.9178006052970886, 1.0619947910308838, 1.2724298238754272, 1.46511709690094, 1.5011687278747559, 1.6359583139419556, 1.680288314819336, 1.9125361442565918, 1.793150782585144, 2.0119435787200928, 2.015925168991089]}