{"epoch": 20, "macroF1Rumor": 0.6934947364347716, "accRumor": 0.7796451914098973, "loss": 0.5932449102401733, "trainRumorAcc": [0.6298094882330968, 0.6617482256257005, 0.6994770265222263, 0.7231976092641016, 0.7340306313036982, 0.7431826671647367, 0.7538289129622712, 0.7745610758311543, 0.7831527829660068, 0.7855808741128129, 0.7975345536047814, 0.8012700784460217, 0.8102353380649981, 0.8149047441165483, 0.8180799402316026, 0.8231228987672768, 0.8330220395965633, 0.8416137467314158, 0.845909600298842, 0.8503922301083302, 0.8636533432947329, 0.8591707134852447, 0.8752334703025775, 0.8731789316398954, 0.8795293238700037, 0.8892416884572283, 0.884385506163616, 0.8873739260366081, 0.9011953679491969, 0.8995143817706388, 0.903997011580127, 0.9064251027269331, 0.9157639148300336, 0.9161374673141577, 0.9183787822189018, 0.9271572655958162, 0.9286514755323123, 0.9275308180799402, 0.9299589092267464, 0.940978707508405, 0.940978707508405, 0.940791931266343, 0.9452745610758312, 0.9501307433694434, 0.9508778483376914, 0.9534927157265596, 0.9592827792304819, 0.9544265969368696, 0.9600298841987299, 0.9635786327979081, 0.9635786327979081, 0.962457975345536, 0.9626447515875981, 0.963205080313784, 0.9641389615240942, 0.9704893537542024, 0.9714232349645125, 0.9719835636906985, 0.9729174449010086, 0.9751587598057527, 0.9768397459843108, 0.9779604034366829, 0.9755323122898767, 0.9779604034366829, 0.9751587598057527, 0.9781471796787449, 0.9828165857302951, 0.9757190885319388, 0.980014942099365, 0.980762047067613], "trainRumorF1": [0.1991310572764907, 0.3121207895615813, 0.466180906971028, 0.5419663244421303, 0.5727721414893452, 0.5957335463140792, 0.6182838761879916, 0.6486019698716117, 0.6661641143353214, 0.6742959433144851, 0.6964560346810117, 0.7002498924927797, 0.7131685415726546, 0.7230023740649125, 0.7276964764154319, 0.7364163057974368, 0.7506788388661554, 0.7639326809747558, 0.7726807928653399, 0.7785039718834124, 0.7973726734726474, 0.7958929433846398, 0.8156451176068221, 0.8151381471320333, 0.8257229239980584, 0.8372801982343752, 0.8281968808391998, 0.8338375393332803, 0.8549708125996659, 0.8540158153217506, 0.8607409949416732, 0.8621274537654531, 0.8723865854543447, 0.8767797908684298, 0.8781280091104142, 0.8930305659478832, 0.8921885090791263, 0.8925708366003956, 0.8970291461940882, 0.9135766887865664, 0.9134873924038225, 0.9127614024711521, 0.9226199893346222, 0.9249630691154311, 0.9295603640804284, 0.9293420752734696, 0.9409687283194907, 0.9320356716962854, 0.9419559037676112, 0.9465971328888922, 0.9462510927847289, 0.9452683744887378, 0.9445204420879383, 0.9448787439643976, 0.9468177256313627, 0.9568516412206062, 0.9597013365169805, 0.9598444664230444, 0.9605370865464697, 0.9637500481377064, 0.9670862314655363, 0.9675746671836237, 0.9638861282401756, 0.9656800773782955, 0.963884981512065, 0.9668148951937898, 0.9746538424229718, 0.9630017605161152, 0.9709294110452655, 0.9720233340237441], "trainLoss": [1.0252937078475952, 0.8671547174453735, 0.7833868265151978, 0.7230392694473267, 0.6805532574653625, 0.6523143649101257, 0.622795045375824, 0.5972837805747986, 0.5783941745758057, 0.5589882135391235, 0.5429147481918335, 0.5212110877037048, 0.4964880049228668, 0.4795684516429901, 0.4622313678264618, 0.4555312693119049, 0.43892619013786316, 0.42125481367111206, 0.3992614448070526, 0.39497941732406616, 0.36850959062576294, 0.3650660216808319, 0.34442099928855896, 0.3401138186454773, 0.32430118322372437, 0.30781859159469604, 0.30550050735473633, 0.2878056764602661, 0.26811906695365906, 0.2623692452907562, 0.2518686056137085, 0.24794647097587585, 0.2300230860710144, 0.22412244975566864, 0.21642498672008514, 0.2046980857849121, 0.20058727264404297, 0.18733251094818115, 0.1829245388507843, 0.17174887657165527, 0.1601414978504181, 0.1651882380247116, 0.15055876970291138, 0.13504323363304138, 0.14215031266212463, 0.12934836745262146, 0.12421457469463348, 0.13187794387340546, 0.10672338306903839, 0.10659307986497879, 0.10327611863613129, 0.10692209750413895, 0.10117266327142715, 0.10456803441047668, 0.09561356902122498, 0.08810921758413315, 0.07800938189029694, 0.07877898961305618, 0.07875729352235794, 0.07661034911870956, 0.06400581449270248, 0.06504407525062561, 0.0683239996433258, 0.06227080523967743, 0.07312549650669098, 0.0623895600438118, 0.051445361226797104, 0.06641869246959686, 0.057547785341739655, 0.05349423736333847], "testRumorAcc": [0.711484593837535, 0.7478991596638656, 0.7787114845938375, 0.7796451914098973, 0.7749766573295985, 0.7843137254901961, 0.7777777777777778, 0.773109243697479, 0.776844070961718, 0.7740429505135388, 0.7619047619047619, 0.7787114845938375, 0.773109243697479, 0.773109243697479], "testRumorF1": [0.5628727293429531, 0.6253420904313275, 0.6798863768985437, 0.6934947364347716, 0.6885283455445534, 0.6879917481003355, 0.6903201525589053, 0.683969221275898, 0.6933045456693518, 0.688851295043168, 0.671432761901275, 0.6896966235326893, 0.682632196381784, 0.6834448543641826], "testLoss": [0.7104976773262024, 0.6186548471450806, 0.5959754586219788, 0.5932449102401733, 0.6348959803581238, 0.6663461923599243, 0.7429011464118958, 0.8273438811302185, 0.891956627368927, 1.0001511573791504, 1.0424163341522217, 1.126604676246643, 1.2036529779434204, 1.260768175125122]}