{"epoch": 15, "macroF1Rumor": 0.6999828126164521, "accRumor": 0.7843137254901961, "loss": 0.5883224606513977, "trainRumorAcc": [0.6257004109077325, 0.6593201344788943, 0.6989166977960404, 0.7357116174822562, 0.7441165483750467, 0.7629809488233097, 0.7721329846843481, 0.7816585730295107, 0.7906238326484871, 0.7999626447515876, 0.8104221143070601, 0.8251774374299589, 0.8298468434815092, 0.8345162495330594, 0.8418005229734777, 0.8507657825924543, 0.8612252521479268, 0.8711243929772133, 0.8771012327231976, 0.883638401195368, 0.8920433320881583, 0.8957788569293986, 0.903997011580127, 0.9075457601793052, 0.9191258871871498, 0.9254762794172581, 0.9290250280164363, 0.9312663429211804, 0.9303324617108704, 0.9443406798655211, 0.9514381770638775, 0.9486365334329473, 0.9585356742622338, 0.960590212924916, 0.9566679118416137, 0.9633918565558461, 0.9656331714605902, 0.9706761299962645, 0.9751587598057527, 0.9775868509525588, 0.9790810608890549, 0.9788942846469929, 0.9828165857302951, 0.9792678371311169, 0.9854314531191632, 0.9824430332461711, 0.9887934254762795, 0.9893537542024654, 0.9886066492342174, 0.9869256630556593, 0.9902876354127755, 0.9893537542024654, 0.9902876354127755, 0.9919686215913336, 0.9927157265595816, 0.9917818453492716, 0.9934628315278297, 0.9923421740754576, 0.9932760552857677, 0.9947702652222637, 0.9942099364960777, 0.9943967127381397, 0.9942099364960777, 0.9943967127381397, 0.9957041464325738], "trainRumorF1": [0.19692386720809013, 0.3038964747251866, 0.4605169294407929, 0.5596945823111912, 0.5930015051905949, 0.6258298141444332, 0.6458154197270219, 0.6599390087061221, 0.6785578157995232, 0.696386486563412, 0.7162070970919661, 0.7342380303342259, 0.743587585003628, 0.7497057183565041, 0.7644074197573197, 0.7735011043505219, 0.7934583112064407, 0.8099608423627301, 0.8175781106696118, 0.8267467515316531, 0.8379418374228653, 0.8448132561191399, 0.8520833739554362, 0.8634657706115725, 0.8808076225461072, 0.8888425719743888, 0.8953574452676244, 0.896711791963182, 0.8959056735445058, 0.9147371375389426, 0.9257374529258274, 0.9243238474223577, 0.937007634247679, 0.9386992821861608, 0.9342249914186824, 0.9467508595779364, 0.9488986975523847, 0.9542808467243697, 0.9622977410937152, 0.966558449467815, 0.9693532351070736, 0.9670980560224491, 0.9741638767289826, 0.9688751533209684, 0.9787456053098873, 0.9728997732961752, 0.9835895634796682, 0.9839412065189876, 0.9822080772835897, 0.9804864194810767, 0.986535833896475, 0.9836061633318351, 0.9863209169256074, 0.9873463190727518, 0.9894817686437695, 0.9872045952169304, 0.9914929488786238, 0.9875379664838083, 0.9895730110470844, 0.9923853937060924, 0.9911300636592439, 0.991343044853238, 0.9917487187510698, 0.9912403808285523, 0.9936860836131223], "trainLoss": [1.0457357168197632, 0.8904321193695068, 0.7771838307380676, 0.6973922848701477, 0.6567038893699646, 0.6236979961395264, 0.5946609377861023, 0.5640938878059387, 0.5442093014717102, 0.5191202759742737, 0.496442973613739, 0.4712815284729004, 0.4522629976272583, 0.4264296591281891, 0.4097042381763458, 0.38884174823760986, 0.3655105233192444, 0.344083309173584, 0.3332492411136627, 0.3124091923236847, 0.29172927141189575, 0.27756577730178833, 0.26402661204338074, 0.2537340819835663, 0.22938571870326996, 0.2130930870771408, 0.194645956158638, 0.19136787950992584, 0.18321003019809723, 0.16295622289180756, 0.14782646298408508, 0.1407116949558258, 0.12182274460792542, 0.11359596252441406, 0.12113776057958603, 0.09873509407043457, 0.09451264142990112, 0.0858030766248703, 0.07587535679340363, 0.07170013338327408, 0.06298848986625671, 0.06094890460371971, 0.05764441937208176, 0.061863385140895844, 0.0479145273566246, 0.04782690480351448, 0.03517492115497589, 0.037634022533893585, 0.035711806267499924, 0.03679758682847023, 0.02895519696176052, 0.03263024985790253, 0.02849440649151802, 0.027224717661738396, 0.024214008823037148, 0.025833332911133766, 0.022265592589974403, 0.021509023383259773, 0.02054368518292904, 0.018568815663456917, 0.01566922664642334, 0.02088102698326111, 0.014497542753815651, 0.014336999505758286, 0.015560687519609928], "testRumorAcc": [0.7394957983193278, 0.780578898225957, 0.7843137254901961, 0.7749766573295985, 0.7749766573295985, 0.7619047619047619, 0.7628384687208216, 0.7581699346405228, 0.7665732959850607, 0.7619047619047619, 0.7619047619047619, 0.7684407096171803, 0.7675070028011205], "testRumorF1": [0.5941773509131355, 0.6646956762794871, 0.6999828126164521, 0.696079513503999, 0.6931593941951413, 0.6872740798140424, 0.6796022678668259, 0.6753858974729384, 0.670269390977938, 0.6763659084596259, 0.6712105167074003, 0.6822188757585226, 0.6836423575044928], "testLoss": [0.6881740093231201, 0.6115742325782776, 0.5883224606513977, 0.6222310662269592, 0.694352924823761, 0.7833815813064575, 0.9289225935935974, 1.0667556524276733, 1.3146145343780518, 1.4224255084991455, 1.4713722467422485, 1.55635404586792, 1.6603368520736694]}