{"epoch": 25, "macroF1Rumor": 0.7083890225866466, "accRumor": 0.7880485527544351, "loss": 0.7239233255386353, "trainRumorAcc": [0.6355995517370191, 0.6750093388121031, 0.7190885319387373, 0.7407545760179305, 0.7530818079940231, 0.7741875233470302, 0.7861412028389989, 0.7954800149420994, 0.8059394844975719, 0.8156518490847964, 0.8246171087037729, 0.8292865147553231, 0.8395592080687336, 0.8509525588345163, 0.8561822936122525, 0.865707881957415, 0.866454986925663, 0.8793425476279417, 0.8918565558460964, 0.8987672768023908, 0.903063130369817, 0.9062383264848711, 0.9172581247665297, 0.9224878595442659, 0.9292118042584984, 0.9295853567426223, 0.9366828539409787, 0.943406798655211, 0.9441539036234591, 0.9529323870003735, 0.960403436682854, 0.962084422861412, 0.9648860664923422, 0.9673141576391483, 0.9732909973851326, 0.9729174449010086, 0.9785207321628688, 0.9757190885319388, 0.980762047067613, 0.9816959282779231, 0.9839372431826672, 0.9854314531191632, 0.9846843481509152, 0.9861785580874113, 0.9880463205080314, 0.9897273066865895, 0.9908479641389615, 0.9889802017183414, 0.9904744116548375, 0.9904744116548375, 0.9908479641389615, 0.9915950691072095, 0.9927157265595816, 0.9932760552857677, 0.9936496077698916, 0.9921553978333956, 0.9942099364960777, 0.9957041464325738, 0.9929025028016436, 0.9932760552857677, 0.9955173701905118, 0.9964512514008218, 0.9966380276428838, 0.9958909226746357, 0.9955173701905118, 0.9964512514008218, 0.9975719088531939, 0.9947702652222637, 0.9962644751587598, 0.9975719088531939, 0.9966380276428838, 0.9957041464325738, 0.9964512514008218, 0.9968248038849459, 0.9973851326111318], "trainRumorF1": [0.2336734692949676, 0.33800207235250823, 0.49956550704571423, 0.57232772474808, 0.6053166916049759, 0.6432159116144623, 0.6700057148546739, 0.6868257577605991, 0.7023588114797681, 0.7220790454881241, 0.7384436059982491, 0.7450573484185825, 0.7604815284466331, 0.7806716669121287, 0.7907228192421192, 0.801737121188663, 0.8045982948141172, 0.8192091005922478, 0.8424303226049499, 0.8505956982120411, 0.8556984022283937, 0.861788770862483, 0.8783164126553589, 0.8850485185087457, 0.8934568333287158, 0.896896482453186, 0.9064225788497557, 0.9172303583258401, 0.9178050767875143, 0.930778548817148, 0.9400245714671726, 0.9445730946565574, 0.9476285404178781, 0.950643545515198, 0.9607436230098397, 0.9590685831966697, 0.9667650425921297, 0.9644170262657524, 0.9703577269105588, 0.9723177361642975, 0.9759765217998315, 0.9782584772796608, 0.977320980684802, 0.9799624088638932, 0.9826678680993874, 0.9844151105944521, 0.9867520798742706, 0.9820527597797686, 0.9857467042812664, 0.9852260104535233, 0.9865282520748248, 0.987051646812036, 0.9895314028794195, 0.9901779144911693, 0.9913305846417074, 0.9879299972097125, 0.9914252317627388, 0.9933675620659757, 0.9892201713263299, 0.9899556454251922, 0.992958377780754, 0.9946997645497518, 0.9942225023231046, 0.9924290274913251, 0.9939506913321945, 0.9950848174136948, 0.9957840154244348, 0.9930142762399035, 0.9943313603482908, 0.9964308105747612, 0.9948091524651665, 0.9936487320993589, 0.9951361122955544, 0.9955361795843265, 0.9963087121792815], "trainLoss": [0.9993082880973816, 0.8399921655654907, 0.7617278695106506, 0.6777976155281067, 0.6296376585960388, 0.5933793187141418, 0.5657690167427063, 0.5384101867675781, 0.5155560970306396, 0.4905102252960205, 0.45770955085754395, 0.4405333995819092, 0.42034000158309937, 0.3985949158668518, 0.3794291615486145, 0.36497268080711365, 0.3527810275554657, 0.3212154805660248, 0.301418274641037, 0.27931153774261475, 0.2679142355918884, 0.25363293290138245, 0.23149290680885315, 0.2147446721792221, 0.19996999204158783, 0.19382548332214355, 0.17566873133182526, 0.15965306758880615, 0.15135343372821808, 0.13729976117610931, 0.12296374142169952, 0.11182425171136856, 0.10445085167884827, 0.09545579552650452, 0.08239850401878357, 0.07652553915977478, 0.06964552402496338, 0.06869333982467651, 0.05518060550093651, 0.05188089236617088, 0.045855212956666946, 0.04308609664440155, 0.04388248175382614, 0.04123353958129883, 0.03626888990402222, 0.03278733044862747, 0.028640402480959892, 0.030114971101284027, 0.02877487614750862, 0.028329160064458847, 0.024359064176678658, 0.02764274738729, 0.020638274028897285, 0.01954163797199726, 0.02013142965734005, 0.02559138648211956, 0.01992972195148468, 0.01849786750972271, 0.020454365760087967, 0.019705306738615036, 0.01375909335911274, 0.012541183270514011, 0.009383972734212875, 0.013083359226584435, 0.012135328724980354, 0.011504529044032097, 0.0089675672352314, 0.015494970604777336, 0.011327867396175861, 0.009289184585213661, 0.009273124858736992, 0.01147457305341959, 0.00791578646749258, 0.008298094384372234, 0.009002367034554482], "testRumorAcc": [0.7292250233426704, 0.7600373482726424, 0.7721755368814193, 0.7852474323062558, 0.7880485527544351, 0.773109243697479, 0.7712418300653595, 0.776844070961718, 0.76937441643324, 0.7516339869281046, 0.7675070028011205, 0.7637721755368814, 0.7675070028011205, 0.7684407096171803, 0.7647058823529411], "testRumorF1": [0.5751263973990217, 0.6583261200882892, 0.6858072349792613, 0.6825384767874081, 0.7083890225866466, 0.6853986357141884, 0.6791985292576737, 0.683318290242625, 0.6742269100216058, 0.6679775268800695, 0.6745507133536233, 0.6517419609210395, 0.6719068921248811, 0.6650525439004248, 0.673902881907706], "testLoss": [0.6742971539497375, 0.6061079502105713, 0.5922223925590515, 0.6735131740570068, 0.7239233255386353, 0.8585123419761658, 1.042968988418579, 1.2566286325454712, 1.435430645942688, 1.5651788711547852, 1.6373361349105835, 1.761987328529358, 1.9306585788726807, 1.9586000442504883, 1.9661741256713867]}