{"epoch": 30, "macroF1Rumor": 0.703573265559062, "accRumor": 0.7777777777777778, "loss": 0.682636022567749, "trainRumorAcc": [0.6279417258124766, 0.6600672394471423, 0.6976092641016063, 0.7224505042958536, 0.7368322749346283, 0.7448636533432947, 0.7549495704146433, 0.7740007471049682, 0.7796040343668286, 0.7803511393350766, 0.789129622711991, 0.8023907358983937, 0.8098617855808741, 0.8208815838625327, 0.8249906611878969, 0.8283526335450131, 0.8315278296600672, 0.8421740754576018, 0.8518864400448263, 0.8593574897273066, 0.865707881957415, 0.8681359731042212, 0.8701905117669032, 0.8741128128502055, 0.8832648487112439, 0.8901755696675383, 0.8912962271199103, 0.8957788569293986, 0.8997011580127008, 0.9028763541277549, 0.9062383264848711, 0.9079193126634292, 0.9116548375046694, 0.9198729921553979, 0.9202465446395218, 0.9256630556593202, 0.9288382517743743, 0.9295853567426223, 0.9308927904370564, 0.9355621964886066, 0.9376167351512887, 0.940978707508405, 0.9361225252147927, 0.9437803511393351, 0.9469555472543892, 0.9519985057900635, 0.9510646245797535, 0.9499439671273814, 0.9523720582741875, 0.9609637654090399, 0.9635786327979081, 0.961337317893164, 0.9643257377661562, 0.9645125140082181, 0.9656331714605902, 0.9639521852820321, 0.9706761299962645, 0.9719835636906985, 0.9663802764288383, 0.9725438924168845, 0.9749719835636907, 0.9727306686589465, 0.9755323122898767, 0.9753455360478147, 0.9751587598057527, 0.9760926410160627, 0.9783339559208069, 0.9775868509525588, 0.9790810608890549, 0.9835636906985431, 0.9837504669406052, 0.9841240194247292, 0.981322375793799, 0.9843107956667911, 0.9783339559208069, 0.9856182293612252, 0.9871124392977213, 0.9837504669406052, 0.9872992155397834, 0.9850579006350392], "trainRumorF1": [0.19566216501521166, 0.3273840840340007, 0.4564703068496626, 0.5331183460636892, 0.5703467191466316, 0.5915601720852562, 0.6083500508565761, 0.6454578038352858, 0.6579643598664201, 0.662186494096143, 0.6777135466274075, 0.6978133820121029, 0.7089706621878249, 0.7268672898554631, 0.7334522155102613, 0.7421109979282416, 0.7472397978240077, 0.7631024297901106, 0.780410728871494, 0.7907314878512575, 0.800330348425865, 0.8034814147742195, 0.8083068822255502, 0.8120386751287575, 0.825384777581132, 0.8360755906573294, 0.8387893143891996, 0.8446845205685429, 0.8528982646952178, 0.8545736140519555, 0.8613173852376925, 0.8637376694088571, 0.8692903948366443, 0.881480301421806, 0.8806766468386016, 0.8909391067246843, 0.8938348047009561, 0.897997792946428, 0.8992930129390511, 0.9016980325786954, 0.9083541457823796, 0.9101330993623316, 0.9043191715372947, 0.9149941447790912, 0.9235490353084119, 0.9288050841322477, 0.9299018488451667, 0.9252355386696389, 0.9304221192700752, 0.9441513944058932, 0.9459034851281118, 0.9417945866633051, 0.9470785940464543, 0.9469361892738352, 0.950190938922004, 0.9484049031619848, 0.9562565203536733, 0.9601883735764956, 0.9496469653292701, 0.9584482928387034, 0.9621968451212592, 0.958396070102289, 0.9632351298031993, 0.9652243693343023, 0.9638748670615392, 0.9642248004667963, 0.9672414164672712, 0.9665984462699302, 0.9692689413929447, 0.9768810010338094, 0.9758677512098926, 0.9768888094565373, 0.9736307322022072, 0.976714325449701, 0.968895874091261, 0.9793898348176501, 0.9810985562848265, 0.9753058710905074, 0.9825204321821432, 0.9792021152998667], "trainLoss": [1.031639575958252, 0.8838946223258972, 0.7932594418525696, 0.7265796661376953, 0.6922402381896973, 0.6529294848442078, 0.6306575536727905, 0.5981131792068481, 0.577364981174469, 0.568245530128479, 0.5403364896774292, 0.5174806118011475, 0.5016658306121826, 0.4803200960159302, 0.4629148840904236, 0.4534274637699127, 0.4326292872428894, 0.42476674914360046, 0.4022381603717804, 0.3827197253704071, 0.3731667101383209, 0.35549867153167725, 0.34092724323272705, 0.3373672664165497, 0.3157193064689636, 0.30779892206192017, 0.29029905796051025, 0.28018489480018616, 0.27201250195503235, 0.2704754173755646, 0.2628414034843445, 0.24873283505439758, 0.2372373640537262, 0.23055115342140198, 0.2192882001399994, 0.2062922716140747, 0.1991165429353714, 0.1946045458316803, 0.18820063769817352, 0.18224559724330902, 0.17945395410060883, 0.1656932383775711, 0.1650136113166809, 0.16066096723079681, 0.14746421575546265, 0.14609280228614807, 0.13875813782215118, 0.13704949617385864, 0.12424765527248383, 0.11327651143074036, 0.1038455069065094, 0.11142697930335999, 0.09853323549032211, 0.10512147843837738, 0.09645532816648483, 0.09635680168867111, 0.08520014584064484, 0.08226079493761063, 0.09416123479604721, 0.08157136291265488, 0.07456157356500626, 0.07274793833494186, 0.06841770559549332, 0.0699118971824646, 0.07057512551546097, 0.06674248725175858, 0.06063394248485565, 0.06492357701063156, 0.059615544974803925, 0.05257584527134895, 0.04828208312392235, 0.04678726941347122, 0.056323081254959106, 0.045956097543239594, 0.05852368101477623, 0.04417821019887924, 0.039976123720407486, 0.04545620083808899, 0.03899165242910385, 0.042413342744112015], "testRumorAcc": [0.7264239028944911, 0.7478991596638656, 0.7497665732959851, 0.776844070961718, 0.7675070028011205, 0.7777777777777778, 0.7787114845938375, 0.7777777777777778, 0.7796451914098973, 0.776844070961718, 0.7796451914098973, 0.7703081232492998, 0.7703081232492998, 0.7777777777777778, 0.7712418300653595, 0.7675070028011205], "testRumorF1": [0.571409747563747, 0.6423346363774605, 0.6591389505584726, 0.6901241015905852, 0.6688224037566755, 0.703573265559062, 0.7034196971389765, 0.6868138413458207, 0.6974063379481126, 0.6855189851010213, 0.690359153945761, 0.6862596721242662, 0.6755132223690636, 0.6867802366521571, 0.6815000687622677, 0.6836813659527992], "testLoss": [0.6864125728607178, 0.6068315505981445, 0.5997640490531921, 0.5903480052947998, 0.6427210569381714, 0.682636022567749, 0.7365361452102661, 0.8162460923194885, 0.8669232726097107, 0.9864994287490845, 1.066951036453247, 1.1311149597167969, 1.2251003980636597, 1.294894814491272, 1.3981457948684692, 1.4220094680786133]}