{"epoch": 15, "macroF1Rumor": 0.7176115409217227, "accRumor": 0.7983193277310925, "loss": 0.5704479217529297, "trainRumorAcc": [0.6281285020545386, 0.6841613746731415, 0.73048188270452, 0.7420620097123646, 0.7607396339185656, 0.7717594322002241, 0.7805379155771386, 0.8001494209936496, 0.8128502054538662, 0.8167725065371685, 0.8296600672394472, 0.846283152782966, 0.8494583488980202, 0.8571161748225625, 0.8573029510646246, 0.8716847217033993, 0.8752334703025775, 0.885506163615988, 0.8918565558460964, 0.8987672768023908, 0.905864774000747, 0.9133358236832275, 0.9215539783339559, 0.9243556219648861, 0.9331341053418005, 0.9396712738139709, 0.940978707508405, 0.9484497571908853, 0.9549869256630557, 0.9531191632424355, 0.961337317893164, 0.9590960029884199, 0.9682480388494583, 0.9704893537542024, 0.9738513261113186, 0.9744116548375047, 0.9774000747104968, 0.9770265222263728, 0.981135599551737, 0.9783339559208069, 0.9843107956667911, 0.9856182293612252, 0.9835636906985431, 0.9861785580874113, 0.9891669779604034, 0.9869256630556593, 0.9884198729921554, 0.9872992155397834, 0.9891669779604034, 0.9908479641389615, 0.9921553978333956, 0.9910347403810236, 0.9914082928651475, 0.9936496077698916, 0.9912215166230856, 0.9934628315278297, 0.9929025028016436, 0.9947702652222637, 0.9945834889802018, 0.9960776989166978, 0.9951438177063877, 0.9955173701905118, 0.9958909226746357, 0.9955173701905118, 0.9942099364960777], "trainRumorF1": [0.21726734923733138, 0.386191604008275, 0.5336615918971102, 0.5784382450720347, 0.6275891322493676, 0.6486159321862524, 0.6621757748346176, 0.6972075426965835, 0.7149330354696033, 0.7243875458042531, 0.745886772713485, 0.7693768089477999, 0.7738798649253575, 0.7855136867593902, 0.7873376434464263, 0.8092134110124691, 0.8141552751059383, 0.8311678557013846, 0.8424054364187366, 0.8496997418623977, 0.8623416548564465, 0.8754552185215747, 0.8844193799995127, 0.8872391031662129, 0.9011384431544543, 0.9122795547045969, 0.9129403073975619, 0.9253412745411064, 0.9329455286205557, 0.9323807019740338, 0.944465640072472, 0.9392358691591406, 0.9536077962552992, 0.9571375028426208, 0.961527620593594, 0.9641372355614517, 0.9668508329794496, 0.9675229636240958, 0.9711254889536036, 0.968877483458129, 0.9790914258394223, 0.9788271944538937, 0.9769644719461874, 0.980349072467551, 0.9836087517363967, 0.9819475186209156, 0.9827138490696136, 0.9798220974457921, 0.9832353585045219, 0.9862249188600506, 0.9880580019975461, 0.9874737168558139, 0.9873142729906397, 0.9910412072019956, 0.9873536571549691, 0.9895722228893596, 0.9897228693627456, 0.9928990952932948, 0.9921859403153499, 0.9938498986923846, 0.9931909039978416, 0.9929895272437581, 0.9939860491671163, 0.9932662668986962, 0.9917906419988192], "trainLoss": [1.0101525783538818, 0.8265310525894165, 0.7372434139251709, 0.6790188550949097, 0.6300162076950073, 0.5966857075691223, 0.5615546703338623, 0.5243073105812073, 0.5032161474227905, 0.47823014855384827, 0.4573614001274109, 0.4273432195186615, 0.4084812104701996, 0.39007142186164856, 0.37406182289123535, 0.3483946919441223, 0.333819717168808, 0.3061196208000183, 0.29442068934440613, 0.2765536606311798, 0.2513417601585388, 0.23684673011302948, 0.22027654945850372, 0.20560210943222046, 0.19313740730285645, 0.16997824609279633, 0.16726693511009216, 0.1480734944343567, 0.1338747888803482, 0.13034498691558838, 0.10931069403886795, 0.11130751669406891, 0.10214754939079285, 0.09197472035884857, 0.07748597115278244, 0.07557183504104614, 0.0656164288520813, 0.06168946623802185, 0.06105702370405197, 0.06077466532588005, 0.045508284121751785, 0.047476910054683685, 0.04573853686451912, 0.04107983037829399, 0.0382743701338768, 0.036904215812683105, 0.036439381539821625, 0.03342508152127266, 0.0316690169274807, 0.026377100497484207, 0.0228586345911026, 0.024667363613843918, 0.030428491532802582, 0.02091045118868351, 0.023384327068924904, 0.02154569886624813, 0.0218048058450222, 0.0172614436596632, 0.0160380732268095, 0.017033573240041733, 0.017763106152415276, 0.012067677453160286, 0.014931784011423588, 0.012662891298532486, 0.016858641058206558], "testRumorAcc": [0.7329598506069094, 0.76937441643324, 0.7983193277310925, 0.7936507936507936, 0.7899159663865546, 0.780578898225957, 0.7759103641456583, 0.7777777777777778, 0.7759103641456583, 0.773109243697479, 0.7777777777777778, 0.7759103641456583, 0.7712418300653595], "testRumorF1": [0.5935588461555535, 0.6715874779856708, 0.7176115409217227, 0.7137785251432829, 0.7138951910600256, 0.6900884261541653, 0.6944613291715134, 0.6988906459694328, 0.693349827219214, 0.6900748369938884, 0.6989625750108156, 0.6960032192283714, 0.6805622926542679], "testLoss": [0.6674230098724365, 0.5820778608322144, 0.5704479217529297, 0.6405965089797974, 0.7508715987205505, 0.9269610047340393, 1.1081974506378174, 1.262072205543518, 1.4053176641464233, 1.5515668392181396, 1.5948885679244995, 1.7548097372055054, 1.848110318183899]}