{"epoch": 25, "macroF1Rumor": 0.7069349721242459, "accRumor": 0.7787114845938375, "loss": 0.691779375076294, "trainRumorAcc": [0.6271946208442286, 0.6628688830780725, 0.6977960403436683, 0.7327231976092641, 0.7415016809861785, 0.7530818079940231, 0.769704893537542, 0.7790437056406425, 0.7896899514381771, 0.8005229734777737, 0.8130369816959283, 0.8160254015689204, 0.8289129622711991, 0.8380649981322376, 0.846283152782966, 0.8563690698543145, 0.8632797908106089, 0.8673888681359732, 0.8763541277549496, 0.8866268210683601, 0.8881210310048562, 0.8980201718341427, 0.9028763541277549, 0.9133358236832275, 0.9127754949570415, 0.9208068733657079, 0.9264101606275682, 0.9348150915203586, 0.9398580500560328, 0.9445274561075832, 0.9523720582741875, 0.9542398206948076, 0.9549869256630557, 0.9592827792304819, 0.9602166604407919, 0.9652596189764662, 0.9646992902502801, 0.9725438924168845, 0.9680612626073963, 0.9772132984684349, 0.9772132984684349, 0.9785207321628688, 0.980388494583489, 0.9816959282779231, 0.9826298094882331, 0.9858050056032872, 0.9841240194247292, 0.9891669779604034, 0.9878595442659693, 0.9867388868135973, 0.9899140829286515, 0.9917818453492716, 0.9893537542024654, 0.9904744116548375, 0.9927157265595816, 0.9923421740754576, 0.9912215166230856, 0.9936496077698916, 0.9921553978333956, 0.9917818453492716, 0.9938363840119537, 0.9947702652222637, 0.9942099364960777, 0.9936496077698916, 0.9964512514008218, 0.9945834889802018, 0.9957041464325738, 0.9975719088531939, 0.9966380276428838, 0.9958909226746357, 0.9966380276428838, 0.9960776989166978, 0.9979454613373179, 0.9951438177063877, 0.9979454613373179], "trainRumorF1": [0.19424394845445703, 0.31574933222443247, 0.41308935815392656, 0.5419965457566787, 0.5848231324476979, 0.6093085060918773, 0.6369860955342173, 0.657222137544347, 0.6782723091838452, 0.6950522840732358, 0.7140706306189721, 0.7193847947457026, 0.7437961306573035, 0.7543077739543185, 0.7660816843452836, 0.7857464550980978, 0.7924741468812847, 0.8000230782493624, 0.816165264894365, 0.8301982545200464, 0.8358412787127245, 0.8448844602765643, 0.8495948326592679, 0.8713159890920512, 0.8702263944127695, 0.8833693000494739, 0.8879630970212009, 0.9021176029284121, 0.9099639898586138, 0.9158578052244082, 0.9289255843244348, 0.9305804362839714, 0.9335320691541164, 0.9406553673521355, 0.9410015811024279, 0.9483413737006076, 0.9471792481449852, 0.9591476597569975, 0.9525747197413745, 0.9660386313126992, 0.9658612953474182, 0.9680411929138855, 0.9708258993451993, 0.9732226048345439, 0.9753388420455524, 0.9792888416865417, 0.9778700009602187, 0.984150475121956, 0.9822999266291552, 0.9798721011329643, 0.9851058722939405, 0.9871153746360157, 0.9847995689955875, 0.9857358640291661, 0.9896168147769885, 0.9882503379656582, 0.987418318610804, 0.990772584152722, 0.9884815808619877, 0.9885014313222252, 0.9903896118675968, 0.9923330123998068, 0.9915623848867117, 0.990452611904796, 0.9948096951678003, 0.9917329442093552, 0.9936107488483857, 0.9968210927855307, 0.9950400029757743, 0.9942490256880967, 0.9950116732051554, 0.9942046773160024, 0.9967620867301963, 0.9924684715324192, 0.997513595693432], "trainLoss": [1.0356930494308472, 0.870186448097229, 0.7895011305809021, 0.7192407250404358, 0.6768861413002014, 0.6377734541893005, 0.6002131700515747, 0.5750135183334351, 0.5468683838844299, 0.5221317410469055, 0.4945794343948364, 0.47615882754325867, 0.4542413353919983, 0.42476165294647217, 0.41114532947540283, 0.3948434293270111, 0.37286534905433655, 0.35058659315109253, 0.3378281593322754, 0.3127049505710602, 0.303462952375412, 0.2737388610839844, 0.2650677263736725, 0.2462330013513565, 0.2324794977903366, 0.2194361686706543, 0.2070496529340744, 0.18293873965740204, 0.1694515198469162, 0.16192759573459625, 0.14363664388656616, 0.13964901864528656, 0.13655272126197815, 0.11831112205982208, 0.11319588124752045, 0.1003357544541359, 0.0985584408044815, 0.08518125116825104, 0.09283918142318726, 0.0744568258523941, 0.06993153691291809, 0.06184720993041992, 0.0541021004319191, 0.05286528915166855, 0.051053475588560104, 0.04685622453689575, 0.04431799426674843, 0.03610684722661972, 0.03924346715211868, 0.040624577552080154, 0.03328251093626022, 0.025317726656794548, 0.032153721898794174, 0.02496444620192051, 0.020076055079698563, 0.025145890191197395, 0.02435399778187275, 0.018883226439356804, 0.025636151432991028, 0.02220051735639572, 0.016028283163905144, 0.017412643879652023, 0.02114851400256157, 0.020706582814455032, 0.01421317644417286, 0.015685413032770157, 0.014448153786361217, 0.009378134272992611, 0.01198824867606163, 0.009984815493226051, 0.010442711412906647, 0.011535661295056343, 0.00795051734894514, 0.013338559307157993, 0.008835727348923683], "testRumorAcc": [0.7320261437908496, 0.7553688141923436, 0.7861811391223156, 0.7852474323062558, 0.7787114845938375, 0.7759103641456583, 0.7815126050420168, 0.7777777777777778, 0.7815126050420168, 0.7777777777777778, 0.7721755368814193, 0.7815126050420168, 0.7712418300653595, 0.7665732959850607, 0.7712418300653595], "testRumorF1": [0.583065870123705, 0.6364156726537606, 0.6879354660677137, 0.6914894696056832, 0.7069349721242459, 0.7033763689501238, 0.6994427227324053, 0.6961090690516952, 0.6808654432283628, 0.7030782431699483, 0.6911780635208085, 0.6973564379917472, 0.6936925293168225, 0.6850927130157269, 0.6892682459334696], "testLoss": [0.7096101641654968, 0.6052160859107971, 0.5879586338996887, 0.6336216330528259, 0.691779375076294, 0.8052780032157898, 0.9102696776390076, 1.0428152084350586, 1.3239630460739136, 1.3069708347320557, 1.4124821424484253, 1.60382878780365, 1.5843837261199951, 1.7040088176727295, 1.735508918762207]}