{"epoch": 40, "macroF1Rumor": 0.6871256191069989, "accRumor": 0.7759103641456583, "loss": 0.7709434032440186, "trainRumorAcc": [0.6294359357489727, 0.6639895405304446, 0.7039596563317146, 0.7250653716847217, 0.7368322749346283, 0.7424355621964887, 0.7581247665296974, 0.7639148300336197, 0.7702652222637281, 0.7855808741128129, 0.787635412775495, 0.7969742248785955, 0.8007097497198357, 0.8055659320134478, 0.8188270451998506, 0.8214419125887187, 0.826484871124393, 0.8410534180052297, 0.8399327605528577, 0.8498319013821442, 0.8477773627194621, 0.8586103847590586, 0.8601045946955548, 0.8651475532312289, 0.8713111692192753, 0.8728053791557714, 0.8694434067986552, 0.8769144564811356, 0.884385506163616, 0.8974598431079567, 0.8980201718341427, 0.8993276055285767, 0.9000747104968249, 0.9094135225999253, 0.9122151662308554, 0.9142697048935375, 0.9187523347030258, 0.9159506910720956, 0.9265969368696302, 0.92192753081808, 0.9243556219648861, 0.9282779230481882, 0.9320134478894284, 0.9342547627941726, 0.9318266716473664, 0.9383638401195368, 0.9430332461710871, 0.9437803511393351, 0.9458348898020171, 0.9445274561075832, 0.9450877848337691, 0.9559208068733657, 0.9521852820321255, 0.9559208068733657, 0.9531191632424355, 0.9548001494209937, 0.960590212924916, 0.9570414643257378, 0.9641389615240942, 0.961710870377288, 0.9654463952185282, 0.962457975345536, 0.9654463952185282, 0.9646992902502801, 0.9693686963018304, 0.9688083675756444, 0.9712364587224505, 0.9704893537542024, 0.9760926410160627, 0.9749719835636907, 0.9747852073216287, 0.9749719835636907, 0.9721703399327606, 0.9785207321628688, 0.9768397459843108, 0.9785207321628688, 0.9764661935001868, 0.9815091520358611, 0.9779604034366829, 0.980948823309675, 0.9837504669406052, 0.981882704519985, 0.9839372431826672, 0.9831901382144191, 0.9816959282779231, 0.981135599551737, 0.9816959282779231, 0.9826298094882331, 0.9835636906985431, 0.9828165857302951], "trainRumorF1": [0.20924173947081687, 0.3255452217089005, 0.46599126371576755, 0.532723829733066, 0.5732507066978283, 0.5898439478113735, 0.6209876907824556, 0.6315842217475441, 0.6476410024727368, 0.6693661848318486, 0.6718577149714211, 0.6881593531312804, 0.6929676001890401, 0.7051860290496221, 0.7216254129556696, 0.7238817904281702, 0.7385337397953041, 0.7607928439237481, 0.7579647563174944, 0.7749243443123615, 0.7752445717864183, 0.7886885222199452, 0.789435631621114, 0.8025719867816333, 0.807345095271518, 0.8092523456177476, 0.8056548176790679, 0.8161639567326922, 0.8248721065919067, 0.8471282640186409, 0.8490687328738449, 0.8521258552357226, 0.8506626285095763, 0.8655213400779064, 0.8702342058416419, 0.8696849860354573, 0.8819179039883375, 0.876166926671467, 0.8893785412372867, 0.8845224628797518, 0.8836357492659798, 0.8944085176543974, 0.8991885487679114, 0.9033575898949351, 0.8981614974891918, 0.9082293034486911, 0.9142171563122339, 0.9157674777085807, 0.9203178718397936, 0.9169534459371019, 0.9169571731637508, 0.9344247629881979, 0.929923866009684, 0.9344774176643961, 0.9288897452110171, 0.932839302163833, 0.9412178336414421, 0.9353244624753108, 0.9470364845397983, 0.9419978252832488, 0.9474884974187233, 0.9437085653946113, 0.9480685574207479, 0.9465718163614343, 0.9547749316698806, 0.9528519861213941, 0.9581655618636731, 0.9554069896131588, 0.9641470002936814, 0.9626886907108207, 0.9631509484513197, 0.9644049970509647, 0.957405596517321, 0.9682302821813581, 0.9655389337039892, 0.9694405077490069, 0.9662441365020249, 0.9731099842797282, 0.9692285173310806, 0.9715529322222944, 0.9748030032439918, 0.9741986596507974, 0.9763301380697571, 0.9754643895978531, 0.9733256184646029, 0.972071287102624, 0.9739355146251758, 0.97438268272296, 0.9742229551551959, 0.9739262846741759], "trainLoss": [1.0225716829299927, 0.8767364621162415, 0.7990474700927734, 0.7387353777885437, 0.6965704560279846, 0.6615095138549805, 0.6327757239341736, 0.6106322407722473, 0.5936607122421265, 0.566308856010437, 0.553965151309967, 0.5355390310287476, 0.5140993595123291, 0.5055468678474426, 0.4888690114021301, 0.4748595952987671, 0.45475879311561584, 0.4248720407485962, 0.4298338294029236, 0.41331204771995544, 0.4101588726043701, 0.385712206363678, 0.37023723125457764, 0.3632143437862396, 0.35375258326530457, 0.34495988488197327, 0.3344758152961731, 0.3222649395465851, 0.3110564947128296, 0.29825812578201294, 0.2793915867805481, 0.2713821828365326, 0.26633206009864807, 0.25070667266845703, 0.2430589199066162, 0.24322137236595154, 0.2271765023469925, 0.22871163487434387, 0.21091072261333466, 0.20771130919456482, 0.20264272391796112, 0.19615423679351807, 0.19376510381698608, 0.1826310157775879, 0.17643766105175018, 0.17541080713272095, 0.160859614610672, 0.15160351991653442, 0.15146541595458984, 0.15062162280082703, 0.14776267111301422, 0.1276332437992096, 0.14110106229782104, 0.1249365508556366, 0.1301555186510086, 0.12024389207363129, 0.11334200203418732, 0.11125615984201431, 0.10891712456941605, 0.10103362798690796, 0.10079213231801987, 0.09992513060569763, 0.09315228462219238, 0.09359841793775558, 0.08726561814546585, 0.08863074332475662, 0.07932334393262863, 0.08481667935848236, 0.07095008343458176, 0.07429466396570206, 0.07037060707807541, 0.07185853272676468, 0.07741726189851761, 0.0596589669585228, 0.06615062057971954, 0.06372739374637604, 0.06478983908891678, 0.051061052829027176, 0.0629686787724495, 0.057441409677267075, 0.0426132008433342, 0.050323426723480225, 0.04851982742547989, 0.0432642325758934, 0.048580463975667953, 0.04982517287135124, 0.04831702262163162, 0.04994622990489006, 0.04950827360153198, 0.04708103463053703], "testRumorAcc": [0.707749766573296, 0.7609710550887021, 0.776844070961718, 0.7516339869281046, 0.773109243697479, 0.7712418300653595, 0.7777777777777778, 0.7759103641456583, 0.7684407096171803, 0.7628384687208216, 0.7749766573295985, 0.7609710550887021, 0.7684407096171803, 0.776844070961718, 0.776844070961718, 0.765639589169001, 0.7600373482726424, 0.7628384687208216], "testRumorF1": [0.5725886643071422, 0.6446633879237217, 0.6771127912559661, 0.6549436691303906, 0.6770533326658769, 0.6700530117992091, 0.686175126545331, 0.6871256191069989, 0.6714600800851886, 0.662527323098201, 0.6859245048124072, 0.6647120635075819, 0.6815550467135835, 0.672644465246842, 0.6846334018067237, 0.6736377608936237, 0.6648200869238552, 0.6817889544483554], "testLoss": [0.7128670811653137, 0.6186291575431824, 0.5972303748130798, 0.6387148499488831, 0.621449887752533, 0.6720790863037109, 0.7164092659950256, 0.7709434032440186, 0.8500940799713135, 0.9446144104003906, 0.9481968879699707, 1.0457537174224854, 1.1087992191314697, 1.2631782293319702, 1.2561750411987305, 1.311942458152771, 1.406014323234558, 1.424320101737976]}