{"epoch": 30, "macroF1Rumor": 0.7106797864627606, "accRumor": 0.7917833800186741, "loss": 0.7776761054992676, "trainRumorAcc": [0.6313036981695929, 0.6692192753081808, 0.710683601045947, 0.730668658946582, 0.7484124019424729, 0.7568173328352633, 0.7719462084422861, 0.7809114680612627, 0.7964138961524094, 0.8036981695928278, 0.8124766529697423, 0.827979081060889, 0.8380649981322376, 0.8404930892790438, 0.8526335450130743, 0.8629062383264848, 0.8672020918939111, 0.8709376167351512, 0.8815838625326858, 0.8899887934254763, 0.8957788569293986, 0.8997011580127008, 0.9135225999252895, 0.9135225999252895, 0.9194994396712738, 0.9299589092267464, 0.9327605528576765, 0.9389241688457228, 0.9432200224131491, 0.9499439671273814, 0.9587224505042958, 0.9572282405677998, 0.9618976466193501, 0.9641389615240942, 0.9663802764288383, 0.9710496824803885, 0.9703025775121404, 0.9731042211430706, 0.9796413896152409, 0.9755323122898767, 0.9828165857302951, 0.981135599551737, 0.9830033619723572, 0.9839372431826672, 0.9835636906985431, 0.9858050056032872, 0.9859917818453493, 0.9906611878968995, 0.9899140829286515, 0.9908479641389615, 0.9876727680239074, 0.9919686215913336, 0.9919686215913336, 0.9929025028016436, 0.9927157265595816, 0.9947702652222637, 0.9912215166230856, 0.9925289503175196, 0.9932760552857677, 0.9925289503175196, 0.9955173701905118, 0.9943967127381397, 0.9929025028016436, 0.9957041464325738, 0.9960776989166978, 0.9951438177063877, 0.9958909226746357, 0.9951438177063877, 0.9964512514008218, 0.9955173701905118, 0.9957041464325738, 0.9955173701905118, 0.9960776989166978, 0.9951438177063877, 0.9966380276428838, 0.9973851326111318, 0.9979454613373179, 0.9964512514008218, 0.9958909226746357, 0.9973851326111318], "trainRumorF1": [0.2186469754724374, 0.3348525948181215, 0.4758686900761556, 0.5549677121884801, 0.5980128961087287, 0.6150943168021302, 0.643710948532749, 0.6583860182846927, 0.6859820584233773, 0.6973955775470013, 0.7160248800805542, 0.7380518042785187, 0.757405947448794, 0.7595466506689561, 0.7787946639705322, 0.7947362757041885, 0.7981203222115476, 0.8053378436810443, 0.8233332541525279, 0.8335491791348799, 0.8441180889658817, 0.8499156452061478, 0.8719589922726905, 0.8717219843475197, 0.8783866265172389, 0.8949571176439716, 0.8989970215868283, 0.9103060802008844, 0.9127442032855011, 0.9253286271053718, 0.9363114639703529, 0.9354430150982054, 0.9418452937070884, 0.945826475424346, 0.9489572501292522, 0.9574491729201269, 0.9561588498729512, 0.9603048358169699, 0.969350292397861, 0.9643239251099959, 0.9747443960823814, 0.9718452029752049, 0.9753920568217366, 0.977147702369035, 0.9755140649956773, 0.9780976207788569, 0.9781787555916308, 0.9862544449238038, 0.9848359550673846, 0.9872595335606194, 0.9807111992051788, 0.9885747260249118, 0.988523480139871, 0.9886031514427526, 0.9893534003173866, 0.9916892136574675, 0.987614417776658, 0.9885758798526327, 0.9900608994362337, 0.9888892386236938, 0.9933627326882748, 0.9922197790754494, 0.9896737333323842, 0.9942643334288122, 0.9933766721931043, 0.9920371766069829, 0.9938648821807806, 0.9927310901272476, 0.994615736456182, 0.993386284263753, 0.9933880105857366, 0.993177251740053, 0.9949793174343102, 0.9927983097384854, 0.994515016092981, 0.9956537057040482, 0.9968009198355094, 0.994665469357014, 0.9943694443489584, 0.996239087936122], "trainLoss": [1.0110409259796143, 0.8471299409866333, 0.7726284861564636, 0.7142212986946106, 0.6610296368598938, 0.630999743938446, 0.5987670421600342, 0.5719017386436462, 0.538669764995575, 0.5210735201835632, 0.4921249449253082, 0.466612309217453, 0.4384450614452362, 0.42372986674308777, 0.40201279520988464, 0.3781852722167969, 0.3654066026210785, 0.34718307852745056, 0.32348760962486267, 0.3026050925254822, 0.2864835262298584, 0.2693037986755371, 0.24227002263069153, 0.23526549339294434, 0.2212773710489273, 0.20082274079322815, 0.18903034925460815, 0.17216449975967407, 0.1611381471157074, 0.14740149676799774, 0.1299494057893753, 0.1260174810886383, 0.10687138885259628, 0.10513880848884583, 0.09883920103311539, 0.0887269675731659, 0.08496718108654022, 0.07671748101711273, 0.06244904547929764, 0.06594695150852203, 0.0522477813065052, 0.055335018783807755, 0.04780321195721626, 0.049608707427978516, 0.05105636641383171, 0.039909325540065765, 0.04228859394788742, 0.03047666698694229, 0.03610244393348694, 0.028910329565405846, 0.03816136717796326, 0.025166044011712074, 0.027011750265955925, 0.021468454971909523, 0.021169330924749374, 0.01785227656364441, 0.022881178185343742, 0.023418880999088287, 0.019703207537531853, 0.023483475670218468, 0.015833260491490364, 0.017763009294867516, 0.019673315808176994, 0.01398499682545662, 0.012954642064869404, 0.013244246132671833, 0.011245130561292171, 0.016714749857783318, 0.011129070073366165, 0.012587401084601879, 0.013437889516353607, 0.017195846885442734, 0.009894093498587608, 0.01258636824786663, 0.011335136368870735, 0.007369194645434618, 0.006398881785571575, 0.012287858873605728, 0.013691054657101631, 0.007069742772728205], "testRumorAcc": [0.7208216619981326, 0.7647058823529411, 0.7824463118580766, 0.7703081232492998, 0.7936507936507936, 0.7917833800186741, 0.7852474323062558, 0.7787114845938375, 0.7703081232492998, 0.7749766573295985, 0.76937441643324, 0.7637721755368814, 0.7647058823529411, 0.7712418300653595, 0.7647058823529411, 0.7796451914098973], "testRumorF1": [0.575046054224522, 0.6543726972302444, 0.6738815967557926, 0.686554887418523, 0.7041069483521327, 0.7106797864627606, 0.6909576613922352, 0.688628096640832, 0.6794465453043366, 0.6808717028194233, 0.6713737023402323, 0.6656825106582366, 0.6855035226830758, 0.6831581889637004, 0.6498640279843428, 0.688438578586406], "testLoss": [0.6865746974945068, 0.592312753200531, 0.5892571806907654, 0.6206827759742737, 0.697232186794281, 0.7776761054992676, 0.958057165145874, 1.069212555885315, 1.1679236888885498, 1.342556357383728, 1.478049874305725, 1.5389080047607422, 1.5296342372894287, 1.6441560983657837, 1.8358922004699707, 1.777316927909851]}