{"epoch": 40, "macroF1Rumor": 0.6933594436214726, "accRumor": 0.7824463118580766, "loss": 0.8076487183570862, "trainRumorAcc": [0.6275681733283527, 0.6585730295106462, 0.6869630183040717, 0.7168472170339932, 0.7288008965259619, 0.7377661561449383, 0.7495330593948449, 0.7642883825177438, 0.7702652222637281, 0.7786701531565184, 0.786888307807247, 0.7994023160254016, 0.8087411281285021, 0.8132237579379903, 0.8147179678744864, 0.8248038849458349, 0.8386253268584236, 0.8410534180052297, 0.8410534180052297, 0.8518864400448263, 0.8576765035487486, 0.8630930145685469, 0.8625326858423609, 0.8737392603660814, 0.8776615614493837, 0.8802764288382517, 0.8815838625326858, 0.8896152409413522, 0.8950317519611506, 0.9013821441912588, 0.9008218154650729, 0.9069854314531192, 0.9097870750840493, 0.9110945087784834, 0.9159506910720956, 0.9194994396712738, 0.9224878595442659, 0.9310795666791184, 0.9284646992902503, 0.9351886440044826, 0.9336944340679866, 0.9372431826671648, 0.9370564064251027, 0.9443406798655211, 0.9430332461710871, 0.9467687710123273, 0.9477026522226373, 0.9490100859170714, 0.9514381770638775, 0.9551737019051176, 0.9574150168098617, 0.9536794919686216, 0.9544265969368696, 0.960776989166978, 0.9630183040717221, 0.961710870377288, 0.9652596189764662, 0.9661935001867762, 0.9699290250280165, 0.9658199477026522, 0.9691819200597684, 0.9714232349645125, 0.9708629062383265, 0.9731042211430706, 0.9779604034366829, 0.9745984310795667, 0.9770265222263728, 0.9762794172581247, 0.9766529697422488, 0.9785207321628688, 0.9785207321628688, 0.9757190885319388, 0.9816959282779231, 0.9826298094882331, 0.979454613373179, 0.9796413896152409, 0.9828165857302951, 0.9831901382144191, 0.9830033619723572, 0.9833769144564811, 0.9839372431826672, 0.9841240194247292, 0.9867388868135973, 0.9882330967500934, 0.9858050056032872, 0.9874859917818454, 0.9839372431826672, 0.9859917818453493, 0.9889802017183414, 0.9854314531191632], "trainRumorF1": [0.19581957294460506, 0.30738852513329223, 0.4128295318312702, 0.5121132999128086, 0.5474269990597933, 0.5763110126386721, 0.5990394815602202, 0.625623104269721, 0.6359274799386465, 0.654292997355174, 0.6681139096917003, 0.6890765181460992, 0.7048295985308932, 0.7099807683419767, 0.7117739008312648, 0.7311412769045049, 0.7514446560236776, 0.75747649585338, 0.7586921661920627, 0.77325926875995, 0.7855151452552636, 0.7941618577869902, 0.7937238564370793, 0.8120827680631714, 0.8134430290351383, 0.8211295165536812, 0.8235804716401135, 0.8326169479642522, 0.8425633531742796, 0.855371364972388, 0.8512102011311222, 0.8648572179240113, 0.8632641956597265, 0.8651628595923558, 0.8762240038961181, 0.8817008158622816, 0.8849677586412487, 0.8954673187881665, 0.8941966755293497, 0.9004072624457891, 0.9036760015219651, 0.9085514382699742, 0.9065586448415759, 0.9169096708217213, 0.9162041410259505, 0.9235408628580688, 0.9258157623396542, 0.9234601214243686, 0.9286520719275648, 0.9320020786532892, 0.9377059813772308, 0.9310532377719566, 0.9313095148667362, 0.9423535682641013, 0.9457447363341935, 0.9453868127318699, 0.9484754809066053, 0.9513236396523808, 0.9559378737569629, 0.9500235771456864, 0.9540029953213425, 0.9579815115977488, 0.9570911894087538, 0.9623555117734266, 0.9669220393382547, 0.9641468270973137, 0.9659733428770401, 0.9638890444364561, 0.9663164289198354, 0.9687893459030731, 0.9692687792255126, 0.9634379857813168, 0.9738315205233873, 0.9730631475985635, 0.970089232214738, 0.9710941866694899, 0.9747856110231862, 0.974839624592166, 0.9755245815803499, 0.9757164316230609, 0.9772649395217554, 0.9765770461431119, 0.9802255771208771, 0.983396494013928, 0.9775040600735347, 0.9803525806788644, 0.9760874738470277, 0.979276430311201, 0.9842776177321789, 0.9773896601577251], "trainLoss": [1.0318406820297241, 0.8779368996620178, 0.8057082891464233, 0.7471154928207397, 0.7057185769081116, 0.6721073985099792, 0.6512954831123352, 0.6174329519271851, 0.6090038418769836, 0.5807698965072632, 0.5518103837966919, 0.5361661911010742, 0.517054557800293, 0.5016942024230957, 0.4849722385406494, 0.4657914936542511, 0.44370484352111816, 0.43007010221481323, 0.41672223806381226, 0.4038422107696533, 0.385311096906662, 0.36876633763313293, 0.36389800906181335, 0.3533765971660614, 0.3327854871749878, 0.32102054357528687, 0.31819769740104675, 0.3020208179950714, 0.2867635190486908, 0.27841150760650635, 0.2733726501464844, 0.2578907310962677, 0.2561589777469635, 0.24295839667320251, 0.23023740947246552, 0.22209496796131134, 0.21964296698570251, 0.19964124262332916, 0.2025199681520462, 0.18763549625873566, 0.19145525991916656, 0.176955908536911, 0.17253410816192627, 0.15513019263744354, 0.15899182856082916, 0.15308420360088348, 0.13979223370552063, 0.148702934384346, 0.1419338583946228, 0.1296120285987854, 0.1271015703678131, 0.1293964833021164, 0.11802318692207336, 0.11013173311948776, 0.10727445781230927, 0.10826145857572556, 0.09671328961849213, 0.09333167970180511, 0.09131906181573868, 0.0974091961979866, 0.08802826702594757, 0.08490917086601257, 0.08609077334403992, 0.08199460804462433, 0.06945431977510452, 0.07668989151716232, 0.06590121239423752, 0.06728746742010117, 0.06498169898986816, 0.06183840334415436, 0.06027865782380104, 0.06884030252695084, 0.0562489815056324, 0.05129285156726837, 0.05762651562690735, 0.06033056229352951, 0.0491776205599308, 0.04596332460641861, 0.0490402914583683, 0.0512799508869648, 0.045335665345191956, 0.045748110860586166, 0.0384969599545002, 0.03464468941092491, 0.04278498888015747, 0.037305641919374466, 0.04430760443210602, 0.037181608378887177, 0.03082749992609024, 0.03937102109193802], "testRumorAcc": [0.7198879551820728, 0.7469654528478058, 0.76937441643324, 0.7740429505135388, 0.773109243697479, 0.7759103641456583, 0.7591036414565826, 0.7824463118580766, 0.776844070961718, 0.7703081232492998, 0.7703081232492998, 0.7628384687208216, 0.7759103641456583, 0.773109243697479, 0.7600373482726424, 0.76937441643324, 0.776844070961718, 0.7684407096171803], "testRumorF1": [0.5677106897241736, 0.642432008385577, 0.6537794314526146, 0.6720359287067582, 0.6847751468447536, 0.6674314351554528, 0.6809494126537659, 0.6933594436214726, 0.6733585278932704, 0.6851524509844066, 0.6843776246933357, 0.6742234882977806, 0.6843252770739127, 0.6777365660864939, 0.6621263247224126, 0.667966724249191, 0.68702896447513, 0.6784556217453819], "testLoss": [0.7124907374382019, 0.6267850399017334, 0.6002726554870605, 0.6152704954147339, 0.6361720561981201, 0.7459166049957275, 0.7334596514701843, 0.8076487183570862, 0.8974044322967529, 0.93902987241745, 1.0439807176589966, 1.0673037767410278, 1.1933128833770752, 1.2577719688415527, 1.2906097173690796, 1.4421894550323486, 1.4680500030517578, 1.4919484853744507]}