{"epoch": 30, "macroF1Rumor": 0.7023635083536044, "accRumor": 0.7833800186741363, "loss": 0.6270437836647034, "trainRumorAcc": [0.6258871871497945, 0.6460590212924916, 0.6697796040343669, 0.7026522226372806, 0.7286141202838999, 0.7403810235338065, 0.7439297721329847, 0.7555098991408293, 0.7682106836010459, 0.7728800896525961, 0.7829660067239447, 0.788569293985805, 0.7923048188270452, 0.8031378408666418, 0.8031378408666418, 0.8205080313784087, 0.8244303324617108, 0.8283526335450131, 0.8369443406798656, 0.8453492715726559, 0.8446021666044079, 0.8526335450130743, 0.8477773627194621, 0.8610384759058648, 0.864774000747105, 0.8718714979454614, 0.8716847217033993, 0.8812103100485619, 0.8812103100485619, 0.8877474785207322, 0.8911094508778483, 0.8905491221516623, 0.9002614867388868, 0.9028763541277549, 0.9109077325364213, 0.9064251027269331, 0.9163242435562197, 0.9187523347030258, 0.922301083302204, 0.9292118042584984, 0.9258498319013821, 0.9303324617108704, 0.9363093014568546, 0.940791931266343, 0.9404183787822189, 0.9387373926036608, 0.942659693686963, 0.9413522599925289, 0.9478894284646993, 0.9490100859170714, 0.9538662682106837, 0.9551737019051176, 0.9555472543892417, 0.9559208068733657, 0.9572282405677998, 0.962084422861412, 0.9583488980201719, 0.9689951438177064, 0.9637654090399701, 0.9673141576391483, 0.9641389615240942, 0.9673141576391483, 0.9660067239447142, 0.9639521852820321, 0.9708629062383265, 0.9699290250280165, 0.9716100112065745, 0.9744116548375047, 0.9734777736271947, 0.9734777736271947, 0.9729174449010086, 0.9790810608890549, 0.9792678371311169, 0.980388494583489, 0.980201718341427, 0.9781471796787449, 0.981882704519985, 0.9792678371311169, 0.9844975719088532, 0.981882704519985], "trainRumorF1": [0.19524048629432852, 0.2793160501605956, 0.33210365215667764, 0.45595511876629174, 0.5524154148874844, 0.5815714137581669, 0.5891936041900019, 0.6132413260806626, 0.6348221583650214, 0.6460785099362201, 0.6626149611929202, 0.675511269884446, 0.6830471077687839, 0.697909309981884, 0.6989903849083179, 0.7298518140508603, 0.7344847546183872, 0.7423496465758131, 0.7519717899524636, 0.7691421277135395, 0.7690702826390496, 0.7797772153576096, 0.7746700388912755, 0.7969672846646519, 0.7970153268218143, 0.8072863883332205, 0.8076532258674151, 0.8231278949402407, 0.823567702176177, 0.8339042578381253, 0.8354694115881154, 0.8368172716913314, 0.8499616681857173, 0.8584515379500772, 0.8679160579255616, 0.8620861748386349, 0.8752400764040065, 0.8794957830920693, 0.8856901958637354, 0.8944398976896631, 0.8918355201821425, 0.8973014154023077, 0.905538635642452, 0.9116639915677743, 0.9089001543282438, 0.9085832584438231, 0.9137280908460016, 0.9136702265293075, 0.9222367280276514, 0.9230403985628051, 0.9325843310653368, 0.9342858737824693, 0.9345404485681317, 0.9356263387244972, 0.9363204416738017, 0.9440150019405227, 0.9376670960110022, 0.9534571330306891, 0.9462376707699944, 0.9544164493312073, 0.9471289724581227, 0.9495088282757693, 0.9490675994816734, 0.9459149652001329, 0.9561229634784114, 0.9540345231970695, 0.9578331854536799, 0.9625503021911453, 0.960562487676252, 0.9593993843248165, 0.9610544860969026, 0.9698454375026663, 0.9667690612933716, 0.9709982702214629, 0.9724942620693611, 0.966956233404333, 0.9733157802932196, 0.9687160874072237, 0.9775543218603069, 0.9740953843016507], "trainLoss": [1.0500788688659668, 0.9203668832778931, 0.8361609578132629, 0.7720491290092468, 0.7188146114349365, 0.6867977380752563, 0.6649878025054932, 0.6370754241943359, 0.6086883544921875, 0.5910618305206299, 0.576975405216217, 0.5519564747810364, 0.537895917892456, 0.5166316032409668, 0.5121464729309082, 0.488940954208374, 0.4634742736816406, 0.45415565371513367, 0.43539106845855713, 0.42243120074272156, 0.4113730490207672, 0.3935004770755768, 0.38841161131858826, 0.3723621070384979, 0.3556577265262604, 0.3524772524833679, 0.3395398259162903, 0.32605040073394775, 0.3139604330062866, 0.3051629364490509, 0.2900007665157318, 0.29461294412612915, 0.27548760175704956, 0.2644840478897095, 0.24808742105960846, 0.24010291695594788, 0.2408583015203476, 0.22358690202236176, 0.2179919183254242, 0.19874370098114014, 0.19513626396656036, 0.19668753445148468, 0.18234016001224518, 0.16918833553791046, 0.17445099353790283, 0.17592303454875946, 0.16253913938999176, 0.16008254885673523, 0.14811737835407257, 0.1419031023979187, 0.1345670372247696, 0.1299760937690735, 0.12738798558712006, 0.12676499783992767, 0.1166369691491127, 0.11213269829750061, 0.11560679227113724, 0.09779119491577148, 0.10202311724424362, 0.09243224561214447, 0.10021266341209412, 0.08876024186611176, 0.10046007484197617, 0.09350652992725372, 0.08492277562618256, 0.087917760014534, 0.08477076888084412, 0.07838978618383408, 0.0763128325343132, 0.07257559895515442, 0.07310508191585541, 0.06182822585105896, 0.06541856378316879, 0.05979255586862564, 0.06038742512464523, 0.0632818266749382, 0.0578916072845459, 0.05884341150522232, 0.04911758005619049, 0.05578502267599106], "testRumorAcc": [0.7264239028944911, 0.7553688141923436, 0.7787114845938375, 0.7777777777777778, 0.7824463118580766, 0.7833800186741363, 0.7787114845938375, 0.76937441643324, 0.780578898225957, 0.7684407096171803, 0.7777777777777778, 0.773109243697479, 0.7637721755368814, 0.7712418300653595, 0.7740429505135388, 0.7703081232492998], "testRumorF1": [0.5769150919748648, 0.6213011210372618, 0.6828571560206718, 0.6913189175161063, 0.6909673352343716, 0.7023635083536044, 0.6942382753693066, 0.6852188009658717, 0.6959699392531713, 0.6932239192281162, 0.6922749108173065, 0.6948037370319372, 0.6791106414661577, 0.671943492737538, 0.6836156664158202, 0.686969819733181], "testLoss": [0.7295837998390198, 0.6393553018569946, 0.5907430648803711, 0.5868428349494934, 0.6015040278434753, 0.6270437836647034, 0.6924186944961548, 0.7474563717842102, 0.8010585308074951, 0.8530547618865967, 0.9243316650390625, 1.0084174871444702, 1.076211929321289, 1.1337038278579712, 1.2330175638198853, 1.2887579202651978]}