{"epoch": 25, "macroF1Rumor": 0.7095324222821736, "accRumor": 0.7917833800186741, "loss": 0.7197199463844299, "trainRumorAcc": [0.6311169219275308, 0.6671647366454987, 0.6964886066492342, 0.7323496451251401, 0.748972730668659, 0.7652222637280538, 0.7781098244303325, 0.789316398954053, 0.7966006723944714, 0.809114680612626, 0.8180799402316026, 0.8251774374299589, 0.8356369069854315, 0.8429211804258498, 0.8533806499813223, 0.8595442659693687, 0.8694434067986552, 0.8744863653343294, 0.8875607022786701, 0.8909226746357863, 0.9002614867388868, 0.9067986552110572, 0.9135225999252895, 0.9217407545760179, 0.923608516996638, 0.9314531191632425, 0.9379902876354128, 0.9402316025401569, 0.9460216660440792, 0.9495704146432574, 0.9574150168098617, 0.9596563317146058, 0.9660067239447142, 0.9645125140082181, 0.9654463952185282, 0.9703025775121404, 0.9749719835636907, 0.9766529697422488, 0.9755323122898767, 0.981322375793799, 0.980762047067613, 0.980762047067613, 0.9815091520358611, 0.9816959282779231, 0.9856182293612252, 0.9872992155397834, 0.9863653343294733, 0.9878595442659693, 0.9897273066865895, 0.9884198729921554, 0.9899140829286515, 0.9930892790437056, 0.9936496077698916, 0.9893537542024654, 0.9943967127381397, 0.9919686215913336, 0.9915950691072095, 0.9945834889802018, 0.9951438177063877, 0.9955173701905118, 0.9953305939484498, 0.9947702652222637, 0.9938363840119537, 0.9947702652222637, 0.9957041464325738, 0.9953305939484498, 0.9947702652222637, 0.9949570414643257, 0.9966380276428838, 0.9971983563690698, 0.9979454613373179, 0.9968248038849459, 0.9962644751587598, 0.9964512514008218, 0.9971983563690698], "trainRumorF1": [0.2222148006891215, 0.31994624496985047, 0.41920504859359076, 0.5403746406909493, 0.5863813624012197, 0.6230366020610166, 0.6501147548852225, 0.6690884401135503, 0.6831031054288953, 0.7039461729065037, 0.7188536610373272, 0.7302211605293859, 0.7497782380043292, 0.7604685453349627, 0.7819189057245781, 0.7898784937575588, 0.804480918291418, 0.8150519587096184, 0.8325727985881166, 0.8397903925426391, 0.8540192654439716, 0.860193772666251, 0.869556558450465, 0.8839093105336172, 0.8857820414183825, 0.9006506004477718, 0.9088873882659604, 0.9110356471537366, 0.9205714841739951, 0.9270692362939162, 0.9394778130266751, 0.9397909386784987, 0.9510582610599754, 0.9476288414613818, 0.9489313001373421, 0.9563041409877553, 0.9637676946465852, 0.964528362768313, 0.9648814322831677, 0.9737426632526899, 0.9721474959280986, 0.9723438097857754, 0.9734901330725657, 0.9733607606113767, 0.9783822236728394, 0.9817347865756216, 0.9807439900824154, 0.9822459788701683, 0.9846807071650416, 0.9834852467880403, 0.9854222374074684, 0.9897585581972164, 0.9910886957662315, 0.9842184793340192, 0.9917763895343661, 0.9886087598103953, 0.9870569026870256, 0.9913915607045639, 0.9932764375586984, 0.9934694785236671, 0.9933565005644345, 0.9922674531854371, 0.9910549803106441, 0.9922728129032512, 0.9927452122964714, 0.9937171286793336, 0.9924901513242299, 0.9920416359554212, 0.9944990931875966, 0.9957576744548599, 0.9960089254529426, 0.9956893852869071, 0.9943606232812958, 0.995268670319298, 0.9956090668593056], "trainLoss": [1.012760043144226, 0.8684800863265991, 0.7925167083740234, 0.714160144329071, 0.6646912693977356, 0.6257253289222717, 0.5855324268341064, 0.5568336844444275, 0.5348450541496277, 0.5065664052963257, 0.4871693551540375, 0.46606209874153137, 0.4388633966445923, 0.41430673003196716, 0.39836227893829346, 0.3724481761455536, 0.35133612155914307, 0.3310820758342743, 0.311852365732193, 0.29159027338027954, 0.27216097712516785, 0.2607647776603699, 0.23863789439201355, 0.21938128769397736, 0.2136734426021576, 0.19123682379722595, 0.17744840681552887, 0.16169555485248566, 0.14587707817554474, 0.14273642003536224, 0.1254688799381256, 0.12023308128118515, 0.10343249887228012, 0.10631405562162399, 0.09282593429088593, 0.08614455163478851, 0.07354412227869034, 0.06529256701469421, 0.07102992385625839, 0.062262848019599915, 0.05412041395902634, 0.05417363718152046, 0.051656223833560944, 0.04866806045174599, 0.04721178486943245, 0.03667573630809784, 0.04025830328464508, 0.03323328122496605, 0.0301324762403965, 0.030030230060219765, 0.028652310371398926, 0.02178090810775757, 0.02080405130982399, 0.03651868551969528, 0.019124457612633705, 0.021531587466597557, 0.023186417296528816, 0.021300600841641426, 0.01885691098868847, 0.013767765834927559, 0.016904177144169807, 0.0169881209731102, 0.01757577434182167, 0.017667565494775772, 0.013916525058448315, 0.012301699258387089, 0.012582075782120228, 0.016502628102898598, 0.010122405365109444, 0.008351132273674011, 0.0076182070188224316, 0.013100806623697281, 0.0115981325507164, 0.012986288405954838, 0.0074130576103925705], "testRumorAcc": [0.7310924369747899, 0.7609710550887021, 0.7871148459383753, 0.7917833800186741, 0.7917833800186741, 0.7861811391223156, 0.780578898225957, 0.7684407096171803, 0.7703081232492998, 0.776844070961718, 0.773109243697479, 0.7712418300653595, 0.7759103641456583, 0.7824463118580766, 0.7749766573295985], "testRumorF1": [0.5621297005638624, 0.6501922722295169, 0.6945318666402386, 0.7000460895891185, 0.7095324222821736, 0.6997962417915016, 0.6853336738876881, 0.686697145151543, 0.6979152845336736, 0.704570603524404, 0.6754063089842585, 0.6935842969705376, 0.6966115838195308, 0.6970270009193213, 0.6842702259018275], "testLoss": [0.6993914246559143, 0.613851010799408, 0.5698151588439941, 0.655986487865448, 0.7197199463844299, 0.8477007150650024, 1.042811632156372, 1.1442856788635254, 1.2567294836044312, 1.3982527256011963, 1.5884958505630493, 1.6545261144638062, 1.6451340913772583, 1.9120476245880127, 2.01245379447937]}