{"epoch": 35, "macroF1Rumor": 0.7124007154415843, "accRumor": 0.7777777777777778, "loss": 0.7018986344337463, "trainRumorAcc": [0.6264475158759806, 0.655024280911468, 0.7043332088158386, 0.7261860291370937, 0.7362719462084423, 0.7534553604781472, 0.7616735151288756, 0.7741875233470302, 0.7831527829660068, 0.7853940978707509, 0.7966006723944714, 0.8053791557713859, 0.8137840866641763, 0.8197609264101606, 0.8251774374299589, 0.8281658573029511, 0.8345162495330594, 0.8425476279417258, 0.844975719088532, 0.8511393350765782, 0.8554351886440045, 0.8606649234217407, 0.8677624206200971, 0.8713111692192753, 0.8774747852073216, 0.8810235338064998, 0.8838251774374299, 0.8961524094135226, 0.8952185282032126, 0.8978333955920806, 0.904370564064251, 0.905117669032499, 0.9135225999252895, 0.9124019424729174, 0.9196862159133358, 0.9191258871871498, 0.9243556219648861, 0.9193126634292118, 0.9303324617108704, 0.9312663429211804, 0.9293985805005603, 0.9363093014568546, 0.9391109450877848, 0.941539036234591, 0.9439671273813971, 0.9480762047067613, 0.9493836384011953, 0.9497571908853194, 0.9553604781471797, 0.9542398206948076, 0.9531191632424355, 0.9555472543892417, 0.9587224505042958, 0.9576017930519238, 0.962084422861412, 0.961524094135226, 0.9686215913335824, 0.9673141576391483, 0.9693686963018304, 0.9656331714605902, 0.9697422487859544, 0.9751587598057527, 0.9729174449010086, 0.9745984310795667, 0.9721703399327606, 0.9744116548375047, 0.9760926410160627, 0.9764661935001868, 0.980201718341427, 0.9766529697422488, 0.9777736271946208, 0.9792678371311169, 0.980575270825551, 0.980948823309675, 0.9826298094882331, 0.980388494583489, 0.980014942099365, 0.980201718341427, 0.9839372431826672, 0.9839372431826672, 0.9833769144564811, 0.9826298094882331, 0.9843107956667911, 0.9816959282779231, 0.9871124392977213], "trainRumorF1": [0.20639858407313277, 0.3008997814246629, 0.45494156543274555, 0.5310304872586049, 0.5692031873428145, 0.6089314237769851, 0.625417321659775, 0.6454336038126451, 0.6639555863765747, 0.6661664418538499, 0.6839843095924454, 0.6970263650697355, 0.7131766575165981, 0.7252588912196524, 0.735426356145239, 0.7392577947728178, 0.7478851069707972, 0.7602760143103993, 0.7701316873802088, 0.7741047332962149, 0.7871404600604387, 0.7931559735552312, 0.8020556657166255, 0.8085931384257348, 0.8138594733412217, 0.8255756512096663, 0.8263980645296465, 0.8468604126428202, 0.8474979899993369, 0.8491096493294619, 0.8603678177489991, 0.8581921226510129, 0.8737666492473428, 0.8725791085175517, 0.8807103126314177, 0.8784647419334113, 0.8863248021677348, 0.882559063325918, 0.8966721698604386, 0.8974621561135827, 0.8967416894475903, 0.9083907721522316, 0.9099419061718366, 0.9147845501328282, 0.9141854888795008, 0.9217299136995029, 0.9250421008334061, 0.9248495090237124, 0.9342114677659101, 0.9332118192281367, 0.9308034004209285, 0.9351009398304376, 0.9408240284527549, 0.9394262665866276, 0.9444071242658039, 0.9442481738601263, 0.9537721082157927, 0.9511561165777178, 0.954463030411548, 0.9487813648684867, 0.9556383905478147, 0.9640518928294769, 0.9620429058460359, 0.9637455735679744, 0.958331862096488, 0.9622718131790708, 0.9634260914491222, 0.9641112390903798, 0.9700112932957167, 0.9674894736159468, 0.9674977794625187, 0.969958954766322, 0.9717801180841545, 0.9731655415698043, 0.974000903679169, 0.9720906076668482, 0.9722156467157034, 0.9717198920113821, 0.9768214234919087, 0.9766672158936436, 0.9725609020119622, 0.9739898988983735, 0.9770002972414372, 0.9731484729997671, 0.9822193671451934], "trainLoss": [1.0278446674346924, 0.882780909538269, 0.7876700162887573, 0.7256689667701721, 0.6850857734680176, 0.6425155997276306, 0.6188725829124451, 0.5943070650100708, 0.5724577307701111, 0.5538378357887268, 0.5342660546302795, 0.5113977193832397, 0.49249783158302307, 0.4790605902671814, 0.4687134027481079, 0.4590911269187927, 0.44414055347442627, 0.42876166105270386, 0.4065052270889282, 0.40264901518821716, 0.37650540471076965, 0.3721018433570862, 0.3654809296131134, 0.3468783497810364, 0.33152276277542114, 0.3303183615207672, 0.3105350434780121, 0.29945048689842224, 0.28639423847198486, 0.27485740184783936, 0.2660650312900543, 0.25823354721069336, 0.24032343924045563, 0.23976288735866547, 0.23587051033973694, 0.22611266374588013, 0.21265611052513123, 0.21762493252754211, 0.1951364278793335, 0.19487015902996063, 0.19485634565353394, 0.17917750775814056, 0.16577830910682678, 0.16376575827598572, 0.15683875977993011, 0.1447165310382843, 0.14169058203697205, 0.13952958583831787, 0.12953948974609375, 0.13207294046878815, 0.12836474180221558, 0.12145231664180756, 0.11810579895973206, 0.11526086181402206, 0.10508432239294052, 0.10412044078111649, 0.08982337266206741, 0.10199352353811264, 0.08541944622993469, 0.09514907747507095, 0.08491752296686172, 0.07648370414972305, 0.0803883895277977, 0.08035191893577576, 0.0775664895772934, 0.07641462981700897, 0.07091047614812851, 0.0660289004445076, 0.06191570311784744, 0.0704570859670639, 0.06318727135658264, 0.059683218598365784, 0.057804688811302185, 0.057400837540626526, 0.051140595227479935, 0.061892807483673096, 0.05413138493895531, 0.05587409436702728, 0.04828747361898422, 0.045867688953876495, 0.045668456703424454, 0.051384031772613525, 0.03906252235174179, 0.047608695924282074, 0.03856763616204262], "testRumorAcc": [0.7161531279178338, 0.7684407096171803, 0.7665732959850607, 0.7796451914098973, 0.7712418300653595, 0.7861811391223156, 0.7777777777777778, 0.7777777777777778, 0.7712418300653595, 0.7712418300653595, 0.773109243697479, 0.7675070028011205, 0.7675070028011205, 0.7721755368814193, 0.76937441643324, 0.7712418300653595, 0.7637721755368814], "testRumorF1": [0.5816372394184293, 0.6561100957925999, 0.6752272372382186, 0.7122398871553662, 0.6891977489016723, 0.7114063503209115, 0.7124007154415843, 0.6993567148165594, 0.6965018604118681, 0.6945526545881808, 0.6974876448959819, 0.6875320900972001, 0.6886865398115205, 0.6930199922017505, 0.686121628218876, 0.6886689661914285, 0.6860016601284602], "testLoss": [0.695171058177948, 0.602796733379364, 0.5922467112541199, 0.5849193334579468, 0.624768078327179, 0.6525874733924866, 0.7018986344337463, 0.7755682468414307, 0.8348072171211243, 0.9155378937721252, 0.9712440371513367, 1.0662206411361694, 1.0941002368927002, 1.2237019538879395, 1.3448491096496582, 1.3539698123931885, 1.446136713027954]}