{"epoch": 15, "macroF1Rumor": 0.718512205341203, "accRumor": 0.7927170868347339, "loss": 0.6075652837753296, "trainRumorAcc": [0.6507284273440418, 0.7157265595816212, 0.7495330593948449, 0.7611131864026895, 0.7788569293985805, 0.7913709376167352, 0.8042584983190139, 0.8167725065371685, 0.8236832274934628, 0.8376914456481136, 0.846096376540904, 0.8573029510646246, 0.8602913709376168, 0.8744863653343294, 0.8802764288382517, 0.884945834889802, 0.8982069480762047, 0.8991408292865147, 0.9092267463578633, 0.9193126634292118, 0.9170713485244677, 0.9254762794172581, 0.9312663429211804, 0.9336944340679866, 0.9374299589092268, 0.9389241688457228, 0.9463952185282032, 0.9529323870003735, 0.9546133731789317, 0.9583488980201719, 0.960776989166978, 0.9609637654090399, 0.9618976466193501, 0.961337317893164, 0.9714232349645125, 0.9729174449010086, 0.9667538289129622, 0.9721703399327606, 0.9764661935001868, 0.9759058647740008, 0.9747852073216287, 0.9772132984684349, 0.9725438924168845, 0.9839372431826672, 0.980014942099365, 0.9824430332461711, 0.9863653343294733, 0.980762047067613, 0.9839372431826672, 0.9867388868135973, 0.9830033619723572, 0.9844975719088532, 0.9865521105715352, 0.9887934254762795, 0.9858050056032872, 0.9880463205080314, 0.9865521105715352, 0.9861785580874113, 0.9880463205080314, 0.9902876354127755, 0.9895405304445275, 0.9878595442659693, 0.9925289503175196, 0.9895405304445275, 0.9901008591707134], "trainRumorF1": [0.2959339173674322, 0.5104465850320311, 0.5980977182161773, 0.6224682371124295, 0.6546777964942927, 0.6739819977880446, 0.7021915625959689, 0.7249152169386412, 0.7377298284744488, 0.7554811545009357, 0.7722112743417453, 0.7875582470082593, 0.7949051675876446, 0.8158892039875714, 0.8257255609321944, 0.8332770595079503, 0.849295743048041, 0.8539083551525348, 0.8672586954140166, 0.8816233436407352, 0.8805904634990698, 0.8923544669553151, 0.9011410344363434, 0.9069465208531287, 0.9066621516525385, 0.9095079804370989, 0.9218840047658431, 0.9319247398781839, 0.9327958248285966, 0.9391340627894382, 0.9430634225000765, 0.9414204857469288, 0.9455885091271352, 0.9430824944783625, 0.9583558639655625, 0.9600169775572671, 0.9502916474965922, 0.9596730427601948, 0.9657475202693403, 0.9627602342185708, 0.9617122567654173, 0.9648807726123361, 0.9605774964025031, 0.9760480971151433, 0.9710989448736389, 0.9735088994772445, 0.9808909891109385, 0.9726267522569059, 0.9768709845394105, 0.9799830087669191, 0.9746398635106595, 0.9756974555926214, 0.9791408307849325, 0.983292222568173, 0.978998376561518, 0.9822476570961187, 0.9803512857169481, 0.9795954703379463, 0.9816051786060251, 0.9854462866676322, 0.9836010913987215, 0.9810645636906901, 0.9882908114990983, 0.9853864102262867, 0.9850912457672512], "trainLoss": [0.9498175978660583, 0.7456198334693909, 0.6665889024734497, 0.6244894862174988, 0.5784376263618469, 0.5465989708900452, 0.510546088218689, 0.4852575361728668, 0.46089160442352295, 0.4312259554862976, 0.4122418165206909, 0.3882858455181122, 0.374891996383667, 0.3506889045238495, 0.313694030046463, 0.303804486989975, 0.2819482684135437, 0.26624250411987305, 0.24533207714557648, 0.22509773075580597, 0.22992876172065735, 0.20734840631484985, 0.18594710528850555, 0.17946511507034302, 0.17325639724731445, 0.16886338591575623, 0.14814479649066925, 0.13789445161819458, 0.1290864199399948, 0.11855480819940567, 0.1113182008266449, 0.10926909744739532, 0.10482446104288101, 0.1091538816690445, 0.08146382868289948, 0.07921338826417923, 0.09899166226387024, 0.0782896876335144, 0.06778395175933838, 0.07346717268228531, 0.07148203998804092, 0.06477552652359009, 0.07461504638195038, 0.0523119680583477, 0.0560259148478508, 0.05145304277539253, 0.04457170143723488, 0.05067421868443489, 0.042814407497644424, 0.042673829942941666, 0.04604770243167877, 0.04917052388191223, 0.03878387436270714, 0.03685402497649193, 0.034607913345098495, 0.033705081790685654, 0.03804875910282135, 0.0372156985104084, 0.03369483724236488, 0.030280273407697678, 0.03255201131105423, 0.03412437066435814, 0.023575495928525925, 0.03159157559275627, 0.028468092903494835], "testRumorAcc": [0.7516339869281046, 0.7796451914098973, 0.7927170868347339, 0.7852474323062558, 0.773109243697479, 0.7880485527544351, 0.7796451914098973, 0.7777777777777778, 0.7824463118580766, 0.7740429505135388, 0.7712418300653595, 0.776844070961718, 0.7712418300653595], "testRumorF1": [0.6267537988646785, 0.6827171851245041, 0.718512205341203, 0.7046016817601449, 0.6746250299529841, 0.7138099799388774, 0.693853929315655, 0.6903319227984582, 0.6938110526194544, 0.6860958413643047, 0.6754537124673877, 0.6941493139288024, 0.6647229250228384], "testLoss": [0.6320325136184692, 0.5779380202293396, 0.6075652837753296, 0.7183489799499512, 0.8940756916999817, 0.9494773149490356, 1.1232298612594604, 1.153045654296875, 1.2685106992721558, 1.423357367515564, 1.6063082218170166, 1.6242785453796387, 1.872880220413208]}