{"epoch": 15, "macroF1Rumor": 0.7386225549560427, "accRumor": 0.8095238095238095, "loss": 0.6806681156158447, "trainRumorAcc": [0.6494209936496078, 0.7209562943593575, 0.7530818079940231, 0.769144564811356, 0.7926783713111692, 0.8044452745610758, 0.8190138214419126, 0.8319013821441913, 0.8490847964138961, 0.8619723571161748, 0.8724318266716473, 0.8901755696675383, 0.8991408292865147, 0.9112812850205454, 0.9196862159133358, 0.9277175943220023, 0.9378035113933507, 0.9477026522226373, 0.9548001494209937, 0.961337317893164, 0.9675009338812103, 0.9667538289129622, 0.9725438924168845, 0.9751587598057527, 0.980388494583489, 0.981322375793799, 0.9859917818453493, 0.9854314531191632, 0.9865521105715352, 0.9893537542024654, 0.9884198729921554, 0.9919686215913336, 0.9923421740754576, 0.9895405304445275, 0.9929025028016436, 0.9932760552857677, 0.9921553978333956, 0.9940231602540157, 0.9951438177063877, 0.9942099364960777, 0.9949570414643257, 0.9960776989166978, 0.9968248038849459, 0.9960776989166978, 0.9975719088531939, 0.9962644751587598, 0.9955173701905118, 0.9971983563690698, 0.9973851326111318, 0.9988793425476279, 0.9964512514008218, 0.9970115801270079, 0.9966380276428838, 0.9975719088531939, 0.9975719088531939, 0.9970115801270079, 0.9975719088531939, 0.9988793425476279, 0.9985057900635039, 0.9986925663055659, 0.9981322375793799, 0.9977586850952559, 0.99906611878969, 0.999439671273814, 0.9988793425476279], "trainRumorF1": [0.29286145104745814, 0.5007341651160698, 0.6027428374986109, 0.6401508283234263, 0.6730272307633441, 0.6950851906292562, 0.7223316301732594, 0.7426657087104711, 0.771190759017933, 0.7943890434076676, 0.811328369721578, 0.8365787763418463, 0.8514456979303836, 0.8682262183867704, 0.8839355901554271, 0.8939152819689273, 0.9098309463305722, 0.9251040557974338, 0.9359431446302431, 0.9445611006163598, 0.9525022731831949, 0.9516957790840762, 0.9606994685952057, 0.9643845214288242, 0.9711124520507213, 0.9730468766255443, 0.9794997199711346, 0.9796457406643009, 0.9808927081071913, 0.9848051744189092, 0.983114728241741, 0.987169125138451, 0.9890137619732906, 0.9854265754407643, 0.9903441881582005, 0.9914137678445717, 0.9882217096236282, 0.9910651637906646, 0.9930634931530418, 0.9913274382472822, 0.9920446801028864, 0.994452937188357, 0.995455753598128, 0.99445234551841, 0.9963663052134635, 0.9946653033663025, 0.9936603846962595, 0.9954593499897864, 0.9968275329211163, 0.9983407384504033, 0.994769955847187, 0.9957743467360693, 0.9947819437511727, 0.9968565297782463, 0.9960589816976723, 0.9956589049836776, 0.9963511706920022, 0.9985506520508856, 0.997534817965438, 0.9978283220646302, 0.9970898769674498, 0.9959877377859883, 0.9985827139879737, 0.9992126104531801, 0.9983882142582268], "trainLoss": [0.9533802270889282, 0.7448058724403381, 0.6530391573905945, 0.5987316370010376, 0.5585129857063293, 0.5233306884765625, 0.48692768812179565, 0.45074138045310974, 0.420017272233963, 0.3797081410884857, 0.34656286239624023, 0.31099048256874084, 0.27981144189834595, 0.25204336643218994, 0.2231849879026413, 0.20271950960159302, 0.18069401383399963, 0.15429547429084778, 0.13175499439239502, 0.11383617669343948, 0.0968969464302063, 0.09054815769195557, 0.07741933315992355, 0.07029228657484055, 0.061774853616952896, 0.05580132454633713, 0.042466167360544205, 0.04644988104701042, 0.036616142839193344, 0.03494719788432121, 0.03639034554362297, 0.02317730337381363, 0.0239567831158638, 0.02835731953382492, 0.020688878372311592, 0.021316315978765488, 0.025303855538368225, 0.01811385154724121, 0.01234882976859808, 0.015309717506170273, 0.015229961834847927, 0.010967234149575233, 0.011093107983469963, 0.012524961493909359, 0.006661070045083761, 0.010915848426520824, 0.014598799869418144, 0.008485984988510609, 0.00870397500693798, 0.00482991011813283, 0.00945906713604927, 0.01061834953725338, 0.010924317874014378, 0.010468583554029465, 0.0077528501860797405, 0.008582433685660362, 0.00853943545371294, 0.002797265537083149, 0.005483624525368214, 0.005106830503791571, 0.004865307826548815, 0.006657519843429327, 0.0025356716942042112, 0.003095092950388789, 0.004367663059383631], "testRumorAcc": [0.7553688141923436, 0.7908496732026143, 0.8095238095238095, 0.7852474323062558, 0.7675070028011205, 0.76937441643324, 0.7675070028011205, 0.7712418300653595, 0.765639589169001, 0.7675070028011205, 0.7703081232492998, 0.7628384687208216, 0.7553688141923436], "testRumorF1": [0.624421003390798, 0.6908157384710888, 0.7386225549560427, 0.7030643634029146, 0.6906982236371904, 0.6659994762601373, 0.6729250867174494, 0.6610783101775669, 0.6737010566309849, 0.673283541031866, 0.6672408120558448, 0.6687864161413616, 0.6431606704196914], "testLoss": [0.6260374188423157, 0.5796179175376892, 0.6806681156158447, 0.8949679136276245, 1.1517232656478882, 1.3768439292907715, 1.5749931335449219, 1.7879661321640015, 1.8385494947433472, 1.8901196718215942, 2.0546023845672607, 1.9623833894729614, 2.3306689262390137]}