{"epoch": 30, "macroF1Rumor": 0.700704072235081, "accRumor": 0.7833800186741363, "loss": 0.8811976909637451, "trainRumorAcc": [0.6391483003361972, 0.6968621591333582, 0.7237579379902876, 0.7514008218154651, 0.7760552857676504, 0.790250280164363, 0.7973477773627194, 0.8143444153903624, 0.827231976092641, 0.8283526335450131, 0.8410534180052297, 0.8494583488980202, 0.8574897273066866, 0.8640268957788569, 0.8688830780724692, 0.8873739260366081, 0.8918565558460964, 0.8963391856555846, 0.902502801643631, 0.9081060889054913, 0.9183787822189018, 0.9217407545760179, 0.9271572655958162, 0.9310795666791184, 0.9374299589092268, 0.9454613373178932, 0.9439671273813971, 0.9460216660440792, 0.9491968621591333, 0.9521852820321255, 0.9572282405677998, 0.9559208068733657, 0.9678744863653344, 0.9652596189764662, 0.961710870377288, 0.9641389615240942, 0.9684348150915204, 0.9697422487859544, 0.9742248785954427, 0.9727306686589465, 0.9783339559208069, 0.9764661935001868, 0.9785207321628688, 0.9790810608890549, 0.9788942846469929, 0.980014942099365, 0.9835636906985431, 0.9839372431826672, 0.9835636906985431, 0.9826298094882331, 0.9841240194247292, 0.9854314531191632, 0.9865521105715352, 0.9878595442659693, 0.9850579006350392, 0.9882330967500934, 0.9872992155397834, 0.9884198729921554, 0.9887934254762795, 0.9876727680239074, 0.9897273066865895, 0.9908479641389615, 0.9893537542024654, 0.9901008591707134, 0.9917818453492716, 0.9915950691072095, 0.9910347403810236, 0.9906611878968995, 0.9908479641389615, 0.9930892790437056, 0.9942099364960777, 0.9917818453492716, 0.9919686215913336, 0.9929025028016436, 0.9914082928651475, 0.9949570414643257, 0.9921553978333956, 0.9930892790437056, 0.9932760552857677, 0.9947702652222637], "trainRumorF1": [0.2553771701627694, 0.43950515598369316, 0.5378162350077037, 0.6003877416923359, 0.6464283328069939, 0.6731564449286418, 0.6896978190231592, 0.7193949544633043, 0.7400588155058786, 0.7421067469778386, 0.7614549042855077, 0.7782189063393664, 0.7882785574149724, 0.7971224737505276, 0.8053274226642347, 0.8316820095769181, 0.8400132623187415, 0.8478920440667475, 0.8576461736337343, 0.8685940061182763, 0.8799538667247062, 0.8876634450148657, 0.8950391573416138, 0.8985758130241743, 0.9072638724217138, 0.9196652509519097, 0.9179795095208936, 0.9213413784287958, 0.9224418319704015, 0.9295492108006307, 0.9378891147174112, 0.9346444321945211, 0.9521404415232659, 0.949204498331425, 0.9436711789184131, 0.9482039569693272, 0.953960043278659, 0.9541058577042647, 0.9610685920374159, 0.9592720282741842, 0.9690035909303323, 0.9636762949186639, 0.9682948747478674, 0.9685576348048053, 0.9698133363562205, 0.9708205106349337, 0.9754302704078625, 0.9772574978237373, 0.9767699982414526, 0.9746112821387153, 0.9780967855274765, 0.9793686144235415, 0.9797317870960047, 0.981522325626379, 0.9776894354063825, 0.982208232946806, 0.9801725539407318, 0.9836810142566093, 0.9847174168280388, 0.9812068773326241, 0.9849025551311495, 0.9860663546537813, 0.9831902997023341, 0.985381916367524, 0.9873936903101344, 0.9864182731798015, 0.9862955484733057, 0.9854807443130205, 0.9863116538343308, 0.9901611227079034, 0.9914215406383426, 0.9880200783184376, 0.9873181903548982, 0.9894408895817346, 0.9869675298723277, 0.9922910991385244, 0.9885806224084626, 0.9903204853184249, 0.9905058026613913, 0.9924771267575321], "trainLoss": [0.98786461353302, 0.8076045513153076, 0.7159008383750916, 0.6531388163566589, 0.597714364528656, 0.5629714727401733, 0.5358130931854248, 0.5067091584205627, 0.47620099782943726, 0.45584121346473694, 0.4246901869773865, 0.406177282333374, 0.3872468173503876, 0.3704727292060852, 0.3444318473339081, 0.3162635266780853, 0.29286229610443115, 0.2838403880596161, 0.2653237283229828, 0.25537583231925964, 0.22748880088329315, 0.21205127239227295, 0.19637517631053925, 0.19192595779895782, 0.17291244864463806, 0.158781498670578, 0.15666818618774414, 0.1446710228919983, 0.1444186121225357, 0.12674133479595184, 0.1192711889743805, 0.12516744434833527, 0.09765947610139847, 0.09450957179069519, 0.10569006949663162, 0.0965980663895607, 0.08812626451253891, 0.0852900967001915, 0.07508616894483566, 0.07717344909906387, 0.06585665047168732, 0.06775423884391785, 0.06688819825649261, 0.06241953372955322, 0.06346186250448227, 0.05885569378733635, 0.05211833119392395, 0.04870697483420372, 0.04984552785754204, 0.05113912746310234, 0.04603534936904907, 0.045044440776109695, 0.04008335992693901, 0.0372767336666584, 0.041522227227687836, 0.039141178131103516, 0.03310840576887131, 0.029799997806549072, 0.03594861552119255, 0.031114207580685616, 0.03144834563136101, 0.03165198490023613, 0.032783202826976776, 0.029241027310490608, 0.02671153098344803, 0.02536682039499283, 0.02398277260363102, 0.025864066556096077, 0.026097189635038376, 0.023783288896083832, 0.021874364465475082, 0.026699552312493324, 0.021713007241487503, 0.01919710636138916, 0.022895388305187225, 0.01666938327252865, 0.024319471791386604, 0.021031063050031662, 0.021019745618104935, 0.014690476469695568], "testRumorAcc": [0.7535014005602241, 0.7749766573295985, 0.7759103641456583, 0.7852474323062558, 0.7861811391223156, 0.7833800186741363, 0.7759103641456583, 0.7712418300653595, 0.780578898225957, 0.7740429505135388, 0.773109243697479, 0.773109243697479, 0.7852474323062558, 0.7796451914098973, 0.7787114845938375, 0.773109243697479], "testRumorF1": [0.6318110255082089, 0.6899179478828769, 0.6881783553785009, 0.6988071809997007, 0.6997222639815643, 0.700704072235081, 0.6971689350053552, 0.6715749077465923, 0.7004162018202373, 0.6727972172745725, 0.6639075194554507, 0.6707933106567878, 0.6881649413305972, 0.6791013027949319, 0.6771083121173027, 0.6823059304224243], "testLoss": [0.6252520680427551, 0.5697768330574036, 0.6031622290611267, 0.6588931083679199, 0.7811790108680725, 0.8811976909637451, 1.0165051221847534, 1.1284821033477783, 1.2239001989364624, 1.4011911153793335, 1.4389963150024414, 1.5074231624603271, 1.6028212308883667, 1.6901416778564453, 1.6677067279815674, 1.7382794618606567]}