{"epoch": 10, "macroF1Rumor": 0.6820122150369534, "accRumor": 0.7749766573295985, "loss": 0.6099178791046143, "trainRumorAcc": [0.6471796787448637, 0.7233843855061636, 0.7560702278670153, 0.7788569293985805, 0.7958535674262234, 0.8152782966006724, 0.827045199850579, 0.846469929025028, 0.8610384759058648, 0.8681359731042212, 0.884198729921554, 0.8955920806873365, 0.904183787822189, 0.9159506910720956, 0.9256630556593202, 0.9368696301830407, 0.9454613373178932, 0.9501307433694434, 0.9581621217781098, 0.9633918565558461, 0.9665670526709003, 0.9745984310795667, 0.9753455360478147, 0.9753455360478147, 0.9798281658573029, 0.9846843481509152, 0.9826298094882331, 0.9869256630556593, 0.9878595442659693, 0.9893537542024654, 0.9919686215913336, 0.9904744116548375, 0.9930892790437056, 0.9915950691072095, 0.9921553978333956, 0.9949570414643257, 0.9919686215913336, 0.9936496077698916, 0.9960776989166978, 0.9940231602540157, 0.9947702652222637, 0.9947702652222637, 0.9955173701905118, 0.9951438177063877, 0.9957041464325738, 0.9966380276428838, 0.9970115801270079, 0.9966380276428838, 0.9962644751587598, 0.9958909226746357, 0.9958909226746357, 0.9970115801270079, 0.9973851326111318, 0.9977586850952559, 0.9957041464325738, 0.9975719088531939, 0.9979454613373179, 0.9977586850952559, 0.9966380276428838, 0.9979454613373179], "trainRumorF1": [0.27953282074771546, 0.5103263199755959, 0.6020717719725407, 0.6519658569030247, 0.6853374421318685, 0.7174892035130661, 0.740621805278159, 0.7701427646556157, 0.7919201317471638, 0.8032251185219706, 0.830596586414975, 0.8469930191898135, 0.8613758286432445, 0.8782841025311647, 0.8924098829136338, 0.9093448776590405, 0.9191987462104093, 0.9288963766810505, 0.93946591557479, 0.9484395305405425, 0.9531604909853716, 0.9657021098594494, 0.9645681204982304, 0.9634729309936974, 0.9709019809695255, 0.9777153016142415, 0.9749121119736806, 0.982025526080318, 0.9827708939583308, 0.9852604967690313, 0.987499380566336, 0.985402111252086, 0.9895487987807814, 0.9881343846721726, 0.9894692972086898, 0.9919536352617948, 0.9885662950572573, 0.9911246730589807, 0.9940496642990483, 0.9911026487876564, 0.9920791991703679, 0.9922936893710308, 0.9925572628159072, 0.9927812135624852, 0.9937442158554025, 0.9950689698556787, 0.9956455767607881, 0.99503630062998, 0.9941111139168524, 0.9937580215557259, 0.9940910624031569, 0.9954526644759832, 0.995923136173815, 0.9971609097769341, 0.9937999572904999, 0.9961977059392353, 0.9967643840668493, 0.9963713733813793, 0.9949926978254782, 0.9971063729401705], "trainLoss": [0.95559161901474, 0.7552477717399597, 0.6578270792961121, 0.5889685153961182, 0.542883574962616, 0.49795153737068176, 0.4623086452484131, 0.42388635873794556, 0.38708826899528503, 0.35587775707244873, 0.3216622769832611, 0.28728023171424866, 0.26636001467704773, 0.23645943403244019, 0.2093321681022644, 0.18206769227981567, 0.15519019961357117, 0.13999615609645844, 0.11869648844003677, 0.10236524790525436, 0.09454301744699478, 0.0776459351181984, 0.07111814618110657, 0.06876377016305923, 0.05608536675572395, 0.04636479169130325, 0.04808336868882179, 0.03707234188914299, 0.03712330386042595, 0.034289900213479996, 0.021426543593406677, 0.030328815802931786, 0.021476302295923233, 0.025715859606862068, 0.025451669469475746, 0.01843222603201866, 0.019556455314159393, 0.020622089505195618, 0.015116593800485134, 0.01675148867070675, 0.014463228173553944, 0.018661288544535637, 0.013284345157444477, 0.013103046454489231, 0.013302474282681942, 0.010934518650174141, 0.009220280684530735, 0.01059599407017231, 0.011432395316660404, 0.012802273035049438, 0.01226217020303011, 0.00852882582694292, 0.0098424656316638, 0.0054137222468853, 0.013150055892765522, 0.006332716904580593, 0.005829610861837864, 0.007178956177085638, 0.009964956901967525, 0.006884375121444464], "testRumorAcc": [0.7591036414565826, 0.7749766573295985, 0.7824463118580766, 0.7796451914098973, 0.7740429505135388, 0.7796451914098973, 0.7749766573295985, 0.7450980392156863, 0.7665732959850607, 0.7740429505135388, 0.7647058823529411, 0.7572362278244631], "testRumorF1": [0.6484494939844189, 0.6820122150369534, 0.67649315924717, 0.6795946981703787, 0.6751718569034166, 0.6794881505024372, 0.6745853529656478, 0.6456186771496132, 0.6578313027049428, 0.6636735171700268, 0.6747994831795291, 0.6606605875292132], "testLoss": [0.6108940243721008, 0.6099178791046143, 0.7671561241149902, 0.9490594267845154, 1.1604939699172974, 1.4055155515670776, 1.6844213008880615, 1.8252253532409668, 1.936471939086914, 2.083299398422241, 1.9837960004806519, 2.0351884365081787]}