{"epoch": 15, "macroF1Rumor": 0.7173528630094317, "accRumor": 0.7983193277310925, "loss": 0.6451825499534607, "trainRumorAcc": [0.6374673141576391, 0.7009712364587225, 0.7418752334703026, 0.7669032499066119, 0.786701531565185, 0.8044452745610758, 0.8163989540530444, 0.8341426970489354, 0.8481509152035861, 0.8606649234217407, 0.8737392603660814, 0.8871871497945462, 0.8957788569293986, 0.905864774000747, 0.921180425849832, 0.9307060141949944, 0.9404183787822189, 0.9482629809488233, 0.9508778483376914, 0.9583488980201719, 0.9669406051550243, 0.9706761299962645, 0.9762794172581247, 0.9755323122898767, 0.980014942099365, 0.980388494583489, 0.981322375793799, 0.9859917818453493, 0.9874859917818454, 0.9901008591707134, 0.9901008591707134, 0.9901008591707134, 0.9910347403810236, 0.9921553978333956, 0.9914082928651475, 0.9915950691072095, 0.9934628315278297, 0.9947702652222637, 0.9936496077698916, 0.9947702652222637, 0.9964512514008218, 0.9955173701905118, 0.9953305939484498, 0.9953305939484498, 0.9968248038849459, 0.9960776989166978, 0.9958909226746357, 0.9977586850952559, 0.9953305939484498, 0.9985057900635039, 0.9966380276428838, 0.9977586850952559, 0.9975719088531939, 0.9971983563690698, 0.9975719088531939, 0.9971983563690698, 0.9971983563690698, 0.9986925663055659, 0.9977586850952559, 0.9986925663055659, 0.9970115801270079, 0.9981322375793799, 0.9981322375793799, 0.9985057900635039, 0.9988793425476279], "trainRumorF1": [0.24733901669480027, 0.4447011788208752, 0.5837396415179298, 0.6339576724220525, 0.6683569545236776, 0.6932896228852298, 0.7226936608768529, 0.7502762657815311, 0.7746304966521959, 0.7888053630047538, 0.8111871299057782, 0.835415101450121, 0.8475431632325362, 0.8624522604125457, 0.886269432589984, 0.9028977164204441, 0.9113033044966203, 0.9259472744258797, 0.9298293176595795, 0.9409059654533458, 0.9522343051766528, 0.9587712771370329, 0.9659802875692295, 0.9642756876562414, 0.9712041579737353, 0.9738821578519794, 0.9722016488381806, 0.9797184829814397, 0.9822255770108758, 0.9864111702904547, 0.9869517144119139, 0.985500966327314, 0.9875265549427237, 0.9888496845109401, 0.9874900735374051, 0.9874946198161942, 0.9904578711682674, 0.9920187385199837, 0.9912904646037055, 0.9922989644856807, 0.9952356780700324, 0.9936658652748845, 0.9924885015951792, 0.9928962606482588, 0.9944448459791033, 0.9943422548778349, 0.9941427521196277, 0.9967530293149762, 0.9935707740870818, 0.9982291973748925, 0.9958175077133926, 0.9974419927593683, 0.9968229407682939, 0.9960413373227128, 0.995949168788402, 0.9963463970588534, 0.9961458615801837, 0.9980501071385982, 0.9967928668050764, 0.9982370561159664, 0.9964476883749981, 0.997223451528382, 0.9975341785839628, 0.9976589454892952, 0.9987487644565634], "trainLoss": [0.995352029800415, 0.7842040657997131, 0.6686912775039673, 0.6075810194015503, 0.5635650157928467, 0.5178996920585632, 0.48346394300460815, 0.4468057155609131, 0.40773072838783264, 0.3804560899734497, 0.3414367735385895, 0.31514352560043335, 0.2877638339996338, 0.2588755488395691, 0.22740040719509125, 0.20246189832687378, 0.17216138541698456, 0.14431560039520264, 0.13396425545215607, 0.11744658648967743, 0.09547783434391022, 0.0841132327914238, 0.0719790831208229, 0.0695437490940094, 0.06307722628116608, 0.05536673218011856, 0.047974489629268646, 0.041061364114284515, 0.03747010603547096, 0.029003934934735298, 0.025803815573453903, 0.03148634359240532, 0.026099303737282753, 0.021401485428214073, 0.029284153133630753, 0.023722941055893898, 0.02247716300189495, 0.01270698755979538, 0.017552919685840607, 0.01717044971883297, 0.013990690931677818, 0.011798987165093422, 0.015503891743719578, 0.013591930270195007, 0.012881762348115444, 0.012463540770113468, 0.012833300046622753, 0.0065670739859342575, 0.015150249935686588, 0.007317967712879181, 0.008628210052847862, 0.008114690892398357, 0.007490964140743017, 0.009104984812438488, 0.010569209232926369, 0.008274211548268795, 0.0064285630360245705, 0.005465793889015913, 0.006306745577603579, 0.004143921658396721, 0.008057592436671257, 0.00599218625575304, 0.004709853325039148, 0.004289939533919096, 0.0032622460275888443], "testRumorAcc": [0.7366946778711485, 0.7852474323062558, 0.7983193277310925, 0.7936507936507936, 0.7861811391223156, 0.7833800186741363, 0.7861811391223156, 0.7861811391223156, 0.7871148459383753, 0.7861811391223156, 0.776844070961718, 0.7852474323062558, 0.7703081232492998], "testRumorF1": [0.6183441584954583, 0.6951166296026282, 0.7173528630094317, 0.7059824991331995, 0.6949513861875588, 0.6948806021771782, 0.6999330251033098, 0.7050177554633184, 0.7014839035040472, 0.6951511475058556, 0.6801886675508925, 0.703858106581202, 0.6657519150078071], "testLoss": [0.61937415599823, 0.5729415416717529, 0.6451825499534607, 0.8577728271484375, 1.0648560523986816, 1.3228240013122559, 1.4773143529891968, 1.4854209423065186, 1.5708227157592773, 1.6705387830734253, 1.9659219980239868, 1.8384416103363037, 2.1326255798339844]}