{"epoch": 15, "macroF1Rumor": 0.7020800265004349, "accRumor": 0.7889822595704948, "loss": 0.6506103277206421, "trainRumorAcc": [0.6387747478520732, 0.6961150541651102, 0.7334703025775121, 0.7654090399701158, 0.7751214045573404, 0.7915577138587971, 0.8050056032872619, 0.8197609264101606, 0.8358236832274935, 0.8472170339932761, 0.8686963018304071, 0.8728053791557714, 0.8890549122151662, 0.9053044452745611, 0.9120283899887934, 0.9191258871871498, 0.9316398954053045, 0.9404183787822189, 0.9462084422861412, 0.9557340306313037, 0.9587224505042958, 0.9650728427344042, 0.9708629062383265, 0.9768397459843108, 0.9798281658573029, 0.9775868509525588, 0.9831901382144191, 0.9843107956667911, 0.9893537542024654, 0.9886066492342174, 0.9889802017183414, 0.9891669779604034, 0.9901008591707134, 0.9932760552857677, 0.9923421740754576, 0.9955173701905118, 0.9929025028016436, 0.9942099364960777, 0.9943967127381397, 0.9951438177063877, 0.9966380276428838, 0.9942099364960777, 0.9945834889802018, 0.9949570414643257, 0.9957041464325738, 0.9953305939484498, 0.9971983563690698, 0.9953305939484498, 0.9977586850952559, 0.9962644751587598, 0.9977586850952559, 0.9971983563690698, 0.9975719088531939, 0.9964512514008218, 0.9964512514008218, 0.9960776989166978, 0.9966380276428838, 0.9985057900635039, 0.998319013821442, 0.9979454613373179, 0.9975719088531939, 0.9977586850952559, 0.9979454613373179, 0.999439671273814, 0.9986925663055659], "trainRumorF1": [0.2658398257140692, 0.4309598942756682, 0.5561224420161204, 0.6279407057135085, 0.6539826611299633, 0.6772105109862061, 0.7037512059659874, 0.7294166846647856, 0.7570184918739447, 0.7701820471916632, 0.8090108810412502, 0.8122907589812097, 0.8360920680397013, 0.8602634748012472, 0.8728712529076538, 0.8833057161826001, 0.900491193290661, 0.9151741543154289, 0.9230304580904622, 0.9367276849971329, 0.9402883067932677, 0.9498653057277635, 0.9619957130521009, 0.9668959558162703, 0.9701828107250315, 0.9680026125809982, 0.9754345301231716, 0.9773235886701778, 0.9847796655400686, 0.9844741642136146, 0.9849334071845104, 0.9842583504992576, 0.9859807410783211, 0.9908741380662436, 0.9881970612951811, 0.9933147372827298, 0.9896041028622118, 0.9914887336649754, 0.9924183980922026, 0.9923782796818447, 0.9951820577675854, 0.9910205293532602, 0.9917210596106426, 0.9925600285274048, 0.9936023407423324, 0.9929805239669593, 0.9959781968981525, 0.9934648409544622, 0.9963630673402899, 0.9948697952304647, 0.9964927818597538, 0.9959539575246211, 0.9964312114981775, 0.9948680314230585, 0.9951111315570531, 0.9955174541545544, 0.9949649973990968, 0.9976401780724206, 0.9978387621856051, 0.9968687357088812, 0.9966691846905926, 0.996832193619299, 0.9969995625934713, 0.9991887499690768, 0.9983977529551162], "trainLoss": [0.9777843356132507, 0.7906862497329712, 0.6923231482505798, 0.6205469369888306, 0.5824273228645325, 0.5438777208328247, 0.5115981698036194, 0.4725493788719177, 0.43451645970344543, 0.39643624424934387, 0.3631420433521271, 0.33830878138542175, 0.29353755712509155, 0.2632906436920166, 0.2473997324705124, 0.21475015580654144, 0.1880505383014679, 0.165589839220047, 0.14708270132541656, 0.12798979878425598, 0.11271703988313675, 0.0941590964794159, 0.08191768079996109, 0.07198638468980789, 0.0632266029715538, 0.05853014439344406, 0.05063242092728615, 0.0477481409907341, 0.033099815249443054, 0.03525316342711449, 0.0334918238222599, 0.029225699603557587, 0.02927444875240326, 0.024642175063490868, 0.022623807191848755, 0.015741614624857903, 0.021767234429717064, 0.020400702953338623, 0.017144232988357544, 0.012894909828901291, 0.014891606755554676, 0.020496651530265808, 0.016761669889092445, 0.014499908313155174, 0.011735750362277031, 0.012928526848554611, 0.008605311624705791, 0.014249379746615887, 0.006886126007884741, 0.011855239048600197, 0.006809242535382509, 0.008226378820836544, 0.009679663926362991, 0.011655407026410103, 0.01114865206182003, 0.00919309351593256, 0.009611899964511395, 0.006813912186771631, 0.0047488086856901646, 0.00786107499152422, 0.007727758027613163, 0.006064363289624453, 0.007130395621061325, 0.0027171378023922443, 0.0035681738518178463], "testRumorAcc": [0.7469654528478058, 0.765639589169001, 0.7889822595704948, 0.7740429505135388, 0.7749766573295985, 0.7637721755368814, 0.7637721755368814, 0.7787114845938375, 0.7777777777777778, 0.7852474323062558, 0.773109243697479, 0.7777777777777778, 0.7759103641456583], "testRumorF1": [0.6232653984157446, 0.6732277306011707, 0.7020800265004349, 0.691030646181168, 0.6825340533853166, 0.6655753025212449, 0.6721210500740176, 0.6917586399911594, 0.6829419525845026, 0.6921469130788053, 0.683291914666188, 0.6789078047438946, 0.6769003139213682], "testLoss": [0.628058135509491, 0.6065945625305176, 0.6506103277206421, 0.8516526818275452, 1.0937442779541016, 1.4150177240371704, 1.4706813097000122, 1.5251274108886719, 1.6574362516403198, 1.7549922466278076, 1.8042291402816772, 1.9417530298233032, 2.095963716506958]}