{"epoch": 15, "macroF1Rumor": 0.7100125726012316, "accRumor": 0.7908496732026143, "loss": 0.6105751991271973, "trainRumorAcc": [0.6320508031378409, 0.6946208442286141, 0.7392603660814344, 0.750653716847217, 0.7734404183787822, 0.7837131116921927, 0.7964138961524094, 0.8100485618229362, 0.8188270451998506, 0.8343294732909974, 0.84572282405678, 0.845162495330594, 0.8617855808741128, 0.8612252521479268, 0.8733657078819574, 0.8815838625326858, 0.8926036608143444, 0.8944714232349645, 0.905864774000747, 0.9105341800522974, 0.9144564811355995, 0.9256630556593202, 0.9265969368696302, 0.9305192379529323, 0.9333208815838625, 0.9316398954053045, 0.9441539036234591, 0.9454613373178932, 0.9490100859170714, 0.9536794919686216, 0.9534927157265596, 0.9576017930519238, 0.9581621217781098, 0.9652596189764662, 0.9682480388494583, 0.9671273813970863, 0.9704893537542024, 0.9716100112065745, 0.9745984310795667, 0.9697422487859544, 0.9760926410160627, 0.9753455360478147, 0.9749719835636907, 0.9757190885319388, 0.9745984310795667, 0.981882704519985, 0.9787075084049309, 0.9835636906985431, 0.9843107956667911, 0.9831901382144191, 0.982069480762047, 0.9850579006350392, 0.9858050056032872, 0.9859917818453493, 0.9891669779604034, 0.9897273066865895, 0.9910347403810236, 0.9893537542024654, 0.9880463205080314, 0.9887934254762795, 0.9912215166230856, 0.9899140829286515, 0.9910347403810236, 0.9914082928651475, 0.9932760552857677], "trainRumorF1": [0.22083208282519795, 0.4247195920855621, 0.5671577678827414, 0.604700728462147, 0.6505199806640992, 0.6671553009041766, 0.6878399810572626, 0.7130091498610573, 0.7279283153274843, 0.7498603797944293, 0.7700248260821763, 0.768429975806283, 0.7972835843405487, 0.7953952604988843, 0.8125651591698125, 0.8265721961433417, 0.8443958228677066, 0.8456621745021824, 0.8605324292487826, 0.8715538639871362, 0.8737419255730459, 0.8906145199663322, 0.8952106855939943, 0.89768492505989, 0.9018007189491972, 0.9001114109798116, 0.9164324810616703, 0.9183941324161485, 0.9252438873920203, 0.9314044943938719, 0.9315627535950777, 0.9357096736390771, 0.9373070929611267, 0.9516229664662177, 0.951818274638789, 0.9530752015851728, 0.9574323621013399, 0.9584896996900629, 0.9634883972772128, 0.9546242957359526, 0.9630814363529864, 0.9642518495930934, 0.9631563478268854, 0.9635269383285909, 0.9632511264341697, 0.974823924298053, 0.9690759031699309, 0.9750686228501678, 0.9764997180731623, 0.976984508655159, 0.9721475749576745, 0.9780830373315597, 0.977644070943309, 0.9787119822667059, 0.9844111599952825, 0.985643791175193, 0.9873365556768766, 0.9838582015117103, 0.9817954965550685, 0.9837812222158746, 0.9859635368680661, 0.9855628666227358, 0.9868638536869325, 0.9862459103922628, 0.9901161526378109], "trainLoss": [1.011423945426941, 0.8105670809745789, 0.7002333402633667, 0.6410980224609375, 0.5992534756660461, 0.5648449659347534, 0.5326282382011414, 0.5055747032165527, 0.4744071662425995, 0.45113450288772583, 0.42325490713119507, 0.41666924953460693, 0.3764248788356781, 0.368437796831131, 0.3430948257446289, 0.3216586410999298, 0.30342546105384827, 0.28118789196014404, 0.26455700397491455, 0.25334087014198303, 0.22875511646270752, 0.21096457540988922, 0.2046796977519989, 0.1959226131439209, 0.18140511214733124, 0.18528147041797638, 0.15583986043930054, 0.15390323102474213, 0.13918137550354004, 0.13038137555122375, 0.127522811293602, 0.11481454223394394, 0.11069358885288239, 0.09520331025123596, 0.08942154049873352, 0.09298381954431534, 0.08832109719514847, 0.08293125033378601, 0.07499061524868011, 0.07894464582204819, 0.0688672587275505, 0.07018443197011948, 0.06955433636903763, 0.06649315357208252, 0.06595797091722488, 0.053873252123594284, 0.05647549778223038, 0.048027459532022476, 0.0467192642390728, 0.04696652665734291, 0.05234825983643532, 0.04010748490691185, 0.040889348834753036, 0.04054749757051468, 0.03408506512641907, 0.032338421791791916, 0.0281755980104208, 0.027409881353378296, 0.03797941654920578, 0.03433596342802048, 0.025785094127058983, 0.029217438772320747, 0.026956144720315933, 0.022943921387195587, 0.02215154469013214], "testRumorAcc": [0.7394957983193278, 0.7759103641456583, 0.7908496732026143, 0.776844070961718, 0.780578898225957, 0.7684407096171803, 0.7647058823529411, 0.7581699346405228, 0.7637721755368814, 0.765639589169001, 0.7516339869281046, 0.765639589169001, 0.7609710550887021], "testRumorF1": [0.6248625004711055, 0.6717513147658487, 0.7100125726012316, 0.7007020502397614, 0.7007439236988934, 0.6801213312400701, 0.6787891192402196, 0.6613305314849123, 0.6666742674307563, 0.6648994481533117, 0.6484435635725097, 0.6779525024586119, 0.6735337082208296], "testLoss": [0.6426658630371094, 0.5937637090682983, 0.6105751991271973, 0.68866366147995, 0.8132045865058899, 0.9770053029060364, 1.1492558717727661, 1.2700223922729492, 1.3801950216293335, 1.4521404504776, 1.589202880859375, 1.7191696166992188, 1.8177448511123657]}