{"epoch": 25, "macroF1Rumor": 0.6985210867400315, "accRumor": 0.7777777777777778, "loss": 0.8217002153396606, "trainRumorAcc": [0.6382144191258872, 0.7007844602166604, 0.7387000373552484, 0.7599925289503175, 0.7764288382517743, 0.7889428464699291, 0.8068733657078819, 0.8163989540530444, 0.8227493462831528, 0.8324617108703772, 0.8408666417631677, 0.8545013074336945, 0.8587971610011207, 0.8742995890922675, 0.8767276802390735, 0.885506163615988, 0.8931639895405304, 0.9026895778856929, 0.9054912215166231, 0.9110945087784834, 0.9191258871871498, 0.9273440418378782, 0.9301456854688084, 0.9368696301830407, 0.9402316025401569, 0.940978707508405, 0.943593574897273, 0.9490100859170714, 0.9566679118416137, 0.9533059394844976, 0.9602166604407919, 0.9598431079566679, 0.9645125140082181, 0.963205080313784, 0.9693686963018304, 0.9695554725438924, 0.9719835636906985, 0.9688083675756444, 0.9768397459843108, 0.9781471796787449, 0.9738513261113186, 0.9788942846469929, 0.9796413896152409, 0.9787075084049309, 0.9798281658573029, 0.981322375793799, 0.980575270825551, 0.9839372431826672, 0.9858050056032872, 0.9884198729921554, 0.9865521105715352, 0.9837504669406052, 0.9848711243929772, 0.9878595442659693, 0.9872992155397834, 0.9880463205080314, 0.9889802017183414, 0.9882330967500934, 0.9902876354127755, 0.9893537542024654, 0.9899140829286515, 0.9887934254762795, 0.9923421740754576, 0.9895405304445275, 0.9923421740754576, 0.9912215166230856, 0.9938363840119537, 0.9917818453492716, 0.9929025028016436, 0.9934628315278297, 0.9921553978333956, 0.9919686215913336, 0.9927157265595816, 0.9943967127381397, 0.9949570414643257], "trainRumorF1": [0.2518221974898144, 0.4473816811780336, 0.5755701424712143, 0.6225774255165957, 0.653250125326359, 0.6770641249149968, 0.7059676694640566, 0.7231980027614537, 0.732836832977163, 0.7502259775714937, 0.7678986333813004, 0.7847498874726618, 0.7947080446741059, 0.8180303032590156, 0.820558010903582, 0.8328901223598105, 0.8448825889353184, 0.8586502307600379, 0.8633430952617442, 0.8709288364376918, 0.8852688076645033, 0.8944893407588301, 0.9025189009268095, 0.9080289884780536, 0.9135380042953339, 0.9160804646172109, 0.9217277530980137, 0.9257981463282127, 0.9370732742752133, 0.9341587826861195, 0.9403382346109139, 0.941240559267351, 0.9498353153881907, 0.9457954764333816, 0.9538956730168188, 0.9568242583643725, 0.9601257150215248, 0.9543199302550254, 0.9667142588926136, 0.9696172669127892, 0.9614099762487436, 0.9706178707827439, 0.9711827584436805, 0.9699746109554568, 0.970511942810069, 0.9730235105251444, 0.9721972980402673, 0.9776118883430027, 0.9790133165137056, 0.982864116715014, 0.9807194503573782, 0.9768539117074114, 0.9773673977721318, 0.9826489460893044, 0.9808248781352418, 0.9830247981151485, 0.9843770257140273, 0.9816398478854682, 0.9863646078925019, 0.9855521315841651, 0.985784312675985, 0.9839540969131371, 0.9879874586203349, 0.985438798163936, 0.9893818890750724, 0.9873521726735381, 0.9913830790299651, 0.9884314409712742, 0.9894169854799322, 0.9908711058934444, 0.9888977193830408, 0.9881123881347653, 0.989772115862231, 0.9912855194037875, 0.9926189725687582], "trainLoss": [0.981776773929596, 0.7880324125289917, 0.6941319704055786, 0.6276323795318604, 0.5890995264053345, 0.5521628260612488, 0.5153671503067017, 0.48476752638816833, 0.46258389949798584, 0.43512946367263794, 0.4104223847389221, 0.38577744364738464, 0.36334121227264404, 0.33031800389289856, 0.32263970375061035, 0.30540114641189575, 0.2799876630306244, 0.26459455490112305, 0.24965360760688782, 0.2311926782131195, 0.22111660242080688, 0.20535330474376678, 0.19169189035892487, 0.17781680822372437, 0.16405798494815826, 0.16094271838665009, 0.1576167345046997, 0.1429368555545807, 0.13085459172725677, 0.13025328516960144, 0.11519875377416611, 0.11074496805667877, 0.10115741938352585, 0.10304013639688492, 0.08814065158367157, 0.08260346204042435, 0.07953855395317078, 0.08757440745830536, 0.07023102790117264, 0.06491349637508392, 0.0706617534160614, 0.0655851662158966, 0.06485845893621445, 0.061785854399204254, 0.05796320363879204, 0.04999236762523651, 0.05526363477110863, 0.046085868030786514, 0.04114387929439545, 0.0338761992752552, 0.03683014586567879, 0.04553244635462761, 0.04551594704389572, 0.03557533025741577, 0.039078742265701294, 0.03202131763100624, 0.03212008997797966, 0.03367176651954651, 0.028170326724648476, 0.03191884234547615, 0.029336584731936455, 0.030316097661852837, 0.022899048402905464, 0.028096923604607582, 0.0281636044383049, 0.025478459894657135, 0.020285390317440033, 0.026595352217555046, 0.01976804807782173, 0.019493773579597473, 0.026887426152825356, 0.02351183257997036, 0.020438484847545624, 0.017136085778474808, 0.016164664179086685], "testRumorAcc": [0.7525676937441643, 0.7609710550887021, 0.7675070028011205, 0.7852474323062558, 0.7777777777777778, 0.7861811391223156, 0.7889822595704948, 0.7871148459383753, 0.7712418300653595, 0.7749766573295985, 0.7749766573295985, 0.7619047619047619, 0.7703081232492998, 0.7777777777777778, 0.7581699346405228], "testRumorF1": [0.6508891858367721, 0.6725027795392473, 0.6823414877413411, 0.6981961402663599, 0.6985210867400315, 0.6924784868618332, 0.6975808627693968, 0.6961393918709174, 0.6679053679196774, 0.6750091961390001, 0.6840750912252977, 0.6589325195232234, 0.6780158744417484, 0.6791637482582615, 0.667884811294601], "testLoss": [0.624417781829834, 0.6109838485717773, 0.6054254174232483, 0.732125997543335, 0.8217002153396606, 0.9851678609848022, 1.122901439666748, 1.2666668891906738, 1.3656013011932373, 1.5105398893356323, 1.5795693397521973, 1.7117704153060913, 1.6982885599136353, 1.9894075393676758, 1.94138503074646]}