{"epoch": 20, "macroF1Rumor": 0.7066980527823689, "accRumor": 0.7945845004668534, "loss": 0.6400768756866455, "trainRumorAcc": [0.6285020545386627, 0.6791184161374673, 0.7168472170339932, 0.7530818079940231, 0.7635412775494957, 0.7837131116921927, 0.7917444901008591, 0.7988419872992155, 0.8059394844975719, 0.826298094882331, 0.8358236832274935, 0.8440418378782218, 0.8470302577512141, 0.8623459096002989, 0.865707881957415, 0.8757937990287635, 0.8877474785207322, 0.8903623459096003, 0.8993276055285767, 0.9118416137467314, 0.9114680612626074, 0.9217407545760179, 0.9280911468061263, 0.9269704893537543, 0.9355621964886066, 0.940791931266343, 0.9450877848337691, 0.9512514008218155, 0.9508778483376914, 0.9523720582741875, 0.9564811355995517, 0.9574150168098617, 0.9581621217781098, 0.9630183040717221, 0.9652596189764662, 0.9680612626073963, 0.9716100112065745, 0.9704893537542024, 0.9732909973851326, 0.9766529697422488, 0.9770265222263728, 0.9759058647740008, 0.9790810608890549, 0.9762794172581247, 0.980014942099365, 0.980388494583489, 0.980575270825551, 0.9854314531191632, 0.9858050056032872, 0.9835636906985431, 0.9835636906985431, 0.9880463205080314, 0.9876727680239074, 0.9886066492342174, 0.9874859917818454, 0.9867388868135973, 0.9929025028016436, 0.9872992155397834, 0.9899140829286515, 0.9889802017183414, 0.9919686215913336, 0.9921553978333956, 0.9893537542024654, 0.9887934254762795, 0.9932760552857677, 0.9919686215913336, 0.9906611878968995, 0.9938363840119537, 0.9899140829286515, 0.9917818453492716], "trainRumorF1": [0.205759250883326, 0.39047181358123484, 0.5095627855843865, 0.6003397714779226, 0.6203256980241635, 0.6593517087034624, 0.6727217117368529, 0.689672928028342, 0.7016945186048396, 0.7306147405733984, 0.7499858822725175, 0.7669619111792164, 0.7718345207087407, 0.7962495568354093, 0.8006277153498849, 0.8181915129331956, 0.8332736406410141, 0.8358346482923905, 0.8501754276818607, 0.8711977482673506, 0.8685057670658869, 0.8846959256183087, 0.8958016091100522, 0.8922791284094471, 0.9039969357703612, 0.9120972916386805, 0.9208569973772313, 0.9265305611383903, 0.9265854344133904, 0.9271285720324318, 0.9342357224377413, 0.9361245176915235, 0.9394919099148274, 0.9463022754562708, 0.9488739844838412, 0.9505055470698909, 0.9576222227692339, 0.9572221304126979, 0.9595114346821856, 0.9675479385766972, 0.9645573020448789, 0.9651160020475499, 0.9699910133197547, 0.9654612604641084, 0.9685698957220854, 0.9706875656181058, 0.9695226065671538, 0.9789449058218395, 0.9806481028343325, 0.9757828697566517, 0.9749191197830585, 0.9820710077573451, 0.981683325219816, 0.9831350511736983, 0.9820114327800422, 0.9795763276810682, 0.9897130388963504, 0.9817392187579749, 0.9852823469645368, 0.9838439462359141, 0.9883022652347534, 0.9874934240443834, 0.9838594315355893, 0.9834335642326485, 0.9888681689188029, 0.9876993417627565, 0.9845040770790842, 0.9910964155714401, 0.9854078823052624, 0.987658286692865], "trainLoss": [1.0385510921478271, 0.8532926440238953, 0.7464444041252136, 0.6689416766166687, 0.6253108978271484, 0.5821434855461121, 0.5570263862609863, 0.5295459032058716, 0.4961877763271332, 0.4623236060142517, 0.44657599925994873, 0.4122963845729828, 0.39656132459640503, 0.37333789467811584, 0.35360923409461975, 0.33692795038223267, 0.3126768171787262, 0.2955808937549591, 0.2736831307411194, 0.25423839688301086, 0.247791588306427, 0.22061167657375336, 0.2094338834285736, 0.19801847636699677, 0.17403003573417664, 0.17170478403568268, 0.16081786155700684, 0.14476452767848969, 0.14154371619224548, 0.1390850991010666, 0.12693628668785095, 0.12049662321805954, 0.120430588722229, 0.10217566043138504, 0.0980982705950737, 0.09076236933469772, 0.08470027893781662, 0.08522708714008331, 0.07426469027996063, 0.06964612752199173, 0.06845101714134216, 0.0696324035525322, 0.0670495331287384, 0.06590534001588821, 0.05538100004196167, 0.05707385018467903, 0.05153468996286392, 0.045189034193754196, 0.04291986674070358, 0.051750604063272476, 0.04946001246571541, 0.037186797708272934, 0.04079880937933922, 0.035020872950553894, 0.034217286854982376, 0.03848493471741676, 0.029506636783480644, 0.03651167079806328, 0.026224173605442047, 0.03285744786262512, 0.028502926230430603, 0.02535603567957878, 0.03261368349194527, 0.028427159413695335, 0.02435828372836113, 0.026903551071882248, 0.026316553354263306, 0.020272551104426384, 0.029370414093136787, 0.022155366837978363], "testRumorAcc": [0.734827264239029, 0.7759103641456583, 0.7871148459383753, 0.7945845004668534, 0.7899159663865546, 0.7843137254901961, 0.780578898225957, 0.776844070961718, 0.776844070961718, 0.7740429505135388, 0.76937441643324, 0.7684407096171803, 0.765639589169001, 0.7581699346405228], "testRumorF1": [0.6177185825697765, 0.6792191026451205, 0.6975223775661015, 0.7066980527823689, 0.7029977741891096, 0.7061489054524803, 0.7061938610085111, 0.6828650780625537, 0.6747282266252916, 0.6758366636891873, 0.6646880887146919, 0.6711293632003932, 0.6800256328888851, 0.6638223237099641], "testLoss": [0.6510282754898071, 0.5760125517845154, 0.5774388313293457, 0.6400768756866455, 0.7492893934249878, 0.8506190776824951, 1.0011154413223267, 1.1363974809646606, 1.2945877313613892, 1.319832682609558, 1.4535516500473022, 1.4876129627227783, 1.5679553747177124, 1.617634892463684]}