{"epoch": 10, "macroF1Rumor": 0.6932748162677116, "accRumor": 0.7777777777777778, "loss": 0.5763179659843445, "trainRumorAcc": [0.6281285020545386, 0.6679118416137467, 0.7228240567799776, 0.7538289129622712, 0.7661561449383638, 0.7822189017556966, 0.7951064624579753, 0.8057527082555099, 0.8160254015689204, 0.8289129622711991, 0.8307807246918192, 0.8470302577512141, 0.8513261113186402, 0.8593574897273066, 0.8677624206200971, 0.8754202465446396, 0.8800896525961898, 0.8881210310048562, 0.8950317519611506, 0.9026895778856929, 0.9090399701158013, 0.9185655584609638, 0.9206200971236459, 0.9279043705640643, 0.9325737766156145, 0.9333208815838625, 0.9404183787822189, 0.9441539036234591, 0.9463952185282032, 0.9527456107583115, 0.9546133731789317, 0.9546133731789317, 0.9576017930519238, 0.9600298841987299, 0.963205080313784, 0.9691819200597684, 0.9678744863653344, 0.9669406051550243, 0.9729174449010086, 0.9721703399327606, 0.9747852073216287, 0.9790810608890549, 0.9774000747104968, 0.9745984310795667, 0.980388494583489, 0.980388494583489, 0.980762047067613, 0.980388494583489, 0.9835636906985431, 0.9830033619723572, 0.9833769144564811, 0.9833769144564811, 0.9874859917818454, 0.9874859917818454, 0.9861785580874113, 0.9878595442659693, 0.9844975719088532, 0.9878595442659693, 0.9882330967500934, 0.9889802017183414], "trainRumorF1": [0.19453745515004942, 0.36279654364065356, 0.535963474189981, 0.6032479381705993, 0.6359141133650402, 0.6623846497604418, 0.6867714541898295, 0.7026820652949006, 0.7238019073269623, 0.7450833625662301, 0.7449124424217506, 0.774413994729525, 0.7811718502229001, 0.794069716604152, 0.8029939758814956, 0.8162784558320156, 0.8236129924935234, 0.8369839866444306, 0.8446658423036898, 0.8568854307360708, 0.8671513393310176, 0.8824126516097687, 0.883026723239939, 0.895641569142847, 0.9028865844456981, 0.9040621447135265, 0.9135318623379897, 0.921881206869162, 0.9231654598664334, 0.9305764649830464, 0.9355312871973382, 0.9327776577998167, 0.9388520968790974, 0.942054407107999, 0.946220879962458, 0.9537281689292232, 0.9542831593884422, 0.9521610486007717, 0.9631786015189268, 0.960324881594569, 0.9634604828652757, 0.9716564124733202, 0.9673495003225421, 0.9639021252527795, 0.9716262025638048, 0.9712820670918584, 0.9714832382851041, 0.97117460918665, 0.9770028310634541, 0.9748447501121604, 0.9772648253214914, 0.9775263141897581, 0.9810514818584979, 0.9813495042002429, 0.9803276347375303, 0.982249019099172, 0.9774891976722219, 0.982161364238407, 0.9826466891032988, 0.9849996304978933], "trainLoss": [1.0470995903015137, 0.8706971406936646, 0.7260570526123047, 0.6505321860313416, 0.6121476888656616, 0.5635393261909485, 0.5455945730209351, 0.5195418000221252, 0.49044495820999146, 0.4710361957550049, 0.4534764587879181, 0.4136331379413605, 0.39464643597602844, 0.3799882233142853, 0.3530080318450928, 0.332804799079895, 0.3157959580421448, 0.3062613308429718, 0.28455954790115356, 0.26343318819999695, 0.24697132408618927, 0.23027938604354858, 0.2145681530237198, 0.2004760354757309, 0.1822502762079239, 0.17141610383987427, 0.1667737513780594, 0.1550678163766861, 0.14713643491268158, 0.13112278282642365, 0.13029803335666656, 0.12358327955007553, 0.11533452570438385, 0.1069425716996193, 0.10405676811933517, 0.09756305068731308, 0.09155865013599396, 0.09344156086444855, 0.08007842302322388, 0.08165533095598221, 0.0717281922698021, 0.06333765387535095, 0.06340897083282471, 0.07296469807624817, 0.055157292634248734, 0.05458410829305649, 0.05445633828639984, 0.05381959676742554, 0.04446859657764435, 0.04514783248305321, 0.04949188604950905, 0.04560573026537895, 0.036902908235788345, 0.03740737959742546, 0.040866877883672714, 0.03812257945537567, 0.038682837039232254, 0.037614453583955765, 0.03330806642770767, 0.03236785903573036], "testRumorAcc": [0.7535014005602241, 0.7777777777777778, 0.7852474323062558, 0.7843137254901961, 0.7871148459383753, 0.7852474323062558, 0.773109243697479, 0.7749766573295985, 0.7796451914098973, 0.7712418300653595, 0.7675070028011205, 0.7740429505135388], "testRumorF1": [0.6292326822852377, 0.6932748162677116, 0.6802467135760599, 0.689251348406508, 0.6900711754369129, 0.689570767074646, 0.690607753512358, 0.677536374511413, 0.6760541660632976, 0.6795116778303405, 0.653522504467853, 0.665788708358766], "testLoss": [0.6116895079612732, 0.5763179659843445, 0.6040826439857483, 0.6577425599098206, 0.7454129457473755, 0.8998797535896301, 1.0142288208007812, 1.100978136062622, 1.2842588424682617, 1.2811915874481201, 1.4863533973693848, 1.5337069034576416]}