{"epoch": 20, "macroF1Rumor": 0.7259566128239834, "accRumor": 0.7945845004668534, "loss": 0.6117338538169861, "trainRumorAcc": [0.636159880463205, 0.6850952558834517, 0.7271199103474039, 0.7469181920059769, 0.7665296974224879, 0.7814717967874486, 0.7997758685095255, 0.8117295480014942, 0.8220022413149047, 0.8300336197235711, 0.8421740754576018, 0.8492715726559582, 0.8531938737392604, 0.8668285394097871, 0.8718714979454614, 0.8812103100485619, 0.8864400448262981, 0.8890549122151662, 0.8970862906238326, 0.903436682853941, 0.9097870750840493, 0.9146432573776616, 0.92286141202839, 0.9295853567426223, 0.9335076578259246, 0.9366828539409787, 0.9379902876354128, 0.9441539036234591, 0.9467687710123273, 0.9519985057900635, 0.9527456107583115, 0.9581621217781098, 0.9602166604407919, 0.9609637654090399, 0.961337317893164, 0.963205080313784, 0.9646992902502801, 0.9688083675756444, 0.9689951438177064, 0.9680612626073963, 0.9712364587224505, 0.979454613373179, 0.9747852073216287, 0.9768397459843108, 0.9760926410160627, 0.9783339559208069, 0.9783339559208069, 0.9816959282779231, 0.9830033619723572, 0.980948823309675, 0.9815091520358611, 0.9850579006350392, 0.9863653343294733, 0.9846843481509152, 0.9854314531191632, 0.9856182293612252, 0.9887934254762795, 0.9880463205080314, 0.9919686215913336, 0.9887934254762795, 0.9856182293612252, 0.9899140829286515, 0.9893537542024654, 0.9910347403810236, 0.9929025028016436, 0.9912215166230856, 0.9904744116548375, 0.9895405304445275, 0.9910347403810236, 0.9930892790437056], "trainRumorF1": [0.246765719554771, 0.40518291227996067, 0.5399722792502621, 0.5956490493506714, 0.6311678668069207, 0.6605305919459095, 0.6918309639489686, 0.7107713952083237, 0.7302404743142045, 0.7408773339469956, 0.7643316235887092, 0.7726488187686918, 0.7810656506347557, 0.8025697517871184, 0.8105806820438192, 0.8253322412343975, 0.8290837825675541, 0.8359998930162855, 0.8469367986224826, 0.8573590788626138, 0.8669225823463227, 0.8737534311640174, 0.8857462921725197, 0.8968028391279721, 0.9040114608085639, 0.9038012925051041, 0.9063789545106613, 0.9172933464449069, 0.921518924331422, 0.9308681255851238, 0.9323447714889124, 0.9394833467468793, 0.9412765137621263, 0.9421145815053567, 0.9429545013124525, 0.947690371004598, 0.9495445700975675, 0.9527142982261201, 0.9549636462826165, 0.9516428366822844, 0.9575498712063187, 0.9710096810276062, 0.9626589894316513, 0.9659832691820635, 0.9651171025181263, 0.9681852429015945, 0.9667541142268437, 0.9730150087108201, 0.9755058040901323, 0.9718941931047708, 0.9721460796538904, 0.9783507951414632, 0.9790600619901078, 0.9775322044122602, 0.9775078241137105, 0.9777324407737603, 0.9843651788888274, 0.9822741190968639, 0.9891716460378431, 0.9838099862813239, 0.9780258551631322, 0.9857499017070105, 0.9838104131902813, 0.9874250423958425, 0.9887190071486314, 0.9877605288445324, 0.9852646767723081, 0.9844328228167193, 0.9863377426113358, 0.9893160354908871], "trainLoss": [0.9928588271141052, 0.8245506286621094, 0.7240687012672424, 0.6621600389480591, 0.6118358373641968, 0.5697360634803772, 0.5347086787223816, 0.5000404715538025, 0.47704166173934937, 0.4498401880264282, 0.43115025758743286, 0.4075470566749573, 0.3971002995967865, 0.36770033836364746, 0.35363271832466125, 0.33130842447280884, 0.3172973692417145, 0.3004845976829529, 0.28102433681488037, 0.25932472944259644, 0.2513752579689026, 0.22486485540866852, 0.21263039112091064, 0.2061130553483963, 0.18398109078407288, 0.17916734516620636, 0.1747841089963913, 0.16157019138336182, 0.15469598770141602, 0.1419161856174469, 0.13204032182693481, 0.12157680094242096, 0.1118139922618866, 0.11578983068466187, 0.10509771853685379, 0.10321234166622162, 0.09774951636791229, 0.09148415178060532, 0.09322944283485413, 0.0886816754937172, 0.07727174460887909, 0.06505052745342255, 0.06669390946626663, 0.06584574282169342, 0.06747071444988251, 0.058484602719545364, 0.058694690465927124, 0.05249679088592529, 0.05277558043599129, 0.05357228219509125, 0.051975980401039124, 0.042503345757722855, 0.043152764439582825, 0.04266944155097008, 0.040640633553266525, 0.03942963108420372, 0.03557615727186203, 0.03729240596294403, 0.030678987503051758, 0.03073926270008087, 0.04290591925382614, 0.032936833798885345, 0.03146985545754433, 0.027929255738854408, 0.02478189207613468, 0.023782774806022644, 0.028649859130382538, 0.03002748265862465, 0.025653943419456482, 0.02102169208228588], "testRumorAcc": [0.746031746031746, 0.776844070961718, 0.7852474323062558, 0.7945845004668534, 0.7992530345471522, 0.7852474323062558, 0.7833800186741363, 0.7777777777777778, 0.7759103641456583, 0.7665732959850607, 0.7525676937441643, 0.7637721755368814, 0.7544351073762838, 0.7619047619047619], "testRumorF1": [0.6124285907117774, 0.694300584557363, 0.7048464205669703, 0.7259566128239834, 0.7216471907185008, 0.6969820501452867, 0.6854265995162958, 0.689641176363343, 0.6903476084714212, 0.6651219635166202, 0.663524037515488, 0.6638510168536, 0.6524705519275606, 0.675168196043822], "testLoss": [0.6340845823287964, 0.5655019283294678, 0.5682144165039062, 0.6117338538169861, 0.6932899951934814, 0.8159363269805908, 0.9757211208343506, 0.9825105667114258, 1.098461627960205, 1.2621756792068481, 1.3152331113815308, 1.3780487775802612, 1.4683837890625, 1.5352507829666138]}