{"epoch": 20, "macroF1Rumor": 0.7036461087719745, "accRumor": 0.7880485527544351, "loss": 0.7770398259162903, "trainRumorAcc": [0.6376540903997011, 0.6968621591333582, 0.7437429958909226, 0.7607396339185656, 0.7794172581247665, 0.7958535674262234, 0.8055659320134478, 0.8257377661561449, 0.8317146059021292, 0.8492715726559582, 0.8580500560328727, 0.8703772880089653, 0.8898020171834142, 0.8959656331714606, 0.903623459096003, 0.9155771385879716, 0.9241688457228241, 0.9338812103100486, 0.942099364960777, 0.9533059394844976, 0.9566679118416137, 0.9628315278296601, 0.9646992902502801, 0.9712364587224505, 0.9757190885319388, 0.9775868509525588, 0.981135599551737, 0.9839372431826672, 0.9839372431826672, 0.9848711243929772, 0.9854314531191632, 0.9886066492342174, 0.9902876354127755, 0.9914082928651475, 0.9902876354127755, 0.9910347403810236, 0.9940231602540157, 0.9932760552857677, 0.9932760552857677, 0.9947702652222637, 0.9930892790437056, 0.9943967127381397, 0.9955173701905118, 0.9949570414643257, 0.9981322375793799, 0.9957041464325738, 0.9942099364960777, 0.9973851326111318, 0.9966380276428838, 0.9962644751587598, 0.9977586850952559, 0.9977586850952559, 0.9966380276428838, 0.9958909226746357, 0.9975719088531939, 0.9975719088531939, 0.9979454613373179, 0.998319013821442, 0.9973851326111318, 0.998319013821442, 0.99906611878969, 0.9968248038849459, 0.9973851326111318, 0.9975719088531939, 0.9981322375793799, 0.9979454613373179, 0.998319013821442, 0.9977586850952559, 0.9981322375793799, 0.99906611878969], "trainRumorF1": [0.25188546229698844, 0.432185414318705, 0.5705624442802278, 0.611485391149326, 0.6551094487563767, 0.683947764856571, 0.7033340380648763, 0.7351466843978914, 0.7477663073221819, 0.7768550875503715, 0.7928833676049498, 0.8092654655058158, 0.8382304711093561, 0.8506005722816765, 0.8587899649001739, 0.8791048506238541, 0.8910118250742745, 0.9045197529636286, 0.9167703896374186, 0.9323166328955752, 0.9368281720136541, 0.9466311075869435, 0.949003615041121, 0.9587500174007978, 0.9659961769218369, 0.968243133120742, 0.9734813584121633, 0.978268670428127, 0.9783061097269057, 0.9775669282626843, 0.9791979212778853, 0.9836544870466695, 0.9858631962091846, 0.98901375720555, 0.985867119526745, 0.9869744569089562, 0.9920244380743003, 0.9903724702665132, 0.9900212721088296, 0.992825685048143, 0.9909901134493844, 0.9927719186738443, 0.993203632370017, 0.9930638641659736, 0.9970445033340856, 0.9938535266705714, 0.9910020533484941, 0.995687750525938, 0.9954732500073992, 0.9942725679929532, 0.9970084088931511, 0.9968463869699891, 0.9957925206277817, 0.9940813646518549, 0.9966951324841384, 0.9966236966579829, 0.9964910857012046, 0.9973002228199995, 0.9961855107037947, 0.9975284524922157, 0.9985915557682281, 0.9948374228423846, 0.9966145179469079, 0.996144809121889, 0.9974131811475594, 0.9972343194021187, 0.9976263139363954, 0.9973566496639381, 0.9971311071706923, 0.9987301813047481], "trainLoss": [0.9902538061141968, 0.7906781435012817, 0.6846486926078796, 0.6329081058502197, 0.5806094408035278, 0.5480498671531677, 0.5083481073379517, 0.4786105751991272, 0.4446517825126648, 0.4038712978363037, 0.3759176433086395, 0.34641751646995544, 0.3082822561264038, 0.27917468547821045, 0.2569248676300049, 0.23685631155967712, 0.213406041264534, 0.18189796805381775, 0.16301095485687256, 0.14271004498004913, 0.1260993629693985, 0.10980338603258133, 0.10191218554973602, 0.08410986512899399, 0.07134853303432465, 0.06589234620332718, 0.055039823055267334, 0.04909732937812805, 0.049855560064315796, 0.04328291490674019, 0.04416240006685257, 0.032714467495679855, 0.030462559312582016, 0.026813294738531113, 0.029550723731517792, 0.026859913021326065, 0.021368231624364853, 0.02527841553092003, 0.0185661893337965, 0.016910307109355927, 0.023732569068670273, 0.015802862122654915, 0.01276529859751463, 0.017048129811882973, 0.009263435378670692, 0.011005968786776066, 0.013593706302344799, 0.009823332540690899, 0.009536748751997948, 0.008570332080125809, 0.0061889709904789925, 0.0074300942942500114, 0.00910231377929449, 0.011780714616179466, 0.009616978466510773, 0.008977469988167286, 0.0070640044286847115, 0.007975148968398571, 0.009974268265068531, 0.004686275031417608, 0.00450828718021512, 0.007343916688114405, 0.008370424620807171, 0.006632441189140081, 0.004428880289196968, 0.007576533127576113, 0.004400160629302263, 0.006347556132823229, 0.005499992985278368, 0.003155246376991272], "testRumorAcc": [0.7488328664799253, 0.7675070028011205, 0.7815126050420168, 0.7880485527544351, 0.7740429505135388, 0.7787114845938375, 0.7796451914098973, 0.7796451914098973, 0.7759103641456583, 0.7815126050420168, 0.7871148459383753, 0.773109243697479, 0.7712418300653595, 0.7721755368814193], "testRumorF1": [0.6293575991270525, 0.6685794618115091, 0.6972454393012915, 0.7036461087719745, 0.6891253725746393, 0.6991836052116586, 0.6846028594523348, 0.6856383780387159, 0.6744511924953513, 0.676175274791446, 0.7036105074355055, 0.6633867635608347, 0.6680032859861301, 0.6846217264603855], "testLoss": [0.6310898661613464, 0.5897315144538879, 0.6338084936141968, 0.7770398259162903, 0.9530788064002991, 1.1352580785751343, 1.3276921510696411, 1.3833377361297607, 1.5789144039154053, 1.7082687616348267, 1.6518304347991943, 1.9632964134216309, 1.9323810338974, 1.8906118869781494]}