{"epoch": 10, "macroF1Rumor": 0.6928464589155974, "accRumor": 0.7852474323062558, "loss": 0.5572341084480286, "trainRumorAcc": [0.6443780351139335, 0.6974224878595443, 0.7398206948076205, 0.7607396339185656, 0.7788569293985805, 0.7960403436682854, 0.808180799402316, 0.827231976092641, 0.8418005229734777, 0.8477773627194621, 0.864774000747105, 0.8713111692192753, 0.8868135973104221, 0.9004482629809488, 0.9129622711991034, 0.92472917444901, 0.9351886440044826, 0.9385506163615988, 0.9495704146432574, 0.9549869256630557, 0.961524094135226, 0.961710870377288, 0.9729174449010086, 0.9744116548375047, 0.9770265222263728, 0.981135599551737, 0.9844975719088532, 0.9852446768771013, 0.9880463205080314, 0.9878595442659693, 0.9856182293612252, 0.9897273066865895, 0.9915950691072095, 0.9921553978333956, 0.9932760552857677, 0.9936496077698916, 0.9938363840119537, 0.9940231602540157, 0.9940231602540157, 0.9951438177063877, 0.9951438177063877, 0.9949570414643257, 0.9957041464325738, 0.9981322375793799, 0.9960776989166978, 0.9970115801270079, 0.9973851326111318, 0.9977586850952559, 0.9975719088531939, 0.9970115801270079, 0.9977586850952559, 0.9973851326111318, 0.9977586850952559, 0.9977586850952559, 0.9971983563690698, 0.9988793425476279, 0.9977586850952559, 0.9975719088531939, 0.9986925663055659, 0.9966380276428838], "trainRumorF1": [0.2654051689987584, 0.43945218726972307, 0.5722731186982346, 0.6216679196157247, 0.6555711276171783, 0.6872427043549942, 0.7040173892421362, 0.7371159448137796, 0.7568724141242651, 0.7684655947993867, 0.796867199377286, 0.809073733160801, 0.8308602377841734, 0.8519287254061692, 0.8689840081528123, 0.8889861728351058, 0.9020097697285071, 0.9069548985853109, 0.9251695938265839, 0.9320153367700307, 0.9435371341529781, 0.945091477289255, 0.9602500708700982, 0.961679322810266, 0.9668823380059572, 0.9721113166193587, 0.9773114887728751, 0.9793189579204671, 0.9832700579690904, 0.9831746028923081, 0.9800323499487349, 0.9862498706478391, 0.9878444223901272, 0.9876543387756691, 0.9904591811871495, 0.9903799856025839, 0.989780235384662, 0.9910159916715614, 0.9904976440792181, 0.9930614608682432, 0.9920076391989647, 0.9919654413442817, 0.9938494374725161, 0.9971409896269542, 0.9941603779826983, 0.9953981770761477, 0.9961348073595945, 0.9961926913027979, 0.9962177547255625, 0.9957725568997828, 0.9963033359285893, 0.9958712985777471, 0.9963760031893651, 0.9968157008411037, 0.9962404374673967, 0.9984944709670398, 0.9965562450083445, 0.9963256209591747, 0.9981561998425666, 0.9951175568176001], "trainLoss": [0.9776045680046082, 0.798750638961792, 0.6885685324668884, 0.6204218864440918, 0.5774655342102051, 0.5441284775733948, 0.507006824016571, 0.46591949462890625, 0.43153291940689087, 0.40725043416023254, 0.36867740750312805, 0.3382164537906647, 0.30217164754867554, 0.27959123253822327, 0.23952092230319977, 0.2122935950756073, 0.18536503612995148, 0.16748766601085663, 0.1490156501531601, 0.13457174599170685, 0.11272360384464264, 0.1067931279540062, 0.07898978143930435, 0.07486084848642349, 0.06732243299484253, 0.05764403194189072, 0.04745262488722801, 0.04684717208147049, 0.04027671366930008, 0.033598851412534714, 0.04022009298205376, 0.02970786578953266, 0.027110861614346504, 0.02404392510652542, 0.020712735131382942, 0.01865118183195591, 0.018906675279140472, 0.019790206104516983, 0.018538881093263626, 0.013985115103423595, 0.01506184134632349, 0.013109829276800156, 0.01322120986878872, 0.009279195219278336, 0.013987446203827858, 0.011428818106651306, 0.008914340287446976, 0.00786585547029972, 0.005927381571382284, 0.008387715555727482, 0.00783958937972784, 0.00807894580066204, 0.007535882759839296, 0.006975271739065647, 0.009097618982195854, 0.005718682426959276, 0.005443733651190996, 0.008122810162603855, 0.0046953498385846615, 0.008440784178674221], "testRumorAcc": [0.7441643323996265, 0.7852474323062558, 0.7917833800186741, 0.7777777777777778, 0.7824463118580766, 0.7815126050420168, 0.7721755368814193, 0.7712418300653595, 0.7759103641456583, 0.7721755368814193, 0.7759103641456583, 0.7712418300653595], "testRumorF1": [0.6065725908975337, 0.6928464589155974, 0.6873112215216362, 0.6891554430637843, 0.6815959777536988, 0.6729743933202507, 0.6746314216183573, 0.6747237097642702, 0.6797715439905371, 0.6680901304036502, 0.69034916220658, 0.6703777349691818], "testLoss": [0.6233853697776794, 0.5572341084480286, 0.6625673770904541, 0.7620671987533569, 1.0480386018753052, 1.2517311573028564, 1.3117706775665283, 1.5026942491531372, 1.6423182487487793, 1.7617589235305786, 1.7000195980072021, 1.898970603942871]}