{"epoch": 20, "macroF1Rumor": 0.7117952800254455, "accRumor": 0.7833800186741363, "loss": 0.6877269744873047, "trainRumorAcc": [0.634105341800523, 0.6839745984310796, 0.7261860291370937, 0.7590586477400074, 0.7781098244303325, 0.7838998879342548, 0.7994023160254016, 0.8061262607396339, 0.8203212551363467, 0.8354501307433695, 0.8386253268584236, 0.8492715726559582, 0.8591707134852447, 0.866454986925663, 0.8744863653343294, 0.8797161001120657, 0.8892416884572283, 0.8929772132984685, 0.905117669032499, 0.9069854314531192, 0.9109077325364213, 0.92192753081808, 0.9243556219648861, 0.9181920059768397, 0.9329473290997385, 0.9336944340679866, 0.9372431826671648, 0.9398580500560328, 0.9432200224131491, 0.9518117295480015, 0.9546133731789317, 0.9525588345162496, 0.9544265969368696, 0.9583488980201719, 0.9596563317146058, 0.9626447515875981, 0.9675009338812103, 0.9660067239447142, 0.9658199477026522, 0.9665670526709003, 0.9759058647740008, 0.9745984310795667, 0.9731042211430706, 0.9753455360478147, 0.9742248785954427, 0.9766529697422488, 0.980762047067613, 0.9796413896152409, 0.9815091520358611, 0.9785207321628688, 0.9798281658573029, 0.9822562570041091, 0.9816959282779231, 0.9815091520358611, 0.9856182293612252, 0.9830033619723572, 0.9831901382144191, 0.9871124392977213, 0.9874859917818454, 0.9869256630556593, 0.9852446768771013, 0.9874859917818454, 0.9891669779604034, 0.9858050056032872, 0.9880463205080314, 0.9882330967500934, 0.9897273066865895, 0.9902876354127755, 0.9889802017183414, 0.9927157265595816], "trainRumorF1": [0.24072288336707615, 0.37912830933163066, 0.5472874935724132, 0.6153471206933114, 0.6533338960915734, 0.6673855699068728, 0.6932119363799807, 0.7039976882188771, 0.7293799572741237, 0.7528983144858306, 0.759077333102746, 0.7731833034843115, 0.7923921622094503, 0.8030315651168445, 0.8131801430029642, 0.8238987141442169, 0.8341952666672078, 0.8420021269303053, 0.857596845506269, 0.859864741349613, 0.8658404616760151, 0.88437393880997, 0.888734861064138, 0.8810091326547649, 0.9013997999805198, 0.9013830363309967, 0.9065650524287742, 0.9094011599745049, 0.9143717827994514, 0.9271489891117914, 0.931904026898494, 0.9267194224005512, 0.9304103414221802, 0.9378980354536258, 0.9400006394143668, 0.9449579113211456, 0.9518849185581761, 0.9503658796318628, 0.9480940613700652, 0.9503567115580648, 0.9640349216387145, 0.9620892883795935, 0.9592492447101417, 0.9618164990898637, 0.9627366985663088, 0.966583527723742, 0.9703354261556596, 0.9684549577180674, 0.9719304138315477, 0.9693435857306678, 0.9707539252248484, 0.9728409393928963, 0.9714529007111231, 0.9704291770636122, 0.9787493477173632, 0.9758213849130142, 0.9765016537461595, 0.9802543872261271, 0.9817145558526602, 0.9818582989461112, 0.9791787618996396, 0.9815002865271377, 0.9851072787250501, 0.9786654699982253, 0.9832814202309272, 0.9837041688343948, 0.9845611538703217, 0.985695424361251, 0.9846253874991349, 0.9890565177803238], "trainLoss": [0.9950515627861023, 0.8153321146965027, 0.7090356349945068, 0.6357977390289307, 0.5950166583061218, 0.5665591359138489, 0.5252355933189392, 0.49613407254219055, 0.4701372981071472, 0.443798691034317, 0.42555058002471924, 0.40419575572013855, 0.37573614716529846, 0.3610885441303253, 0.3300694525241852, 0.3142206370830536, 0.2947792112827301, 0.2883842885494232, 0.27131742238998413, 0.2506309151649475, 0.23767635226249695, 0.22349946200847626, 0.20676149427890778, 0.21689943969249725, 0.1990157961845398, 0.18510490655899048, 0.16738763451576233, 0.16120049357414246, 0.1535068154335022, 0.1363319754600525, 0.1265849620103836, 0.13073720037937164, 0.12921786308288574, 0.11574450135231018, 0.11157062649726868, 0.10373588651418686, 0.09292133897542953, 0.09665341675281525, 0.09218637645244598, 0.0949062705039978, 0.07197092473506927, 0.06996313482522964, 0.07703202217817307, 0.06999334692955017, 0.07228614389896393, 0.06356244534254074, 0.06101284176111221, 0.06809134781360626, 0.05583472549915314, 0.05453091859817505, 0.05075054615736008, 0.049988143146038055, 0.052764084190130234, 0.05152573063969612, 0.04271359741687775, 0.044926710426807404, 0.04604990780353546, 0.033968523144721985, 0.0360901914536953, 0.03648832440376282, 0.03915458172559738, 0.036246635019779205, 0.03295734524726868, 0.039792969822883606, 0.034239012748003006, 0.03515895828604698, 0.028230909258127213, 0.02737218514084816, 0.028980625793337822, 0.019288500770926476], "testRumorAcc": [0.7450980392156863, 0.7899159663865546, 0.7964519140989729, 0.7833800186741363, 0.7880485527544351, 0.7889822595704948, 0.7833800186741363, 0.7917833800186741, 0.7740429505135388, 0.7852474323062558, 0.780578898225957, 0.7749766573295985, 0.7787114845938375, 0.7665732959850607], "testRumorF1": [0.644245158592949, 0.6993255241374161, 0.7087085214630857, 0.7117952800254455, 0.7065991250551322, 0.6977480776763045, 0.7003196348883448, 0.7088753288739928, 0.6888117454324283, 0.703517712420514, 0.6986134216172886, 0.6838891979478231, 0.7012737725143163, 0.6693268323845769], "testLoss": [0.6336517333984375, 0.567101240158081, 0.6023585200309753, 0.6877269744873047, 0.7433194518089294, 0.8704334497451782, 0.9643375873565674, 1.0513286590576172, 1.1529525518417358, 1.3090362548828125, 1.3419126272201538, 1.469412088394165, 1.521350622177124, 1.5668506622314453]}