{"epoch": 25, "macroF1Rumor": 0.7004882027874353, "accRumor": 0.7824463118580766, "loss": 0.7492240071296692, "trainRumorAcc": [0.6292491595069107, 0.6765035487485992, 0.7215166230855435, 0.751774374299589, 0.7674635786327979, 0.7753081807994023, 0.7923048188270452, 0.80668658946582, 0.8169592827792305, 0.8206948076204706, 0.8373178931639895, 0.8453492715726559, 0.8546880836757564, 0.8634665670526709, 0.8698169592827792, 0.8748599178184535, 0.8806499813223758, 0.8931639895405304, 0.9090399701158013, 0.9110945087784834, 0.9105341800522974, 0.922114307060142, 0.9196862159133358, 0.9350018677624207, 0.9338812103100486, 0.943406798655211, 0.941539036234591, 0.9460216660440792, 0.9508778483376914, 0.9523720582741875, 0.9549869256630557, 0.960590212924916, 0.9579753455360478, 0.9639521852820321, 0.9680612626073963, 0.9673141576391483, 0.9688083675756444, 0.9717967874486365, 0.9744116548375047, 0.9732909973851326, 0.9755323122898767, 0.9764661935001868, 0.9792678371311169, 0.9792678371311169, 0.980948823309675, 0.9770265222263728, 0.9790810608890549, 0.9839372431826672, 0.9816959282779231, 0.981322375793799, 0.9846843481509152, 0.9852446768771013, 0.9850579006350392, 0.9854314531191632, 0.9865521105715352, 0.9854314531191632, 0.9882330967500934, 0.9859917818453493, 0.9867388868135973, 0.9863653343294733, 0.9880463205080314, 0.9923421740754576, 0.9902876354127755, 0.9899140829286515, 0.9910347403810236, 0.9912215166230856, 0.9919686215913336, 0.9921553978333956, 0.9923421740754576, 0.9904744116548375, 0.9901008591707134, 0.9957041464325738, 0.9936496077698916, 0.9932760552857677, 0.9923421740754576], "trainRumorF1": [0.21246845295199757, 0.3541925945696698, 0.5302171589886687, 0.6043726927434091, 0.6352258297012642, 0.650157512462609, 0.6835464714078027, 0.7056307769071897, 0.7234950111579032, 0.7316609240168922, 0.7573022997529344, 0.7707770191775063, 0.7852302121999255, 0.8006686881048642, 0.8080013876960758, 0.8166942300618447, 0.8256344712508017, 0.8460960440608234, 0.8697071467979705, 0.8695094730080744, 0.8690665682564106, 0.8871309042515444, 0.8806871796367431, 0.9071200528210703, 0.9031011627312747, 0.918540840025005, 0.9133872632369834, 0.9228182789867027, 0.9275343844391624, 0.9295298051437513, 0.9337653502878992, 0.9432419096997925, 0.939219354133688, 0.9481068422569785, 0.9529274402556696, 0.9524975112737522, 0.9546232453508401, 0.9590814300164832, 0.9635497168865609, 0.96294218829673, 0.9637101950530124, 0.9647202379046823, 0.9698348417439986, 0.9695713379656555, 0.9718444210520947, 0.9676975990667877, 0.9683177797261537, 0.9762153678989449, 0.9752731855938475, 0.9728609910401994, 0.976718153025456, 0.9764241351365889, 0.978006566730314, 0.97896131843922, 0.9819654500704575, 0.9779246487186631, 0.9818632592670462, 0.9798620606602122, 0.9803779879034669, 0.9806250479764265, 0.980710588752556, 0.9894550180122884, 0.9852811232369504, 0.9854129776588006, 0.9866442140752365, 0.9875564332148107, 0.988321335846005, 0.989024820098829, 0.9878132379863497, 0.9857792585081581, 0.9855150509073372, 0.9937136473080572, 0.990160566657056, 0.9892902751496003, 0.9889416289181245], "trainLoss": [1.0241613388061523, 0.841914176940918, 0.7250324487686157, 0.6554080247879028, 0.6125948429107666, 0.5795103907585144, 0.5452153086662292, 0.509946346282959, 0.4845350682735443, 0.4615451693534851, 0.4295678734779358, 0.41093602776527405, 0.38307324051856995, 0.3585902452468872, 0.34487977623939514, 0.3250863552093506, 0.3053433895111084, 0.28454482555389404, 0.25743648409843445, 0.24661819636821747, 0.24012482166290283, 0.21705125272274017, 0.2164190262556076, 0.1836908757686615, 0.18509945273399353, 0.1581571102142334, 0.16668488085269928, 0.14374543726444244, 0.13716499507427216, 0.12331458181142807, 0.1259279102087021, 0.11277905106544495, 0.11402850598096848, 0.10478407144546509, 0.0925690084695816, 0.0914173424243927, 0.08658526837825775, 0.08503668755292892, 0.07247486710548401, 0.07380546629428864, 0.07394738495349884, 0.07144085317850113, 0.05746878683567047, 0.05889556556940079, 0.05298096314072609, 0.06126865744590759, 0.058219000697135925, 0.04591622203588486, 0.048623014241456985, 0.05436307191848755, 0.04835069924592972, 0.045328766107559204, 0.04029945284128189, 0.04263042286038399, 0.035253968089818954, 0.03779410943388939, 0.03880256414413452, 0.040722139179706573, 0.03705491125583649, 0.03710675612092018, 0.03170347958803177, 0.02281821146607399, 0.028923897072672844, 0.027786364778876305, 0.023919837549328804, 0.02371901459991932, 0.024993686005473137, 0.02280808985233307, 0.021686818450689316, 0.02562086097896099, 0.024352438747882843, 0.016324864700436592, 0.016391083598136902, 0.020283805206418037, 0.02314448170363903], "testRumorAcc": [0.7413632119514473, 0.7721755368814193, 0.7815126050420168, 0.780578898225957, 0.7824463118580766, 0.7563025210084033, 0.7637721755368814, 0.7647058823529411, 0.7749766573295985, 0.7749766573295985, 0.7703081232492998, 0.76937441643324, 0.7609710550887021, 0.7749766573295985, 0.7675070028011205], "testRumorF1": [0.6029631264131657, 0.6792341919802565, 0.688971570055203, 0.6945173607973939, 0.7004882027874353, 0.6703199857370237, 0.6665802695539484, 0.6792284544094092, 0.6713606818678427, 0.6721914666062396, 0.676425816411176, 0.6742951854538091, 0.6617552460572127, 0.6797601047869543, 0.6654100903033141], "testLoss": [0.6432194709777832, 0.5785070657730103, 0.5969205498695374, 0.6874942183494568, 0.7492240071296692, 0.9042320251464844, 1.07803475856781, 1.183573603630066, 1.2739646434783936, 1.3171411752700806, 1.3436663150787354, 1.394231915473938, 1.5941146612167358, 1.6689893007278442, 1.6973530054092407]}