{"epoch": 25, "macroF1Rumor": 0.7171231714861, "accRumor": 0.7908496732026143, "loss": 1.1007215976715088, "trainRumorAcc": [0.634292118042585, 0.7035861038475906, 0.7441165483750467, 0.7721329846843481, 0.7908106088905491, 0.8040717220769518, 0.8182667164736646, 0.8358236832274935, 0.846469929025028, 0.8610384759058648, 0.8735524841240194, 0.885132611131864, 0.9017556966753829, 0.9064251027269331, 0.922114307060142, 0.9310795666791184, 0.9391109450877848, 0.9430332461710871, 0.9533059394844976, 0.9633918565558461, 0.9701158012700785, 0.9706761299962645, 0.9759058647740008, 0.9792678371311169, 0.980388494583489, 0.9828165857302951, 0.9835636906985431, 0.9859917818453493, 0.9891669779604034, 0.9863653343294733, 0.9886066492342174, 0.9923421740754576, 0.9919686215913336, 0.9932760552857677, 0.9917818453492716, 0.9932760552857677, 0.9923421740754576, 0.9945834889802018, 0.9932760552857677, 0.9955173701905118, 0.9958909226746357, 0.9958909226746357, 0.9955173701905118, 0.9945834889802018, 0.9960776989166978, 0.9962644751587598, 0.9973851326111318, 0.9960776989166978, 0.9953305939484498, 0.9962644751587598, 0.9970115801270079, 0.9971983563690698, 0.9981322375793799, 0.9979454613373179, 0.9970115801270079, 0.998319013821442, 0.9975719088531939, 0.9970115801270079, 0.9968248038849459, 0.9981322375793799, 0.9986925663055659, 0.9985057900635039, 0.9973851326111318, 0.998319013821442, 0.9986925663055659, 0.9979454613373179, 0.999252895031752, 0.999252895031752, 0.9977586850952559, 0.999252895031752, 0.9981322375793799, 0.999252895031752, 0.9981322375793799, 0.9979454613373179, 0.9985057900635039], "trainRumorF1": [0.22315374036778576, 0.4560040311137985, 0.5815560726203475, 0.640698694478392, 0.6743486807777265, 0.701075146432572, 0.7231070392465756, 0.7515177622441538, 0.7686728033396673, 0.7946450966130705, 0.8146781273699847, 0.8320938855949396, 0.8545232470975126, 0.8615404223744224, 0.8837472928157686, 0.8972067970917595, 0.9087787018811276, 0.9193241304667557, 0.9312796590138224, 0.943731656647282, 0.9562185684504245, 0.956212694117846, 0.9651766855830393, 0.9703870668439266, 0.9714559804735916, 0.9752047825925989, 0.977164113933529, 0.978681409998017, 0.984617725183446, 0.9813196614871817, 0.9842893873016729, 0.988850754012695, 0.9890956726563533, 0.9903251260055861, 0.9871015243145802, 0.9891538989485584, 0.9897585092340129, 0.9928224293856789, 0.9891023463100198, 0.9935633177935871, 0.9944710827786305, 0.9942367532066624, 0.993282670985457, 0.9921303756134869, 0.9954223928201469, 0.9947631368136445, 0.9962958962396019, 0.9941788764014576, 0.9934465550850271, 0.9936889512507261, 0.9958187257731961, 0.9960323396108984, 0.9972962503681176, 0.9965547116590137, 0.9958951315254521, 0.9974598194085952, 0.9965218201469271, 0.9961676916006462, 0.9951232022220032, 0.997109398724318, 0.9981730530470818, 0.9975829007499816, 0.9959465553393803, 0.9977359388411118, 0.9980282071990416, 0.9970934201925712, 0.9988140562302403, 0.9987212674010028, 0.9969886283040291, 0.9990476833276594, 0.9972009850710382, 0.9990343754040223, 0.9969236650321284, 0.9966589319017789, 0.9982208743876548], "trainLoss": [1.0151536464691162, 0.7846545577049255, 0.6702694892883301, 0.6004980206489563, 0.5550035238265991, 0.5140942335128784, 0.47406822443008423, 0.4385002553462982, 0.4068051278591156, 0.3705395758152008, 0.3387497663497925, 0.3045233488082886, 0.2712417542934418, 0.253168523311615, 0.21785081923007965, 0.19375692307949066, 0.17005504667758942, 0.15314418077468872, 0.12928710877895355, 0.10850279778242111, 0.09473039209842682, 0.0796886757016182, 0.07307407259941101, 0.059520233422517776, 0.05873071774840355, 0.049299467355012894, 0.05156272277235985, 0.04117013141512871, 0.03248690068721771, 0.037851277738809586, 0.03412928804755211, 0.026035679504275322, 0.026468588039278984, 0.02233176678419113, 0.02536463923752308, 0.020468711853027344, 0.02036384865641594, 0.015513302758336067, 0.018747851252555847, 0.014063301496207714, 0.011826337315142155, 0.012439555488526821, 0.011621762067079544, 0.015657899901270866, 0.015567055903375149, 0.01283519808202982, 0.007209158036857843, 0.012059707194566727, 0.013628654181957245, 0.010388386435806751, 0.012487893924117088, 0.008660869672894478, 0.006407023873180151, 0.00507601723074913, 0.008433583192527294, 0.004900988657027483, 0.00890028104186058, 0.007851934060454369, 0.008289695717394352, 0.006558621302247047, 0.004440784454345703, 0.00370743777602911, 0.009718862362205982, 0.006076556630432606, 0.004206281155347824, 0.007456955965608358, 0.002237764187157154, 0.0027121175080537796, 0.007885581813752651, 0.0022220511455088854, 0.005458323284983635, 0.004470791667699814, 0.0055230762809515, 0.007563603110611439, 0.004042620304971933], "testRumorAcc": [0.746031746031746, 0.7861811391223156, 0.7973856209150327, 0.7908496732026143, 0.7908496732026143, 0.780578898225957, 0.7684407096171803, 0.7787114845938375, 0.7871148459383753, 0.7740429505135388, 0.773109243697479, 0.7815126050420168, 0.773109243697479, 0.7843137254901961, 0.7609710550887021], "testRumorF1": [0.6248339471745158, 0.6997018936115464, 0.7136364049505393, 0.6991286858195417, 0.7171231714861, 0.6829454983987264, 0.6802528111582055, 0.7054025649232922, 0.7082905403726074, 0.6768956463368903, 0.6853813805834572, 0.6937345387391078, 0.683649527556548, 0.7058804724964608, 0.6721813983065846], "testLoss": [0.6242197155952454, 0.5690796375274658, 0.6886141896247864, 0.9096840620040894, 1.1007215976715088, 1.4284920692443848, 1.474805474281311, 1.5599520206451416, 1.6537156105041504, 1.9200143814086914, 1.9624643325805664, 1.9595043659210205, 2.0886528491973877, 1.9610546827316284, 2.032959222793579]}