{"epoch": 45, "macroF1Rumor": 0.7111870189275455, "accRumor": 0.7871148459383753, "loss": 1.3509399890899658, "trainRumorAcc": [0.6307433694434068, 0.6789316398954053, 0.7228240567799776, 0.7521479267837131, 0.7637280537915577, 0.7829660067239447, 0.7995890922674636, 0.8059394844975719, 0.8167725065371685, 0.8248038849458349, 0.8427344041837879, 0.8446021666044079, 0.8571161748225625, 0.8644004482629809, 0.8797161001120657, 0.885319387373926, 0.8922301083302204, 0.8976466193500187, 0.9026895778856929, 0.9114680612626074, 0.9187523347030258, 0.9209936496077699, 0.9299589092267464, 0.9325737766156145, 0.9364960776989167, 0.942472917444901, 0.9477026522226373, 0.9488233096750094, 0.9486365334329473, 0.9529323870003735, 0.9559208068733657, 0.9596563317146058, 0.963205080313784, 0.963205080313784, 0.9680612626073963, 0.9697422487859544, 0.9721703399327606, 0.9747852073216287, 0.9736645498692567, 0.9775868509525588, 0.9788942846469929, 0.9779604034366829, 0.9775868509525588, 0.9785207321628688, 0.9839372431826672, 0.981882704519985, 0.9859917818453493, 0.9837504669406052, 0.9846843481509152, 0.9874859917818454, 0.9854314531191632, 0.9861785580874113, 0.9889802017183414, 0.9871124392977213, 0.9878595442659693, 0.9906611878968995, 0.9912215166230856, 0.9897273066865895, 0.9878595442659693, 0.9891669779604034, 0.9884198729921554, 0.9901008591707134, 0.9915950691072095, 0.9893537542024654, 0.9902876354127755, 0.9906611878968995, 0.9914082928651475, 0.9906611878968995, 0.9940231602540157, 0.9934628315278297, 0.9919686215913336, 0.9938363840119537, 0.9932760552857677, 0.9914082928651475, 0.9929025028016436, 0.9945834889802018, 0.9938363840119537, 0.9953305939484498, 0.9949570414643257, 0.9927157265595816, 0.9945834889802018, 0.9945834889802018, 0.9932760552857677, 0.9943967127381397, 0.9960776989166978, 0.9949570414643257, 0.9958909226746357, 0.9953305939484498, 0.9947702652222637, 0.9970115801270079, 0.9955173701905118, 0.9951438177063877, 0.9971983563690698, 0.9940231602540157, 0.9949570414643257], "trainRumorF1": [0.22533508196656268, 0.3856996060667789, 0.5403196784893046, 0.6068258991676607, 0.6306950333949669, 0.6672138721680159, 0.6946029392103221, 0.7038078795805951, 0.7214728981561553, 0.7386033431787254, 0.7675099870289201, 0.7724887502467823, 0.7892793799863901, 0.7966079163236313, 0.8242803630065749, 0.8335064965692038, 0.8404132434433803, 0.8511257320218526, 0.8567875359723689, 0.8716733670193066, 0.8796600861535867, 0.8849994314483733, 0.8974351177874493, 0.9010490947677329, 0.9066675295313702, 0.9172369359269916, 0.9243953911629098, 0.926169149006821, 0.9243201878296453, 0.9298430889174383, 0.9354057990143135, 0.9400060427136181, 0.9450716563946538, 0.9481634377987298, 0.954859381307311, 0.9567094867342035, 0.9602952718671425, 0.965004637691976, 0.9600855006477846, 0.9680979151627478, 0.9676602292116565, 0.96784829133599, 0.9659675521403878, 0.9684755742589148, 0.9772761719315914, 0.9728340247079318, 0.9788509052679544, 0.9766261540639272, 0.9773357503439184, 0.9822621290191825, 0.9784391242893231, 0.9794948720303895, 0.9832551292699038, 0.9815307129513793, 0.9816170908079289, 0.9859978071245676, 0.9874722807445158, 0.9847734425581702, 0.9829721450222759, 0.9837464968465572, 0.9836349224954757, 0.9861095322926865, 0.9868647390597225, 0.9833658221431922, 0.9849923753344592, 0.987475154573642, 0.9874371954950608, 0.9855261277233869, 0.9910269538540075, 0.9900834253301714, 0.988413396000422, 0.9904638355820199, 0.9897818989922874, 0.9881549790445905, 0.9893691805390151, 0.9928304908292352, 0.9900956636590693, 0.9930608012468833, 0.9920378995769097, 0.9887399269843653, 0.992037599349495, 0.9919635835846277, 0.9901543870562148, 0.9921629736342457, 0.9945739911048641, 0.9928024308080403, 0.9941136603409749, 0.9937618308886007, 0.9929390759816452, 0.9958439525804472, 0.9932053173160899, 0.9921016203714945, 0.9949311944763372, 0.9914517781965932, 0.9917558567830745], "trainLoss": [1.0157079696655273, 0.8280577063560486, 0.7165204882621765, 0.6571105122566223, 0.6061644554138184, 0.5687885284423828, 0.5355929136276245, 0.5073273181915283, 0.47871145606040955, 0.45807650685310364, 0.42286601662635803, 0.4102933704853058, 0.3819950819015503, 0.35493966937065125, 0.3341263234615326, 0.3135685920715332, 0.2921600341796875, 0.28045332431793213, 0.2663497030735016, 0.23970864713191986, 0.2242950201034546, 0.21314111351966858, 0.19302666187286377, 0.17989471554756165, 0.16989216208457947, 0.15953539311885834, 0.14667634665966034, 0.14635787904262543, 0.135012686252594, 0.12056481838226318, 0.12062888592481613, 0.11627399176359177, 0.10369928926229477, 0.09242881089448929, 0.09298441559076309, 0.0857883095741272, 0.08414006233215332, 0.07890471071004868, 0.0795435830950737, 0.06579044461250305, 0.06200253218412399, 0.061659108847379684, 0.06668419390916824, 0.06015504524111748, 0.047437041997909546, 0.055746644735336304, 0.04226376488804817, 0.04550112783908844, 0.045214083045721054, 0.0382084958255291, 0.044642772525548935, 0.04421811178326607, 0.03308505564928055, 0.039034370332956314, 0.0396842397749424, 0.027888327836990356, 0.0286073237657547, 0.03054373897612095, 0.03200053051114082, 0.03279147297143936, 0.032257575541734695, 0.030212605372071266, 0.0283206757158041, 0.03029485233128071, 0.025923825800418854, 0.0301362294703722, 0.021971657872200012, 0.024791257455945015, 0.02010633796453476, 0.01893080770969391, 0.02379864640533924, 0.018752869218587875, 0.01869368366897106, 0.026880210265517235, 0.02262687496840954, 0.018557513132691383, 0.01851647160947323, 0.017552563920617104, 0.01273316890001297, 0.02212338149547577, 0.017298616468906403, 0.013956613838672638, 0.015067411586642265, 0.015342531725764275, 0.012463628314435482, 0.017410166561603546, 0.013179592788219452, 0.0150166479870677, 0.01596921496093273, 0.00979812815785408, 0.014319539070129395, 0.015697693452239037, 0.01000417023897171, 0.01709473691880703, 0.01736026257276535], "testRumorAcc": [0.7366946778711485, 0.7628384687208216, 0.7889822595704948, 0.7852474323062558, 0.7833800186741363, 0.7824463118580766, 0.7796451914098973, 0.780578898225957, 0.7871148459383753, 0.7787114845938375, 0.7796451914098973, 0.773109243697479, 0.7712418300653595, 0.7684407096171803, 0.76937441643324, 0.76937441643324, 0.7740429505135388, 0.7712418300653595, 0.7609710550887021], "testRumorF1": [0.6188991151988025, 0.6801326893706664, 0.7108748351683465, 0.7108217482976485, 0.6992587218865443, 0.7007675762397617, 0.6973046572299366, 0.6986147225440441, 0.7111870189275455, 0.6941306368515703, 0.6824433716229394, 0.6839640355357675, 0.6791169440604821, 0.6794816520084166, 0.6840829469372305, 0.6841554141891011, 0.6845518481093661, 0.6833537199923274, 0.6608004036506032], "testLoss": [0.6316704750061035, 0.5920372605323792, 0.5999273657798767, 0.6840937733650208, 0.8059024810791016, 0.9461266398429871, 1.0756051540374756, 1.222727656364441, 1.3509399890899658, 1.4903762340545654, 1.7205703258514404, 1.6803643703460693, 1.8587244749069214, 1.9194473028182983, 1.821956992149353, 1.8565863370895386, 2.094843626022339, 2.1325461864471436, 2.2894246578216553]}