{"epoch": 40, "macroF1Rumor": 0.7216976705689864, "accRumor": 0.803921568627451, "loss": 1.0102475881576538, "trainRumorAcc": [0.6270078446021666, 0.6641763167725065, 0.7166604407919313, 0.7444901008591707, 0.7611131864026895, 0.7784833769144565, 0.7917444901008591, 0.8029510646245798, 0.8100485618229362, 0.8190138214419126, 0.8305939484497572, 0.8350765782592454, 0.8403063130369817, 0.8481509152035861, 0.8619723571161748, 0.864960776989167, 0.8793425476279417, 0.8870003735524842, 0.8946581994770265, 0.8989540530444527, 0.9021292491595069, 0.9168845722824057, 0.9183787822189018, 0.9245423982069481, 0.9290250280164363, 0.9322002241314905, 0.9355621964886066, 0.9460216660440792, 0.9432200224131491, 0.9510646245797535, 0.9516249533059394, 0.9549869256630557, 0.9546133731789317, 0.9546133731789317, 0.961337317893164, 0.9630183040717221, 0.9658199477026522, 0.9686215913335824, 0.9751587598057527, 0.9697422487859544, 0.9751587598057527, 0.9734777736271947, 0.980388494583489, 0.9772132984684349, 0.9783339559208069, 0.9772132984684349, 0.9788942846469929, 0.980575270825551, 0.9788942846469929, 0.9815091520358611, 0.9830033619723572, 0.9859917818453493, 0.9843107956667911, 0.9863653343294733, 0.9863653343294733, 0.9876727680239074, 0.9878595442659693, 0.9880463205080314, 0.9839372431826672, 0.9882330967500934, 0.9872992155397834, 0.9891669779604034, 0.9893537542024654, 0.9910347403810236, 0.9912215166230856, 0.9901008591707134, 0.9897273066865895, 0.9929025028016436, 0.9929025028016436, 0.9897273066865895, 0.9915950691072095, 0.9923421740754576, 0.9904744116548375, 0.9927157265595816, 0.9934628315278297, 0.9934628315278297, 0.9930892790437056, 0.9934628315278297, 0.9953305939484498, 0.9957041464325738, 0.9940231602540157, 0.9955173701905118, 0.9945834889802018, 0.9942099364960777, 0.9953305939484498, 0.9951438177063877, 0.9951438177063877, 0.9949570414643257, 0.9958909226746357, 0.9949570414643257], "trainRumorF1": [0.1977351025804725, 0.32152476596798196, 0.497586756196513, 0.5782443441531727, 0.6194616412855768, 0.6562865116581269, 0.6831046574232021, 0.69622935012698, 0.7106449101415073, 0.7255905892602662, 0.7416758925324222, 0.7511956075739166, 0.7591715508248035, 0.7708355230743419, 0.7948100609746575, 0.8009287990381599, 0.8223759502380035, 0.8323972590598069, 0.843824089972236, 0.8518148623826407, 0.8561212416982635, 0.8781534147128766, 0.879659633264416, 0.8884979098185255, 0.8952144291364665, 0.8973644469341636, 0.9063731563268589, 0.920369008135201, 0.9160582256616986, 0.9274220726598121, 0.9305586352159902, 0.9331431508240458, 0.9341883150331938, 0.9324323836463968, 0.9421728027650774, 0.9479478803174313, 0.9505774564349322, 0.9547771705881445, 0.9627669048807184, 0.9550354519233467, 0.9636914272644315, 0.959942522669682, 0.9699706038195713, 0.96718214666162, 0.966145976994825, 0.9652882384464583, 0.9696519208022709, 0.9700003289848627, 0.967099715212812, 0.9723153988862276, 0.9752125239777301, 0.9791227387976632, 0.9769178930456124, 0.9788829340987163, 0.9789254479974921, 0.9817268300148603, 0.9824171277659464, 0.9821067176688332, 0.976102599330108, 0.9803846181780705, 0.9802566693352253, 0.9824312174914307, 0.984021272281776, 0.9869750823227126, 0.9869742738377321, 0.9845948591154985, 0.9844940301355594, 0.9888361351350137, 0.9903052561657686, 0.9842349162761093, 0.9868244084758614, 0.9879275906991789, 0.9850113982893026, 0.9893606432397762, 0.9901197322326984, 0.9896760842148234, 0.9893971249842698, 0.9897655617302605, 0.9930892883226728, 0.9928417003979103, 0.9913793471383234, 0.9933796550770956, 0.9909718875516969, 0.9919622666163934, 0.9927505188004705, 0.9923297177409606, 0.9930225182122607, 0.9920027883228836, 0.9946128052576446, 0.992985343441814], "trainLoss": [1.0419230461120605, 0.867803692817688, 0.7517920732498169, 0.6779283881187439, 0.6251126527786255, 0.5884153246879578, 0.5488001704216003, 0.52553790807724, 0.5118771195411682, 0.48024091124534607, 0.45734909176826477, 0.4324311912059784, 0.4237946569919586, 0.4051792323589325, 0.3723832666873932, 0.35481229424476624, 0.32830047607421875, 0.313584566116333, 0.2858244478702545, 0.27980735898017883, 0.2640790343284607, 0.23998698592185974, 0.23156733810901642, 0.21349743008613586, 0.19712036848068237, 0.19314269721508026, 0.1868249475955963, 0.1606874167919159, 0.15765002369880676, 0.14292031526565552, 0.14070193469524384, 0.13363321125507355, 0.12542031705379486, 0.13027383387088776, 0.11273659020662308, 0.10638938844203949, 0.10150894522666931, 0.10261035710573196, 0.07977073639631271, 0.08365880697965622, 0.07560409605503082, 0.08167192339897156, 0.06000234931707382, 0.06493350118398666, 0.06694816052913666, 0.06847069412469864, 0.05643806234002113, 0.056786276400089264, 0.05621903017163277, 0.05333349481225014, 0.050181057304143906, 0.042993832379579544, 0.04533766210079193, 0.038297731429338455, 0.03854971006512642, 0.03279479965567589, 0.035142458975315094, 0.03947612643241882, 0.04200110211968422, 0.03335953876376152, 0.03638007119297981, 0.0317290835082531, 0.03602879121899605, 0.025156445801258087, 0.02621820755302906, 0.028391864150762558, 0.026770489290356636, 0.02026454545557499, 0.02542748674750328, 0.024413028731942177, 0.02339252457022667, 0.023143131285905838, 0.025751495733857155, 0.018476001918315887, 0.020002838224172592, 0.020582523196935654, 0.023257022723555565, 0.02232523076236248, 0.01718088425695896, 0.01417544111609459, 0.020281320437788963, 0.015429899096488953, 0.01736290566623211, 0.01561383530497551, 0.018441157415509224, 0.018155556172132492, 0.014481734484434128, 0.015520711429417133, 0.012971733696758747, 0.013926307670772076], "testRumorAcc": [0.7282913165266106, 0.7777777777777778, 0.7917833800186741, 0.7889822595704948, 0.7880485527544351, 0.8029878618113913, 0.7889822595704948, 0.803921568627451, 0.7889822595704948, 0.7955182072829131, 0.780578898225957, 0.7917833800186741, 0.7936507936507936, 0.7871148459383753, 0.7703081232492998, 0.765639589169001, 0.7815126050420168, 0.773109243697479], "testRumorF1": [0.6134649245172196, 0.6858657510443289, 0.7115998217669358, 0.7048092474767041, 0.7069529627430496, 0.7189391108067322, 0.7057841537181944, 0.7216976705689864, 0.7061731046545917, 0.702021641702041, 0.7003715421673937, 0.7075513395126882, 0.7038132255284623, 0.6958877574705074, 0.6705708496394469, 0.6629665494126089, 0.680697956294984, 0.6667836726114951], "testLoss": [0.6611868739128113, 0.5755890011787415, 0.583785891532898, 0.6497188210487366, 0.7268039584159851, 0.8371278643608093, 0.9070345163345337, 1.0102475881576538, 1.1451239585876465, 1.2132736444473267, 1.2989706993103027, 1.2831755876541138, 1.467309594154358, 1.4681049585342407, 1.6434509754180908, 1.6703574657440186, 1.742372751235962, 1.7943280935287476]}