{"epoch": 20, "macroF1Rumor": 0.7074904207892908, "accRumor": 0.7889822595704948, "loss": 0.9081671833992004, "trainRumorAcc": [0.6292491595069107, 0.6912588718714979, 0.7360851699663803, 0.7642883825177438, 0.7840866641763168, 0.8016436309301457, 0.8139708629062383, 0.8305939484497572, 0.8397459843107956, 0.8614120283899888, 0.8711243929772133, 0.8823309675009339, 0.8976466193500187, 0.9062383264848711, 0.9155771385879716, 0.9258498319013821, 0.942286141202839, 0.9521852820321255, 0.9570414643257378, 0.9576017930519238, 0.9660067239447142, 0.9725438924168845, 0.9716100112065745, 0.9787075084049309, 0.9787075084049309, 0.9828165857302951, 0.9859917818453493, 0.9843107956667911, 0.9884198729921554, 0.9899140829286515, 0.9887934254762795, 0.9919686215913336, 0.9923421740754576, 0.9929025028016436, 0.9921553978333956, 0.9938363840119537, 0.9940231602540157, 0.9951438177063877, 0.9930892790437056, 0.9942099364960777, 0.9927157265595816, 0.9958909226746357, 0.9966380276428838, 0.9958909226746357, 0.9962644751587598, 0.9957041464325738, 0.9966380276428838, 0.9964512514008218, 0.9966380276428838, 0.9966380276428838, 0.9943967127381397, 0.9966380276428838, 0.9973851326111318, 0.9962644751587598, 0.9968248038849459, 0.9973851326111318, 0.9970115801270079, 0.9973851326111318, 0.9986925663055659, 0.9985057900635039, 0.9970115801270079, 0.998319013821442, 0.998319013821442, 0.9981322375793799, 0.9977586850952559, 0.9981322375793799, 0.998319013821442, 0.9979454613373179, 0.999252895031752, 0.9985057900635039], "trainRumorF1": [0.19764836301453462, 0.4128696969380851, 0.5564799657408639, 0.6265710687964448, 0.6595575892008484, 0.6954802495667963, 0.7149291037993493, 0.7408667125242763, 0.7588262875180702, 0.7926042378599347, 0.8113391652676786, 0.8283107584355089, 0.8496177186104439, 0.8643374060781825, 0.876815300689449, 0.8913710824786566, 0.9156376710958132, 0.9311121617744325, 0.9377089273771382, 0.9375239279364661, 0.9505379693815218, 0.9605324416572137, 0.9583088515603075, 0.9693972720698889, 0.9693906034105143, 0.9760151808384606, 0.9801062871766688, 0.9763621864501657, 0.98381473104105, 0.9839780389765822, 0.9831328715629943, 0.988393875561463, 0.988218916856886, 0.9903777528808196, 0.9880835534840322, 0.9917233115408871, 0.9922779887103594, 0.9929819029889932, 0.9895636700326809, 0.9909825027424021, 0.9879814858888754, 0.9945514985717021, 0.9946958537442797, 0.99441271854708, 0.9942252552599175, 0.9931359954887002, 0.9958270069520201, 0.9951432413649538, 0.9947055533848546, 0.9948958029829743, 0.992189533739249, 0.9948793132585305, 0.996592801268261, 0.9948387546286837, 0.994967749685677, 0.995993872990384, 0.9951710381015533, 0.995598628472049, 0.9986748384150093, 0.9978487185888696, 0.9955816977162243, 0.9975823825039475, 0.9971693272076643, 0.9969488436068663, 0.9964677648238324, 0.996816295859156, 0.9976849834236281, 0.9969692279807716, 0.9986160156121761, 0.9980433542349967], "trainLoss": [1.0377287864685059, 0.817276656627655, 0.698019802570343, 0.622211754322052, 0.5741937756538391, 0.5316181182861328, 0.4956446886062622, 0.4536686837673187, 0.424288272857666, 0.38076600432395935, 0.34727248549461365, 0.31846290826797485, 0.28408196568489075, 0.25435197353363037, 0.22629675269126892, 0.2051403820514679, 0.1688348650932312, 0.14530238509178162, 0.13011592626571655, 0.11709408462047577, 0.1004258543252945, 0.08392966538667679, 0.08163617551326752, 0.06671469658613205, 0.06541696190834045, 0.05127403512597084, 0.046882327646017075, 0.04257460683584213, 0.033112481236457825, 0.03075045719742775, 0.03343837708234787, 0.025390813127160072, 0.023647217079997063, 0.024541420862078667, 0.022673480212688446, 0.016864508390426636, 0.017150647938251495, 0.014312071725726128, 0.01761610247194767, 0.01626593992114067, 0.020304732024669647, 0.010947314091026783, 0.011762036941945553, 0.010019372217357159, 0.011174734681844711, 0.014144130982458591, 0.010373296216130257, 0.008093631826341152, 0.016071833670139313, 0.00788035523146391, 0.01509165856987238, 0.011882475577294827, 0.011243589222431183, 0.010746099054813385, 0.01144312508404255, 0.007774189580231905, 0.007620284799486399, 0.00950098130851984, 0.005798346363008022, 0.004389891400933266, 0.008218470960855484, 0.007000460755079985, 0.005809749010950327, 0.004721371922641993, 0.0056740641593933105, 0.005485278554260731, 0.005559985525906086, 0.005429178010672331, 0.0031114472076296806, 0.004327119328081608], "testRumorAcc": [0.746031746031746, 0.7833800186741363, 0.780578898225957, 0.7889822595704948, 0.7815126050420168, 0.7908496732026143, 0.7712418300653595, 0.7721755368814193, 0.773109243697479, 0.7861811391223156, 0.773109243697479, 0.7815126050420168, 0.7815126050420168, 0.7796451914098973], "testRumorF1": [0.6170472093646332, 0.681026893114858, 0.7050901502504683, 0.7074904207892908, 0.6915859858228968, 0.6955819091450801, 0.6868957496270072, 0.6695177370465921, 0.6812860398381333, 0.7063931684163796, 0.6845871759116597, 0.6939778891071195, 0.6867580723296086, 0.6835941264678537], "testLoss": [0.6254022717475891, 0.6011088490486145, 0.6758809685707092, 0.9081671833992004, 1.1140059232711792, 1.4701182842254639, 1.5414202213287354, 1.7774566411972046, 1.8053233623504639, 1.7604146003723145, 2.0307345390319824, 2.0049936771392822, 2.203359842300415, 2.231703281402588]}