{"epoch": 15, "macroF1Rumor": 0.7068405674095016, "accRumor": 0.7927170868347339, "loss": 0.6457263231277466, "trainRumorAcc": [0.6395218528203213, 0.709749719835637, 0.7439297721329847, 0.7661561449383638, 0.7850205453866268, 0.7995890922674636, 0.8177063877474785, 0.8326484871124393, 0.8431079566679118, 0.8548748599178184, 0.8672020918939111, 0.8746731415763915, 0.8903623459096003, 0.9026895778856929, 0.9096002988419873, 0.9215539783339559, 0.9312663429211804, 0.941912588718715, 0.9495704146432574, 0.9553604781471797, 0.960590212924916, 0.9660067239447142, 0.9706761299962645, 0.9751587598057527, 0.9753455360478147, 0.981135599551737, 0.9843107956667911, 0.9831901382144191, 0.9878595442659693, 0.9880463205080314, 0.9906611878968995, 0.9923421740754576, 0.9915950691072095, 0.9889802017183414, 0.9921553978333956, 0.9943967127381397, 0.9929025028016436, 0.9927157265595816, 0.9927157265595816, 0.9957041464325738, 0.9943967127381397, 0.9955173701905118, 0.9945834889802018, 0.9971983563690698, 0.9975719088531939, 0.9962644751587598, 0.9942099364960777, 0.9971983563690698, 0.9968248038849459, 0.9970115801270079, 0.998319013821442, 0.9977586850952559, 0.9975719088531939, 0.9975719088531939, 0.9977586850952559, 0.9985057900635039, 0.9971983563690698, 0.9985057900635039, 0.998319013821442, 0.9985057900635039, 0.9966380276428838, 0.9981322375793799, 0.9979454613373179, 0.998319013821442, 0.999252895031752], "trainRumorF1": [0.25319367546917326, 0.4709123052272336, 0.5829618046652929, 0.6320158340372716, 0.6624480576318137, 0.687011537670375, 0.7184883187164733, 0.7423492312638243, 0.7604674927629858, 0.7821723032833967, 0.8002575521902657, 0.8162745628584394, 0.8383572273166243, 0.8559778997719064, 0.8677477715220016, 0.8839848062670788, 0.8988852505237408, 0.9145921433680131, 0.9267982526990194, 0.9323686679418592, 0.9406598332442554, 0.949500761409738, 0.9575356637924111, 0.9624542404971783, 0.9642210290922814, 0.9726046180543577, 0.9785388908519403, 0.9758310794215668, 0.982571934700113, 0.9830223272797758, 0.987324933842501, 0.9892194571838696, 0.9874442893178962, 0.9837528822234466, 0.9883133819327031, 0.9917674173586215, 0.9897146905674337, 0.9889295968431209, 0.9896870680205969, 0.9931711816694183, 0.9926062653043985, 0.9930800714711538, 0.9921199477022415, 0.996794834761502, 0.9964823296547042, 0.9946462855614936, 0.9920522021894593, 0.9956704066189035, 0.9951942313522477, 0.9954606335387779, 0.9972886984934485, 0.9969361692211056, 0.9966721078159058, 0.9965642306665738, 0.9970320240012702, 0.997756768745908, 0.9958992568727218, 0.9975614976135171, 0.9973310116719114, 0.9979945688787152, 0.9940830835295336, 0.9977832466660965, 0.997408792522823, 0.9977503490885874, 0.9990107112968101], "trainLoss": [0.9749751091003418, 0.7729153037071228, 0.6732770800590515, 0.6124933362007141, 0.567859947681427, 0.5292399525642395, 0.4942757487297058, 0.4590926766395569, 0.4255253076553345, 0.3990928828716278, 0.3589690923690796, 0.3333078920841217, 0.30899739265441895, 0.26963749527931213, 0.24840618669986725, 0.21544510126113892, 0.19718784093856812, 0.16359809041023254, 0.14611123502254486, 0.12905707955360413, 0.11067524552345276, 0.10066189616918564, 0.080135777592659, 0.07506991922855377, 0.06990204006433487, 0.056039486080408096, 0.04758210852742195, 0.048464491963386536, 0.03426960110664368, 0.03431323915719986, 0.03367778658866882, 0.024260740727186203, 0.023487458005547523, 0.029020918533205986, 0.020643679425120354, 0.019239427521824837, 0.020423507317900658, 0.023002970963716507, 0.020809900015592575, 0.015949387103319168, 0.015998994931578636, 0.015009816735982895, 0.015834135934710503, 0.00883732084184885, 0.009337511844933033, 0.010501379147171974, 0.015228735283017159, 0.010009381920099258, 0.01095233578234911, 0.010466612875461578, 0.006312638521194458, 0.008040308021008968, 0.008681866340339184, 0.006963214371353388, 0.00670089153572917, 0.005295786075294018, 0.006849877070635557, 0.00575990742072463, 0.004369288217276335, 0.004829004872590303, 0.009836703538894653, 0.006211471743881702, 0.0059752082452178, 0.007235333789139986, 0.003914643079042435], "testRumorAcc": [0.7516339869281046, 0.7815126050420168, 0.7927170868347339, 0.7917833800186741, 0.7908496732026143, 0.7833800186741363, 0.7759103641456583, 0.7637721755368814, 0.780578898225957, 0.7787114845938375, 0.7824463118580766, 0.7647058823529411, 0.7787114845938375], "testRumorF1": [0.6050164131190253, 0.6952352514852516, 0.7068405674095016, 0.6949236221032125, 0.703754708846385, 0.6804266839450522, 0.6674006704955798, 0.6682793744820663, 0.6799058233026042, 0.6698627507528405, 0.6902236481988947, 0.6623871869570401, 0.6787217506422714], "testLoss": [0.6390072107315063, 0.5804389715194702, 0.6457263231277466, 0.8637447953224182, 1.038421630859375, 1.3447341918945312, 1.5672940015792847, 1.6724975109100342, 1.750874638557434, 1.8059532642364502, 1.8386868238449097, 2.0600943565368652, 1.9835550785064697]}