{"epoch": 15, "macroF1Rumor": 0.7250723318203605, "accRumor": 0.8029878618113913, "loss": 0.6641241908073425, "trainRumorAcc": [0.6445648113559955, 0.7155397833395593, 0.7547627941725813, 0.7781098244303325, 0.7941725812476653, 0.8132237579379903, 0.8259245423982069, 0.8414269704893538, 0.8554351886440045, 0.8733657078819574, 0.884198729921554, 0.8967127381397086, 0.9081060889054913, 0.9200597683974598, 0.9290250280164363, 0.9370564064251027, 0.941539036234591, 0.9499439671273814, 0.9579753455360478, 0.9645125140082181, 0.9676877101232724, 0.9734777736271947, 0.9751587598057527, 0.9826298094882331, 0.980948823309675, 0.9815091520358611, 0.9852446768771013, 0.9859917818453493, 0.9876727680239074, 0.9880463205080314, 0.9906611878968995, 0.9921553978333956, 0.9904744116548375, 0.9943967127381397, 0.9925289503175196, 0.9936496077698916, 0.9943967127381397, 0.9943967127381397, 0.9942099364960777, 0.9940231602540157, 0.9951438177063877, 0.9958909226746357, 0.9938363840119537, 0.9958909226746357, 0.9951438177063877, 0.9971983563690698, 0.9957041464325738, 0.9942099364960777, 0.9968248038849459, 0.9981322375793799, 0.9985057900635039, 0.9979454613373179, 0.9985057900635039, 0.9985057900635039, 0.9973851326111318, 0.9977586850952559, 0.9979454613373179, 0.9973851326111318, 0.9975719088531939, 0.9977586850952559, 0.9973851326111318, 0.99906611878969, 0.9977586850952559, 0.9985057900635039, 0.9986925663055659], "trainRumorF1": [0.2672557897025957, 0.49286975654645204, 0.6093239348212747, 0.6552996356042355, 0.6845240228339324, 0.7165597328920555, 0.7407246988570714, 0.7645286787449187, 0.7862275088458506, 0.8107872027765288, 0.8313057195864886, 0.8486505964817854, 0.866987841693711, 0.8834624291259545, 0.8981071705513012, 0.9108048740783294, 0.9137054842860926, 0.9256222464912103, 0.9388939584076204, 0.948273317767869, 0.9531380912604813, 0.9636468136258959, 0.96630251994749, 0.9744545181416582, 0.9715943502344768, 0.9716102479150839, 0.9772849625015626, 0.9813549609338984, 0.9828840637357661, 0.9826337324668775, 0.9864474781645753, 0.9886546463356564, 0.9864210211870039, 0.9919767332993648, 0.9884810400455527, 0.9901794792996343, 0.9908962261454615, 0.9913143499796886, 0.9912938523845308, 0.991554127086503, 0.9930574301120603, 0.9938614105900974, 0.9900228800617273, 0.9942276535215568, 0.9935963763828963, 0.9952997648657083, 0.9942831174177782, 0.990757398703648, 0.9954868923234261, 0.9972585714231643, 0.9976512384780866, 0.997416067908268, 0.9979395252305217, 0.9981258232841035, 0.9957820163459048, 0.9964490959448653, 0.9971121585566858, 0.995867828756206, 0.9964921800547653, 0.9965342026729931, 0.9960415062990808, 0.9985559060257369, 0.9963862518250804, 0.9975506819481675, 0.9979228412855846], "trainLoss": [0.9711180329322815, 0.7532727718353271, 0.6515251994132996, 0.5877618193626404, 0.5419042706489563, 0.4905129671096802, 0.45539742708206177, 0.42145267128944397, 0.3865726590156555, 0.34351158142089844, 0.3133966028690338, 0.2868485450744629, 0.2529931664466858, 0.22354388236999512, 0.1986405998468399, 0.1750231385231018, 0.16178376972675323, 0.14334063231945038, 0.12354712188243866, 0.09865562617778778, 0.09491625428199768, 0.07873834669589996, 0.06778369098901749, 0.057136420160532, 0.052546773105859756, 0.05240160599350929, 0.04457274079322815, 0.04020346328616142, 0.035064369440078735, 0.03273588418960571, 0.024774380028247833, 0.025902969762682915, 0.027612851932644844, 0.018072668462991714, 0.021006811410188675, 0.02021329663693905, 0.01704590953886509, 0.015954412519931793, 0.017658473923802376, 0.01645192876458168, 0.01873108185827732, 0.012998449616134167, 0.016476931050419807, 0.010512210428714752, 0.011884151957929134, 0.008918690495193005, 0.013983837328851223, 0.012533409520983696, 0.011316866613924503, 0.0072680688463151455, 0.004310892429202795, 0.007975921966135502, 0.004603640642017126, 0.006356086116284132, 0.005775337107479572, 0.009953618049621582, 0.006497446447610855, 0.008945535868406296, 0.009548364207148552, 0.006910711992532015, 0.010444904677569866, 0.0029878462664783, 0.006944654975086451, 0.006560416426509619, 0.004950737114995718], "testRumorAcc": [0.7637721755368814, 0.8057889822595705, 0.8029878618113913, 0.7833800186741363, 0.7815126050420168, 0.7815126050420168, 0.76937441643324, 0.7684407096171803, 0.7665732959850607, 0.7703081232492998, 0.7628384687208216, 0.7721755368814193, 0.7619047619047619], "testRumorF1": [0.6563000954673379, 0.7178025363289848, 0.7250723318203605, 0.6886495200698478, 0.6828441824303515, 0.6821713222380665, 0.6852777870701074, 0.6693327164978009, 0.6630793253701392, 0.6756921314348014, 0.6565072077117803, 0.680137515631017, 0.6594863823058346], "testLoss": [0.600400447845459, 0.5537922382354736, 0.6641241908073425, 0.9152498245239258, 1.1622565984725952, 1.5115011930465698, 1.520838975906372, 1.740517497062683, 1.8208180665969849, 1.9197994470596313, 2.1729393005371094, 2.0535433292388916, 2.231720447540283]}