{"epoch": 15, "macroF1Rumor": 0.6840924263637964, "accRumor": 0.780578898225957, "loss": 0.7432880997657776, "trainRumorAcc": [0.6419499439671273, 0.7246918192005977, 0.7538289129622712, 0.7736271946208443, 0.7952932387000373, 0.8104221143070601, 0.8206948076204706, 0.8352633545013074, 0.8550616361598805, 0.8673888681359732, 0.8791557713858797, 0.8920433320881583, 0.9013821441912588, 0.9146432573776616, 0.9267837131116922, 0.9346283152782966, 0.9432200224131491, 0.9478894284646993, 0.962271199103474, 0.961710870377288, 0.9654463952185282, 0.9703025775121404, 0.9742248785954427, 0.9768397459843108, 0.981882704519985, 0.9839372431826672, 0.9850579006350392, 0.9858050056032872, 0.9887934254762795, 0.9904744116548375, 0.9915950691072095, 0.9901008591707134, 0.9919686215913336, 0.9921553978333956, 0.9915950691072095, 0.9949570414643257, 0.9940231602540157, 0.9943967127381397, 0.9940231602540157, 0.9938363840119537, 0.9947702652222637, 0.9966380276428838, 0.9949570414643257, 0.9966380276428838, 0.9966380276428838, 0.9970115801270079, 0.9970115801270079, 0.9971983563690698, 0.9955173701905118, 0.9955173701905118, 0.9981322375793799, 0.9985057900635039, 0.9962644751587598, 0.9977586850952559, 0.998319013821442, 0.9968248038849459, 0.9964512514008218, 0.998319013821442, 0.9968248038849459, 0.998319013821442, 0.9985057900635039, 0.99906611878969, 0.9985057900635039, 0.9977586850952559, 0.9986925663055659], "trainRumorF1": [0.26703892526369016, 0.5185594470446733, 0.6066287374676073, 0.6448849033781265, 0.6825646435477896, 0.7104846107851766, 0.7256750410913252, 0.7520649037750853, 0.7817665472147227, 0.8016058360432964, 0.8216696290563908, 0.8405481993231381, 0.8534271484505511, 0.8735465805784185, 0.8959764709918113, 0.9051307679551465, 0.9192718084533547, 0.9249495317892426, 0.9461176823433861, 0.9439109429628603, 0.9531704539973577, 0.9573509865960752, 0.9657463823886395, 0.9680307574810272, 0.9740224046332735, 0.9766581140075712, 0.9774614912800453, 0.9784559459539784, 0.9842399683484987, 0.985803412946253, 0.9877054236210345, 0.9848964957682664, 0.9889631664539371, 0.9880053253706904, 0.9880241656415722, 0.993242481812548, 0.9917010073370556, 0.990875132878352, 0.9911667158474368, 0.9900895144090267, 0.9923787512579364, 0.9948879940346157, 0.9929899275536465, 0.9951864157265113, 0.994724802090974, 0.9957339484317952, 0.9952627461615853, 0.9962146282632596, 0.99420073840504, 0.9946767414363296, 0.9975051057209452, 0.9978989242770191, 0.9938791453603122, 0.9964023767863515, 0.9972803724822454, 0.9955231887160846, 0.99504985636798, 0.9970075267432451, 0.9946861258912933, 0.9975808256231901, 0.9978491022339954, 0.9988324511677327, 0.9984030600032199, 0.9967849908667699, 0.9983973791283091], "trainLoss": [0.9799864888191223, 0.7479549050331116, 0.6456271409988403, 0.5937063694000244, 0.548765242099762, 0.5110512971878052, 0.4744916558265686, 0.4381379187107086, 0.39767634868621826, 0.36423230171203613, 0.33367177844047546, 0.2937850058078766, 0.27012693881988525, 0.2390868365764618, 0.21066753566265106, 0.18156981468200684, 0.16677211225032806, 0.14767704904079437, 0.11743047088384628, 0.10736632347106934, 0.09667908400297165, 0.0801699310541153, 0.07093095034360886, 0.06056605279445648, 0.05623503401875496, 0.04245787858963013, 0.0462433360517025, 0.041428182274103165, 0.035102713853120804, 0.03130413219332695, 0.026958581060171127, 0.02906964160501957, 0.02952774427831173, 0.023155754432082176, 0.020937371999025345, 0.016147039830684662, 0.020414382219314575, 0.01677797921001911, 0.01963597536087036, 0.015901047736406326, 0.016096651554107666, 0.012373899109661579, 0.016053736209869385, 0.010987331159412861, 0.009183977730572224, 0.008461717516183853, 0.008860301226377487, 0.007425190880894661, 0.014176319353282452, 0.012917960062623024, 0.006866648327559233, 0.0054476093500852585, 0.012394722551107407, 0.005502608139067888, 0.005112247541546822, 0.010478878393769264, 0.009698801673948765, 0.004621598403900862, 0.014841037802398205, 0.006337794009596109, 0.0037473062984645367, 0.0030918524134904146, 0.0059454552829265594, 0.006468388717621565, 0.004813473206013441], "testRumorAcc": [0.7581699346405228, 0.7787114845938375, 0.780578898225957, 0.7740429505135388, 0.7759103641456583, 0.7628384687208216, 0.7777777777777778, 0.765639589169001, 0.76937441643324, 0.76937441643324, 0.7777777777777778, 0.7684407096171803, 0.7544351073762838], "testRumorF1": [0.6491707215392037, 0.6713559308804661, 0.6840924263637964, 0.6613086597628889, 0.6758448051293207, 0.6654683026890456, 0.6785196147441984, 0.6740937235711546, 0.6681891275815814, 0.6702995261265864, 0.6671220820273877, 0.6701853301208911, 0.6427998050821705], "testLoss": [0.6126437783241272, 0.6081350445747375, 0.7432880997657776, 1.0698692798614502, 1.2563650608062744, 1.4254493713378906, 1.6367987394332886, 1.684885859489441, 1.8037174940109253, 1.8638851642608643, 2.1809043884277344, 2.029383659362793, 2.37398624420166]}