{"epoch": 10, "macroF1Rumor": 0.7215798640680926, "accRumor": 0.8011204481792717, "loss": 0.5995649695396423, "trainRumorAcc": [0.6497945461337318, 0.7189017556966754, 0.7519611505416511, 0.7743742995890923, 0.790250280164363, 0.807994023160254, 0.8218154650728428, 0.8352633545013074, 0.8531938737392604, 0.8602913709376168, 0.8774747852073216, 0.8952185282032126, 0.9054912215166231, 0.9161374673141577, 0.9286514755323123, 0.9323870003735525, 0.9394844975719089, 0.9501307433694434, 0.9564811355995517, 0.9663802764288383, 0.9716100112065745, 0.9708629062383265, 0.9744116548375047, 0.9774000747104968, 0.9826298094882331, 0.9850579006350392, 0.982069480762047, 0.9859917818453493, 0.9878595442659693, 0.9856182293612252, 0.9899140829286515, 0.9919686215913336, 0.9910347403810236, 0.9927157265595816, 0.9904744116548375, 0.9934628315278297, 0.9932760552857677, 0.9940231602540157, 0.9945834889802018, 0.9966380276428838, 0.9960776989166978, 0.9945834889802018, 0.9960776989166978, 0.9934628315278297, 0.9971983563690698, 0.9957041464325738, 0.9958909226746357, 0.9968248038849459, 0.9968248038849459, 0.9958909226746357, 0.9970115801270079, 0.9966380276428838, 0.9977586850952559, 0.9958909226746357, 0.9973851326111318, 0.9975719088531939, 0.9960776989166978, 0.9970115801270079, 0.9977586850952559, 0.998319013821442], "trainRumorF1": [0.291896935501215, 0.5110684112915632, 0.6048343837518128, 0.65061460864967, 0.6747751857395724, 0.7026117466814903, 0.7290676487984107, 0.7532850779252376, 0.7860636323676274, 0.792990370024828, 0.8216560718209602, 0.8458684749054239, 0.8634918812190647, 0.8818849946870702, 0.8957034048099013, 0.9008829112790147, 0.912952105440165, 0.9289491961730225, 0.9371400481532287, 0.9511176511453668, 0.960731207944709, 0.9566821485772308, 0.9622050715888358, 0.9668228486214236, 0.9753818454378972, 0.9789443354840932, 0.973710598531261, 0.9804981746334945, 0.9840680463923752, 0.9790744196496393, 0.9864497320765804, 0.9882339864138492, 0.9872304312683349, 0.9897387317958026, 0.986219024871831, 0.989826003592602, 0.9887948131307958, 0.9909119862563674, 0.99184734476775, 0.9954865682065539, 0.9945444732692053, 0.9925778763652031, 0.9946420944991361, 0.9901555807280368, 0.9962989038443084, 0.9940870159870028, 0.9939464753454416, 0.9953407321411599, 0.995082576526185, 0.9941428210890657, 0.9962480715340098, 0.9945649059094515, 0.9964793960800804, 0.9936516608878243, 0.9966421426518258, 0.9968017538750307, 0.9944114857121296, 0.9957885540148764, 0.996326119947367, 0.9971281039480485], "trainLoss": [0.948738157749176, 0.7453261017799377, 0.6546590328216553, 0.5908443927764893, 0.5477331280708313, 0.5045268535614014, 0.46652403473854065, 0.4309411346912384, 0.39234668016433716, 0.35820212960243225, 0.3264627158641815, 0.2909122705459595, 0.25530189275741577, 0.23459520936012268, 0.20080170035362244, 0.18560214340686798, 0.1637045294046402, 0.13742807507514954, 0.1167304664850235, 0.09431983530521393, 0.088233083486557, 0.0776468813419342, 0.06977884471416473, 0.06630463898181915, 0.05172000452876091, 0.04449038580060005, 0.04892272129654884, 0.04117627069354057, 0.03148965537548065, 0.03891614452004433, 0.02781030163168907, 0.02465669997036457, 0.024618733674287796, 0.024050410836935043, 0.027629461139440536, 0.018391521647572517, 0.01821981929242611, 0.018025999888777733, 0.015095021575689316, 0.010515867732465267, 0.012484073638916016, 0.017301226034760475, 0.012315665371716022, 0.01613820344209671, 0.008325738832354546, 0.016053581610322, 0.011299286969006062, 0.009929701685905457, 0.009073675610125065, 0.011319107376039028, 0.009400248527526855, 0.008307995274662971, 0.007530505303293467, 0.012391673400998116, 0.008015484549105167, 0.007562250830233097, 0.011010939255356789, 0.007697725668549538, 0.007344470359385014, 0.0046689254231750965], "testRumorAcc": [0.7432306255835668, 0.8011204481792717, 0.7880485527544351, 0.7964519140989729, 0.7992530345471522, 0.7936507936507936, 0.8011204481792717, 0.7983193277310925, 0.7833800186741363, 0.7936507936507936, 0.7917833800186741, 0.7889822595704948], "testRumorF1": [0.6459874210869516, 0.7215798640680926, 0.7148535665045099, 0.7001942186986252, 0.7111212645431242, 0.705038385211424, 0.7039883938756051, 0.694634698671767, 0.6949060161073307, 0.6931047290028983, 0.7028625886684973, 0.7048992135225116], "testLoss": [0.6033309102058411, 0.5995649695396423, 0.7049531936645508, 1.0116539001464844, 1.2550402879714966, 1.314086675643921, 1.5227187871932983, 1.889543056488037, 1.9074325561523438, 2.0554187297821045, 2.091355562210083, 2.0943102836608887]}