{"epoch": 20, "macroF1Rumor": 0.7265282083635227, "accRumor": 0.800186741363212, "loss": 0.6521295309066772, "trainRumorAcc": [0.6290623832648488, 0.6864026895778856, 0.7325364213672021, 0.7536421367202092, 0.767837131116922, 0.7809114680612627, 0.7979081060889055, 0.8115427717594322, 0.8182667164736646, 0.8302203959656331, 0.8345162495330594, 0.8485244676877102, 0.8552484124019425, 0.864587224505043, 0.8679491968621591, 0.886253268584236, 0.884198729921554, 0.8931639895405304, 0.9013821441912588, 0.9090399701158013, 0.9168845722824057, 0.923048188270452, 0.9254762794172581, 0.9273440418378782, 0.9323870003735525, 0.9359357489727307, 0.940791931266343, 0.9441539036234591, 0.9490100859170714, 0.9527456107583115, 0.9551737019051176, 0.9587224505042958, 0.9527456107583115, 0.960776989166978, 0.961150541651102, 0.9633918565558461, 0.9648860664923422, 0.9684348150915204, 0.9680612626073963, 0.9725438924168845, 0.9764661935001868, 0.9762794172581247, 0.9775868509525588, 0.9796413896152409, 0.9796413896152409, 0.980388494583489, 0.980014942099365, 0.980575270825551, 0.981882704519985, 0.9822562570041091, 0.9815091520358611, 0.9835636906985431, 0.9852446768771013, 0.9835636906985431, 0.9828165857302951, 0.9878595442659693, 0.9852446768771013, 0.9882330967500934, 0.9863653343294733, 0.9884198729921554, 0.9854314531191632, 0.9897273066865895, 0.9886066492342174, 0.9876727680239074, 0.9915950691072095, 0.9887934254762795, 0.9908479641389615, 0.9910347403810236, 0.9906611878968995, 0.9893537542024654], "trainRumorF1": [0.19362435630179256, 0.38136650506842934, 0.5487663394734436, 0.606892004872297, 0.637416688046051, 0.6593345853386346, 0.6905679084616974, 0.7106102234850047, 0.726224442846105, 0.7435578659597343, 0.755284656292438, 0.7774699468353455, 0.7851943139402064, 0.798760667750722, 0.8066328153323291, 0.8357334183413532, 0.8315769702075373, 0.8434785326214128, 0.8574557642143255, 0.8685412784944953, 0.8810150518455647, 0.8896182842540816, 0.889337139046197, 0.8952004320931367, 0.901883467611393, 0.9072260941620348, 0.9138283766328376, 0.919717966590246, 0.928302591435496, 0.9314268415731841, 0.935631399966539, 0.9377226918450005, 0.9335540933263348, 0.942005740695145, 0.9434786779788479, 0.9474708199157591, 0.948812532671299, 0.9540445814542883, 0.9534494186995187, 0.9599907009370574, 0.9663387597621607, 0.965423544538089, 0.9670477718369733, 0.9710939614969298, 0.9704567822290178, 0.9725725616216093, 0.9694602335573762, 0.9724829300524672, 0.973878043421256, 0.9732892291213876, 0.9729178922737269, 0.9773544147609579, 0.9793401147680887, 0.9754054073168836, 0.9756364471990702, 0.9820925388934917, 0.97898966911856, 0.9817438067601276, 0.979837318006785, 0.9817177213326287, 0.9796228400399725, 0.9848585418495233, 0.9840403797835076, 0.9811972196522828, 0.9874433546171828, 0.983253270178731, 0.9872173519383525, 0.9867732844911252, 0.9854316318392748, 0.9838443547487876], "trainLoss": [1.0405069589614868, 0.8333262205123901, 0.71042400598526, 0.6537752151489258, 0.6051439642906189, 0.5691004991531372, 0.5374858975410461, 0.5085381269454956, 0.47253990173339844, 0.45528489351272583, 0.4410160779953003, 0.408952921628952, 0.38572588562965393, 0.3649507462978363, 0.3508828580379486, 0.3192893862724304, 0.31117579340934753, 0.2877161204814911, 0.27141261100769043, 0.25760409235954285, 0.23863403499126434, 0.21135444939136505, 0.20931895077228546, 0.20214404165744781, 0.18984994292259216, 0.17390994727611542, 0.17198514938354492, 0.1560347080230713, 0.15059690177440643, 0.13548070192337036, 0.13035541772842407, 0.11665673553943634, 0.13248611986637115, 0.1121133416891098, 0.10397294908761978, 0.10267990827560425, 0.10132452100515366, 0.09294270724058151, 0.0904378741979599, 0.0823233351111412, 0.06965947151184082, 0.06222698464989662, 0.06770561635494232, 0.05773048847913742, 0.06010725721716881, 0.0609111562371254, 0.06180563196539879, 0.05896990746259689, 0.05530107766389847, 0.050495125353336334, 0.05226093903183937, 0.051246270537376404, 0.041931673884391785, 0.04616106301546097, 0.047943394631147385, 0.036225199699401855, 0.04028880596160889, 0.03391829878091812, 0.03729085624217987, 0.03980472311377525, 0.04232548922300339, 0.030024386942386627, 0.033181723207235336, 0.03684385493397713, 0.029648611322045326, 0.034351691603660583, 0.028508124873042107, 0.024897703900933266, 0.02687857113778591, 0.03156377002596855], "testRumorAcc": [0.7357609710550888, 0.7927170868347339, 0.7973856209150327, 0.800186741363212, 0.7927170868347339, 0.7936507936507936, 0.7880485527544351, 0.7871148459383753, 0.776844070961718, 0.776844070961718, 0.7824463118580766, 0.7815126050420168, 0.776844070961718, 0.7824463118580766], "testRumorF1": [0.6249610302347464, 0.6964991223167418, 0.7118659582130231, 0.7265282083635227, 0.7119875089533656, 0.7091947404086056, 0.7000782510605773, 0.6981133216484035, 0.6920607159929212, 0.6881130845219959, 0.6895742974143615, 0.6921314958667386, 0.6818848522376276, 0.6892525668918692], "testLoss": [0.6322581768035889, 0.5697416663169861, 0.5678030252456665, 0.6521295309066772, 0.7734559178352356, 0.8745242357254028, 1.0056979656219482, 1.116916298866272, 1.2481790781021118, 1.3492484092712402, 1.3599554300308228, 1.4984444379806519, 1.5363012552261353, 1.593506097793579]}