{"epoch": 10, "macroF1Rumor": 0.7121320549130641, "accRumor": 0.800186741363212, "loss": 0.563992440700531, "trainRumorAcc": [0.6372805379155771, 0.7185282032125514, 0.7560702278670153, 0.7760552857676504, 0.7932387000373552, 0.807060141949944, 0.8197609264101606, 0.8283526335450131, 0.8515128875607023, 0.865707881957415, 0.8752334703025775, 0.8892416884572283, 0.9073589839372432, 0.9084796413896152, 0.9251027269331341, 0.9366828539409787, 0.9463952185282032, 0.9544265969368696, 0.9594695554725439, 0.9669406051550243, 0.9704893537542024, 0.9749719835636907, 0.9816959282779231, 0.9768397459843108, 0.9843107956667911, 0.9848711243929772, 0.9863653343294733, 0.9893537542024654, 0.9858050056032872, 0.9859917818453493, 0.9908479641389615, 0.9921553978333956, 0.9923421740754576, 0.9910347403810236, 0.9925289503175196, 0.9940231602540157, 0.9919686215913336, 0.9934628315278297, 0.9930892790437056, 0.9947702652222637, 0.9966380276428838, 0.9951438177063877, 0.9955173701905118, 0.9947702652222637, 0.9968248038849459, 0.9962644751587598, 0.9934628315278297, 0.9979454613373179, 0.9964512514008218, 0.9962644751587598, 0.9957041464325738, 0.9973851326111318, 0.9975719088531939, 0.9977586850952559, 0.9958909226746357, 0.9966380276428838, 0.9975719088531939, 0.9971983563690698, 0.9968248038849459, 0.9986925663055659], "trainRumorF1": [0.252070105810512, 0.4966665051514938, 0.6059827192569217, 0.650871139722021, 0.6785220140092714, 0.7055497919790885, 0.7255700992543754, 0.7396607089730769, 0.7756455596895453, 0.8014293858924703, 0.8139464597064738, 0.8364761864231187, 0.8629118360335803, 0.8676010432797252, 0.8880277067004976, 0.9098384918093284, 0.9210413268211939, 0.9339600078663006, 0.9418501894605357, 0.9530779010502195, 0.9563565121254103, 0.9640753650146153, 0.9741706977246648, 0.9660806972318082, 0.9765202116821832, 0.9783073510531626, 0.9804539561654103, 0.9854039053432715, 0.9793823358821644, 0.9790647955698257, 0.9873869210977104, 0.9880032243375775, 0.9881651858520349, 0.9867286091212979, 0.9889720355937595, 0.9911560063523671, 0.9886179419874943, 0.9914982510861301, 0.9892529768899692, 0.9919982924618826, 0.9948908900240838, 0.9927774449257387, 0.9926362781307574, 0.9922960063364774, 0.9960314192601706, 0.9938494218884971, 0.9906101234221613, 0.9970483949206417, 0.9941837305984899, 0.9944683225783875, 0.9944631527102108, 0.9957569213686234, 0.9963602508043077, 0.9971387487171858, 0.9936121349943428, 0.9947110770772235, 0.997075938050255, 0.9962223280455575, 0.9956122860642679, 0.9982241213978221], "trainLoss": [0.9805579781532288, 0.7594901323318481, 0.6524471640586853, 0.5902104377746582, 0.551552414894104, 0.513218879699707, 0.4734048843383789, 0.4441627264022827, 0.40572357177734375, 0.37608352303504944, 0.34126046299934387, 0.30059361457824707, 0.2680470943450928, 0.24248303472995758, 0.20484529435634613, 0.17716911435127258, 0.1528121829032898, 0.13223285973072052, 0.11680562794208527, 0.09750178456306458, 0.08481138199567795, 0.07703492790460587, 0.0590946227312088, 0.06437497586011887, 0.04691426455974579, 0.04919693246483803, 0.04228521138429642, 0.033492833375930786, 0.04075172543525696, 0.0361517034471035, 0.03143012151122093, 0.024285679683089256, 0.02251603454351425, 0.026528360322117805, 0.022424636408686638, 0.016660848632454872, 0.022806912660598755, 0.017061932012438774, 0.020668594166636467, 0.015745187178254128, 0.011941923759877682, 0.015762891620397568, 0.015200952999293804, 0.014951378107070923, 0.009776652790606022, 0.0085769547149539, 0.016159947961568832, 0.0086442269384861, 0.01076851598918438, 0.010578537359833717, 0.011496298015117645, 0.009221713058650494, 0.006640751846134663, 0.005718183238059282, 0.015210544690489769, 0.014531840570271015, 0.008025584742426872, 0.007278424687683582, 0.010579305700957775, 0.004187649581581354], "testRumorAcc": [0.7647058823529411, 0.800186741363212, 0.7740429505135388, 0.773109243697479, 0.7796451914098973, 0.7787114845938375, 0.7759103641456583, 0.7665732959850607, 0.7759103641456583, 0.7843137254901961, 0.7740429505135388, 0.773109243697479], "testRumorF1": [0.6494080444427874, 0.7121320549130641, 0.6733594706870882, 0.676732782113217, 0.6978702462169815, 0.6965770073927282, 0.6823671684348371, 0.6724390783897245, 0.6928530707573459, 0.678527297371807, 0.6814033715159415, 0.6845271908039041], "testLoss": [0.5936306118965149, 0.563992440700531, 0.7778054475784302, 1.000041127204895, 1.2498741149902344, 1.4650834798812866, 1.6203497648239136, 1.8279627561569214, 1.9529218673706055, 2.26652455329895, 2.227933645248413, 2.2115957736968994]}