{"epoch": 35, "macroF1Rumor": 0.7040652658717935, "accRumor": 0.7843137254901961, "loss": 1.0491514205932617, "trainRumorAcc": [0.6395218528203213, 0.6938737392603661, 0.7362719462084423, 0.7519611505416511, 0.7655958162121778, 0.7898767276802391, 0.7943593574897273, 0.809114680612626, 0.8177063877474785, 0.8339559208068734, 0.8442286141202839, 0.845162495330594, 0.8614120283899888, 0.8683227493462832, 0.8784086664176317, 0.88475905864774, 0.8901755696675383, 0.8997011580127008, 0.9019424729174449, 0.9135225999252895, 0.9135225999252895, 0.921180425849832, 0.9282779230481882, 0.9338812103100486, 0.9400448262980949, 0.9368696301830407, 0.9497571908853194, 0.9484497571908853, 0.9521852820321255, 0.9561075831154278, 0.9609637654090399, 0.9576017930519238, 0.963205080313784, 0.9660067239447142, 0.9643257377661562, 0.9691819200597684, 0.9716100112065745, 0.9736645498692567, 0.9731042211430706, 0.9742248785954427, 0.9744116548375047, 0.9749719835636907, 0.9785207321628688, 0.980762047067613, 0.9762794172581247, 0.981135599551737, 0.9828165857302951, 0.9850579006350392, 0.9843107956667911, 0.9884198729921554, 0.9848711243929772, 0.9841240194247292, 0.9861785580874113, 0.9874859917818454, 0.9852446768771013, 0.9891669779604034, 0.9884198729921554, 0.9869256630556593, 0.9880463205080314, 0.9865521105715352, 0.9884198729921554, 0.9908479641389615, 0.9882330967500934, 0.9901008591707134, 0.9887934254762795, 0.9919686215913336, 0.9906611878968995, 0.9912215166230856, 0.9925289503175196, 0.9917818453492716, 0.9932760552857677, 0.9936496077698916, 0.9914082928651475, 0.9923421740754576, 0.9942099364960777, 0.9938363840119537, 0.9943967127381397, 0.9936496077698916, 0.9914082928651475, 0.9953305939484498, 0.9930892790437056, 0.9953305939484498, 0.9936496077698916, 0.9951438177063877, 0.9953305939484498], "trainRumorF1": [0.24984485137061813, 0.4459614852349762, 0.5615507680640847, 0.600067508645288, 0.6299293224368502, 0.6735253333939883, 0.6889201809629821, 0.7058870926534202, 0.7244199959246211, 0.7487705498478874, 0.7664917228918243, 0.7704753288846702, 0.7907834379619392, 0.8037464677927496, 0.8235755015307528, 0.8284595519613173, 0.8373496415915256, 0.850616179808769, 0.857733005744231, 0.8724177531502778, 0.8759729831832378, 0.8825581784052211, 0.896019439432327, 0.9017354692181752, 0.9119585123937427, 0.9058330207648262, 0.9245672542191695, 0.9244090937810258, 0.9301252767628935, 0.9371742862059271, 0.9414936460005765, 0.9375272050724817, 0.9458748792903953, 0.9516428407922033, 0.9465123222118136, 0.953820578142639, 0.9589340143971168, 0.961912363156785, 0.9617570943195652, 0.9625721569104465, 0.9610101063115506, 0.9633739820290508, 0.968115926528096, 0.9713980846183741, 0.9639932800131651, 0.9709814198651829, 0.9741353791699396, 0.9774280509463925, 0.9773534276298805, 0.9821536253753282, 0.9775997463353898, 0.9770406070199901, 0.978801771561749, 0.9812109106719984, 0.9780122126436501, 0.9838872633643176, 0.9812679461495382, 0.9797186534824192, 0.9814208892075884, 0.9801519421529881, 0.9819444848894967, 0.9866129000983994, 0.9823279311459412, 0.9850638353014582, 0.9834628812034468, 0.9877649018488985, 0.9858798740320889, 0.9879707953209942, 0.9887181262947563, 0.9883916253686987, 0.9900602675981944, 0.9911584570610467, 0.9863679701329515, 0.9870939137229751, 0.9910526635976177, 0.9912019374053157, 0.9913198505139019, 0.9909076953429374, 0.987992108364011, 0.9927061710762711, 0.9890453387473408, 0.9932168118894193, 0.9900903728641753, 0.9926880558149436, 0.9938512693634645], "trainLoss": [0.9845908284187317, 0.8027245402336121, 0.6990960240364075, 0.6497297883033752, 0.6039995551109314, 0.5696216225624084, 0.5433554649353027, 0.508415699005127, 0.4865671396255493, 0.45181989669799805, 0.431821346282959, 0.4064088463783264, 0.37494760751724243, 0.3527776300907135, 0.3297748863697052, 0.31344640254974365, 0.296654611825943, 0.2765366733074188, 0.2565149962902069, 0.23594878613948822, 0.23178866505622864, 0.21736226975917816, 0.1984105259180069, 0.18539050221443176, 0.16875065863132477, 0.16496412456035614, 0.14321166276931763, 0.14142288267612457, 0.1302960216999054, 0.12484265118837357, 0.1120452955365181, 0.11207453906536102, 0.10581987351179123, 0.09916534274816513, 0.0970073789358139, 0.08531172573566437, 0.08632027357816696, 0.07737543433904648, 0.07218309491872787, 0.07098538428544998, 0.07011928409337997, 0.07196216285228729, 0.05955548956990242, 0.05986890569329262, 0.06387542188167572, 0.053131069988012314, 0.05008829012513161, 0.04711632430553436, 0.048227760940790176, 0.038572002202272415, 0.04511164128780365, 0.043074559420347214, 0.04221618175506592, 0.03541453182697296, 0.04452246427536011, 0.030452730134129524, 0.038196008652448654, 0.03782012313604355, 0.03693258762359619, 0.039546359330415726, 0.03249390795826912, 0.02760770171880722, 0.03362703323364258, 0.028862325474619865, 0.02999943308532238, 0.023548748344182968, 0.027105102315545082, 0.02307029440999031, 0.02199985273182392, 0.02698073722422123, 0.01835998333990574, 0.017823094502091408, 0.024669773876667023, 0.023239050060510635, 0.017488177865743637, 0.017302412539720535, 0.017696425318717957, 0.022308779880404472, 0.027147764340043068, 0.013250701129436493, 0.022339439019560814, 0.010898531414568424, 0.017889464274048805, 0.01445666141808033, 0.01659305766224861], "testRumorAcc": [0.7441643323996265, 0.7749766573295985, 0.7833800186741363, 0.7796451914098973, 0.7787114845938375, 0.7796451914098973, 0.7843137254901961, 0.7759103641456583, 0.7843137254901961, 0.7703081232492998, 0.7759103641456583, 0.7703081232492998, 0.7721755368814193, 0.7628384687208216, 0.7721755368814193, 0.7712418300653595, 0.7665732959850607], "testRumorF1": [0.5925896120976688, 0.6746397021866989, 0.6951361265295439, 0.694810089574622, 0.7026995381837905, 0.6720427636645656, 0.7040652658717935, 0.6858594889185183, 0.6883662240325346, 0.6751645456403133, 0.6898257158363916, 0.6669012804282467, 0.68443707698434, 0.6572343689667228, 0.6768083250075754, 0.6601898918290778, 0.6716697282386713], "testLoss": [0.647038996219635, 0.5900859236717224, 0.6202613115310669, 0.7264242768287659, 0.8386601805686951, 1.0254024267196655, 1.0491514205932617, 1.2656550407409668, 1.3300187587738037, 1.523515224456787, 1.4730966091156006, 1.5805546045303345, 1.6097382307052612, 1.8366721868515015, 1.8792732954025269, 2.0764620304107666, 1.9483880996704102]}