{"epoch": 10, "macroF1Rumor": 0.6918498167449919, "accRumor": 0.7796451914098973, "loss": 0.5873110294342041, "trainRumorAcc": [0.6292491595069107, 0.6593201344788943, 0.7222637280537916, 0.7485991781845349, 0.7736271946208443, 0.7790437056406425, 0.7936122525214793, 0.8061262607396339, 0.8113559955173701, 0.8251774374299589, 0.8315278296600672, 0.8429211804258498, 0.8535674262233844, 0.8578632797908106, 0.8748599178184535, 0.8778483376914457, 0.884385506163616, 0.8929772132984685, 0.8968995143817706, 0.904744116548375, 0.9109077325364213, 0.9189391109450877, 0.9224878595442659, 0.9275308180799402, 0.9286514755323123, 0.9359357489727307, 0.9402316025401569, 0.9402316025401569, 0.9505042958535674, 0.9484497571908853, 0.9564811355995517, 0.9544265969368696, 0.9598431079566679, 0.9646992902502801, 0.962084422861412, 0.9656331714605902, 0.9686215913335824, 0.9719835636906985, 0.9676877101232724, 0.9729174449010086, 0.9751587598057527, 0.9751587598057527, 0.9775868509525588, 0.9787075084049309, 0.9779604034366829, 0.9788942846469929, 0.981322375793799, 0.9831901382144191, 0.9824430332461711, 0.981135599551737, 0.980575270825551, 0.9852446768771013, 0.9844975719088532, 0.9861785580874113, 0.9871124392977213, 0.9904744116548375, 0.9887934254762795, 0.9891669779604034, 0.9882330967500934, 0.9869256630556593], "trainRumorF1": [0.19800925952376874, 0.31429686816634966, 0.5329880218284075, 0.5998343493784278, 0.641554282111945, 0.6581071920802302, 0.6818192323607173, 0.7082198121670251, 0.7129954400609139, 0.7343202049792774, 0.7455616367121426, 0.7688822858211424, 0.7831283682169337, 0.7875206416085376, 0.814642280771338, 0.822377112712818, 0.8323842352300429, 0.8420076537158749, 0.8479720669123957, 0.8617774142404194, 0.868351784429815, 0.88220649880758, 0.8885735390428771, 0.8933257258691845, 0.8948300531524471, 0.9063624966389987, 0.9148515508606015, 0.9123617108143134, 0.9296986570854515, 0.9237284469854536, 0.9377613198757446, 0.9333701240490191, 0.9426713433121772, 0.9469458113304399, 0.9464705040756192, 0.9492461125365963, 0.9520840463908599, 0.9603308724025669, 0.9541350486862379, 0.9613933322554468, 0.9647063389328464, 0.9655776845183183, 0.9672961423097535, 0.9701147643090848, 0.9679685391286922, 0.9676403825301085, 0.972034826776782, 0.9762411153184158, 0.9726434593092157, 0.9726204233441654, 0.9707558789766341, 0.9781158414912974, 0.9778496399158026, 0.9794591392169938, 0.9817008164735476, 0.9861596590600505, 0.9839642587585135, 0.9836707506661283, 0.98246507762242, 0.9797723576566453], "trainLoss": [1.0457714796066284, 0.8730965852737427, 0.7343387007713318, 0.6572455763816833, 0.6049333810806274, 0.5800272226333618, 0.5424084067344666, 0.521794319152832, 0.49275198578834534, 0.464497834444046, 0.4446318447589874, 0.42297032475471497, 0.3969712555408478, 0.37368983030319214, 0.3477606773376465, 0.3339237570762634, 0.31711339950561523, 0.2970309555530548, 0.28250008821487427, 0.2603302597999573, 0.24253512918949127, 0.22529791295528412, 0.21825791895389557, 0.20485848188400269, 0.19740308821201324, 0.1861235499382019, 0.16690173745155334, 0.16150732338428497, 0.1406611055135727, 0.13897956907749176, 0.12725116312503815, 0.11544566601514816, 0.11024031043052673, 0.10255488753318787, 0.1098180040717125, 0.09284838289022446, 0.08922326564788818, 0.08535567671060562, 0.09042080491781235, 0.08264002948999405, 0.06895849108695984, 0.07034139335155487, 0.06853313744068146, 0.061441753059625626, 0.0572490468621254, 0.05933607369661331, 0.05623727664351463, 0.049657195806503296, 0.05184331163764, 0.0511932373046875, 0.05166246369481087, 0.04682629927992821, 0.04423454776406288, 0.04312041029334068, 0.03687708079814911, 0.03140803426504135, 0.03274983540177345, 0.03419782966375351, 0.03837968781590462, 0.03502880409359932], "testRumorAcc": [0.746031746031746, 0.7796451914098973, 0.7852474323062558, 0.765639589169001, 0.7684407096171803, 0.7712418300653595, 0.7581699346405228, 0.7516339869281046, 0.7703081232492998, 0.7637721755368814, 0.7553688141923436, 0.746031746031746], "testRumorF1": [0.6273450131647672, 0.6918498167449919, 0.690269024425776, 0.6778132048394541, 0.6903457742475986, 0.6854498036031071, 0.6699974168625548, 0.6768611022006199, 0.6752217372604289, 0.6756551715691508, 0.6560176671482989, 0.6566524132450109], "testLoss": [0.6390236616134644, 0.5873110294342041, 0.6285915374755859, 0.6980159282684326, 0.78010493516922, 0.9360305070877075, 1.033914566040039, 1.1396257877349854, 1.3145427703857422, 1.3526567220687866, 1.4596039056777954, 1.529057264328003]}