{"epoch": 75, "macroF1Rumor": 0.6760623138085975, "accRumor": 0.7619047619047619, "loss": 0.749863862991333, "trainRumorAcc": [0.6285020545386627, 0.635039223010833, 0.653716847217034, 0.6600672394471423, 0.6682853940978708, 0.6779977586850953, 0.692566305565932, 0.7062009712364588, 0.7151662308554352, 0.7226372805379155, 0.730108330220396, 0.7355248412401942, 0.7398206948076205, 0.7443033246171087, 0.7547627941725813, 0.7536421367202092, 0.7538289129622712, 0.7584983190138215, 0.7618602913709376, 0.7605528576765036, 0.7674635786327979, 0.7721329846843481, 0.7786701531565184, 0.7786701531565184, 0.7775494957041464, 0.787448636533433, 0.7880089652596189, 0.7930519237952932, 0.7952932387000373, 0.8014568546880837, 0.8020171834142698, 0.806499813223758, 0.8109824430332462, 0.8132237579379903, 0.8119163242435562, 0.8139708629062383, 0.8205080313784087, 0.8251774374299589, 0.826111318640269, 0.8276055285767651, 0.8319013821441913, 0.8384385506163616, 0.8384385506163616, 0.8408666417631677, 0.8434815091520359, 0.8485244676877102, 0.8509525588345163, 0.8541277549495704, 0.8546880836757564, 0.8576765035487486, 0.8595442659693687, 0.8651475532312289, 0.8623459096002989, 0.8701905117669032, 0.8677624206200971, 0.8750466940605155, 0.8694434067986552, 0.8742995890922675, 0.8812103100485619, 0.8828912962271199, 0.8817706387747478, 0.8864400448262981, 0.8866268210683601, 0.8924168845722824, 0.8903623459096003, 0.8972730668658947, 0.8954053044452746, 0.9004482629809488, 0.9064251027269331, 0.9054912215166231, 0.9054912215166231, 0.9133358236832275, 0.9153903623459096, 0.9110945087784834, 0.9170713485244677, 0.9178184534927157, 0.922301083302204, 0.92286141202839, 0.923982069480762, 0.9258498319013821, 0.9265969368696302, 0.9297721329846843, 0.9282779230481882, 0.9299589092267464, 0.9378035113933507, 0.9379902876354128, 0.9392977213298468, 0.941912588718715, 0.943593574897273, 0.9437803511393351, 0.9475158759805753, 0.9478894284646993, 0.9503175196115055, 0.9503175196115055, 0.9525588345162496, 0.9519985057900635, 0.9521852820321255, 0.9533059394844976, 0.9596563317146058, 0.9609637654090399, 0.9562943593574897, 0.963205080313784, 0.960590212924916, 0.9656331714605902, 0.9630183040717221, 0.9646992902502801, 0.9691819200597684, 0.9689951438177064, 0.9650728427344042, 0.9697422487859544, 0.9712364587224505, 0.9701158012700785, 0.9745984310795667, 0.9703025775121404, 0.9738513261113186, 0.9742248785954427, 0.9766529697422488, 0.9747852073216287, 0.9783339559208069, 0.9788942846469929, 0.9751587598057527, 0.980014942099365, 0.9790810608890549, 0.981135599551737, 0.9796413896152409], "trainRumorF1": [0.1929915118146364, 0.22006733230135012, 0.2929786176740606, 0.31149539187237063, 0.3338960712433487, 0.3835567520217545, 0.44338523101196003, 0.48938199835152163, 0.5175596618881847, 0.5425882326675312, 0.5553277761637333, 0.57044403447437, 0.5812459395309059, 0.5905849802808889, 0.606524014902558, 0.6073855825564172, 0.6092858499256772, 0.6176463525850476, 0.6256225527127615, 0.6198426675493905, 0.6259723385370769, 0.6390411547749553, 0.6479118390365246, 0.6531805835076674, 0.6492700622135879, 0.6638528843715936, 0.6668727509790322, 0.6761557406726093, 0.6764988980332463, 0.6870445265148916, 0.6863976861274852, 0.7015417557421002, 0.705419422335467, 0.7107724666268456, 0.710088925691136, 0.7106219455345978, 0.7201899663227395, 0.7324755660498423, 0.7288441924329143, 0.7311255741139302, 0.7384570681586766, 0.7498135580019303, 0.7495788595469004, 0.7542412668684005, 0.7581049051247069, 0.7663148940610967, 0.7677079032846583, 0.7744780408301483, 0.7753394703988733, 0.7768654462719499, 0.7824423156404732, 0.7892802467554096, 0.7859070108882386, 0.7983718358728924, 0.7952375989452155, 0.807450040634254, 0.7989980708264203, 0.8067734817627383, 0.816225220882707, 0.8202973707621821, 0.8165578887638345, 0.8249493013813637, 0.8242483775191847, 0.8339942863247771, 0.8318672106456537, 0.8398831223467802, 0.839488838591359, 0.8450148565874311, 0.8534497670762147, 0.853379468405695, 0.851124445828497, 0.8647213737760326, 0.8674523191444773, 0.8632593636814387, 0.8682345372976781, 0.8749669209659838, 0.8803224743216427, 0.8795300219269625, 0.8805171703611964, 0.8826758127435659, 0.8852343021842795, 0.8868538716138796, 0.8902208005449103, 0.8899293339679745, 0.9045337971554213, 0.9033550668450601, 0.9072059178689785, 0.9082517630721794, 0.912298231773988, 0.9132569985547022, 0.9194608037136567, 0.9208619778804549, 0.9232987599131244, 0.9240263106278362, 0.9245071547610303, 0.9247825008484628, 0.9256374054018179, 0.9277169897167682, 0.9378625705001885, 0.9419898090783183, 0.9311480756675883, 0.9432132611721286, 0.9408828037795578, 0.9477757476447839, 0.9423680754124032, 0.9460507845529722, 0.9516799724741916, 0.951626659795956, 0.947158957898367, 0.9534280809929001, 0.9552509937526988, 0.954402610328863, 0.9593816684842003, 0.9552923625187977, 0.9601524543287792, 0.9605797217854379, 0.9641328446009723, 0.9593133334580142, 0.9665081776098117, 0.9677348825793728, 0.9619375218814727, 0.970334189295665, 0.9685141993518398, 0.9698480318022705, 0.9693450015353902], "trainLoss": [1.046332597732544, 0.9805201888084412, 0.916479229927063, 0.8816210031509399, 0.8510767817497253, 0.8245648741722107, 0.7946323156356812, 0.7721443176269531, 0.746817409992218, 0.7303683161735535, 0.7147634029388428, 0.6947767734527588, 0.6844789385795593, 0.6676340699195862, 0.6577416062355042, 0.6432493925094604, 0.6378392577171326, 0.6286888122558594, 0.6186583638191223, 0.6112709641456604, 0.5976471304893494, 0.5923691391944885, 0.5800439119338989, 0.577076256275177, 0.5729196071624756, 0.5632235407829285, 0.5490018129348755, 0.538905918598175, 0.5366843342781067, 0.5297061204910278, 0.5195133686065674, 0.5064539909362793, 0.5042012929916382, 0.49578920006752014, 0.48451459407806396, 0.48185545206069946, 0.4721812605857849, 0.45989128947257996, 0.4572840631008148, 0.4547719359397888, 0.44352641701698303, 0.43579918146133423, 0.43106362223625183, 0.42323872447013855, 0.4182705879211426, 0.40518224239349365, 0.4007613956928253, 0.3965688943862915, 0.3922763168811798, 0.383975088596344, 0.38077086210250854, 0.36339449882507324, 0.36286115646362305, 0.34982961416244507, 0.3552667796611786, 0.3434288799762726, 0.3398701250553131, 0.3361930847167969, 0.3218975067138672, 0.31862613558769226, 0.3131031394004822, 0.3087739050388336, 0.3035929203033447, 0.2971281409263611, 0.2994297742843628, 0.2809324264526367, 0.27997103333473206, 0.2753426730632782, 0.26390790939331055, 0.2638605535030365, 0.2587929368019104, 0.2460332214832306, 0.24669913947582245, 0.25041675567626953, 0.2320965677499771, 0.2293352633714676, 0.22222250699996948, 0.22045432031154633, 0.21319304406642914, 0.20431360602378845, 0.20075218379497528, 0.1981813609600067, 0.19608694314956665, 0.19011470675468445, 0.18196597695350647, 0.1804722100496292, 0.17661862075328827, 0.16786181926727295, 0.16480477154254913, 0.15986764430999756, 0.15408509969711304, 0.15197481215000153, 0.14209803938865662, 0.14246737957000732, 0.1361692249774933, 0.1312476098537445, 0.1336408257484436, 0.13313479721546173, 0.1266975849866867, 0.11856430768966675, 0.11985211819410324, 0.113003209233284, 0.1120627149939537, 0.1097923293709755, 0.10842378437519073, 0.1072172150015831, 0.09558331966400146, 0.09539902955293655, 0.09843400865793228, 0.09353433549404144, 0.08813299238681793, 0.08201912045478821, 0.08020861446857452, 0.08010563999414444, 0.07745558768510818, 0.07703310251235962, 0.07199530303478241, 0.07018765807151794, 0.06597408652305603, 0.06428058445453644, 0.06799386441707611, 0.06317383050918579, 0.05922836810350418, 0.056833311915397644, 0.05817517638206482],