{"epoch": 50, "macroF1Rumor": 0.6832588633254649, "accRumor": 0.7824463118580766, "loss": 0.6505909562110901, "trainRumorAcc": [0.6249533059394845, 0.6365334329473291, 0.6529697422487859, 0.6632424355621965, 0.6692192753081808, 0.6807994023160254, 0.6905117669032499, 0.7052670900261486, 0.7103100485618229, 0.7181546507284273, 0.7246918192005977, 0.7284273440418378, 0.7377661561449383, 0.7420620097123646, 0.7450504295853567, 0.7472917444901008, 0.7532685842360851, 0.7581247665296974, 0.7579379902876354, 0.7674635786327979, 0.767837131116922, 0.7717594322002241, 0.7773627194620845, 0.7835263354501307, 0.7827792304818827, 0.788382517743743, 0.7930519237952932, 0.7937990287635412, 0.7954800149420994, 0.7982816585730295, 0.808367575644378, 0.8085543518864401, 0.8106088905491221, 0.8100485618229362, 0.8199477026522226, 0.8201344788942847, 0.8216286888307808, 0.8276055285767651, 0.8305939484497572, 0.8339559208068734, 0.8350765782592454, 0.8432947329099738, 0.845162495330594, 0.8432947329099738, 0.8509525588345163, 0.8496451251400822, 0.8563690698543145, 0.8541277549495704, 0.8644004482629809, 0.865334329473291, 0.8679491968621591, 0.8692566305565932, 0.8769144564811356, 0.8737392603660814, 0.8774747852073216, 0.8875607022786701, 0.8812103100485619, 0.886253268584236, 0.8929772132984685, 0.8935375420246545, 0.8950317519611506, 0.8937243182667165, 0.8997011580127008, 0.9013821441912588, 0.9017556966753829, 0.9064251027269331, 0.9092267463578633, 0.9129622711991034, 0.9112812850205454, 0.9142697048935375, 0.9189391109450877, 0.9187523347030258, 0.9213672020918939, 0.923608516996638, 0.92472917444901, 0.9280911468061263, 0.9277175943220023, 0.9312663429211804, 0.9297721329846843, 0.9379902876354128, 0.9361225252147927, 0.9361225252147927, 0.9441539036234591, 0.942472917444901, 0.9469555472543892, 0.9445274561075832, 0.9449010085917071, 0.9465819947702652, 0.9508778483376914, 0.9533059394844976, 0.9534927157265596, 0.9562943593574897, 0.9596563317146058, 0.9562943593574897, 0.9583488980201719, 0.960403436682854, 0.960776989166978, 0.961710870377288, 0.9596563317146058, 0.9635786327979081], "trainRumorF1": [0.2000426898206973, 0.23160880174641346, 0.29868116664801025, 0.3340148125755733, 0.37132403454434365, 0.4202844789639921, 0.4503487678318268, 0.4932098087285476, 0.5157513106190921, 0.5347414934553031, 0.5508444537115842, 0.5542787869799596, 0.5753205371693579, 0.5864086600962634, 0.591784524212574, 0.5932494856310526, 0.6097509144338266, 0.6215021404661383, 0.6213383192893451, 0.6361961366555778, 0.6346225444743931, 0.6421352699411368, 0.6564280335552559, 0.6648288540068257, 0.6633411429833656, 0.6709403188781776, 0.6780498334610958, 0.6800691380582238, 0.6792252203827457, 0.6861527769445438, 0.7046588481495167, 0.6994922795169883, 0.707142713153434, 0.7063474728657895, 0.7235881850862472, 0.7221428123205269, 0.7265194827907842, 0.7332888010307329, 0.738144628434092, 0.7455238848332565, 0.7482681243526939, 0.7625662032128837, 0.7613241912619737, 0.7598070082239345, 0.7738908022030655, 0.7708533400490413, 0.7797885601295441, 0.7757687091078826, 0.7898523196467773, 0.797024839291688, 0.7989193382856327, 0.8011803048059725, 0.812474169912257, 0.8085006497967968, 0.8128607885311108, 0.8306052577395842, 0.8207533388976778, 0.8297100625356939, 0.8398666129088778, 0.8382500486509858, 0.8387310993327712, 0.8423366822784555, 0.8469985707481532, 0.8522068521870978, 0.8495602622260437, 0.8597841168660623, 0.8636298596285554, 0.8696868245013907, 0.8675618477804978, 0.8717011506205967, 0.8779412371493174, 0.8762300442427834, 0.8820147690683698, 0.8844595684343435, 0.885546302288487, 0.8902185591950058, 0.89045496402826, 0.8953380123222908, 0.8911472418835187, 0.9053152865909088, 0.9040606242386147, 0.902668283959158, 0.9153587967444807, 0.9136751377860415, 0.9177622376057608, 0.9136470343606766, 0.916748996461705, 0.917752819064837, 0.9269838519889804, 0.9261623535012422, 0.9282796434809975, 0.9337229245964564, 0.9368093548604464, 0.9340009778647137, 0.936952047101701, 0.9395407940537596, 0.939382733682152, 0.9406817344235071, 0.9376989492888248, 0.9437673787950684], "trainLoss": [1.0412052869796753, 0.957980751991272, 0.9010328650474548, 0.8724223971366882, 0.8478464484214783, 0.8245011568069458, 0.8029167056083679, 0.7774876952171326, 0.7584477066993713, 0.7408347725868225, 0.7223861217498779, 0.7154954671859741, 0.6970623135566711, 0.683463990688324, 0.6680826544761658, 0.6562334895133972, 0.6438533663749695, 0.6329562067985535, 0.6216644048690796, 0.611809253692627, 0.599045991897583, 0.5887413620948792, 0.5800523161888123, 0.5709162354469299, 0.5669977068901062, 0.5555933117866516, 0.5447819232940674, 0.5393455028533936, 0.5308610200881958, 0.5227642059326172, 0.5085159540176392, 0.5042210817337036, 0.4909898340702057, 0.4908129572868347, 0.476523220539093, 0.4683230519294739, 0.4664590358734131, 0.45424315333366394, 0.4491002559661865, 0.43925678730010986, 0.4357951879501343, 0.4239320456981659, 0.4192665219306946, 0.4171143174171448, 0.4071011245250702, 0.39935538172721863, 0.39393970370292664, 0.38364341855049133, 0.37412703037261963, 0.3653636872768402, 0.36210015416145325, 0.3607698678970337, 0.3442819118499756, 0.3368137776851654, 0.33240634202957153, 0.3279970586299896, 0.32623186707496643, 0.31619372963905334, 0.3022057116031647, 0.29620835185050964, 0.295796275138855, 0.290961891412735, 0.28214216232299805, 0.276465505361557, 0.26991692185401917, 0.26601001620292664, 0.2564505338668823, 0.24856911599636078, 0.24530011415481567, 0.2393624484539032, 0.23258230090141296, 0.22658614814281464, 0.21695566177368164, 0.21308089792728424, 0.2129497230052948, 0.2059755027294159, 0.20354700088500977, 0.18903999030590057, 0.1892160177230835, 0.18098607659339905, 0.18164211511611938, 0.17527666687965393, 0.1659034937620163, 0.15995076298713684, 0.1532418578863144, 0.15750625729560852, 0.15332821011543274, 0.13838528096675873, 0.1382928490638733, 0.1298534870147705, 0.12994596362113953, 0.13367535173892975, 0.12004613876342773, 0.12224674224853516, 0.12088336795568466, 0.11297731846570969, 0.11288578063249588, 0.1080993264913559, 0.10728558152914047, 0.10661011189222336], "testRumorAcc": [0.6610644257703081, 0.7030812324929971, 0.715219421101774, 0.7180205415499533, 0.738562091503268, 0.7469654528478058, 0.7544351073762838, 0.7628384687208216, 0.7759103641456583, 0.7824463118580766, 0.773109243697479, 0.773109243697479, 0.7824463118580766, 0.7759103641456583, 0.7796451914098973, 0.7777777777777778, 0.7824463118580766, 0.7777777777777778, 0.7721755368814193, 0.7637721755368814], "testRumorF1": [0.37621809514214855, 0.5434141127689515, 0.562162472959527, 0.5780099868571298, 0.6069629528034498, 0.6212659992767751, 0.6565721386381776, 0.6633180189322596, 0.6816006536073866, 0.6832588633254649, 0.6727037564997957, 0.6757912399237025, 0.6781897798186859, 0.6720718146376041, 0.6790682653921681, 0.6678419987342925, 0.6786965284628872, 0.6741310070853033, 0.6737238369741811, 0.6616322939278283], "testLoss": [0.8854324221611023, 0.7848700284957886, 0.7343575358390808, 0.6936447620391846, 0.6683217883110046, 0.6491042971611023, 0.6359728574752808, 0.6424341797828674, 0.6332099437713623, 0.6505909562110901, 0.6708670258522034, 0.6806932091712952, 0.7110113501548767, 0.7734145522117615, 0.7989230751991272, 0.8679960370063782, 0.9148605465888977, 0.9805397391319275, 1.0246038436889648, 1.0838240385055542]}