{"epoch": 100, "macroF1Rumor": 0.6851238512619154, "accRumor": 0.7712418300653595, "loss": 0.7250632047653198, "trainRumorAcc": [0.6288756070227867, 0.6303698169592827, 0.6445648113559955, 0.6518490847964139, 0.6645498692566305, 0.6716473664549869, 0.6776242062009712, 0.69237952932387, 0.6974224878595443, 0.6972357116174822, 0.7039596563317146, 0.7078819574150168, 0.7110571535300709, 0.710683601045947, 0.7215166230855435, 0.7239447142323496, 0.7274934628315278, 0.7370190511766903, 0.7334703025775121, 0.7405677997758685, 0.7379529323870003, 0.7409413522599926, 0.7446768771012328, 0.7534553604781472, 0.7542024654463952, 0.7588718714979454, 0.7609264101606276, 0.7618602913709376, 0.7629809488233097, 0.768023907358984, 0.7648487112439297, 0.7672768023907359, 0.7799775868509525, 0.7792304818827045, 0.7818453492715727, 0.7796040343668286, 0.786701531565185, 0.7872618602913709, 0.7937990287635412, 0.8008965259618976, 0.7975345536047814, 0.8008965259618976, 0.7992155397833396, 0.8016436309301457, 0.8104221143070601, 0.808927904370564, 0.8094882330967501, 0.8106088905491221, 0.8134105341800523, 0.8182667164736646, 0.8165857302951065, 0.8210683601045947, 0.8203212551363467, 0.827979081060889, 0.8326484871124393, 0.8283526335450131, 0.8326484871124393, 0.8352633545013074, 0.8363840119536795, 0.8378782218901756, 0.8442286141202839, 0.8479641389615241, 0.8472170339932761, 0.8470302577512141, 0.8477773627194621, 0.8516996638027643, 0.8533806499813223, 0.8518864400448263, 0.8563690698543145, 0.8619723571161748, 0.8619723571161748, 0.8587971610011207, 0.863840119536795, 0.8707508404930893, 0.8703772880089653, 0.8720582741875234, 0.8724318266716473, 0.8741128128502055, 0.8780351139335076, 0.8742995890922675, 0.8815838625326858, 0.8840119536794919, 0.884385506163616, 0.8821441912588719, 0.8871871497945462, 0.8912962271199103, 0.8883078072469182, 0.8901755696675383, 0.8875607022786701, 0.8898020171834142, 0.8974598431079567, 0.8952185282032126, 0.9010085917071349, 0.8989540530444527, 0.8983937243182667, 0.8955920806873365, 0.8997011580127008, 0.9013821441912588, 0.903063130369817, 0.9071722076951811, 0.9101606275681733, 0.9062383264848711, 0.9150168098617856, 0.9118416137467314, 0.9159506910720956, 0.9140829286514756, 0.9193126634292118, 0.9166977960403436, 0.9170713485244677, 0.9206200971236459, 0.9200597683974598, 0.9256630556593202, 0.9243556219648861, 0.9271572655958162, 0.9206200971236459, 0.9301456854688084, 0.9273440418378782, 0.9290250280164363, 0.9295853567426223, 0.9325737766156145, 0.9299589092267464, 0.9329473290997385, 0.9355621964886066, 0.9286514755323123, 0.9392977213298468, 0.9346283152782966, 0.9366828539409787, 0.9355621964886066, 0.9368696301830407, 0.9391109450877848, 0.9398580500560328, 0.9430332461710871, 0.943593574897273, 0.9400448262980949, 0.9521852820321255, 0.9439671273813971, 0.9462084422861412, 0.9519985057900635, 0.9488233096750094, 0.9486365334329473, 0.9525588345162496, 0.9519985057900635, 0.9488233096750094, 0.9542398206948076, 0.9454613373178932, 0.9473290997385133, 0.9549869256630557, 0.9548001494209937, 0.9562943593574897, 0.9577885692939858], "trainRumorF1": [0.19396130268733125, 0.20257038012067574, 0.27060645654252885, 0.3031628272437848, 0.35217856254653207, 0.3844467792434258, 0.4208485330907634, 0.4599122332620598, 0.4782643601278683, 0.4830134248198122, 0.5017633855597686, 0.5145903219211916, 0.5187210057766056, 0.5275595605150409, 0.5401522044267785, 0.5490021183036509, 0.5529265567064684, 0.5709873850255709, 0.5647092479562671, 0.578836533337532, 0.5811210104849536, 0.5824317794332824, 0.5853391899887015, 0.6091738597001698, 0.6067447740790548, 0.6155434979200579, 0.616071871610863, 0.62223957509284, 0.625091855756863, 0.6331434156974092, 0.628578578167519, 0.6346615578158922, 0.6545850169638555, 0.6561792629046944, 0.6608028564270786, 0.6568889879017703, 0.6675264562028409, 0.6696199511161837, 0.6771190071058752, 0.6898576849630679, 0.6874312736984146, 0.6934507627272554, 0.687594817776747, 0.6923240863285182, 0.7057799765212422, 0.7048156005965895, 0.7071323588298126, 0.7099983149261353, 0.712506775282827, 0.7226371903295186, 0.7142560569733987, 0.7273768349418558, 0.726157420990701, 0.7367045195524701, 0.7451244931816264, 0.7358541668488155, 0.7440663155178183, 0.7505182755565262, 0.7524197568560225, 0.7499624314167559, 0.7592807106367336, 0.7677743702040063, 0.771376065863815, 0.7628748766975998, 0.7692130916819893, 0.7756401607992196, 0.775630662590761, 0.7762738907584532, 0.7783278060438041, 0.7910464594513935, 0.7941464548398174, 0.7903056032076954, 0.7943063811936587, 0.8057957486552487, 0.8053762643828121, 0.806448004096118, 0.8071520350858874, 0.8108448567852109, 0.8148567729009109, 0.8078401732610021, 0.822352556515912, 0.8236811299862176, 0.8250535830974925, 0.8241645874720696, 0.8266843562812556, 0.8321116970242395, 0.8303306314234719, 0.8347669102070465, 0.8320240358961322, 0.8343924616887077, 0.8437752329528885, 0.842923519458378, 0.8513647871093935, 0.8477552655302326, 0.8454921263988885, 0.8426833324655951, 0.8506287003369549, 0.8502097191728356, 0.8546118479346844, 0.8616759719477836, 0.863765050058646, 0.8609132282646315, 0.8733449438109189, 0.8667754170636999, 0.87135892907459, 0.8701617628439312, 0.8772707986477792, 0.8768976180224927, 0.876052986041991, 0.8823368799643146, 0.8786013012506133, 0.8864347636129386, 0.8891412507110635, 0.8904550555821856, 0.8800654966780594, 0.8944773652722559, 0.889660467106344, 0.8939516347349794, 0.8954439689568752, 0.8974210828133224, 0.8947425246396772, 0.8994997356413332, 0.9037642611481842, 0.8932620958836958, 0.9077063282228152, 0.9041471894293349, 0.9070767372453794, 0.9038050705676136, 0.9037879410994748, 0.9095185194562527, 0.913170409523482, 0.9129451628851336, 0.9159567165556511, 0.9089034137377053, 0.9270638709602527, 0.9151150574968923, 0.9191465819099311, 0.9269392623024664, 0.9241029089928497, 0.9229734390754313, 0.929239121893275, 0.9271552265069257, 0.9221166353509765, 0.9306561099246863, 0.9164385244901614, 0.9220519110503445, 0.9325406635073532, 0.9319715633867673, 0.9355485211542528, 0.9369803561358541],