{"epoch": 45, "macroF1Rumor": 0.6782445751313675, "accRumor": 0.776844070961718, "loss": 0.6015579700469971, "trainRumorAcc": [0.6251400821815465, 0.6365334329473291, 0.6529697422487859, 0.6686589465819948, 0.6875233470302577, 0.6944340679865522, 0.7043332088158386, 0.7136720209189391, 0.7190885319387373, 0.7220769518117296, 0.7269331341053418, 0.72954800149421, 0.7407545760179305, 0.7400074710496825, 0.7480388494583489, 0.7536421367202092, 0.7547627941725813, 0.7577512140455734, 0.7622338438550617, 0.7667164736645499, 0.7745610758311543, 0.7771759432200224, 0.7814717967874486, 0.787448636533433, 0.786888307807247, 0.788382517743743, 0.7932387000373552, 0.7945461337317893, 0.8050056032872619, 0.807246918192006, 0.8117295480014942, 0.8143444153903624, 0.8115427717594322, 0.8208815838625327, 0.825364213672021, 0.8257377661561449, 0.8296600672394472, 0.8367575644378035, 0.8337691445648113, 0.8406798655211057, 0.8416137467314158, 0.8453492715726559, 0.846096376540904, 0.8498319013821442, 0.8543145311916325, 0.8601045946955548, 0.8614120283899888, 0.8627194620844229, 0.8675756443780351, 0.8700037355248412, 0.8746731415763915, 0.8808367575644378, 0.8784086664176317, 0.884198729921554, 0.884945834889802, 0.8894284646992903, 0.8931639895405304, 0.8939110945087785, 0.8970862906238326, 0.8970862906238326, 0.9004482629809488, 0.9011953679491969, 0.9011953679491969, 0.9066118789689951, 0.9101606275681733, 0.9142697048935375, 0.9084796413896152, 0.9165110197982816, 0.9170713485244677, 0.9191258871871498, 0.9194994396712738, 0.9264101606275682, 0.9307060141949944, 0.9316398954053045, 0.9340679865521105, 0.9331341053418005, 0.9363093014568546, 0.9364960776989167, 0.942659693686963, 0.9406051550242809, 0.941912588718715, 0.9439671273813971, 0.9493836384011953, 0.9473290997385133, 0.9505042958535674, 0.9512514008218155, 0.9534927157265596, 0.9568546880836758, 0.9534927157265596, 0.9564811355995517, 0.9566679118416137, 0.9581621217781098, 0.9618976466193501, 0.9633918565558461, 0.962084422861412], "trainRumorF1": [0.1967377307197024, 0.23833638060231715, 0.30168966630625993, 0.36498423982846795, 0.43051420626940823, 0.46687004062857135, 0.49772237128665087, 0.5179852823789117, 0.5313551243618374, 0.5438007592854607, 0.5560541436509254, 0.5671291766099026, 0.5784154233107686, 0.5857668726635769, 0.5997824797987785, 0.6136345915615146, 0.6154965296617048, 0.6218235797050036, 0.6307107827065294, 0.6390048546203921, 0.6528934643765226, 0.6550980850162883, 0.6666727273476567, 0.6703857503870024, 0.6726312267968049, 0.6790683155935675, 0.681980703590095, 0.6886052304332035, 0.700023156163726, 0.7051192611595307, 0.7093474141335316, 0.7151409918650401, 0.711192354691815, 0.7282197235747444, 0.7322698217635647, 0.7357891417475354, 0.7393159489269392, 0.750516167148089, 0.7443014820165362, 0.7544739349252223, 0.7579585819491059, 0.7624086361829195, 0.7686532141366815, 0.7736210833717214, 0.7758503983812648, 0.7882909454995131, 0.7890916988862332, 0.792204821413934, 0.7989648438492725, 0.8038298422343582, 0.8083971624470325, 0.8177918900566361, 0.8152015639421757, 0.8247752073404342, 0.8251725423777725, 0.8315591633204238, 0.8407793902295498, 0.839350153735701, 0.8443984848554509, 0.8432334719087657, 0.8512735735297782, 0.8488196090370626, 0.8506588898028334, 0.857927358443463, 0.8598882233511633, 0.87149817995928, 0.8617998134832439, 0.871317283957446, 0.8707146167466933, 0.8791339843658276, 0.8764715756748438, 0.8865345971078129, 0.8966439185098604, 0.892838401306484, 0.8999772355175775, 0.8960069824756363, 0.9015002354924049, 0.903302172285629, 0.9121712934781282, 0.9072110718697196, 0.90992497272994, 0.913104358325703, 0.9230506552599248, 0.9183985437829434, 0.9229548446609416, 0.9259844896565635, 0.9294778248660678, 0.9336354188739261, 0.9266693628024638, 0.932146229545574, 0.9334354531507179, 0.9346451220488627, 0.9399336026800875, 0.9441017070486595, 0.9403333047597702], "trainLoss": [1.0504329204559326, 0.9601881504058838, 0.8920944333076477, 0.8528419733047485, 0.8186946511268616, 0.7972452044487, 0.7670281529426575, 0.7478476762771606, 0.7305787801742554, 0.7114405035972595, 0.6975852251052856, 0.6835689544677734, 0.6720190048217773, 0.6613928079605103, 0.6482674479484558, 0.6379362940788269, 0.6268746852874756, 0.6183229684829712, 0.6123021245002747, 0.5981631278991699, 0.5848804116249084, 0.5758095383644104, 0.5614109635353088, 0.5594088435173035, 0.5467779636383057, 0.5436907410621643, 0.5322352647781372, 0.5254753232002258, 0.5091291666030884, 0.5056897401809692, 0.49890080094337463, 0.49276116490364075, 0.4850580394268036, 0.4743165969848633, 0.4641317129135132, 0.4596008062362671, 0.4488425552845001, 0.4395526051521301, 0.4357586205005646, 0.42485275864601135, 0.42002061009407043, 0.40836480259895325, 0.40047526359558105, 0.3974560797214508, 0.3923438787460327, 0.38136279582977295, 0.37122824788093567, 0.3686874806880951, 0.359116792678833, 0.3502914607524872, 0.34857261180877686, 0.3342301547527313, 0.3297484815120697, 0.314981609582901, 0.3184812366962433, 0.3025021553039551, 0.30320850014686584, 0.29804423451423645, 0.2864078879356384, 0.2845427393913269, 0.2800121605396271, 0.27821850776672363, 0.26743394136428833, 0.2593460977077484, 0.254880428314209, 0.2469262182712555, 0.24797029793262482, 0.23015126585960388, 0.22759875655174255, 0.2233758419752121, 0.2214650958776474, 0.2110500931739807, 0.20213182270526886, 0.19700518250465393, 0.19131913781166077, 0.18956537544727325, 0.180440291762352, 0.18027763068675995, 0.17085278034210205, 0.1734168976545334, 0.16893832385540009, 0.16421270370483398, 0.14908401668071747, 0.1563785821199417, 0.14431823790073395, 0.14614838361740112, 0.13723115622997284, 0.12836019694805145, 0.13543953001499176, 0.12165802717208862, 0.12530581653118134, 0.12117785960435867, 0.11089880764484406, 0.11046934127807617, 0.10660956799983978], "testRumorAcc": [0.6853408029878618, 0.704014939309057, 0.7124183006535948, 0.734827264239029, 0.742296918767507, 0.7469654528478058, 0.7572362278244631, 0.7759103641456583, 0.776844070961718, 0.7843137254901961, 0.773109243697479, 0.7833800186741363, 0.7787114845938375, 0.7749766573295985, 0.7740429505135388, 0.776844070961718, 0.7749766573295985, 0.7721755368814193, 0.7637721755368814], "testRumorF1": [0.46233709506020715, 0.5380727619564609, 0.5840828340160276, 0.6163801721527358, 0.6290552298157669, 0.648376198607614, 0.6543595128128643, 0.6748289006431476, 0.6782445751313675, 0.6728025610492552, 0.6748224593770609, 0.6746286832618373, 0.6766015587028086, 0.6689051393230858, 0.6688560756849702, 0.6713822559084099, 0.6647008650663925, 0.6694251164074809, 0.6732826217755661], "testLoss": [0.8395991325378418, 0.7371644377708435, 0.6890141367912292, 0.6524094343185425, 0.6311646699905396, 0.6174212098121643, 0.6065914630889893, 0.5952852964401245, 0.6015579700469971, 0.6331955194473267, 0.6530318856239319, 0.6939650177955627, 0.7050073742866516, 0.7579746246337891, 0.803801953792572, 0.8531312346458435, 0.934010922908783, 0.9509001970291138, 1.0055676698684692]}