{"epoch": 95, "macroF1Rumor": 0.7019370599460077, "accRumor": 0.7852474323062558, "loss": 0.6791853308677673, "trainRumorAcc": [0.6219648860664924, 0.6320508031378409, 0.6402689577885693, 0.6524094135226, 0.6596936869630183, 0.6587598057527082, 0.6705267090026149, 0.6785580874112813, 0.6779977586850953, 0.6882704519985058, 0.6942472917444901, 0.7069480762047068, 0.7033993276055286, 0.7155397833395593, 0.7194620844228614, 0.7233843855061636, 0.7330967500933881, 0.73141576391483, 0.7353380649981323, 0.7286141202838999, 0.7407545760179305, 0.7375793799028764, 0.7456107583115428, 0.7553231228987672, 0.749346283152783, 0.7577512140455734, 0.7558834516249533, 0.7605528576765036, 0.7648487112439297, 0.7646619350018677, 0.76951811729548, 0.7669032499066119, 0.7756817332835263, 0.7809114680612627, 0.7803511393350766, 0.7786701531565184, 0.7833395592080687, 0.7833395592080687, 0.7896899514381771, 0.7943593574897273, 0.7926783713111692, 0.7980948823309675, 0.7926783713111692, 0.7937990287635412, 0.8012700784460217, 0.8022039596563317, 0.8055659320134478, 0.8085543518864401, 0.8059394844975719, 0.807433694434068, 0.8162121778109824, 0.8158386253268585, 0.8154650728427344, 0.8218154650728428, 0.8236832274934628, 0.8347030257751215, 0.8281658573029511, 0.8328352633545013, 0.8347030257751215, 0.8328352633545013, 0.8356369069854315, 0.8343294732909974, 0.8369443406798656, 0.8401195367949197, 0.8419872992155398, 0.8500186776242062, 0.8447889428464699, 0.8496451251400822, 0.8528203212551363, 0.8518864400448263, 0.8531938737392604, 0.8601045946955548, 0.8567426223384386, 0.8617855808741128, 0.8617855808741128, 0.8619723571161748, 0.8660814344415391, 0.8681359731042212, 0.8698169592827792, 0.8701905117669032, 0.8739260366081435, 0.8750466940605155, 0.8754202465446396, 0.8832648487112439, 0.8823309675009339, 0.8879342547627942, 0.882704519985058, 0.885506163615988, 0.8774747852073216, 0.8870003735524842, 0.8905491221516623, 0.8899887934254763, 0.8954053044452746, 0.8955920806873365, 0.8957788569293986, 0.9002614867388868, 0.903063130369817, 0.903810235338065, 0.9054912215166231, 0.9010085917071349, 0.904370564064251, 0.902502801643631, 0.9067986552110572, 0.9094135225999253, 0.9110945087784834, 0.9131490474411654, 0.9140829286514756, 0.9159506910720956, 0.9170713485244677, 0.9181920059768397, 0.9163242435562197, 0.9202465446395218, 0.9189391109450877, 0.922114307060142, 0.9267837131116922, 0.9249159506910721, 0.9273440418378782, 0.9273440418378782, 0.9301456854688084, 0.9295853567426223, 0.9323870003735525, 0.9297721329846843, 0.9329473290997385, 0.9320134478894284, 0.9361225252147927, 0.9342547627941726, 0.9335076578259246, 0.9370564064251027, 0.941725812476653, 0.9370564064251027, 0.942099364960777, 0.9404183787822189, 0.9437803511393351, 0.9450877848337691, 0.940978707508405, 0.9447142323496451, 0.9445274561075832, 0.9497571908853194, 0.9499439671273814, 0.9462084422861412, 0.9525588345162496, 0.9493836384011953, 0.9505042958535674, 0.9525588345162496, 0.9540530444527456], "trainRumorF1": [0.20001347383508442, 0.21140101957516347, 0.270866903328703, 0.29703873712494405, 0.31639754157159433, 0.3248798910866586, 0.3633311978457264, 0.39095327777796063, 0.40951989339351835, 0.4345760268285753, 0.4508713088246725, 0.4852382529323138, 0.4960000745478108, 0.5173850301754289, 0.5290924879119951, 0.5370955842655042, 0.5617216376389967, 0.5575015985762626, 0.563623054914541, 0.5595870616416795, 0.5790726959422295, 0.5739260191608309, 0.5836786740080668, 0.6041241123872092, 0.5946286283527509, 0.6098074169310402, 0.6068524149837177, 0.6128213878014247, 0.6211006921292935, 0.6284338183427092, 0.6326575740980754, 0.6302640499284354, 0.6425460621063602, 0.6511018605622131, 0.6527496105753205, 0.6505294603054053, 0.6602501175329255, 0.6606450455801379, 0.6693841155312856, 0.6775471231508692, 0.6773919491525897, 0.6865951191622977, 0.6720192698671994, 0.6738209033893171, 0.6910385995366028, 0.6960221038574419, 0.6968251387178651, 0.7041959401458647, 0.6954050310821163, 0.6966996655439018, 0.7146579453523088, 0.7125492652605053, 0.7122938111578344, 0.7261556017447706, 0.7307336990969762, 0.7436089698156227, 0.7351592303642038, 0.7420757071516437, 0.7459929785217815, 0.7434103458280427, 0.7456850299794568, 0.7426671273494707, 0.747228292311826, 0.7560497088062874, 0.7590198640144332, 0.7694812982829603, 0.7602687012710925, 0.7677482629979759, 0.7716850654458236, 0.7741611645199106, 0.7769115914943772, 0.7850018976381667, 0.780211892955656, 0.7877198294410319, 0.7865539575175294, 0.7874212851401405, 0.7919999223993858, 0.7941281986978934, 0.8015685238488611, 0.8029252799215586, 0.8029803857585971, 0.8083308642781722, 0.8065817796543691, 0.822795240374049, 0.8172859110769881, 0.828300692979675, 0.8208265251028104, 0.8238164544244928, 0.809926216323755, 0.8245855604428499, 0.8338500449857551, 0.8291489480874853, 0.8376799251412166, 0.8398061548435527, 0.8403007593726441, 0.845519007256188, 0.85007651034283, 0.8497395338821734, 0.8509243889526172, 0.8465687319957624, 0.8522714767677834, 0.8496337360039202, 0.8555433778533718, 0.8617686517066647, 0.8615309035603111, 0.8629486511343445, 0.8637768439869666, 0.8680814605869086, 0.871894314349209, 0.872058357534665, 0.8700321869174417, 0.8758312603328958, 0.8729364405623813, 0.8806834990722195, 0.8848167287384028, 0.8799066959794902, 0.8859473066542145, 0.8863054998723171, 0.8915609924419069, 0.8917965792150165, 0.8922961958564891, 0.8889742003147236, 0.8951822456143982, 0.8925550993514298, 0.9010074047884205, 0.8985855649636021, 0.8957724858676814, 0.9032662337547654, 0.9095834948805088, 0.9019993712656011, 0.9087591627235336, 0.9059222665785218, 0.9135856267372474, 0.9141081010718897, 0.9067554566679685, 0.9133442793737027, 0.9137321742410489, 0.9231069437614208, 0.9201555050823348, 0.9180886122995605, 0.9275226214026341, 0.9214101513834126, 0.9228185630434436, 0.9258522574814223, 0.9299718321296445],