{"epoch": 120, "macroF1Rumor": 0.7002937050352908, "accRumor": 0.780578898225957, "loss": 0.8249418139457703, "trainRumorAcc": [0.6268210683601046, 0.6288756070227867, 0.6305565932013448, 0.6425102726933134, 0.6501680986178558, 0.6583862532685842, 0.6626821068360105, 0.6766903249906612, 0.6819200597683974, 0.6897646619350019, 0.6972357116174822, 0.6966753828912963, 0.7078819574150168, 0.711617482256257, 0.7175943220022413, 0.7233843855061636, 0.7246918192005977, 0.7263728053791557, 0.73048188270452, 0.7364587224505043, 0.7368322749346283, 0.7487859544265969, 0.749906611878969, 0.7484124019424729, 0.7551363466567053, 0.7521479267837131, 0.7650354874859918, 0.7661561449383638, 0.7637280537915577, 0.7599925289503175, 0.77045199850579, 0.7721329846843481, 0.7747478520732163, 0.7771759432200224, 0.7717594322002241, 0.7814717967874486, 0.7835263354501307, 0.7859544265969368, 0.7913709376167352, 0.7939858050056033, 0.7984684348150916, 0.7926783713111692, 0.7977213298468435, 0.8078072469181921, 0.8040717220769518, 0.8093014568546881, 0.8029510646245798, 0.8109824430332462, 0.8141576391483003, 0.8087411281285021, 0.8147179678744864, 0.8126634292118042, 0.8218154650728428, 0.8238700037355249, 0.8233096750093388, 0.8298468434815092, 0.8257377661561449, 0.8281658573029511, 0.8348898020171834, 0.8348898020171834, 0.8404930892790438, 0.8421740754576018, 0.8423608516996638, 0.8447889428464699, 0.8481509152035861, 0.8520732162868883, 0.8492715726559582, 0.8481509152035861, 0.8505790063503922, 0.8584236085169966, 0.8606649234217407, 0.8630930145685469, 0.8589839372431827, 0.8559955173701905, 0.8629062383264848, 0.8642136720209189, 0.8630930145685469, 0.8698169592827792, 0.8677624206200971, 0.8703772880089653, 0.8733657078819574, 0.8711243929772133, 0.8757937990287635, 0.8767276802390735, 0.884572282405678, 0.882704519985058, 0.884198729921554, 0.8873739260366081, 0.8875607022786701, 0.8866268210683601, 0.8920433320881583, 0.8903623459096003, 0.8918565558460964, 0.8903623459096003, 0.8959656331714606, 0.8959656331714606, 0.8968995143817706, 0.9002614867388868, 0.8983937243182667, 0.902502801643631, 0.9019424729174449, 0.9060515502428091, 0.9026895778856929, 0.9045573403063131, 0.9090399701158013, 0.9124019424729174, 0.9138961524094136, 0.9092267463578633, 0.9157639148300336, 0.9146432573776616, 0.9131490474411654, 0.9135225999252895, 0.9172581247665297, 0.921180425849832, 0.9202465446395218, 0.9204333208815839, 0.9185655584609638, 0.9264101606275682, 0.9264101606275682, 0.922301083302204, 0.9252895031751961, 0.9264101606275682, 0.9262233843855061, 0.9307060141949944, 0.9295853567426223, 0.9299589092267464, 0.9350018677624207, 0.9342547627941726, 0.9338812103100486, 0.9363093014568546, 0.9346283152782966, 0.9387373926036608, 0.9406051550242809, 0.9370564064251027, 0.943593574897273, 0.9432200224131491, 0.9430332461710871, 0.9450877848337691, 0.9460216660440792, 0.9447142323496451, 0.9452745610758312, 0.9488233096750094, 0.9458348898020171, 0.9458348898020171, 0.9493836384011953, 0.9463952185282032, 0.9521852820321255, 0.9503175196115055, 0.9501307433694434, 0.9531191632424355, 0.9531191632424355, 0.9551737019051176, 0.9499439671273814, 0.9581621217781098, 0.9542398206948076, 0.9559208068733657, 0.9594695554725439, 0.960403436682854, 0.9589092267463578, 0.9602166604407919, 0.9581621217781098, 0.9592827792304819, 0.9590960029884199, 0.9594695554725439, 0.9585356742622338, 0.961524094135226, 0.960590212924916, 0.9639521852820321, 0.9654463952185282, 0.9660067239447142], "trainRumorF1": [0.20075276578622728, 0.19303978901502122, 0.2051698403564586, 0.2615506380678836, 0.2942257534700344, 0.33018720756641495, 0.35857096872117017, 0.4072904389847698, 0.4338478129713412, 0.45738228544426446, 0.47635018393015255, 0.48028933694974824, 0.5127362322838191, 0.5163313218910959, 0.5290607305249296, 0.5415501141623055, 0.5438471335208311, 0.5487381683126559, 0.5597205906132242, 0.5652197082909166, 0.5709312993366926, 0.5921472361595383, 0.5962826745417042, 0.5967436324897113, 0.6055094000401238, 0.6008976369114954, 0.6241216236178855, 0.6276003503303704, 0.6252625099023552, 0.6161806867694816, 0.6327208913349222, 0.6353649538947014, 0.642602968706816, 0.642939360301192, 0.6389099409007254, 0.651146021607454, 0.6575248013306758, 0.6597959446524637, 0.6699850040246143, 0.6761674629716001, 0.6812574880208833, 0.6738643359689513, 0.6806857530050874, 0.6972768598781957, 0.6903765486335145, 0.6984609655608229, 0.6919454968400927, 0.7031505153635538, 0.7110600499519383, 0.7016449958957022, 0.7098441686435795, 0.7076956218454782, 0.7192676944569113, 0.7247512271278607, 0.7221078744923125, 0.7314498645266413, 0.7291778240642556, 0.7304845826108914, 0.7404659359277415, 0.7429284392034343, 0.7486576950283302, 0.7516864661292639, 0.7520016555338177, 0.7595309424961444, 0.7628909516449337, 0.7690106245736817, 0.7658714902773457, 0.7620340404406194, 0.7678490726577925, 0.7786309402412499, 0.7858733032711517, 0.7890260250497566, 0.7782251280083361, 0.7768230903860173, 0.7838063602676127, 0.7876770544178193, 0.7830680506234686, 0.7957328050302961, 0.7926372118463814, 0.797539779713494, 0.802242344955116, 0.7959203514411421, 0.8055061186812671, 0.8058637495309866, 0.8162093820139268, 0.8146615018475741, 0.8173720611637382, 0.8235813319413525, 0.8221851733201633, 0.8233868753042437, 0.8343235952729748, 0.8315909357627217, 0.8327350231370213, 0.830436671451902, 0.8367099073730422, 0.8396676382239217, 0.8385960867714461, 0.8455222604085361, 0.8372000421155872, 0.8463211222204243, 0.8468781915025543, 0.8493558953175128, 0.8492255621131833, 0.8497245173350809, 0.8573793915060548, 0.8604775888405738, 0.8617066821721562, 0.8564980999003322, 0.8693451253028094, 0.8655565733835082, 0.8658472312480769, 0.863898302723122, 0.8692176305981035, 0.8731792617242309, 0.8707428255776292, 0.8751687375407156, 0.8710783257022456, 0.8837023826823479, 0.8854423796812829, 0.877846393268056, 0.8815231796962499, 0.8854014133059327, 0.8828317087981136, 0.891207509499802, 0.8869612804288277, 0.8896156150466565, 0.8966767181359521, 0.898028367203836, 0.8948921151853075, 0.8994810419405299, 0.8982343940108445, 0.9030338193823588, 0.9055457490356051, 0.8993995884786914, 0.9116572075336264, 0.9127622051169804, 0.9102200448717971, 0.9105619261143348, 0.9145181263114073, 0.9143005541294675, 0.9128433259515509, 0.919956670199986, 0.9156734407460132, 0.9140709725201099, 0.9209192805157955, 0.9155748206520725, 0.9223892776238728, 0.9210568019129548, 0.9200759890237721, 0.9252165612958347, 0.9262943348957657, 0.9297729973011343, 0.919382793943897, 0.9343632100619897, 0.9281478775348504, 0.9296348395753956, 0.9353391974012876, 0.9391996770336875, 0.9347336896536385, 0.9356117294062058, 0.9350548868132402, 0.9324526688727282, 0.9346572545390939, 0.9357906386616242, 0.9341603676029385, 0.9371971722824788, 0.9417318445652753, 0.9429586709539002, 0.9452019797041277, 0.9442905499585188],