{"epoch": 65, "macroF1Rumor": 0.7010066533101745, "accRumor": 0.7787114845938375, "loss": 0.694524347782135, "trainRumorAcc": [0.6275681733283527, 0.6298094882330968, 0.6398954053044452, 0.65334329473291, 0.6595069107209562, 0.673141576391483, 0.6878968995143818, 0.6914456481135599, 0.7024654463952186, 0.710683601045947, 0.7136720209189391, 0.7248785954426596, 0.7274934628315278, 0.7355248412401942, 0.7349645125140082, 0.7394471423234964, 0.7485991781845349, 0.7553231228987672, 0.7543892416884572, 0.7633545013074337, 0.7635412775494957, 0.7715726559581622, 0.7756817332835263, 0.7814717967874486, 0.7827792304818827, 0.787822189017557, 0.7941725812476653, 0.7956667911841614, 0.8005229734777737, 0.7988419872992155, 0.8038849458348898, 0.8022039596563317, 0.8115427717594322, 0.8152782966006724, 0.8147179678744864, 0.8186402689577885, 0.8220022413149047, 0.8292865147553231, 0.8313410534180052, 0.8320881583862533, 0.8350765782592454, 0.8421740754576018, 0.8393724318266716, 0.8425476279417258, 0.8470302577512141, 0.8545013074336945, 0.8558087411281285, 0.8601045946955548, 0.8608516996638028, 0.865334329473291, 0.8681359731042212, 0.8683227493462832, 0.866268210683601, 0.8769144564811356, 0.8784086664176317, 0.8800896525961898, 0.8817706387747478, 0.8856929398580501, 0.885319387373926, 0.8886813597310422, 0.8907358983937244, 0.8939110945087785, 0.8961524094135226, 0.9011953679491969, 0.903063130369817, 0.903063130369817, 0.903063130369817, 0.9131490474411654, 0.9097870750840493, 0.9142697048935375, 0.9159506910720956, 0.9176316772506538, 0.9174449010085917, 0.9224878595442659, 0.9279043705640643, 0.9269704893537543, 0.9312663429211804, 0.9279043705640643, 0.9350018677624207, 0.9316398954053045, 0.9353754202465446, 0.9404183787822189, 0.9391109450877848, 0.9385506163615988, 0.9394844975719089, 0.9463952185282032, 0.9432200224131491, 0.9484497571908853, 0.9506910720956294, 0.9493836384011953, 0.9542398206948076, 0.9553604781471797, 0.9551737019051176, 0.9536794919686216, 0.9576017930519238, 0.9568546880836758, 0.961337317893164, 0.960403436682854, 0.9609637654090399, 0.9641389615240942, 0.9645125140082181, 0.9648860664923422, 0.9699290250280165, 0.9658199477026522, 0.9719835636906985, 0.9663802764288383, 0.9688083675756444, 0.9749719835636907, 0.9734777736271947, 0.9714232349645125, 0.9734777736271947, 0.9740381023533806, 0.9766529697422488, 0.9770265222263728, 0.9779604034366829], "trainRumorF1": [0.19279320633463393, 0.1998848237263124, 0.2645074009777203, 0.30337524539307603, 0.3345720656466134, 0.3885572813989111, 0.4364687437973264, 0.45393155933559487, 0.48729348570514114, 0.5075557943856891, 0.5166367219946729, 0.5382244663727666, 0.5458787818180895, 0.5607583150093447, 0.5627058871454931, 0.5745940393126118, 0.5900859267743236, 0.6035314667507152, 0.601226647555069, 0.6210540314510291, 0.6232495065617643, 0.6355777211810085, 0.6431502540545502, 0.6582014985094878, 0.6589263764491704, 0.6686462478716074, 0.6812524100924868, 0.6811377679197396, 0.6884054451140001, 0.6869579481786976, 0.6968831453107532, 0.6924819068111369, 0.70467955654153, 0.7138601371268185, 0.7124853402951178, 0.7201898726786365, 0.7223074626104633, 0.7388405843341455, 0.7410164683398386, 0.7398349529745382, 0.7447572306766763, 0.7561823085132198, 0.7541459035488699, 0.7590279594113318, 0.7627674326824049, 0.7763007575934684, 0.7750416921531048, 0.7849575016921595, 0.7873494059798928, 0.7939212494214342, 0.7983853824890254, 0.7980745010858947, 0.7918689145573967, 0.8113764506022274, 0.8167199453329093, 0.8188329966552388, 0.8182314075626974, 0.8239559254227858, 0.8253632021400814, 0.8325639952209881, 0.8333608747027519, 0.8377760033645943, 0.8406441326961112, 0.8499527129569491, 0.8509457382729828, 0.849947671677246, 0.850657107613933, 0.8691690914656001, 0.8621646671015992, 0.8690367013982863, 0.8703094023864137, 0.8726215023867813, 0.8756400969062228, 0.8818489623041985, 0.8920632178207656, 0.8884337702718502, 0.8959868195473188, 0.8865212447930461, 0.8989605203288404, 0.8953553555532495, 0.9021327492800251, 0.9079582801284687, 0.9068100102111275, 0.9071480746183185, 0.907145114963509, 0.9200049496504685, 0.9137627180824788, 0.9203237747983115, 0.9254810388487935, 0.9222800816217164, 0.9292084669384074, 0.9301355165177608, 0.9314714933075158, 0.9285257461342167, 0.9356386473541674, 0.9344622632004168, 0.9407844148684543, 0.9384882948185511, 0.940496245851183, 0.9444724860252902, 0.9452061678003347, 0.9455102794539061, 0.953293679053627, 0.9462069528489712, 0.956744144935773, 0.9487603356984731, 0.9527458055375606, 0.96088249331548, 0.9591225001178315, 0.9566860231457246, 0.9608015754523365, 0.9601852493719408, 0.9645738118905802, 0.9637797585040389, 0.9656049585247973], "trainLoss": [1.0567519664764404, 0.9958080649375916, 0.9267159104347229, 0.8876684308052063, 0.8598838448524475, 0.8348430395126343, 0.8126721382141113, 0.7903304696083069, 0.768933892250061, 0.7560728788375854, 0.7379571199417114, 0.7196975946426392, 0.7107492685317993, 0.6903408169746399, 0.6839997172355652, 0.6663792729377747, 0.6531677842140198, 0.6381964683532715, 0.6313020586967468, 0.6140923500061035, 0.6019021272659302, 0.5906124114990234, 0.5838338732719421, 0.5699873566627502, 0.5634340047836304, 0.552119255065918, 0.5385072231292725, 0.5329077243804932, 0.5246523022651672, 0.5189648270606995, 0.5117096900939941, 0.5018678307533264, 0.4922565519809723, 0.486972838640213, 0.48529529571533203, 0.4701248109340668, 0.4661028981208801, 0.4521297216415405, 0.4463466703891754, 0.43735989928245544, 0.42750588059425354, 0.42370644211769104, 0.41869959235191345, 0.4080561101436615, 0.40463533997535706, 0.3890090882778168, 0.38652870059013367, 0.37861168384552, 0.3758793771266937, 0.3633650839328766, 0.36183056235313416, 0.34743255376815796, 0.3495658040046692, 0.3372427523136139, 0.3290215730667114, 0.32538142800331116, 0.31513285636901855, 0.3078594505786896, 0.3083997368812561, 0.2984428107738495, 0.2919445335865021, 0.28869226574897766, 0.27796095609664917, 0.2771545350551605, 0.27244502305984497, 0.2654373049736023, 0.26054179668426514, 0.2445409744977951, 0.2446170598268509, 0.23939745128154755, 0.23350182175636292, 0.22741255164146423, 0.22412212193012238, 0.2148294597864151, 0.20233699679374695, 0.20722612738609314, 0.19873127341270447, 0.20231114327907562, 0.18888378143310547, 0.19344185292720795, 0.18228372931480408, 0.1705855429172516, 0.17263346910476685, 0.17046675086021423, 0.17186427116394043, 0.1531694233417511, 0.1590852290391922, 0.14734114706516266, 0.1425154209136963, 0.14540624618530273, 0.13468769192695618, 0.13275448977947235, 0.1273745894432068, 0.1285414695739746, 0.12277332693338394, 0.12316618859767914, 0.11144675314426422, 0.11496033519506454, 0.10883630067110062, 0.10660821944475174, 0.1004849374294281, 0.09752587974071503, 0.09104879200458527, 0.10069622099399567, 0.08673696964979172, 0.09261929243803024, 0.09605081379413605, 0.08372244983911514, 0.0780218318104744, 0.07910005003213882, 0.07779938727617264, 0.07809154689311981, 0.0700373500585556, 0.07038983702659607, 0.0675605982542038], "testRumorAcc": [0.646125116713352, 0.6965452847805789, 0.6984126984126984, 0.7124183006535948, 0.7301587301587301, 0.7469654528478058, 0.7507002801120448, 0.7516339869281046, 0.7675070028011205, 0.7581699346405228, 0.7637721755368814, 0.76937441643324, 0.7787114845938375, 0.7749766573295985, 0.773109243697479, 0.7740429505135388, 0.765639589169001, 0.7591036414565826, 0.773109243697479, 0.7665732959850607, 0.7721755368814193, 0.7647058823529411, 0.7665732959850607],