{"epoch": 150, "macroF1Rumor": 0.6994996530226252, "accRumor": 0.7749766573295985, "loss": 1.0410243272781372, "trainRumorAcc": [0.6281285020545386, 0.6288756070227867, 0.6398954053044452, 0.6469929025028016, 0.6600672394471423, 0.6623085543518864, 0.6703399327605528, 0.6864026895778856, 0.6819200597683974, 0.6938737392603661, 0.6974224878595443, 0.7011580127007845, 0.7080687336570788, 0.7091893911094509, 0.7170339932760553, 0.7248785954426596, 0.7228240567799776, 0.73048188270452, 0.7387000373552484, 0.7385132611131864, 0.7456107583115428, 0.7456107583115428, 0.7459843107956667, 0.7551363466567053, 0.7577512140455734, 0.7611131864026895, 0.7579379902876354, 0.7669032499066119, 0.7641016062756817, 0.7741875233470302, 0.7756817332835263, 0.7766156144938364, 0.7786701531565184, 0.7810982443033246, 0.7838998879342548, 0.7898767276802391, 0.7865147553231229, 0.788569293985805, 0.7997758685095255, 0.7979081060889055, 0.7971610011206575, 0.8055659320134478, 0.8025775121404557, 0.807246918192006, 0.8109824430332462, 0.8132237579379903, 0.8184534927157265, 0.8113559955173701, 0.8244303324617108, 0.8233096750093388, 0.8220022413149047, 0.8257377661561449, 0.827231976092641, 0.8311542771759433, 0.8369443406798656, 0.8363840119536795, 0.8421740754576018, 0.8419872992155398, 0.8427344041837879, 0.8389988793425476, 0.846843481509152, 0.8483376914456481, 0.8496451251400822, 0.8485244676877102, 0.8494583488980202, 0.8563690698543145, 0.8548748599178184, 0.8617855808741128, 0.8606649234217407, 0.865894658199477, 0.8679491968621591, 0.865521105715353, 0.8677624206200971, 0.8672020918939111, 0.8778483376914457, 0.8769144564811356, 0.8729921553978334, 0.8763541277549496, 0.8785954426596937, 0.8774747852073216, 0.8819574150168099, 0.8817706387747478, 0.8886813597310422, 0.8856929398580501, 0.8948449757190885, 0.8871871497945462, 0.8939110945087785, 0.8997011580127008, 0.8974598431079567, 0.9000747104968249, 0.8980201718341427, 0.9011953679491969, 0.9006350392230108, 0.903810235338065, 0.903810235338065, 0.9133358236832275, 0.9116548375046694, 0.9105341800522974, 0.9045573403063131, 0.9120283899887934, 0.9086664176316772, 0.9163242435562197, 0.9166977960403436, 0.9142697048935375, 0.9189391109450877, 0.92192753081808, 0.9215539783339559, 0.9163242435562197, 0.9237952932387, 0.922114307060142, 0.9256630556593202, 0.9237952932387, 0.9295853567426223, 0.9262233843855061, 0.9286514755323123, 0.9303324617108704, 0.9301456854688084, 0.9359357489727307, 0.9351886440044826, 0.9387373926036608, 0.9378035113933507, 0.9338812103100486, 0.9381770638774748, 0.9335076578259246, 0.9392977213298468, 0.9383638401195368, 0.943406798655211, 0.941539036234591, 0.941539036234591, 0.942846469929025, 0.9447142323496451, 0.9478894284646993, 0.942659693686963, 0.9486365334329473, 0.9505042958535674, 0.9503175196115055, 0.9495704146432574, 0.9501307433694434, 0.9529323870003735, 0.9555472543892417, 0.9540530444527456, 0.9534927157265596, 0.9499439671273814, 0.9557340306313037, 0.9564811355995517, 0.9549869256630557, 0.9562943593574897, 0.9561075831154278, 0.9585356742622338, 0.9592827792304819, 0.9626447515875981, 0.9570414643257378, 0.961150541651102, 0.962457975345536, 0.961710870377288, 0.9594695554725439, 0.963205080313784, 0.9645125140082181, 0.9602166604407919, 0.9646992902502801, 0.9663802764288383, 0.962457975345536, 0.9630183040717221, 0.9703025775121404, 0.9675009338812103, 0.9669406051550243, 0.9665670526709003, 0.9667538289129622, 0.9648860664923422, 0.9697422487859544, 0.9697422487859544, 0.9695554725438924, 0.9697422487859544, 0.9719835636906985, 0.9701158012700785, 0.9757190885319388, 0.9742248785954427, 0.9753455360478147, 0.9744116548375047, 0.9701158012700785, 0.9747852073216287, 0.9749719835636907, 0.9759058647740008, 0.9762794172581247, 0.9768397459843108, 0.9757190885319388, 0.9783339559208069, 0.979454613373179, 0.9775868509525588, 0.9828165857302951, 0.9736645498692567, 0.9775868509525588, 0.9768397459843108, 0.9745984310795667, 0.9764661935001868, 0.9772132984684349, 0.9815091520358611, 0.9790810608890549, 0.980575270825551, 0.9772132984684349],