{"epoch": 80, "macroF1Rumor": 0.6867749961557593, "accRumor": 0.773109243697479, "loss": 0.8460984826087952, "trainRumorAcc": [0.6277549495704147, 0.6314904744116548, 0.6469929025028016, 0.6581994770265223, 0.6666044079193126, 0.6697796040343669, 0.6778109824430333, 0.6867762420620097, 0.6942472917444901, 0.7071348524467688, 0.7099364960776989, 0.7207695181172955, 0.7245050429585357, 0.729361225252148, 0.7347777362719462, 0.7385132611131864, 0.7478520732162869, 0.7536421367202092, 0.7495330593948449, 0.7573776615614494, 0.7583115427717594, 0.7641016062756817, 0.7663429211804258, 0.7717594322002241, 0.7754949570414643, 0.7799775868509525, 0.7745610758311543, 0.788756070227867, 0.7956667911841614, 0.7859544265969368, 0.7994023160254016, 0.8016436309301457, 0.8033246171087037, 0.808180799402316, 0.809114680612626, 0.8117295480014942, 0.8150915203586104, 0.8171460590212924, 0.8259245423982069, 0.8233096750093388, 0.8296600672394472, 0.826298094882331, 0.8326484871124393, 0.8442286141202839, 0.8356369069854315, 0.8429211804258498, 0.8455360478147179, 0.8477773627194621, 0.845909600298842, 0.8528203212551363, 0.8565558460963766, 0.8610384759058648, 0.865521105715353, 0.8644004482629809, 0.8681359731042212, 0.8748599178184535, 0.8733657078819574, 0.8750466940605155, 0.8785954426596937, 0.8810235338064998, 0.8864400448262981, 0.8868135973104221, 0.8903623459096003, 0.8937243182667165, 0.8918565558460964, 0.8954053044452746, 0.9004482629809488, 0.8952185282032126, 0.904370564064251, 0.904183787822189, 0.9077325364213672, 0.9084796413896152, 0.9138961524094136, 0.9086664176316772, 0.9165110197982816, 0.9133358236832275, 0.9209936496077699, 0.9224878595442659, 0.9237952932387, 0.9297721329846843, 0.9318266716473664, 0.9256630556593202, 0.9340679865521105, 0.9335076578259246, 0.9350018677624207, 0.9363093014568546, 0.940791931266343, 0.9396712738139709, 0.9439671273813971, 0.9478894284646993, 0.9471423234964512, 0.9445274561075832, 0.9508778483376914, 0.9519985057900635, 0.9519985057900635, 0.9546133731789317, 0.9570414643257378, 0.9559208068733657, 0.9561075831154278, 0.9568546880836758, 0.9609637654090399, 0.9600298841987299, 0.960776989166978, 0.9658199477026522, 0.9641389615240942, 0.9658199477026522, 0.9671273813970863, 0.9680612626073963, 0.9704893537542024, 0.9704893537542024, 0.9691819200597684, 0.9731042211430706, 0.9710496824803885, 0.9725438924168845, 0.980014942099365, 0.9759058647740008, 0.9744116548375047, 0.9770265222263728, 0.979454613373179, 0.9796413896152409, 0.9787075084049309, 0.9757190885319388, 0.9787075084049309, 0.9774000747104968, 0.981882704519985, 0.981322375793799, 0.9831901382144191, 0.981882704519985, 0.980575270825551, 0.9831901382144191], "trainRumorF1": [0.19463410400487446, 0.21022471295457726, 0.28480511512126355, 0.3078486811243218, 0.3317722633637329, 0.3534574150468183, 0.39361076004474715, 0.4247877381335069, 0.45662069417544304, 0.4914395692214288, 0.5080336781986686, 0.5354767449874233, 0.5474423762891454, 0.564447477018342, 0.5717386071869837, 0.5827187332922382, 0.5991024836457071, 0.6047238378088253, 0.6058501710942246, 0.6103383368139893, 0.6202082585420683, 0.6318462558091933, 0.6342192028963773, 0.6455624611346378, 0.6496773539030298, 0.6596079637997524, 0.653363410416537, 0.6713822396228347, 0.6857838625774719, 0.6720434795916077, 0.6959369101737685, 0.697142614463972, 0.7003201292316252, 0.7055082359717637, 0.7065272039927329, 0.7101595982416865, 0.7168114717760781, 0.7203466091483979, 0.7298826540786459, 0.7277631212212158, 0.7379593956730057, 0.7328303261199436, 0.7426515905163766, 0.7629828673438288, 0.7477831701251374, 0.7579569801038183, 0.7622942836786152, 0.765893730947451, 0.7640502211681734, 0.776151786660111, 0.7806841483337383, 0.7880968910352382, 0.7937316150172363, 0.7922544233858503, 0.799639120712477, 0.8062462661899755, 0.8062891616677116, 0.8085636162061969, 0.8126006021938921, 0.8151153162579852, 0.823372899297737, 0.8236852180346046, 0.8308850607233168, 0.836199005254206, 0.8338101655433984, 0.8375492098569031, 0.8454103798706782, 0.8366524508283162, 0.8541999045013117, 0.8528470824797383, 0.8588660378406694, 0.8575012515133801, 0.864802757238005, 0.8590233500629976, 0.8686670205334404, 0.8666271407482586, 0.8769221823391171, 0.8803869404453336, 0.8817619070655618, 0.8906028756633246, 0.8921224657029768, 0.8827956474155718, 0.896380629517021, 0.8954495452613607, 0.9008636740764125, 0.8998515357133655, 0.9061424204436712, 0.9072046548481697, 0.913500717458804, 0.9166244972647177, 0.9179550881681998, 0.9134337807954175, 0.922663301634628, 0.9254243355771341, 0.9252442412957638, 0.92978655010743, 0.9333007313728365, 0.9300132160768615, 0.9293205590793465, 0.9318283508339129, 0.938983390185735, 0.937573219656076, 0.9383670794751816, 0.9447879420020806, 0.9439903860337829, 0.9454049183184033, 0.9485376587735522, 0.9506296230576006, 0.954391785592849, 0.9549601790966393, 0.9525284290637543, 0.9587734817121469, 0.954046207351568, 0.9576688548261643, 0.9685429313050493, 0.9633081532187833, 0.9592098096265632, 0.9643141191320914, 0.9673211704526555, 0.9664976214167514, 0.9667258029022021, 0.9628558400479111, 0.9674103876385571, 0.9650545729325766, 0.9722250809971017, 0.9703413304842021, 0.9746891642441544, 0.970987446387586, 0.9695576966545357, 0.9753766932101073], "trainLoss": [1.0498775243759155, 0.9878525733947754, 0.9227222800254822, 0.8963315486907959, 0.8697391152381897, 0.8531315326690674, 0.8343767523765564, 0.8118944764137268, 0.7974973917007446, 0.7760972380638123, 0.7519318461418152, 0.728791356086731, 0.709028422832489, 0.6872887015342712, 0.6811195611953735, 0.667828381061554, 0.6562072038650513, 0.6458773612976074, 0.6338998675346375, 0.623196005821228, 0.6155774593353271, 0.6110814213752747, 0.6012688279151917, 0.5872732400894165, 0.5789135098457336, 0.5668950080871582, 0.56767737865448, 0.5559821724891663, 0.5465443730354309, 0.5400240421295166, 0.5316790342330933, 0.518416166305542, 0.513742208480835, 0.5090139508247375, 0.5045629739761353, 0.493048757314682, 0.48907792568206787, 0.476373553276062, 0.47278663516044617, 0.4604312777519226, 0.4547352194786072, 0.45324817299842834, 0.44352638721466064, 0.4295789897441864, 0.43159717321395874, 0.41703683137893677, 0.41460341215133667, 0.4034562110900879, 0.4020676016807556, 0.39214789867401123, 0.38379594683647156, 0.37785255908966064, 0.3774353563785553, 0.3680735230445862, 0.35992205142974854, 0.3481021225452423, 0.3437199592590332, 0.3423897624015808, 0.3332374691963196, 0.3276495337486267, 0.3102819323539734, 0.3136428892612457, 0.30719324946403503, 0.29844462871551514, 0.2923438251018524, 0.28609204292297363, 0.27765777707099915, 0.27303314208984375, 0.2676921784877777, 0.2646932303905487, 0.25823166966438293, 0.25670868158340454, 0.24189499020576477, 0.24624280631542206, 0.2365088164806366, 0.23329417407512665, 0.22067731618881226, 0.22342006862163544, 0.21722708642482758, 0.2026214301586151, 0.19770683348178864, 0.20262716710567474, 0.18881550431251526, 0.18524672091007233, 0.1841285228729248, 0.17956645786762238, 0.17272081971168518, 0.17061401903629303, 0.16345855593681335, 0.15403038263320923, 0.1521480232477188, 0.14783214032649994, 0.14260472357273102, 0.13825452327728271, 0.14217215776443481, 0.13786661624908447, 0.12110752612352371, 0.12833158671855927, 0.12617352604866028, 0.11897649616003036, 0.11267618089914322, 0.11181534826755524, 0.11203250288963318, 0.10749505460262299, 0.10444176942110062, 0.10256830602884293, 0.0943482294678688, 0.09862589836120605, 0.09280918538570404, 0.0854814276099205, 0.0872860923409462, 0.0813453271985054, 0.08297402411699295, 0.07794617116451263, 0.07121980935335159, 0.07075271010398865, 0.06915910542011261, 0.07231256365776062, 0.06571763753890991, 0.07047663629055023, 0.06669901311397552, 0.06789019703865051, 0.06484511494636536, 0.06303967535495758, 0.055442873388528824, 0.0535983182489872, 0.0541086420416832, 0.056127145886421204, 0.05204598605632782, 0.051526594907045364],