{"epoch": 95, "macroF1Rumor": 0.6903210835704753, "accRumor": 0.7777777777777778, "loss": 0.6921390295028687, "trainRumorAcc": [0.6253268584236085, 0.6288756070227867, 0.6327979081060889, 0.6445648113559955, 0.6509152035861039, 0.6568920433320882, 0.6701531565184908, 0.6761299962644751, 0.6806126260739634, 0.6865894658199477, 0.69237952932387, 0.6976092641016063, 0.711617482256257, 0.7076951811729548, 0.7093761673515129, 0.7207695181172955, 0.7192753081807994, 0.7215166230855435, 0.7286141202838999, 0.72954800149421, 0.7317893163989541, 0.7420620097123646, 0.7336570788195742, 0.7441165483750467, 0.7480388494583489, 0.7504669406051551, 0.7534553604781472, 0.7571908853193874, 0.7549495704146433, 0.7605528576765036, 0.7652222637280538, 0.768023907358984, 0.7719462084422861, 0.7725065371684722, 0.7667164736645499, 0.7756817332835263, 0.7825924542398207, 0.7777362719462084, 0.7846469929025028, 0.7792304818827045, 0.7865147553231229, 0.7934254762794173, 0.7889428464699291, 0.7917444901008591, 0.7913709376167352, 0.7969742248785955, 0.7971610011206575, 0.8048188270451998, 0.7997758685095255, 0.8031378408666418, 0.8109824430332462, 0.8102353380649981, 0.8150915203586104, 0.8150915203586104, 0.8093014568546881, 0.8134105341800523, 0.8180799402316026, 0.8236832274934628, 0.8190138214419126, 0.8298468434815092, 0.8298468434815092, 0.8248038849458349, 0.8317146059021292, 0.8380649981322376, 0.8376914456481136, 0.8363840119536795, 0.8376914456481136, 0.8373178931639895, 0.846283152782966, 0.8455360478147179, 0.846843481509152, 0.8498319013821442, 0.8530070974971984, 0.8535674262233844, 0.8571161748225625, 0.8567426223384386, 0.8604781471796787, 0.8621591333582368, 0.8602913709376168, 0.8601045946955548, 0.8629062383264848, 0.866454986925663, 0.8698169592827792, 0.8625326858423609, 0.8681359731042212, 0.8748599178184535, 0.8728053791557714, 0.8793425476279417, 0.8742995890922675, 0.8774747852073216, 0.8802764288382517, 0.8886813597310422, 0.883638401195368, 0.884572282405678, 0.8892416884572283, 0.8918565558460964, 0.8894284646992903, 0.8896152409413522, 0.8967127381397086, 0.8924168845722824, 0.8931639895405304, 0.8907358983937244, 0.8968995143817706, 0.8954053044452746, 0.9026895778856929, 0.9010085917071349, 0.903063130369817, 0.9062383264848711, 0.903623459096003, 0.9075457601793052, 0.9090399701158013, 0.9110945087784834, 0.9110945087784834, 0.9114680612626074, 0.9133358236832275, 0.9101606275681733, 0.9153903623459096, 0.9172581247665297, 0.9153903623459096, 0.9187523347030258, 0.9185655584609638, 0.9159506910720956, 0.9172581247665297, 0.9206200971236459, 0.923048188270452, 0.923048188270452, 0.9267837131116922, 0.9264101606275682, 0.9275308180799402, 0.9344415390362346, 0.9273440418378782, 0.9370564064251027, 0.9292118042584984, 0.9357489727306687, 0.9333208815838625, 0.9364960776989167, 0.9346283152782966, 0.9336944340679866, 0.9402316025401569, 0.9389241688457228, 0.9374299589092268, 0.9378035113933507, 0.9430332461710871, 0.941725812476653, 0.9430332461710871], "trainRumorF1": [0.1925022999080037, 0.19303978901502122, 0.21665847377839006, 0.27583451372666035, 0.2954748006247365, 0.3185640220794596, 0.3593369937219986, 0.37999273923076893, 0.4066581838583423, 0.4192399564331518, 0.4435679257752489, 0.46864628007739956, 0.49660750025587236, 0.4964286273716443, 0.5065770199524142, 0.5263089181922711, 0.5283151688279099, 0.540456247061772, 0.5548249098141373, 0.565652682979322, 0.5622774145573411, 0.5830599990498113, 0.568507969455497, 0.590070404020111, 0.6024831730193695, 0.6063026757466969, 0.6125048884749533, 0.6159766194903362, 0.6157478966556227, 0.6235161081161272, 0.631631043974565, 0.6388315601750593, 0.643332773826127, 0.6475863415129569, 0.6361272059226984, 0.6529350983132227, 0.6616257888320812, 0.6594451643512237, 0.6682540006880662, 0.6654677519609865, 0.6695361090894734, 0.6820560301494301, 0.6768034197690742, 0.6780087241227499, 0.6783813550924876, 0.6863999364875213, 0.6901068924053286, 0.699541095504938, 0.6968469706409124, 0.6996996777147357, 0.7096926811197874, 0.7119656977700218, 0.7179037574963211, 0.7224756937782852, 0.7107938759342751, 0.7151280964905099, 0.7210437774850731, 0.7308947185715231, 0.7250223587866313, 0.7404554265538709, 0.7430263394265834, 0.7363255531878421, 0.7468899236382869, 0.7527253283442192, 0.757311820971759, 0.755017761696517, 0.7582658632271344, 0.7532485604352299, 0.7685672963873109, 0.7674426048857766, 0.7705939702872027, 0.7794034879337162, 0.7804494753874256, 0.7817053256619488, 0.7845332735903887, 0.7873522438471261, 0.7878069845005966, 0.7930189443825586, 0.7906204804094945, 0.7921263487479362, 0.7926284520652171, 0.7988793069776414, 0.8043934949613762, 0.7955062013713039, 0.8035459910029272, 0.8125874210100592, 0.8097084934093066, 0.8178864003078636, 0.8132564469879721, 0.8151065480871028, 0.8178084155551649, 0.8345709560543071, 0.8279434862045025, 0.8259101382124587, 0.8338612139319461, 0.8365206169658241, 0.8346860609521413, 0.8336672238204119, 0.8454602587889515, 0.8407808667488175, 0.8420144261394343, 0.8342290672897257, 0.8445195971435525, 0.8429642960546129, 0.8520816370305003, 0.8485521423577267, 0.8543240714344998, 0.8564745849641373, 0.8525465272590066, 0.8608298196971624, 0.8605998076002654, 0.8651437303025742, 0.8659233596684728, 0.864407812291884, 0.8688449919994968, 0.8636109597216309, 0.873733219711876, 0.8740318916709111, 0.8710120152877416, 0.8754654500788663, 0.8749577303056786, 0.8726826643946388, 0.8750483834514553, 0.880682803436565, 0.8816804250463702, 0.8805325316739882, 0.8859394872251609, 0.8890965902041487, 0.8893671748071126, 0.9006383207657918, 0.8909395185985038, 0.9025284997336263, 0.8896997152203026, 0.9010726289930735, 0.897424749890279, 0.9025537104577739, 0.8986575480301597, 0.8971864306978936, 0.9086054304994653, 0.9090562097135036, 0.9034243159970253, 0.9040653507829265, 0.9121532503317898, 0.9107472419510894, 0.9126280286176152],