{"epoch": 135, "macroF1Rumor": 0.6923154209379505, "accRumor": 0.776844070961718, "loss": 1.0783551931381226, "trainRumorAcc": [0.6286888307807247, 0.6367202091893911, 0.6434441539036234, 0.653156518490848, 0.6666044079193126, 0.6761299962644751, 0.6837878221890176, 0.6949943967127381, 0.6959282779230482, 0.7007844602166604, 0.7022786701531565, 0.7099364960776989, 0.7071348524467688, 0.7157265595816212, 0.7166604407919313, 0.7291744490100859, 0.7256257004109077, 0.73141576391483, 0.7383264848711244, 0.7396339185655585, 0.7424355621964887, 0.7439297721329847, 0.7485991781845349, 0.748225625700411, 0.7512140455734031, 0.7609264101606276, 0.7670900261486739, 0.7631677250653717, 0.7674635786327979, 0.767837131116922, 0.7711991034740381, 0.7721329846843481, 0.7835263354501307, 0.7852073216286888, 0.7807246918192006, 0.7872618602913709, 0.7889428464699291, 0.788382517743743, 0.8023907358983937, 0.7932387000373552, 0.8016436309301457, 0.7973477773627194, 0.8007097497198357, 0.8018304071722077, 0.8063130369816959, 0.8113559955173701, 0.8139708629062383, 0.8145311916324244, 0.8177063877474785, 0.8193873739260366, 0.8238700037355249, 0.826298094882331, 0.826671647366455, 0.8290997385132611, 0.8343294732909974, 0.8369443406798656, 0.8356369069854315, 0.8403063130369817, 0.8434815091520359, 0.8412401942472918, 0.8455360478147179, 0.8472170339932761, 0.8496451251400822, 0.8455360478147179, 0.8567426223384386, 0.8612252521479268, 0.8606649234217407, 0.8619723571161748, 0.8595442659693687, 0.8688830780724692, 0.866641763167725, 0.8709376167351512, 0.8741128128502055, 0.8724318266716473, 0.8774747852073216, 0.8756070227867015, 0.8776615614493837, 0.8785954426596937, 0.8868135973104221, 0.884198729921554, 0.886066492342174, 0.8871871497945462, 0.8896152409413522, 0.8918565558460964, 0.8937243182667165, 0.8931639895405304, 0.8987672768023908, 0.8944714232349645, 0.8967127381397086, 0.9021292491595069, 0.9015689204333209, 0.9028763541277549, 0.9053044452745611, 0.9138961524094136, 0.9105341800522974, 0.9075457601793052, 0.9081060889054913, 0.9180052297347777, 0.922114307060142, 0.9161374673141577, 0.9189391109450877, 0.9213672020918939, 0.9191258871871498, 0.9198729921553979, 0.923982069480762, 0.923982069480762, 0.9234217407545761, 0.9267837131116922, 0.9333208815838625, 0.9290250280164363, 0.9308927904370564, 0.9336944340679866, 0.9353754202465446, 0.9359357489727307, 0.9370564064251027, 0.9394844975719089, 0.9322002241314905, 0.9394844975719089, 0.942659693686963, 0.9439671273813971, 0.9396712738139709, 0.941912588718715, 0.9477026522226373, 0.9450877848337691, 0.9478894284646993, 0.9469555472543892, 0.9452745610758312, 0.9505042958535674, 0.9482629809488233, 0.9512514008218155, 0.9536794919686216, 0.9534927157265596, 0.9553604781471797, 0.9579753455360478, 0.9536794919686216, 0.9583488980201719, 0.9523720582741875, 0.9546133731789317, 0.9568546880836758, 0.9596563317146058, 0.9592827792304819, 0.9574150168098617, 0.9574150168098617, 0.961150541651102, 0.962457975345536, 0.961150541651102, 0.962271199103474, 0.9637654090399701, 0.9652596189764662, 0.9665670526709003, 0.9658199477026522, 0.9665670526709003, 0.9656331714605902, 0.9665670526709003, 0.9676877101232724, 0.9658199477026522, 0.9697422487859544, 0.9686215913335824, 0.9699290250280165, 0.9646992902502801, 0.9708629062383265, 0.9699290250280165, 0.9716100112065745, 0.9712364587224505, 0.9699290250280165, 0.9736645498692567, 0.9682480388494583, 0.9719835636906985, 0.9731042211430706, 0.9736645498692567, 0.9749719835636907, 0.9749719835636907, 0.9744116548375047, 0.9781471796787449, 0.9764661935001868, 0.9787075084049309, 0.9764661935001868, 0.9770265222263728, 0.9768397459843108, 0.9772132984684349, 0.9749719835636907, 0.9790810608890549, 0.9798281658573029, 0.980201718341427, 0.9783339559208069], "trainRumorF1": [0.1930045871559633, 0.24301585374314855, 0.2845049302703851, 0.3187582195339001, 0.36868214931511706, 0.41122572825733006, 0.44839911783576386, 0.46884268534949347, 0.48423280979139227, 0.4926098254326324, 0.504091292302467, 0.5123551042108139, 0.5179381276903393, 0.5286338255975978, 0.5351731091565122, 0.5583366231973501, 0.5498299039490788, 0.5654233218350788, 0.5772179403786102, 0.5811649751145657, 0.5862356322985841, 0.594402765795226, 0.6046888162721046, 0.5993048618963887, 0.6054827429312295, 0.6214733553919427, 0.6334652220396464, 0.6256964344537581, 0.6327350283715175, 0.6389174816882919, 0.6419789486723126, 0.640371376067302, 0.6645032027455422, 0.6662508714310744, 0.6606430344766931, 0.6663904198979794, 0.6735451019142377, 0.6719813126443458, 0.6945099002659098, 0.6800203850158167, 0.6898140142170578, 0.6845290081573422, 0.6894797104071851, 0.697945859432119, 0.7010853668172732, 0.7070740703553663, 0.7142840389559099, 0.7156630904301544, 0.7194578698587434, 0.7209787165491098, 0.7285125287576268, 0.7332444981814344, 0.7296067270529261, 0.7340758895024501, 0.7454156843129605, 0.7455890202685322, 0.7482763897373796, 0.757397872372074, 0.7592762163347062, 0.7516466053886783, 0.7608700352314716, 0.7643153119359585, 0.7698125883531248, 0.7632085872350955, 0.7795672799374824, 0.7836703747495385, 0.7867072949790708, 0.7886630847444532, 0.784623960361243, 0.7966631498369816, 0.7931921988721029, 0.8000243776125289, 0.8022103598365365, 0.8024579275519507, 0.810480256589022, 0.8091219195560618, 0.8095305437638068, 0.8135249540601033, 0.8260045771463668, 0.8220955171886384, 0.8232975326183346, 0.8260485221135175, 0.8302088583565947, 0.8323968355967147, 0.8382527879197188, 0.8334928296437956, 0.8406693794562143, 0.8405978833579166, 0.8407414615566163, 0.8472464240068527, 0.8436104251569216, 0.849373037186105, 0.8495070899447918, 0.8657467472321033, 0.8578429495251809, 0.8566676209286888, 0.8579134017685442, 0.8719706487143136, 0.8802601707182581, 0.8705213353828708, 0.8714176380511341, 0.8745920784192771, 0.8716606920415428, 0.8747827464416159, 0.881031080776508, 0.8798453568273162, 0.8784881723117683, 0.8842679749561566, 0.895079218801525, 0.8898628143124416, 0.8903417673484104, 0.8979659796996089, 0.8970933976485259, 0.9005118679608988, 0.9008297474077651, 0.9048397876314971, 0.8937696367266347, 0.9049528408251758, 0.9103305238560304, 0.9116488054382079, 0.9076409291384021, 0.9087446884972168, 0.9160279526731041, 0.914292856444507, 0.9174589488622322, 0.9175396903841055, 0.914227950208374, 0.9230615296125982, 0.9197554060803566, 0.9250200012125921, 0.9276585852696215, 0.9273084841711845, 0.9295345683977143, 0.9338258060211004, 0.9269875753331636, 0.9324316158747593, 0.9240244228469517, 0.9300902561572849, 0.9308763751942675, 0.9362530268376916, 0.9349228431232695, 0.9335364753727181, 0.9323983530313901, 0.937329926558832, 0.9393300721109094, 0.9380690682639917, 0.9416722331881695, 0.9421256390639318, 0.9457472867599517, 0.94469667453685, 0.9449803748912978, 0.9469236817588034, 0.9461119883471985, 0.9465706175112091, 0.9480150494898589, 0.9478218192418854, 0.953384348636034, 0.9518275821576387, 0.9508835372152327, 0.9436854496352991, 0.9531558289096571, 0.9501020232885059, 0.9541801518022355, 0.954875045608883, 0.9517538857718225, 0.9577945388000457, 0.9493131174842255, 0.9545551712515449, 0.9584704859467641, 0.9571211014576542, 0.9595837963394473, 0.9612013610036918, 0.9599639392221472, 0.9624589412096014, 0.9622176176242037, 0.9657061970219406, 0.9628818992351842, 0.9628957490191478, 0.9643581931926032, 0.9636572820173264, 0.9607396912020634, 0.968152887085194, 0.9678317085582735, 0.967739173514832, 0.9663377661813104],