{"epoch": 70, "macroF1Rumor": 0.6899157424311797, "accRumor": 0.7721755368814193, "loss": 0.6492334008216858, "trainRumorAcc": [0.6288756070227867, 0.6292491595069107, 0.635225999252895, 0.6462457975345536, 0.6524094135226, 0.6608143444153903, 0.6656705267090026, 0.6811729548001494, 0.6869630183040717, 0.6940605155024281, 0.7000373552484124, 0.7039596563317146, 0.7071348524467688, 0.7192753081807994, 0.7273066865894658, 0.7317893163989541, 0.7284273440418378, 0.7387000373552484, 0.7390735898393724, 0.7422487859544266, 0.7495330593948449, 0.750280164363093, 0.7571908853193874, 0.7562570041090774, 0.7599925289503175, 0.7674635786327979, 0.768957788569294, 0.767837131116922, 0.7674635786327979, 0.7745610758311543, 0.7764288382517743, 0.7777362719462084, 0.7824056779977587, 0.7863279790810609, 0.7835263354501307, 0.7870750840493089, 0.7924915950691072, 0.7906238326484871, 0.7939858050056033, 0.7962271199103474, 0.8005229734777737, 0.7988419872992155, 0.8046320508031378, 0.806499813223758, 0.8048188270451998, 0.807433694434068, 0.8128502054538662, 0.8165857302951065, 0.8134105341800523, 0.8152782966006724, 0.8190138214419126, 0.826298094882331, 0.8233096750093388, 0.8309675009338812, 0.8315278296600672, 0.8337691445648113, 0.8311542771759433, 0.8393724318266716, 0.8418005229734777, 0.8410534180052297, 0.8470302577512141, 0.8408666417631677, 0.8518864400448263, 0.846283152782966, 0.8524467687710123, 0.8543145311916325, 0.8535674262233844, 0.8563690698543145, 0.8610384759058648, 0.8604781471796787, 0.8668285394097871, 0.8668285394097871, 0.864960776989167, 0.8681359731042212, 0.8703772880089653, 0.8759805752708255, 0.8756070227867015, 0.8780351139335076, 0.8787822189017557, 0.8830780724691819, 0.886253268584236, 0.8819574150168099, 0.8884945834889802, 0.8871871497945462, 0.8916697796040344, 0.8868135973104221, 0.8877474785207322, 0.8935375420246545, 0.8983937243182667, 0.8976466193500187, 0.8944714232349645, 0.8993276055285767, 0.8998879342547628, 0.902502801643631, 0.9064251027269331, 0.9114680612626074, 0.9064251027269331, 0.9107209562943593, 0.9150168098617856, 0.9107209562943593, 0.9094135225999253, 0.9107209562943593, 0.9163242435562197, 0.923982069480762, 0.9148300336197236, 0.9215539783339559, 0.9180052297347777, 0.9174449010085917, 0.9251027269331341, 0.9194994396712738, 0.9282779230481882, 0.9245423982069481, 0.9280911468061263, 0.9237952932387, 0.9286514755323123, 0.9323870003735525, 0.9290250280164363, 0.9297721329846843, 0.9336944340679866, 0.9312663429211804], "trainRumorF1": [0.19303978901502122, 0.19477289324391894, 0.24212722551928784, 0.2840817724797353, 0.30757058340291354, 0.3402914766350902, 0.36930332876426575, 0.4148421803802463, 0.4429294528800449, 0.4640214102427779, 0.49194653254325604, 0.4941563279512183, 0.5108972332262883, 0.5385888778196527, 0.5505227525794419, 0.5666428488284808, 0.559956461789512, 0.573167374996537, 0.5815098628710311, 0.5892970119231976, 0.6028188764059146, 0.606212852965738, 0.6155349167110697, 0.6114789961031839, 0.6188039235248017, 0.6292520425434264, 0.6318653622786262, 0.629250594527962, 0.6339871483632753, 0.6438363389429018, 0.6478475380212476, 0.6490711638181158, 0.6539079220475252, 0.664602163002513, 0.658076189954706, 0.6649869608548771, 0.6711115907095591, 0.6695834394192487, 0.6749676816874, 0.6828729544313948, 0.6862821300232539, 0.6846742089241504, 0.6898040448994311, 0.6950967844990996, 0.6922702359590203, 0.7026186997279431, 0.7050106653422066, 0.709499817673376, 0.7111756812837574, 0.709145438479399, 0.7164269784695554, 0.7277048891230896, 0.7231583284496415, 0.7341527133682576, 0.7355540585177737, 0.7409252148008754, 0.733270612682542, 0.7459015161794004, 0.7518765346529002, 0.7527607557757021, 0.7595752319338466, 0.7472771382107886, 0.7661117904794036, 0.7592825154851435, 0.7678439209161448, 0.7770149192661667, 0.7721707400345144, 0.7763811317891834, 0.782154330710553, 0.7812624516396529, 0.794184358500753, 0.7898139198985266, 0.7896925219231561, 0.7924951359020049, 0.7993729044976048, 0.8088662274558717, 0.8020959793539643, 0.8094947273945492, 0.8111410258267544, 0.8128769693967752, 0.8198166249121903, 0.8152674139491056, 0.8247863265215558, 0.8218694950576151, 0.8306306266601498, 0.8185091659478916, 0.8230863076959403, 0.8338623026748897, 0.8394911772896939, 0.8408637498786717, 0.8319022160076138, 0.8427976887588465, 0.8435260489019449, 0.8441253606457528, 0.8518758454003644, 0.859070249203229, 0.8541365046006181, 0.8574915657922504, 0.8665761606109661, 0.8577147620958068, 0.8555317619639037, 0.8565126942665562, 0.8672136483663833, 0.8757778425911502, 0.8648672367741437, 0.8744649697641373, 0.8688826087545746, 0.8708631797217972, 0.8826425243386418, 0.8713593007879724, 0.8861732018571253, 0.8819290689034854, 0.8848040330376943, 0.8806667380148459, 0.8864922429306535, 0.8907996087622005, 0.8888538033606566, 0.8885538025115406, 0.8947698038338167, 0.8910607218986643], "trainLoss": [1.0478895902633667, 1.006084680557251, 0.9474957585334778, 0.9158020615577698, 0.8976886868476868, 0.8709285855293274, 0.853729784488678, 0.8316048979759216, 0.8126779794692993, 0.801306962966919, 0.7791988849639893, 0.7667009234428406, 0.7489932179450989, 0.7329097390174866, 0.7257344126701355, 0.7065451741218567, 0.7035927176475525, 0.6867446899414062, 0.6711390614509583, 0.6684120297431946, 0.651708722114563, 0.6435462832450867, 0.6382465362548828, 0.6250932812690735, 0.6241604089736938, 0.6138409376144409, 0.6122080087661743, 0.6081016659736633, 0.5978392362594604, 0.5861016511917114, 0.5848208069801331, 0.571122944355011, 0.5732648372650146, 0.5615183711051941, 0.5639038681983948, 0.5566569566726685, 0.5412567853927612, 0.5454651713371277, 0.5262373089790344, 0.533061146736145, 0.5249999761581421, 0.5234268307685852, 0.5118193030357361, 0.5143367648124695, 0.5021734237670898, 0.4974798560142517, 0.4982646405696869, 0.47949162125587463, 0.4799637496471405, 0.4697917401790619, 0.47364261746406555, 0.4686870276927948, 0.4560334384441376, 0.45263832807540894, 0.4457448124885559, 0.4407802224159241, 0.4426717460155487, 0.4331984519958496, 0.42605412006378174, 0.4174572229385376, 0.41226926445961, 0.4132184684276581, 0.40633150935173035, 0.41318365931510925, 0.3941490352153778, 0.38623741269111633, 0.3870866596698761, 0.38076433539390564, 0.3802122175693512, 0.37062934041023254, 0.368238240480423, 0.35743623971939087, 0.35907837748527527, 0.36168020963668823, 0.3534977436065674, 0.34189072251319885, 0.3366943597793579, 0.3334463834762573, 0.3330675959587097, 0.3208199441432953, 0.31733399629592896, 0.3171912729740143, 0.3169659972190857, 0.3127760589122772, 0.3036215901374817, 0.3032187819480896, 0.2998691201210022, 0.2966381311416626, 0.28736981749534607, 0.27926135063171387, 0.28193050622940063, 0.27982795238494873, 0.27494725584983826, 0.27007827162742615, 0.26553329825401306, 0.2638745903968811, 0.26128101348876953, 0.2573436200618744, 0.2562021017074585, 0.24788732826709747, 0.24623382091522217, 0.2395264208316803, 0.23785679042339325, 0.22029392421245575, 0.24345168471336365, 0.2274038940668106, 0.22498635947704315, 0.22830505669116974, 0.21203017234802246, 0.213837668299675, 0.20536969602108002, 0.2091057151556015, 0.20377810299396515, 0.20769424736499786, 0.20532147586345673, 0.19574004411697388, 0.19159245491027832, 0.1967242956161499, 0.18554672598838806, 0.19153226912021637], "testRumorAcc": [0.6414565826330533, 0.6900093370681606, 0.704014939309057, 0.7264239028944911, 0.7292250233426704, 0.7366946778711485, 0.7404295051353875, 0.7535014005602241, 0.7581699346405228, 0.7637721755368814, 0.7544351073762838, 0.7619047619047619, 0.7665732959850607, 0.7721755368814193, 0.7703081232492998, 0.7759103641456583, 0.7721755368814193, 0.7749766573295985, 0.773109243697479, 0.7684407096171803, 0.7740429505135388, 0.7721755368814193, 0.76937441643324, 0.7712418300653595],