{"epoch": 80, "macroF1Rumor": 0.6809552009518922, "accRumor": 0.7740429505135388, "loss": 0.6738786101341248, "trainRumorAcc": [0.6262607396339186, 0.6286888307807247, 0.6372805379155771, 0.6447515875980575, 0.6507284273440418, 0.6598804632050803, 0.6682853940978708, 0.673328352633545, 0.6852820321255136, 0.6970489353754202, 0.6996638027642884, 0.7076951811729548, 0.711804258498319, 0.7170339932760553, 0.7202091893911095, 0.7254389241688457, 0.730295106462458, 0.732162868883078, 0.7364587224505043, 0.7428091146806126, 0.7428091146806126, 0.7562570041090774, 0.7463578632797908, 0.7480388494583489, 0.7586850952558835, 0.7562570041090774, 0.7611131864026895, 0.7629809488233097, 0.7730668658946582, 0.7683974598431079, 0.770638774747852, 0.7730668658946582, 0.7781098244303325, 0.7829660067239447, 0.7833395592080687, 0.787448636533433, 0.786701531565185, 0.7954800149420994, 0.7906238326484871, 0.7975345536047814, 0.7984684348150916, 0.8005229734777737, 0.7971610011206575, 0.8025775121404557, 0.8093014568546881, 0.8119163242435562, 0.8119163242435562, 0.8180799402316026, 0.8195741501680986, 0.8234964512514008, 0.8195741501680986, 0.8259245423982069, 0.826671647366455, 0.8298468434815092, 0.8337691445648113, 0.8283526335450131, 0.8317146059021292, 0.8380649981322376, 0.8371311169219275, 0.8375046694060515, 0.8401195367949197, 0.845162495330594, 0.8406798655211057, 0.8455360478147179, 0.8543145311916325, 0.8552484124019425, 0.8580500560328727, 0.8604781471796787, 0.8526335450130743, 0.8569293985805005, 0.8597310422114307, 0.8612252521479268, 0.865521105715353, 0.865707881957415, 0.8709376167351512, 0.8692566305565932, 0.8735524841240194, 0.8767276802390735, 0.8761673515128876, 0.8705640642510273, 0.8780351139335076, 0.8787822189017557, 0.8780351139335076, 0.8856929398580501, 0.882704519985058, 0.8873739260366081, 0.8898020171834142, 0.8914830033619724, 0.8905491221516623, 0.8907358983937244, 0.8946581994770265, 0.8922301083302204, 0.8982069480762047, 0.8965259618976467, 0.8976466193500187, 0.8997011580127008, 0.9000747104968249, 0.8987672768023908, 0.904744116548375, 0.9054912215166231, 0.9026895778856929, 0.905864774000747, 0.9114680612626074, 0.9096002988419873, 0.9131490474411654, 0.9105341800522974, 0.9133358236832275, 0.9109077325364213, 0.9189391109450877, 0.9187523347030258, 0.9191258871871498, 0.9150168098617856, 0.9176316772506538, 0.9215539783339559, 0.9189391109450877, 0.92192753081808, 0.9237952932387, 0.9277175943220023, 0.9251027269331341, 0.9320134478894284, 0.9307060141949944, 0.9284646992902503, 0.9308927904370564, 0.9310795666791184, 0.9366828539409787, 0.9279043705640643, 0.9350018677624207, 0.9350018677624207, 0.9357489727306687, 0.9325737766156145], "trainRumorF1": [0.19564307935983452, 0.19476311728355722, 0.24399409794329951, 0.2796256774957545, 0.2960217066859128, 0.3138251756133856, 0.3505030754714193, 0.38003981412196286, 0.4364172029082641, 0.4619649943794991, 0.48123661275984225, 0.5042563176565056, 0.5133307459708543, 0.5387772833178022, 0.5378100053661358, 0.5526818201473651, 0.5665332306780804, 0.5679150614265854, 0.5813568430052937, 0.5943704338421107, 0.5952913235653093, 0.6166091227971559, 0.602243484815167, 0.6089485234668054, 0.6254332930176043, 0.6208309187524204, 0.6287928610920126, 0.6320614440871096, 0.6498918807012837, 0.6455463365299824, 0.643939416794502, 0.6500287278852733, 0.6556364574249636, 0.6634278836752732, 0.6647953130947808, 0.6749199844951974, 0.6719054018617459, 0.6906184412274468, 0.6755608062373233, 0.6907990140185372, 0.6892925429771162, 0.6982456247095314, 0.6904572342674737, 0.6979015468090045, 0.7084154151836268, 0.7110224069836717, 0.7108363990542532, 0.7211450428020577, 0.7278861332267548, 0.7309547240824885, 0.7252009791392151, 0.7322427828960659, 0.7362758962087672, 0.737645456301957, 0.7485690356231323, 0.7368691887427022, 0.7444443433425744, 0.7529000421969367, 0.7563649149893795, 0.7550787299976018, 0.7601150015858034, 0.7670256301882493, 0.7570187401261532, 0.7647425070371972, 0.7779441680978537, 0.7837300175209019, 0.7845492489209255, 0.7897774137625373, 0.7760392264827516, 0.7812371054551774, 0.7904039042204551, 0.7883192666265368, 0.7940555066257469, 0.7973161585303064, 0.8044821035834013, 0.8047665914939502, 0.8081768665576763, 0.815107887422144, 0.8139292749973829, 0.8035168725337339, 0.8194507618461747, 0.8153918901998874, 0.8127714941743641, 0.8265460679613789, 0.8177301821648184, 0.8295952160044445, 0.8327173207775527, 0.8332371854992003, 0.831509959455531, 0.8352775503846827, 0.8402157758670243, 0.8352955019727075, 0.8442788390612013, 0.8434245806698217, 0.842200296920508, 0.8456423077312052, 0.8465925020422926, 0.844895062826616, 0.8550091769190091, 0.8584533229414938, 0.8540990496404385, 0.857197031892044, 0.8669711299915652, 0.8655446476833464, 0.8677749420493619, 0.863489863174821, 0.8661830066443915, 0.8675266237413964, 0.8751854902359444, 0.8770121972813305, 0.8765551558052771, 0.8706979741935277, 0.8758647492139815, 0.880619764393199, 0.8771739573831705, 0.8827454527464483, 0.8846692316897248, 0.8915321337201375, 0.8868732507595255, 0.8943816851705011, 0.8971417576196894, 0.8916419198967072, 0.8937439798903593, 0.8939373633528015, 0.9039167353314514, 0.8913721197175997, 0.898718019793341, 0.8986372742484396, 0.8995477520010668, 0.897243995326919], "trainLoss": [1.05421781539917, 1.010721206665039, 0.9579150080680847, 0.9223846197128296, 0.9026492238044739, 0.8791935443878174, 0.8610501885414124, 0.84340900182724, 0.8216572403907776, 0.8006775975227356, 0.7805264592170715, 0.7656571865081787, 0.7508779764175415, 0.7347179651260376, 0.7299453616142273, 0.7154179811477661, 0.6922139525413513, 0.6864704489707947, 0.677240788936615, 0.6690934896469116, 0.6560317873954773, 0.6443520784378052, 0.6483597159385681, 0.6416055560112, 0.6294471025466919, 0.623227059841156, 0.6118676066398621, 0.6108222007751465, 0.6050466895103455, 0.5928316116333008, 0.5882928967475891, 0.5831314325332642, 0.5748319029808044, 0.5722623467445374, 0.5614982843399048, 0.5569718480110168, 0.5563114881515503, 0.5438168048858643, 0.5504692792892456, 0.5281187295913696, 0.5294376015663147, 0.5252342820167542, 0.5228085517883301, 0.5180565118789673, 0.5006046891212463, 0.502227783203125, 0.49929746985435486, 0.4793411195278168, 0.47666800022125244, 0.47842347621917725, 0.474463552236557, 0.47216159105300903, 0.46667227149009705, 0.45745110511779785, 0.4487932622432709, 0.4480963349342346, 0.44684216380119324, 0.43630704283714294, 0.42959681153297424, 0.4230431914329529, 0.42700159549713135, 0.4223984479904175, 0.4245751202106476, 0.40996062755584717, 0.39468690752983093, 0.40079954266548157, 0.3863941729068756, 0.3871634602546692, 0.39094361662864685, 0.3858901262283325, 0.3812304139137268, 0.38307589292526245, 0.35964637994766235, 0.3663966655731201, 0.350739985704422, 0.36156806349754333, 0.348500519990921, 0.34252163767814636, 0.33601266145706177, 0.3493117094039917, 0.3371191918849945, 0.31782662868499756, 0.32537534832954407, 0.31945574283599854, 0.3236261308193207, 0.30988964438438416, 0.3109002709388733, 0.3055683374404907, 0.30147501826286316, 0.3107497990131378, 0.2923464775085449, 0.2918247580528259, 0.28295210003852844, 0.2902260720729828, 0.2803797721862793, 0.27609503269195557, 0.2787487506866455, 0.27203065156936646, 0.2600466310977936, 0.2629770040512085, 0.25823459029197693, 0.25657975673675537, 0.25220048427581787, 0.2585131824016571, 0.2444438934326172, 0.2503698468208313, 0.23608709871768951, 0.2445882111787796, 0.23419296741485596, 0.2308264821767807, 0.22752830386161804, 0.23223575949668884, 0.22777481377124786, 0.21424870193004608, 0.22787083685398102, 0.2146204560995102, 0.20994313061237335, 0.20830115675926208, 0.2087942361831665, 0.19768382608890533, 0.20453386008739471, 0.206242173910141, 0.19548863172531128, 0.1940479874610901, 0.18063436448574066, 0.1954861730337143, 0.186616450548172, 0.1762932538986206, 0.17699159681797028, 0.18410621583461761],