{"epoch": 70, "macroF1Rumor": 0.6950814763174562, "accRumor": 0.776844070961718, "loss": 0.7147740125656128, "trainRumorAcc": [0.6279417258124766, 0.6370937616735152, 0.6468061262607396, 0.6559581621217782, 0.6684721703399328, 0.6779977586850953, 0.6834142697048935, 0.690885319387374, 0.7045199850579006, 0.7110571535300709, 0.7161001120657452, 0.7273066865894658, 0.731228987672768, 0.7398206948076205, 0.7474785207321629, 0.748225625700411, 0.7457975345536048, 0.7594322002241315, 0.7654090399701158, 0.7622338438550617, 0.7665296974224879, 0.767837131116922, 0.7683974598431079, 0.7732536421367202, 0.7842734404183788, 0.7797908106088905, 0.789503175196115, 0.7956667911841614, 0.7947329099738514, 0.7954800149420994, 0.8008965259618976, 0.8035113933507658, 0.8008965259618976, 0.8098617855808741, 0.809114680612626, 0.8150915203586104, 0.8221890175569667, 0.8231228987672768, 0.8182667164736646, 0.8238700037355249, 0.8319013821441913, 0.8350765782592454, 0.8408666417631677, 0.8416137467314158, 0.8447889428464699, 0.8444153903623459, 0.8483376914456481, 0.8541277549495704, 0.8531938737392604, 0.8543145311916325, 0.8606649234217407, 0.8720582741875234, 0.8640268957788569, 0.8694434067986552, 0.8694434067986552, 0.8757937990287635, 0.8763541277549496, 0.8769144564811356, 0.8800896525961898, 0.8871871497945462, 0.885319387373926, 0.8935375420246545, 0.8905491221516623, 0.8946581994770265, 0.9011953679491969, 0.904744116548375, 0.8976466193500187, 0.9079193126634292, 0.9099738513261113, 0.9116548375046694, 0.9148300336197236, 0.9122151662308554, 0.9124019424729174, 0.9191258871871498, 0.9206200971236459, 0.9206200971236459, 0.9269704893537543, 0.922114307060142, 0.9267837131116922, 0.9316398954053045, 0.9297721329846843, 0.9314531191632425, 0.9331341053418005, 0.9376167351512887, 0.9413522599925289, 0.9437803511393351, 0.9430332461710871, 0.9449010085917071, 0.9467687710123273, 0.9484497571908853, 0.9465819947702652, 0.9473290997385133, 0.9519985057900635, 0.9534927157265596, 0.9525588345162496, 0.9512514008218155, 0.9587224505042958, 0.9587224505042958, 0.961337317893164, 0.9598431079566679, 0.9656331714605902, 0.9654463952185282, 0.9660067239447142, 0.961524094135226, 0.9656331714605902, 0.9695554725438924, 0.9716100112065745, 0.9703025775121404, 0.9695554725438924, 0.9697422487859544, 0.9747852073216287, 0.9764661935001868, 0.9723571161748226, 0.9753455360478147, 0.9745984310795667, 0.9742248785954427, 0.9783339559208069, 0.9788942846469929, 0.9816959282779231, 0.9798281658573029], "trainRumorF1": [0.1938294371068373, 0.23689259969088627, 0.28704087071584306, 0.3190455730878874, 0.3655077788353014, 0.4038194213610911, 0.44168011060977674, 0.4611144013403855, 0.494948199315746, 0.5252330755786082, 0.5317207843927281, 0.556267451009947, 0.5635356084313986, 0.5806972823212639, 0.5977243544548521, 0.5995495043577374, 0.5977498622189854, 0.6187617722593335, 0.6294068449503829, 0.6272634128898119, 0.6343909268554129, 0.634678859928593, 0.6385147801201535, 0.6437060009071943, 0.6622364092252282, 0.6563453689399495, 0.6707246812681591, 0.682531716555449, 0.6809106082525926, 0.6816851772756564, 0.6915330222087684, 0.6964033371684001, 0.6932051464080917, 0.705593504517047, 0.7021736908543461, 0.7132128097268077, 0.7258671859779771, 0.7285097925069197, 0.72072721606788, 0.7302084591421787, 0.7404652144270945, 0.7476924540949323, 0.7565794577038751, 0.7586317169793149, 0.7656653892020843, 0.7609409323154478, 0.7693227216434524, 0.7797433598629727, 0.7783729474880685, 0.7779431137951003, 0.7879234768610988, 0.8057458687418386, 0.7935170657570245, 0.8015156486494575, 0.7995800038232892, 0.8110796851274715, 0.8129523290967309, 0.8158272861477655, 0.8180864490445101, 0.8283294594897745, 0.8273238105726323, 0.8392021442463085, 0.835612298484207, 0.8419191725691451, 0.852601605286311, 0.8580900434317206, 0.8447684191612235, 0.8627392874308196, 0.8633832020870871, 0.8659381066525199, 0.8712843904899403, 0.8684903408135431, 0.8649247134776513, 0.8753157793070775, 0.8801751395226419, 0.8790765830447995, 0.8894031959613331, 0.8826888991237428, 0.889256664051358, 0.8982033907794947, 0.8957592533673253, 0.8959261960777553, 0.8989040890579711, 0.9053353114488902, 0.9103514357185589, 0.9153169745244418, 0.9134804019510183, 0.9168589761125214, 0.9172851354128337, 0.9212481712342554, 0.9166078127081669, 0.9204709645776681, 0.9277285342281233, 0.9294625077328373, 0.9274370610160692, 0.9279223438135559, 0.9366159390106856, 0.9390591856792574, 0.9408003327431828, 0.9370914388124596, 0.9473318111863688, 0.9491459141617036, 0.9495642001760893, 0.9412035592773637, 0.9483036413657479, 0.9546684666630283, 0.9569007558006155, 0.9547695522824122, 0.9538014016893284, 0.9558600165609248, 0.9624704638145829, 0.9641801247859421, 0.9601570966802541, 0.962935887384982, 0.9627173565594332, 0.9629297339920379, 0.9668243806733025, 0.9682930116477735, 0.9724317352714426, 0.9699547179314757], "trainLoss": [1.0367261171340942, 0.9525960087776184, 0.9053114056587219, 0.8776227235794067, 0.8552356958389282, 0.8336393237113953, 0.8122159242630005, 0.7892219424247742, 0.7700465321540833, 0.748543381690979, 0.7339185476303101, 0.7130284309387207, 0.6929605603218079, 0.6718623638153076, 0.657677948474884, 0.6475207209587097, 0.6425475478172302, 0.6256654858589172, 0.6094211935997009, 0.608019232749939, 0.5944649577140808, 0.5841353535652161, 0.577111005783081, 0.5627845525741577, 0.5576011538505554, 0.5541864037513733, 0.540057897567749, 0.5334060788154602, 0.5250941514968872, 0.5206203460693359, 0.5034555196762085, 0.503818690776825, 0.4932180643081665, 0.4870259165763855, 0.4772186875343323, 0.47731640934944153, 0.4581136107444763, 0.4584815502166748, 0.4523124694824219, 0.4487701654434204, 0.4358062446117401, 0.42659613490104675, 0.4185655117034912, 0.41028276085853577, 0.4045372009277344, 0.3997940123081207, 0.3899668753147125, 0.3815612494945526, 0.37814727425575256, 0.3769685626029968, 0.3630639314651489, 0.34617048501968384, 0.35081902146339417, 0.34740182757377625, 0.34109506011009216, 0.32626059651374817, 0.3241959810256958, 0.3155261278152466, 0.3126712441444397, 0.3058601915836334, 0.3025146722793579, 0.288418710231781, 0.28981539607048035, 0.28531163930892944, 0.2693130373954773, 0.26572197675704956, 0.26825276017189026, 0.25318363308906555, 0.2529241442680359, 0.24350771307945251, 0.2366575449705124, 0.23582792282104492, 0.2322147637605667, 0.21783806383609772, 0.21773311495780945, 0.22267504036426544, 0.20577076077461243, 0.20598649978637695, 0.20065045356750488, 0.1921328455209732, 0.18880411982536316, 0.18792280554771423, 0.1882508248090744, 0.1732311248779297, 0.1696036010980606, 0.1633070707321167, 0.16224516928195953, 0.15296803414821625, 0.14854270219802856, 0.1478813886642456, 0.14722943305969238, 0.14885517954826355, 0.14072147011756897, 0.13586296141147614, 0.12935695052146912, 0.13284848630428314, 0.12347710132598877, 0.12081708759069443, 0.1123410016298294, 0.11418676376342773, 0.10460324585437775, 0.10413087904453278, 0.10144467651844025, 0.1054173931479454, 0.10213213413953781, 0.09442298859357834, 0.08569853752851486, 0.08758997172117233, 0.08759762346744537, 0.0865081325173378, 0.0780765563249588, 0.07018700242042542, 0.07808133214712143, 0.06999918818473816, 0.06904241442680359, 0.07287395000457764, 0.06497078388929367, 0.06652230024337769, 0.057226233184337616, 0.05947384983301163], "testRumorAcc": [0.6545284780578898, 0.6918767507002801, 0.7161531279178338, 0.7376283846872083, 0.7497665732959851, 0.7553688141923436, 0.7591036414565826, 0.7712418300653595, 0.7749766573295985, 0.7712418300653595, 0.7740429505135388, 0.7796451914098973, 0.7796451914098973, 0.776844070961718, 0.776844070961718, 0.7815126050420168, 0.7759103641456583, 0.7777777777777778, 0.7684407096171803, 0.7703081232492998, 0.773109243697479, 0.7675070028011205, 0.7665732959850607, 0.7703081232492998],