{"epoch": 80, "macroF1Rumor": 0.6927218224566256, "accRumor": 0.7749766573295985, "loss": 0.6467151045799255, "trainRumorAcc": [0.6268210683601046, 0.6296227119910347, 0.6374673141576391, 0.6486738886813598, 0.653716847217034, 0.6630556593201344, 0.6692192753081808, 0.6759432200224131, 0.6897646619350019, 0.692939858050056, 0.7058274187523347, 0.7020918939110945, 0.7177810982443034, 0.7205827418752335, 0.7288008965259619, 0.7256257004109077, 0.73141576391483, 0.7373926036608144, 0.7372058274187523, 0.7459843107956667, 0.7456107583115428, 0.7459843107956667, 0.7551363466567053, 0.7487859544265969, 0.7592454239820695, 0.7596189764661935, 0.7540156892043333, 0.7637280537915577, 0.7683974598431079, 0.7723197609264102, 0.7740007471049682, 0.7781098244303325, 0.7803511393350766, 0.7831527829660068, 0.7825924542398207, 0.7870750840493089, 0.7971610011206575, 0.7958535674262234, 0.7980948823309675, 0.7952932387000373, 0.8031378408666418, 0.8085543518864401, 0.8040717220769518, 0.8048188270451998, 0.8130369816959283, 0.8126634292118042, 0.8178931639895405, 0.8184534927157265, 0.8234964512514008, 0.8238700037355249, 0.8244303324617108, 0.8305939484497572, 0.827792304818827, 0.8304071722076952, 0.8391856555846097, 0.8328352633545013, 0.8410534180052297, 0.8418005229734777, 0.8432947329099738, 0.846469929025028, 0.8429211804258498, 0.8472170339932761, 0.8453492715726559, 0.8516996638027643, 0.8595442659693687, 0.8548748599178184, 0.8614120283899888, 0.8586103847590586, 0.8610384759058648, 0.8615988046320509, 0.865334329473291, 0.8696301830407173, 0.8644004482629809, 0.8731789316398954, 0.8752334703025775, 0.8767276802390735, 0.8713111692192753, 0.884198729921554, 0.8793425476279417, 0.8813970862906239, 0.8815838625326858, 0.884198729921554, 0.885132611131864, 0.8875607022786701, 0.8883078072469182, 0.8952185282032126, 0.8918565558460964, 0.8955920806873365, 0.8982069480762047, 0.8991408292865147, 0.8983937243182667, 0.902502801643631, 0.9011953679491969, 0.903249906611879, 0.9067986552110572, 0.9066118789689951, 0.9092267463578633, 0.9082928651475533, 0.9116548375046694, 0.9124019424729174, 0.9116548375046694, 0.9187523347030258, 0.9183787822189018, 0.9187523347030258, 0.9202465446395218, 0.9213672020918939, 0.9258498319013821, 0.9234217407545761, 0.9260366081434441, 0.9264101606275682, 0.923234964512514, 0.9299589092267464, 0.9234217407545761, 0.9292118042584984, 0.9340679865521105, 0.9269704893537543, 0.9307060141949944, 0.9299589092267464, 0.9320134478894284, 0.9368696301830407, 0.9389241688457228, 0.9439671273813971, 0.9392977213298468, 0.9387373926036608, 0.9368696301830407, 0.9391109450877848, 0.942099364960777, 0.942846469929025, 0.942846469929025, 0.9449010085917071], "trainRumorF1": [0.19452591275035888, 0.20202529645803152, 0.26588580128509415, 0.30388994128615976, 0.3378701869241438, 0.37368752709609293, 0.39263724079659656, 0.42353219357159916, 0.46262355748473266, 0.4814354479891107, 0.5093413407914945, 0.5083175760049765, 0.5352765559859296, 0.5472196410953324, 0.5643723256654027, 0.5631905197516419, 0.5677238209050571, 0.5794337356845356, 0.5832628083347839, 0.5980624541134039, 0.6034425430050292, 0.5983092009987707, 0.6138850668193093, 0.6108465407778608, 0.6215294977625904, 0.6296120284762466, 0.620229882882572, 0.6316403366736733, 0.6400988348108454, 0.6436430851546668, 0.6478258628983872, 0.6567407871116057, 0.6563671734916225, 0.6668841210524832, 0.6649737763670684, 0.6692598544143415, 0.687621930838489, 0.6877568890006156, 0.6899625007014336, 0.6875088163934933, 0.7006137922013503, 0.7075945796321476, 0.6983471900196522, 0.7052248249159825, 0.710031666340121, 0.7140156297597541, 0.7227526545549263, 0.7235193870400423, 0.7322100337559451, 0.7320297760608658, 0.7331534807158822, 0.7393759561607873, 0.73558575175012, 0.7449814372559842, 0.7547352019371788, 0.7423776447584577, 0.7548469227912257, 0.7556626015435384, 0.761956432462984, 0.7657873989901334, 0.7591942819396071, 0.766930436308049, 0.7646316768229929, 0.7761055365818637, 0.7838661630159472, 0.7751239328008339, 0.7852593220980562, 0.7867696196239473, 0.7873197992565839, 0.7854763788930228, 0.7931702041408953, 0.8004712748967129, 0.7940676917513757, 0.8041774086669292, 0.8096659906377159, 0.8111955769555744, 0.8012349963417379, 0.8206633865965209, 0.814332062681089, 0.8184298730004971, 0.8178213289038427, 0.8258895053629054, 0.8207099205493179, 0.829546991297227, 0.8284578424819931, 0.8397532019868515, 0.8336905782666706, 0.8385736286089098, 0.845722473129495, 0.8446873325707376, 0.8452239222816337, 0.8488937766316815, 0.8479408655999494, 0.8493139199232214, 0.8569271904038449, 0.8566395387340708, 0.8616699100790984, 0.8599138777425155, 0.8659222980168592, 0.8662062074677099, 0.8672811414660946, 0.8746217975274049, 0.8747883341864481, 0.8757403907281798, 0.8749586501642669, 0.8779192225746792, 0.8843287160322567, 0.8839882360828993, 0.8879024210179354, 0.8854006554980582, 0.8814160751108789, 0.8916138091671875, 0.8833169804781827, 0.8895134658291549, 0.8967033252021743, 0.8882215169667657, 0.8955776431823194, 0.8925415048061323, 0.8964528031398775, 0.9007231952818208, 0.9059834901396535, 0.9120420321021164, 0.9053730121625138, 0.9075565914460964, 0.9019124482223119, 0.9085971824885507, 0.9138397215997068, 0.9150003593231555, 0.9106238769443018, 0.9151970360718891], "trainLoss": [1.0467703342437744, 0.9899118542671204, 0.9379672408103943, 0.9136404395103455, 0.8897079229354858, 0.8722997307777405, 0.8520609140396118, 0.8312000632286072, 0.8129399418830872, 0.7995455861091614, 0.7674067616462708, 0.759706437587738, 0.7426766753196716, 0.7246255874633789, 0.7135452628135681, 0.7023383975028992, 0.6892861127853394, 0.6804767847061157, 0.6721800565719604, 0.6579981446266174, 0.6438537240028381, 0.6465039253234863, 0.6337469220161438, 0.6311959028244019, 0.6226034164428711, 0.6130316853523254, 0.6091288924217224, 0.5924310684204102, 0.5895656943321228, 0.5904861092567444, 0.5812860131263733, 0.5703545808792114, 0.5606139302253723, 0.5625423789024353, 0.5501031279563904, 0.5426353216171265, 0.5331513285636902, 0.5385193824768066, 0.5249638557434082, 0.5278394818305969, 0.5212072134017944, 0.505118727684021, 0.4995240867137909, 0.4947412312030792, 0.4896318316459656, 0.48004627227783203, 0.47753241658210754, 0.4779708683490753, 0.46606647968292236, 0.45231547951698303, 0.4629359543323517, 0.45370975136756897, 0.4407570958137512, 0.43841665983200073, 0.42913296818733215, 0.43562057614326477, 0.42604291439056396, 0.42003124952316284, 0.4078737199306488, 0.40033408999443054, 0.40410199761390686, 0.40750691294670105, 0.40224969387054443, 0.38884449005126953, 0.37953218817710876, 0.3835304379463196, 0.3737294375896454, 0.36870622634887695, 0.36525118350982666, 0.3623306155204773, 0.34893110394477844, 0.3519391715526581, 0.35617709159851074, 0.3446516990661621, 0.3416343629360199, 0.3371027410030365, 0.330159991979599, 0.32026931643486023, 0.31922852993011475, 0.31274959444999695, 0.3161831796169281, 0.30979377031326294, 0.301312118768692, 0.3027724027633667, 0.301322877407074, 0.2909389138221741, 0.28324514627456665, 0.28840428590774536, 0.2765134871006012, 0.2748049199581146, 0.27387934923171997, 0.264852911233902, 0.2773311138153076, 0.2611643970012665, 0.2632736265659332, 0.25818195939064026, 0.24911215901374817, 0.2469920516014099, 0.2564731538295746, 0.23945510387420654, 0.24648256599903107, 0.22602199018001556, 0.2256351262331009, 0.22948254644870758, 0.21929354965686798, 0.22213022410869598, 0.20935529470443726, 0.20997898280620575, 0.20741675794124603, 0.20441091060638428, 0.20844510197639465, 0.1978742480278015, 0.2090999037027359, 0.19688020646572113, 0.18887601792812347, 0.1958649456501007, 0.1943780928850174, 0.18534179031848907, 0.18633805215358734, 0.18085269629955292, 0.17785762250423431, 0.16322541236877441, 0.16854771971702576, 0.1714794933795929, 0.1802474856376648, 0.1652483195066452, 0.15476061403751373, 0.15863625705242157, 0.1629938930273056, 0.1543833315372467],