{"epoch": 45, "macroF1Rumor": 0.6783521648030946, "accRumor": 0.7637721755368814, "loss": 0.6462162137031555, "trainRumorAcc": [0.6242062009712365, 0.6288756070227867, 0.6389615240941352, 0.6572655958162121, 0.6666044079193126, 0.6748225625700411, 0.6800522973477774, 0.6921927530818079, 0.7024654463952186, 0.710496824803885, 0.7200224131490475, 0.7263728053791557, 0.7267463578632798, 0.7316025401568921, 0.7358983937243183, 0.7415016809861785, 0.751027269331341, 0.7527082555098992, 0.7560702278670153, 0.7598057527082555, 0.7641016062756817, 0.7670900261486739, 0.7738139708629063, 0.7779230481882704, 0.7842734404183788, 0.7908106088905491, 0.7919312663429212, 0.7951064624579753, 0.7992155397833396, 0.8042584983190139, 0.8087411281285021, 0.80668658946582, 0.8109824430332462, 0.8141576391483003, 0.8169592827792305, 0.8212551363466567, 0.8236832274934628, 0.8285394097870751, 0.8324617108703772, 0.8343294732909974, 0.8322749346283153, 0.8369443406798656, 0.8410534180052297, 0.8446021666044079, 0.8477773627194621, 0.8436682853940979, 0.8526335450130743, 0.8586103847590586, 0.8574897273066866, 0.8632797908106089, 0.8610384759058648, 0.8679491968621591, 0.864774000747105, 0.8724318266716473, 0.8746731415763915, 0.8722450504295853, 0.8810235338064998, 0.8782218901755696, 0.8776615614493837, 0.88475905864774, 0.8873739260366081, 0.886066492342174, 0.8942846469929026, 0.8901755696675383, 0.9002614867388868, 0.9011953679491969, 0.903810235338065, 0.903063130369817, 0.903997011580127, 0.9103474038102354, 0.9062383264848711, 0.9129622711991034, 0.9166977960403436, 0.9153903623459096, 0.9224878595442659, 0.923234964512514, 0.9286514755323123, 0.9297721329846843, 0.9292118042584984, 0.9292118042584984, 0.9314531191632425, 0.9406051550242809, 0.9323870003735525, 0.9361225252147927, 0.9400448262980949, 0.9353754202465446, 0.9430332461710871, 0.9441539036234591, 0.9491968621591333, 0.9480762047067613, 0.9514381770638775, 0.9488233096750094, 0.9443406798655211, 0.9533059394844976, 0.9542398206948076], "trainRumorF1": [0.19495516830168302, 0.19303978901502122, 0.24394830431242837, 0.30168216903850936, 0.32478805074148437, 0.35887157323058894, 0.3955489804414146, 0.4447629203862393, 0.4803782105158606, 0.5020241403528772, 0.5258854039690346, 0.5359444869971102, 0.5471385193266186, 0.555162520889846, 0.562911708550706, 0.5737090055331718, 0.5920795396567181, 0.5988370957124743, 0.6089267143399065, 0.6136104805839856, 0.619992198761281, 0.6319652991959084, 0.6435788837919676, 0.6535773602232429, 0.6612589003158786, 0.6691079139374706, 0.6774210966750285, 0.6846096821134464, 0.6889807004666139, 0.6985492278113608, 0.7062674363660925, 0.7032297858072513, 0.7136937739488542, 0.7154588194842348, 0.7196071682933645, 0.7284837734816605, 0.7302173155717637, 0.7365556555959799, 0.7396223599691107, 0.7470063512407777, 0.7456897419684321, 0.7486596672495263, 0.7552563916812501, 0.7639695885332295, 0.7689886352316564, 0.7626006454089286, 0.7756480649461377, 0.7841745627851139, 0.7842656162352974, 0.7918962115474335, 0.7880835078232923, 0.8017829686700448, 0.7924788718304463, 0.8070136459330515, 0.8079610380065068, 0.8083006626865875, 0.8172451867959993, 0.8131635961668383, 0.8153902049875494, 0.824011847892659, 0.8246171089107379, 0.8233750947564648, 0.8384649695274164, 0.833872884231717, 0.8484080274548716, 0.848274034360994, 0.8521604621216665, 0.8513984861167421, 0.854165443330737, 0.8637590926893955, 0.8580794198781541, 0.8665127071127913, 0.8716959927898023, 0.8689460447199687, 0.8812723183173474, 0.8821741432568978, 0.8908123822880418, 0.8923391215296562, 0.8916322964396218, 0.8925849730355536, 0.8948031239969443, 0.909868209695514, 0.8964388940732907, 0.8997635067260787, 0.9066988464051665, 0.9009090977187945, 0.9101881216152962, 0.9170703153449145, 0.922098594822501, 0.9218654518927409, 0.9254472086223994, 0.9211747158367902, 0.9138147690465099, 0.9304230056837602, 0.9280303024477347], "trainLoss": [1.0612729787826538, 1.0197757482528687, 0.9444599151611328, 0.8894988894462585, 0.8573502898216248, 0.8263166546821594, 0.8044422268867493, 0.7824429869651794, 0.7657546997070312, 0.7480844259262085, 0.7311187386512756, 0.7112159132957458, 0.7004254460334778, 0.6868156790733337, 0.6766126751899719, 0.6615407466888428, 0.6480862498283386, 0.6380570530891418, 0.6229473948478699, 0.6185255646705627, 0.606265127658844, 0.5940398573875427, 0.5836548209190369, 0.5700047612190247, 0.5622104406356812, 0.5529711842536926, 0.5425824522972107, 0.5343998074531555, 0.5251257419586182, 0.5155408382415771, 0.5040631294250488, 0.5026611089706421, 0.4934500455856323, 0.47933170199394226, 0.4768053889274597, 0.4705212414264679, 0.4667758643627167, 0.44863322377204895, 0.4454759359359741, 0.4410760700702667, 0.43589869141578674, 0.4289199709892273, 0.4245593249797821, 0.4140002727508545, 0.40114572644233704, 0.4039514362812042, 0.3926602602005005, 0.38429710268974304, 0.37179702520370483, 0.36906036734580994, 0.3711790442466736, 0.3549177050590515, 0.35299673676490784, 0.34235504269599915, 0.3430359363555908, 0.3435091972351074, 0.32933273911476135, 0.3216286897659302, 0.32197055220603943, 0.30788859724998474, 0.30576157569885254, 0.30461832880973816, 0.28930535912513733, 0.2927837669849396, 0.27619415521621704, 0.27046194672584534, 0.26938170194625854, 0.2637854516506195, 0.2620263993740082, 0.25370848178863525, 0.2525866627693176, 0.2431003600358963, 0.22845453023910522, 0.22975721955299377, 0.22241097688674927, 0.2204468846321106, 0.20723937451839447, 0.20622952282428741, 0.20081357657909393, 0.2030586153268814, 0.19189374148845673, 0.17750078439712524, 0.1833471953868866, 0.17519767582416534, 0.17346392571926117, 0.17731373012065887, 0.16403977572917938, 0.16326962411403656, 0.14757193624973297, 0.15158498287200928, 0.14848120510578156, 0.14497971534729004, 0.15242423117160797, 0.1395045667886734, 0.12939828634262085], "testRumorAcc": [0.6554621848739496, 0.6984126984126984, 0.7217553688141923, 0.7329598506069094, 0.7441643323996265, 0.7516339869281046, 0.7535014005602241, 0.7581699346405228, 0.7637721755368814, 0.7675070028011205, 0.7675070028011205, 0.7684407096171803, 0.765639589169001, 0.7675070028011205, 0.7665732959850607, 0.7740429505135388, 0.765639589169001, 0.7647058823529411, 0.7637721755368814], "testRumorF1": [0.3305361733382299, 0.5126282385672057, 0.5802291717107553, 0.5960511489849923, 0.6213069985302577, 0.6302103285261341, 0.6367250809825791, 0.6556691947394818, 0.6783521648030946, 0.6658709353689989, 0.669644130442288, 0.6716642383405704, 0.6672363552556698, 0.6678196100834085, 0.6680525189852357, 0.6671531784549322, 0.6590463835645451, 0.6559163714855245, 0.6571890822996043], "testLoss": [0.8727932572364807, 0.7715067863464355, 0.707758367061615, 0.6827707886695862, 0.6585668921470642, 0.6553731560707092, 0.6492456197738647, 0.645524799823761, 0.6462162137031555, 0.6701037287712097, 0.6642622947692871, 0.686997652053833, 0.7122993469238281, 0.753853976726532, 0.8016720414161682, 0.8447725176811218, 0.9050790071487427, 0.9797177314758301, 1.007741928100586]}