{"epoch": 185, "macroF1Rumor": 0.6867221448899077, "accRumor": 0.7749766573295985, "loss": 2.0223212242126465, "trainRumorAcc": [0.6285020545386627, 0.6329846843481509, 0.6497945461337318, 0.6664176316772507, 0.6761299962644751, 0.690885319387374, 0.693500186776242, 0.7041464325737766, 0.7091893911094509, 0.7147926783713112, 0.7245050429585357, 0.7258124766529698, 0.7342174075457601, 0.7390735898393724, 0.7424355621964887, 0.7457975345536048, 0.7534553604781472, 0.7568173328352633, 0.7584983190138215, 0.7620470676129997, 0.7627941725812477, 0.7734404183787822, 0.768771012327232, 0.7764288382517743, 0.7842734404183788, 0.7784833769144565, 0.7855808741128129, 0.7837131116921927, 0.7898767276802391, 0.7923048188270452, 0.8027642883825178, 0.8035113933507658, 0.807433694434068, 0.8050056032872619, 0.8152782966006724, 0.8158386253268585, 0.8203212551363467, 0.8289129622711991, 0.8287261860291371, 0.8309675009338812, 0.8367575644378035, 0.8347030257751215, 0.846283152782966, 0.8481509152035861, 0.8470302577512141, 0.84665670526709, 0.8485244676877102, 0.8608516996638028, 0.8610384759058648, 0.8621591333582368, 0.8701905117669032, 0.8713111692192753, 0.8711243929772133, 0.8750466940605155, 0.8815838625326858, 0.8804632050803138, 0.8810235338064998, 0.8894284646992903, 0.886066492342174, 0.8940978707508405, 0.8946581994770265, 0.8974598431079567, 0.8998879342547628, 0.9019424729174449, 0.905864774000747, 0.9092267463578633, 0.905864774000747, 0.9140829286514756, 0.9180052297347777, 0.9172581247665297, 0.9200597683974598, 0.921180425849832, 0.9251027269331341, 0.9254762794172581, 0.9277175943220023, 0.9282779230481882, 0.9314531191632425, 0.9381770638774748, 0.9355621964886066, 0.9381770638774748, 0.941912588718715, 0.942472917444901, 0.9437803511393351, 0.9490100859170714, 0.9482629809488233, 0.9531191632424355, 0.9518117295480015, 0.9516249533059394, 0.9525588345162496, 0.9525588345162496, 0.9529323870003735, 0.9574150168098617, 0.9568546880836758, 0.9587224505042958, 0.9630183040717221, 0.963205080313784, 0.9652596189764662, 0.9630183040717221, 0.9635786327979081, 0.9645125140082181, 0.9658199477026522, 0.9678744863653344, 0.9671273813970863, 0.9675009338812103, 0.9712364587224505, 0.9689951438177064, 0.9742248785954427, 0.9732909973851326, 0.9757190885319388, 0.9729174449010086, 0.9723571161748226, 0.9774000747104968, 0.9788942846469929, 0.9764661935001868, 0.9798281658573029, 0.980201718341427, 0.9792678371311169, 0.9828165857302951, 0.9796413896152409, 0.981322375793799, 0.9826298094882331, 0.9839372431826672, 0.980575270825551, 0.9831901382144191, 0.9841240194247292, 0.9848711243929772, 0.9871124392977213, 0.9841240194247292, 0.9826298094882331, 0.9861785580874113, 0.9856182293612252, 0.9884198729921554, 0.9872992155397834, 0.9872992155397834, 0.9874859917818454, 0.9893537542024654, 0.9874859917818454, 0.9897273066865895, 0.9895405304445275, 0.9878595442659693, 0.9893537542024654, 0.9895405304445275, 0.9915950691072095, 0.9891669779604034, 0.9904744116548375, 0.9917818453492716, 0.9895405304445275, 0.9884198729921554, 0.9899140829286515, 0.9906611878968995, 0.9927157265595816, 0.9934628315278297, 0.9929025028016436, 0.9912215166230856, 0.9927157265595816, 0.9923421740754576, 0.9910347403810236, 0.9917818453492716, 0.9930892790437056, 0.9940231602540157, 0.9925289503175196, 0.9927157265595816, 0.9934628315278297, 0.9932760552857677, 0.9958909226746357, 0.9938363840119537, 0.9936496077698916, 0.9938363840119537, 0.9930892790437056, 0.9938363840119537, 0.9943967127381397, 0.9945834889802018, 0.9938363840119537, 0.9945834889802018, 0.9955173701905118, 0.9943967127381397, 0.9953305939484498, 0.9947702652222637, 0.9953305939484498, 0.9945834889802018, 0.9951438177063877, 0.9955173701905118, 0.9947702652222637, 0.9958909226746357, 0.9958909226746357, 0.9938363840119537, 0.9958909226746357, 0.9943967127381397, 0.9945834889802018, 0.9945834889802018, 0.9960776989166978, 0.9962644751587598, 0.9955173701905118, 0.9968248038849459, 0.9955173701905118, 0.9953305939484498, 0.9968248038849459, 0.9958909226746357, 0.9962644751587598, 0.9975719088531939, 0.9971983563690698, 0.9964512514008218, 0.9962644751587598, 0.9971983563690698, 0.9971983563690698, 0.9973851326111318, 0.9981322375793799, 0.9962644751587598, 0.9962644751587598, 0.9979454613373179, 0.9966380276428838, 0.9960776989166978, 0.9958909226746357, 0.9968248038849459, 0.9968248038849459, 0.9977586850952559, 0.9964512514008218, 0.9971983563690698, 0.998319013821442, 0.9953305939484498, 0.9970115801270079, 0.9970115801270079, 0.9975719088531939, 0.9977586850952559, 0.9970115801270079, 0.9973851326111318, 0.9979454613373179, 0.9979454613373179, 0.9975719088531939, 0.9973851326111318, 0.9981322375793799, 0.9977586850952559, 0.9971983563690698, 0.9981322375793799, 0.9977586850952559],