{"epoch": 85, "macroF1Rumor": 0.7065425176138966, "accRumor": 0.7871148459383753, "loss": 0.8387390971183777, "trainRumorAcc": [0.6257004109077325, 0.6318640268957788, 0.653156518490848, 0.6576391483003362, 0.6671647366454987, 0.6770638774747852, 0.692753081807994, 0.7015315651849084, 0.7093761673515129, 0.7187149794546134, 0.7211430706014195, 0.7368322749346283, 0.73141576391483, 0.7396339185655585, 0.7495330593948449, 0.7495330593948449, 0.7573776615614494, 0.7571908853193874, 0.76858423608517, 0.770638774747852, 0.7700784460216661, 0.7790437056406425, 0.7792304818827045, 0.7788569293985805, 0.7900635039223011, 0.790250280164363, 0.788382517743743, 0.790250280164363, 0.8022039596563317, 0.8018304071722077, 0.8109824430332462, 0.8115427717594322, 0.808927904370564, 0.8115427717594322, 0.8139708629062383, 0.8173328352633545, 0.8203212551363467, 0.8311542771759433, 0.8311542771759433, 0.8326484871124393, 0.8356369069854315, 0.8391856555846097, 0.8356369069854315, 0.8431079566679118, 0.8453492715726559, 0.8429211804258498, 0.8571161748225625, 0.8584236085169966, 0.8606649234217407, 0.8595442659693687, 0.864960776989167, 0.8675756443780351, 0.8707508404930893, 0.8690698543145312, 0.8739260366081435, 0.8813970862906239, 0.8804632050803138, 0.8821441912588719, 0.8838251774374299, 0.8912962271199103, 0.8884945834889802, 0.8942846469929026, 0.9004482629809488, 0.8978333955920806, 0.903997011580127, 0.9002614867388868, 0.9092267463578633, 0.9148300336197236, 0.9137093761673515, 0.9180052297347777, 0.9193126634292118, 0.9204333208815839, 0.9187523347030258, 0.921180425849832, 0.9224878595442659, 0.9265969368696302, 0.9318266716473664, 0.9299589092267464, 0.9329473290997385, 0.9353754202465446, 0.9353754202465446, 0.9391109450877848, 0.9406051550242809, 0.9454613373178932, 0.9471423234964512, 0.9441539036234591, 0.9503175196115055, 0.9521852820321255, 0.9521852820321255, 0.9540530444527456, 0.9576017930519238, 0.9564811355995517, 0.9548001494209937, 0.9577885692939858, 0.9594695554725439, 0.9637654090399701, 0.9589092267463578, 0.9645125140082181, 0.9652596189764662, 0.9639521852820321, 0.9678744863653344, 0.9695554725438924, 0.9686215913335824, 0.9717967874486365, 0.9706761299962645, 0.9723571161748226, 0.9760926410160627, 0.9721703399327606, 0.9710496824803885, 0.9768397459843108, 0.9766529697422488, 0.9759058647740008, 0.9755323122898767, 0.9772132984684349, 0.980388494583489, 0.980014942099365, 0.980201718341427, 0.9816959282779231, 0.9826298094882331, 0.9824430332461711, 0.9837504669406052, 0.9828165857302951, 0.9828165857302951, 0.9874859917818454, 0.9846843481509152, 0.9841240194247292, 0.9859917818453493, 0.9867388868135973, 0.9859917818453493, 0.9859917818453493, 0.9869256630556593, 0.9869256630556593, 0.9878595442659693, 0.9902876354127755, 0.9886066492342174], "trainRumorF1": [0.19437038833121045, 0.21268478219076356, 0.29128843960929357, 0.31492285263765646, 0.34532460802912013, 0.3919888961680635, 0.4546836998723848, 0.49112596137017334, 0.5184219031797754, 0.5390475251279226, 0.5457818399629012, 0.5715797927053412, 0.5744351499013152, 0.587114669864246, 0.5997073572269118, 0.6047572152719956, 0.6194805249117733, 0.6240428958303018, 0.637416855368024, 0.6410706014675679, 0.640218713885384, 0.6559869389862105, 0.6545542438202492, 0.6612946986155019, 0.6732160494191208, 0.6751878066162874, 0.6717122043262409, 0.6774563639712018, 0.6956877387170434, 0.6961688401882427, 0.7058171960145501, 0.7087821227787041, 0.707563228287411, 0.7120817199472566, 0.7142017774494406, 0.7184089480008833, 0.7226017087504901, 0.738279102117659, 0.7381046803509466, 0.7423079889922797, 0.7475338912482846, 0.7527676421304713, 0.7493466153523893, 0.7621761297547276, 0.7638771823199596, 0.7631096995438347, 0.7821554736573721, 0.7857546891897305, 0.7852328041999516, 0.7844954888463149, 0.7917712642403403, 0.7984145940544839, 0.8037050693633535, 0.8038744167596659, 0.806803763785138, 0.8203097048872313, 0.8175940862878497, 0.8171126547151004, 0.821968477761197, 0.8329881880502835, 0.8295172341916092, 0.8366917315303353, 0.8453816506523957, 0.8414601119421299, 0.8520724516068687, 0.8481301832295445, 0.8565274178952265, 0.8677296094133725, 0.8684251855792474, 0.8727949549977673, 0.8738113059492263, 0.8765660555992184, 0.872912181540052, 0.8784636956097565, 0.8789500041421788, 0.8866472774602938, 0.894571779522988, 0.8895962100595771, 0.8972939702947031, 0.8988612320197372, 0.9001124397891891, 0.9052575450097302, 0.9082346014455946, 0.9127194664798512, 0.9164883360802746, 0.9118448400194169, 0.9212050286946104, 0.922704260085063, 0.923871335554734, 0.925817995232152, 0.9320543343127022, 0.9292066018733729, 0.9275704792315564, 0.9334005837469794, 0.9343145607515027, 0.942367847040278, 0.9335219832068558, 0.9427043718935294, 0.9425191535690638, 0.9430335102700494, 0.947473381094759, 0.9514871768627425, 0.9499353881822143, 0.9539759702380658, 0.9534088639784775, 0.9549556777050812, 0.9624852702618399, 0.9553288433138216, 0.9550072323313205, 0.9614557521743052, 0.9634006722929942, 0.9609505107160969, 0.9586693673820232, 0.9637781748976233, 0.9686714116635784, 0.9670258375282405, 0.9671667755769924, 0.9702879250774686, 0.9714257640417774, 0.9709314074790303, 0.9734478449833295, 0.9716172522878971, 0.9726603720683179, 0.9794048757812036, 0.9755549296873598, 0.9743783838029623, 0.976720286292635, 0.9776813560223909, 0.9770286254621665, 0.9767593736797238, 0.9795927607803894, 0.9791555762602783, 0.9799567976980024, 0.9849520098667177, 0.9803130308730099],