{"epoch": 60, "macroF1Rumor": 0.6739710391841557, "accRumor": 0.7665732959850607, "loss": 0.6766447424888611, "trainRumorAcc": [0.6126260739633919, 0.6290623832648488, 0.6441912588718715, 0.6580127007844602, 0.6707134852446769, 0.6794919686215913, 0.6948076204706761, 0.7048935375420247, 0.7140455734030632, 0.7211430706014195, 0.7345909600298842, 0.7411281285020546, 0.7398206948076205, 0.749906611878969, 0.7514008218154651, 0.7538289129622712, 0.7599925289503175, 0.7596189764661935, 0.7710123272319761, 0.7669032499066119, 0.7730668658946582, 0.7769891669779604, 0.7814717967874486, 0.7870750840493089, 0.786888307807247, 0.7911841613746732, 0.7947329099738514, 0.7947329099738514, 0.8036981695928278, 0.808927904370564, 0.8068733657078819, 0.8109824430332462, 0.8139708629062383, 0.8251774374299589, 0.826858423608517, 0.826298094882331, 0.8255509899140829, 0.8307807246918192, 0.8401195367949197, 0.8352633545013074, 0.8378782218901756, 0.8414269704893538, 0.8502054538662682, 0.846469929025028, 0.8530070974971984, 0.8569293985805005, 0.8571161748225625, 0.8614120283899888, 0.8636533432947329, 0.8636533432947329, 0.8729921553978334, 0.8709376167351512, 0.8726186029137094, 0.8752334703025775, 0.8830780724691819, 0.8806499813223758, 0.884945834889802, 0.8856929398580501, 0.8901755696675383, 0.8886813597310422, 0.8929772132984685, 0.8952185282032126, 0.8972730668658947, 0.902502801643631, 0.8998879342547628, 0.9060515502428091, 0.9082928651475533, 0.9075457601793052, 0.9084796413896152, 0.9137093761673515, 0.9159506910720956, 0.9148300336197236, 0.9189391109450877, 0.9234217407545761, 0.9273440418378782, 0.9264101606275682, 0.9314531191632425, 0.9295853567426223, 0.9318266716473664, 0.9329473290997385, 0.9342547627941726, 0.9351886440044826, 0.9398580500560328, 0.9406051550242809, 0.9443406798655211, 0.9488233096750094, 0.9460216660440792, 0.9454613373178932, 0.9443406798655211, 0.9480762047067613, 0.9497571908853194, 0.9568546880836758, 0.9523720582741875, 0.9549869256630557, 0.9551737019051176, 0.9589092267463578, 0.9581621217781098, 0.9581621217781098, 0.960590212924916, 0.962084422861412, 0.9635786327979081, 0.9630183040717221, 0.961524094135226, 0.9661935001867762, 0.9697422487859544, 0.9660067239447142, 0.9682480388494583, 0.9710496824803885, 0.9710496824803885, 0.9684348150915204], "trainRumorF1": [0.20245054196213716, 0.19362435630179256, 0.261528413102965, 0.30627172084762533, 0.34029283458261905, 0.38292498599729635, 0.4432060499173556, 0.482708645821454, 0.5207933938876027, 0.5445363803294285, 0.5650051327418139, 0.5842670260438775, 0.579287308174611, 0.5998110367499783, 0.6015910099526296, 0.6031796640258422, 0.6146623102340403, 0.6191875315198816, 0.6353282213885602, 0.6285353293427602, 0.6374269254443244, 0.6509436681649148, 0.6554337693385801, 0.6659920283504686, 0.6658280895056488, 0.672095102889088, 0.6786646403909262, 0.6774440038399098, 0.6925931919599273, 0.7007136163103562, 0.6987484231357, 0.7030222296872162, 0.7114480642602307, 0.726914271563687, 0.7315683318675789, 0.7298722097604124, 0.7268550736204862, 0.7360821995245407, 0.7519142188387125, 0.742113130758126, 0.7510491608410059, 0.7549837153308117, 0.7691898547669779, 0.7620991373309728, 0.7731215127510763, 0.7765916696483579, 0.7797953237668984, 0.7853696018203481, 0.7870700618821687, 0.7887607901533813, 0.8039506879067753, 0.8019108397566401, 0.8016793319243757, 0.8066951938949545, 0.8194671254897592, 0.8095776678174227, 0.823680931927109, 0.8210775930529571, 0.8297606380313288, 0.8290322975214218, 0.8338861842144831, 0.8357696163126437, 0.8387211025398896, 0.8474166945315583, 0.8458003155083114, 0.8535673986082191, 0.8552867185346062, 0.8576721637650385, 0.8571187445583174, 0.864994923331178, 0.8689990900308937, 0.8685196743940151, 0.8738198561612129, 0.881055705178426, 0.8863354061116918, 0.885586534983354, 0.8944541627663307, 0.8896607239376371, 0.8913116286385716, 0.8955992017149484, 0.8959043955431882, 0.8989674169825725, 0.9051312381805537, 0.90646121271013, 0.9096193356919149, 0.9180050177382237, 0.9152790537010413, 0.9134771136372988, 0.9117744629322413, 0.9195809717934122, 0.9210337350191637, 0.9316373747355239, 0.9258439496879466, 0.9290031370330495, 0.9294181348336037, 0.9353444607877821, 0.9312373345704779, 0.9318178816788061, 0.9361396137412378, 0.9386972783598404, 0.9424552689401587, 0.9419999647531365, 0.9404602818207989, 0.9473820265573889, 0.9525142633891446, 0.9460924835343216, 0.9503045632939733, 0.9542234771106655, 0.9550286672433375, 0.951003042789401], "trainLoss": [1.0673400163650513, 1.0151149034500122, 0.9258257150650024, 0.8738979697227478, 0.8410936594009399, 0.8103219270706177, 0.7879552841186523, 0.7664607763290405, 0.7416076064109802, 0.732292115688324, 0.713080644607544, 0.6978114247322083, 0.6880233287811279, 0.6671742796897888, 0.6595258712768555, 0.644745945930481, 0.6376791000366211, 0.6258928775787354, 0.6112338900566101, 0.6089730858802795, 0.5913901329040527, 0.5804710984230042, 0.5697010159492493, 0.5594466924667358, 0.5548174977302551, 0.5464128851890564, 0.5392897725105286, 0.5272329449653625, 0.5160399079322815, 0.5080515742301941, 0.5061929821968079, 0.4934093654155731, 0.48585256934165955, 0.4703630208969116, 0.46491721272468567, 0.465519517660141, 0.45937225222587585, 0.451758474111557, 0.44248053431510925, 0.4379172623157501, 0.4289438724517822, 0.4173724949359894, 0.41109612584114075, 0.40459245443344116, 0.3952490985393524, 0.39290982484817505, 0.3833799660205841, 0.3800120949745178, 0.3711110055446625, 0.3598794639110565, 0.3564620018005371, 0.3487425744533539, 0.34295886754989624, 0.33343183994293213, 0.32477447390556335, 0.3183017671108246, 0.3192936182022095, 0.3078930974006653, 0.30123382806777954, 0.29891639947891235, 0.2900733947753906, 0.28472983837127686, 0.27815642952919006, 0.2759038209915161, 0.27564743161201477, 0.26907879114151, 0.25429949164390564, 0.250776469707489, 0.24631214141845703, 0.2367306351661682, 0.2324380725622177, 0.23337455093860626, 0.22912712395191193, 0.219986230134964, 0.21425729990005493, 0.21050870418548584, 0.19745603203773499, 0.20097039639949799, 0.19351918995380402, 0.18666981160640717, 0.1873902678489685, 0.18656104803085327, 0.17749957740306854, 0.1660187840461731, 0.15888385474681854, 0.15573035180568695, 0.15194591879844666, 0.1530451625585556, 0.15330368280410767, 0.1426963061094284, 0.1471956968307495, 0.13895881175994873, 0.13427835702896118, 0.12859970331192017, 0.12528346478939056, 0.1217171773314476, 0.120162732899189, 0.11769962310791016, 0.11416783928871155, 0.10668978840112686, 0.1038297563791275, 0.10576561838388443, 0.10477270931005478, 0.09521454572677612, 0.09032552689313889, 0.09593525528907776, 0.09440188854932785, 0.08473540097475052, 0.08818699419498444, 0.08441594988107681], "testRumorAcc": [0.6601307189542484, 0.7161531279178338, 0.7217553688141923, 0.7301587301587301, 0.746031746031746, 0.7478991596638656, 0.7469654528478058, 0.7619047619047619, 0.7637721755368814, 0.7675070028011205, 0.7619047619047619, 0.7665732959850607, 0.7675070028011205, 0.7665732959850607, 0.7619047619047619, 0.7581699346405228, 0.7619047619047619, 0.765639589169001, 0.76937441643324, 0.7600373482726424, 0.7675070028011205, 0.7684407096171803], "testRumorF1": [0.3802122778724205, 0.5438952203879219, 0.5697473352958372, 0.5971255550784809, 0.6086115382538473, 0.6319850185430606, 0.6409016301835058, 0.657249498390237, 0.6672667380730744, 0.6628832297926875, 0.6574599378203694, 0.6739710391841557, 0.6690843451960399, 0.6674758372200086, 0.6725905667929014, 0.6600702597630691, 0.6652453496220447, 0.663068860416616, 0.6681623477314169, 0.6680351213512716, 0.6684616509924798, 0.6655812021663534],