{"epoch": 65, "macroF1Rumor": 0.6938551458577776, "accRumor": 0.7796451914098973, "loss": 0.7046411633491516, "trainRumorAcc": [0.6247665296974225, 0.635412775494957, 0.6483003361972357, 0.6587598057527082, 0.6608143444153903, 0.6742622338438551, 0.6843481509152036, 0.6856555846096376, 0.6964886066492342, 0.7062009712364588, 0.7075084049308928, 0.7119910347403811, 0.7231976092641016, 0.7241314904744116, 0.7340306313036982, 0.7372058274187523, 0.7390735898393724, 0.7431826671647367, 0.7457975345536048, 0.7547627941725813, 0.7515875980575271, 0.7568173328352633, 0.7599925289503175, 0.7672768023907359, 0.7726933134105342, 0.7723197609264102, 0.7809114680612627, 0.7812850205453866, 0.7937990287635412, 0.787635412775495, 0.7924915950691072, 0.7994023160254016, 0.8022039596563317, 0.8050056032872619, 0.8109824430332462, 0.8107956667911842, 0.8162121778109824, 0.8139708629062383, 0.8199477026522226, 0.8238700037355249, 0.8305939484497572, 0.8313410534180052, 0.8343294732909974, 0.8350765782592454, 0.8401195367949197, 0.8432947329099738, 0.8475905864774, 0.8475905864774, 0.8490847964138961, 0.8565558460963766, 0.8556219648860665, 0.8634665670526709, 0.864587224505043, 0.8619723571161748, 0.8681359731042212, 0.8692566305565932, 0.8711243929772133, 0.8791557713858797, 0.8799028763541278, 0.8793425476279417, 0.8823309675009339, 0.884945834889802, 0.882704519985058, 0.8914830033619724, 0.8914830033619724, 0.8946581994770265, 0.8970862906238326, 0.9011953679491969, 0.8991408292865147, 0.904744116548375, 0.9062383264848711, 0.9107209562943593, 0.9099738513261113, 0.9187523347030258, 0.9138961524094136, 0.9166977960403436, 0.9237952932387, 0.9249159506910721, 0.921180425849832, 0.9256630556593202, 0.9305192379529323, 0.9320134478894284, 0.9322002241314905, 0.9338812103100486, 0.9351886440044826, 0.9348150915203586, 0.9381770638774748, 0.9368696301830407, 0.9462084422861412, 0.9437803511393351, 0.9482629809488233, 0.9534927157265596, 0.9456481135599552, 0.9508778483376914, 0.9523720582741875, 0.9527456107583115, 0.9596563317146058, 0.9570414643257378, 0.962271199103474, 0.9587224505042958, 0.9589092267463578, 0.9618976466193501, 0.9630183040717221, 0.9675009338812103, 0.9663802764288383, 0.9697422487859544, 0.9691819200597684, 0.9684348150915204, 0.9708629062383265, 0.9701158012700785, 0.9742248785954427, 0.9717967874486365, 0.9712364587224505, 0.9738513261113186, 0.9719835636906985], "trainRumorF1": [0.1931625638312904, 0.24072605904001254, 0.2886199745075785, 0.308221837098425, 0.32204828286510156, 0.3666924850277361, 0.41292494415594927, 0.42805587450609683, 0.4680113963936686, 0.4958079212270228, 0.5017778471333588, 0.5170393488126712, 0.5370419830839253, 0.5444558781604907, 0.5587211520080831, 0.5640393960950609, 0.5738850950503298, 0.5806898091521476, 0.5858750808916149, 0.599740125383199, 0.5964324347841109, 0.604034381181171, 0.6125559377439727, 0.6272120788496104, 0.6389196654627176, 0.6352522777967955, 0.6539116678768258, 0.6600899285504143, 0.6717645799386057, 0.6670362313759213, 0.6748503897860777, 0.6851398874409829, 0.6896528180510021, 0.6975084968871963, 0.7050177175530599, 0.710028906070529, 0.7141852021554999, 0.7127389673983386, 0.7249640893658719, 0.7304239662440702, 0.7399584221194514, 0.7397529396478524, 0.7463658450565334, 0.7472400634508012, 0.756985452735969, 0.7595033919751849, 0.7676902949346959, 0.7699001923578165, 0.7709713443611941, 0.7802562339641316, 0.7795068845739251, 0.7936781711017951, 0.7951638308006894, 0.7901719124350259, 0.8001038414059345, 0.8024142509477529, 0.805073579484396, 0.8185105168242408, 0.8172806229605947, 0.8174280750786096, 0.8204322474906808, 0.8238515974490025, 0.8223241951935701, 0.8350322433273263, 0.834927290526735, 0.8424968081816717, 0.8461293359944083, 0.849059112602555, 0.8492587874724677, 0.8554744239187589, 0.8573215752814014, 0.8640808664994305, 0.8633466297600938, 0.876313392124321, 0.8680732773337573, 0.8732404056884862, 0.8832791146852291, 0.8850602873474506, 0.8769633437172786, 0.888855172876607, 0.8951964639293495, 0.8967444654884684, 0.8973855575460045, 0.8999444270969862, 0.9003549025711384, 0.9032203968317818, 0.9057322343787934, 0.9033954186508746, 0.9183643600480598, 0.9130248350081108, 0.9201498525166607, 0.929043995240053, 0.9160340157975645, 0.9220905490576057, 0.9266945694809361, 0.9278759187664297, 0.9376440651476136, 0.934718577153875, 0.9406896061588222, 0.9348076585311839, 0.9357390074679547, 0.9423457610247141, 0.9422020587995309, 0.949891649573475, 0.9480428230735758, 0.9552734124227379, 0.9521101478449507, 0.9521758361480408, 0.9560215156815484, 0.954620647724977, 0.9602739152298931, 0.9573249482668502, 0.9560833112042251, 0.959973187553075, 0.955921288584596], "trainLoss": [1.038275122642517, 0.9502353072166443, 0.9075475335121155, 0.8821897506713867, 0.8617931008338928, 0.8396592736244202, 0.8181452751159668, 0.8068523406982422, 0.7865443229675293, 0.7644320130348206, 0.7493378520011902, 0.7331651449203491, 0.7212843894958496, 0.7019844651222229, 0.6954145431518555, 0.6827945709228516, 0.6721307039260864, 0.6590667366981506, 0.6534819602966309, 0.6368530988693237, 0.6307302713394165, 0.6165501475334167, 0.6092908382415771, 0.6031578779220581, 0.5881302952766418, 0.5777491331100464, 0.5698820352554321, 0.5614300966262817, 0.5433031320571899, 0.5403190851211548, 0.5342209935188293, 0.5222153663635254, 0.5173781514167786, 0.5099331140518188, 0.4950951337814331, 0.49577876925468445, 0.4804224371910095, 0.47622886300086975, 0.46679142117500305, 0.4586893618106842, 0.44861507415771484, 0.4420791268348694, 0.4387453496456146, 0.4324771761894226, 0.42353954911231995, 0.4149939715862274, 0.40320107340812683, 0.4018765091896057, 0.39315420389175415, 0.3844776749610901, 0.37880319356918335, 0.36995816230773926, 0.3663345277309418, 0.37090831995010376, 0.3525902330875397, 0.34855544567108154, 0.3452121317386627, 0.3345751166343689, 0.3305201232433319, 0.32570531964302063, 0.3200397491455078, 0.309750497341156, 0.307294636964798, 0.2952767610549927, 0.29002124071121216, 0.2851448357105255, 0.2815774381160736, 0.270929217338562, 0.2702096998691559, 0.2669498026371002, 0.2566385567188263, 0.24678581953048706, 0.24890461564064026, 0.23536092042922974, 0.23633430898189545, 0.23203732073307037, 0.2174345701932907, 0.2201148271560669, 0.21843349933624268, 0.21456927061080933, 0.20475508272647858, 0.19405002892017365, 0.1931079626083374, 0.18684419989585876, 0.18414592742919922, 0.18009433150291443, 0.17278994619846344, 0.17915917932987213, 0.16136781871318817, 0.1577308475971222, 0.15597465634346008, 0.1423480063676834, 0.15280462801456451, 0.13939525187015533, 0.1403183788061142, 0.13490606844425201, 0.12730488181114197, 0.1272139847278595, 0.12185419350862503, 0.1197524145245552, 0.11763536185026169, 0.11314007639884949, 0.10999652743339539, 0.09808957576751709, 0.0987418070435524, 0.09448058903217316, 0.09698666632175446, 0.09862777590751648, 0.09020154923200607, 0.08933069556951523, 0.08296649903059006, 0.08186748623847961, 0.08428680151700974, 0.07863176614046097, 0.07950561493635178], "testRumorAcc": [0.646125116713352, 0.6788048552754435, 0.6956115779645191, 0.7124183006535948, 0.7189542483660131, 0.7338935574229691, 0.7488328664799253, 0.7469654528478058, 0.7619047619047619, 0.765639589169001, 0.765639589169001, 0.7712418300653595, 0.7796451914098973, 0.7740429505135388, 0.773109243697479, 0.780578898225957, 0.7712418300653595, 0.765639589169001, 0.7591036414565826, 0.7563025210084033, 0.7581699346405228, 0.7553688141923436, 0.7572362278244631],