{"epoch": 85, "macroF1Rumor": 0.6919394670350101, "accRumor": 0.7749766573295985, "loss": 0.8771013617515564, "trainRumorAcc": [0.6277549495704147, 0.6307433694434068, 0.6481135599551737, 0.6578259245423982, 0.6695928277923048, 0.6763167725065372, 0.6856555846096376, 0.6953679491968622, 0.7043332088158386, 0.7082555098991409, 0.7217033993276055, 0.7258124766529698, 0.7259992528950318, 0.7349645125140082, 0.7357116174822562, 0.7413149047441165, 0.750280164363093, 0.7426223384385506, 0.7581247665296974, 0.7553231228987672, 0.7609264101606276, 0.770638774747852, 0.7682106836010459, 0.7773627194620845, 0.7775494957041464, 0.7779230481882704, 0.7852073216286888, 0.7842734404183788, 0.7936122525214793, 0.7919312663429212, 0.7947329099738514, 0.7990287635412775, 0.8016436309301457, 0.8031378408666418, 0.8087411281285021, 0.8115427717594322, 0.8158386253268585, 0.8246171087037729, 0.8184534927157265, 0.827979081060889, 0.826671647366455, 0.8292865147553231, 0.8343294732909974, 0.8356369069854315, 0.8434815091520359, 0.846283152782966, 0.8446021666044079, 0.8554351886440045, 0.8531938737392604, 0.8617855808741128, 0.8615988046320509, 0.8632797908106089, 0.8615988046320509, 0.8701905117669032, 0.8733657078819574, 0.8771012327231976, 0.8815838625326858, 0.8767276802390735, 0.8821441912588719, 0.8858797161001121, 0.885506163615988, 0.8967127381397086, 0.8944714232349645, 0.8968995143817706, 0.8993276055285767, 0.8991408292865147, 0.9062383264848711, 0.9082928651475533, 0.9090399701158013, 0.9094135225999253, 0.9124019424729174, 0.9161374673141577, 0.9165110197982816, 0.9198729921553979, 0.9204333208815839, 0.9251027269331341, 0.923982069480762, 0.92192753081808, 0.9286514755323123, 0.9310795666791184, 0.9299589092267464, 0.9346283152782966, 0.9363093014568546, 0.9348150915203586, 0.9370564064251027, 0.9402316025401569, 0.9473290997385133, 0.9467687710123273, 0.9469555472543892, 0.9499439671273814, 0.9491968621591333, 0.9497571908853194, 0.9518117295480015, 0.9521852820321255, 0.9557340306313037, 0.9555472543892417, 0.9583488980201719, 0.9551737019051176, 0.9630183040717221, 0.961337317893164, 0.9652596189764662, 0.9661935001867762, 0.9658199477026522, 0.9673141576391483, 0.9650728427344042, 0.9675009338812103, 0.9708629062383265, 0.9712364587224505, 0.9727306686589465, 0.9723571161748226, 0.9742248785954427, 0.9749719835636907, 0.9760926410160627, 0.9787075084049309, 0.9790810608890549, 0.9796413896152409, 0.980762047067613, 0.981882704519985, 0.980575270825551, 0.980014942099365, 0.9815091520358611, 0.9843107956667911, 0.9835636906985431, 0.9831901382144191, 0.9833769144564811, 0.9854314531191632, 0.9850579006350392, 0.9852446768771013, 0.9861785580874113, 0.9882330967500934, 0.9861785580874113, 0.9869256630556593, 0.9882330967500934, 0.9887934254762795, 0.9899140829286515], "trainRumorF1": [0.19376894442808837, 0.20362552730205172, 0.2817817713680125, 0.32807410873766046, 0.36916208489791824, 0.3982308586928386, 0.44079082413649673, 0.46416874808984976, 0.4975828216973287, 0.5036062464303228, 0.5326868118976056, 0.5414993771900438, 0.5481062432984707, 0.5645782521058264, 0.5687394578281012, 0.5792127288517119, 0.5922387033136348, 0.589340232816763, 0.6058339743042469, 0.610114948115566, 0.6183589770246265, 0.6357701330293393, 0.6326313692553003, 0.6458386164877947, 0.6515064390834203, 0.6518554092565765, 0.6616718174764727, 0.6647903174514826, 0.6770920537439173, 0.6774814370420527, 0.6801093418885271, 0.6885858284599273, 0.6897423622673295, 0.6910381512717814, 0.7020235742305483, 0.7031270685087091, 0.7103023020168743, 0.7262577437224864, 0.7199846786188607, 0.7336865937429361, 0.7252805539126607, 0.734445482760153, 0.7424352683866153, 0.7449284967333535, 0.7553475222412918, 0.7602487099183983, 0.7578384869168509, 0.7767396401195107, 0.7729424812277788, 0.7861368424694597, 0.7866519778451246, 0.7878911176067129, 0.7855057100280408, 0.7999867328210081, 0.8062158072076768, 0.8102538332402929, 0.8180524090716954, 0.8101402687420849, 0.8174099465377369, 0.8229601994801553, 0.8236171387236977, 0.8401466863690916, 0.8359091626923038, 0.8414419094254317, 0.8431625199809175, 0.8437035299780055, 0.8538257862878045, 0.8574730315295376, 0.8584290034475248, 0.8590588202607045, 0.8635921247303571, 0.8667091339993838, 0.8698887098772126, 0.875680861819429, 0.8764219633749288, 0.8827856283322588, 0.8784373563508511, 0.8776355865087092, 0.8882975557254329, 0.8915697168070518, 0.8931919172357987, 0.897969827067799, 0.900674622786243, 0.8939808863081138, 0.9012786446015415, 0.9077231407098243, 0.9150410921032467, 0.9155968113700188, 0.916734228176499, 0.919354783594329, 0.9195522277907766, 0.9202650477135894, 0.9232371459505346, 0.9264720407881973, 0.9318908837212649, 0.931020561790678, 0.9337713580808333, 0.9309531190167937, 0.9408856582666509, 0.9394829866866905, 0.9460354347089854, 0.9465434685434759, 0.9459276103113639, 0.9485976788167313, 0.9444552342102128, 0.9488713850548972, 0.9530321457813352, 0.9545788457838863, 0.9563832117084166, 0.9584535914653436, 0.9600801027434083, 0.9600702350478506, 0.962776590126105, 0.9679000939810796, 0.9649340274866514, 0.9680680826127348, 0.9698009113153914, 0.9714661365103976, 0.9701229137757016, 0.967639738276832, 0.9711009914265405, 0.9739858626863597, 0.9741283801742213, 0.9729896532534277, 0.9738808002423227, 0.976250132018215, 0.9745701948317091, 0.9770897680272024, 0.979619707757283, 0.9810558819158459, 0.9779024141297179, 0.9804524492708394, 0.9816351215842758, 0.9819853990410351, 0.9839191314161118],