{"epoch": 125, "macroF1Rumor": 0.6765940932906763, "accRumor": 0.7628384687208216, "loss": 0.9195992946624756, "trainRumorAcc": [0.6200971236458722, 0.6288756070227867, 0.6309301456854688, 0.6458722450504296, 0.6578259245423982, 0.6552110571535301, 0.6692192753081808, 0.6785580874112813, 0.6852820321255136, 0.6890175569667538, 0.6987299215539783, 0.7020918939110945, 0.7045199850579006, 0.7103100485618229, 0.7183414269704893, 0.7250653716847217, 0.7258124766529698, 0.7317893163989541, 0.7284273440418378, 0.73048188270452, 0.7424355621964887, 0.7387000373552484, 0.7459843107956667, 0.748972730668659, 0.7495330593948449, 0.7556966753828913, 0.7573776615614494, 0.7603660814344415, 0.7631677250653717, 0.7635412775494957, 0.7663429211804258, 0.7753081807994023, 0.7723197609264102, 0.7835263354501307, 0.7846469929025028, 0.7848337691445648, 0.7861412028389989, 0.7870750840493089, 0.7921180425849832, 0.7934254762794173, 0.7952932387000373, 0.7975345536047814, 0.8012700784460217, 0.8025775121404557, 0.8055659320134478, 0.8068733657078819, 0.80762047067613, 0.8128502054538662, 0.8128502054538662, 0.8208815838625327, 0.8175196115054165, 0.8160254015689204, 0.8234964512514008, 0.8240567799775869, 0.8229361225252148, 0.8283526335450131, 0.8276055285767651, 0.8317146059021292, 0.8388121031004856, 0.8347030257751215, 0.8414269704893538, 0.8373178931639895, 0.8447889428464699, 0.8475905864774, 0.8513261113186402, 0.8481509152035861, 0.8531938737392604, 0.8559955173701905, 0.8567426223384386, 0.8623459096002989, 0.8610384759058648, 0.8578632797908106, 0.8615988046320509, 0.8660814344415391, 0.8640268957788569, 0.8700037355248412, 0.8683227493462832, 0.8720582741875234, 0.8731789316398954, 0.8769144564811356, 0.8800896525961898, 0.883451624953306, 0.886066492342174, 0.886066492342174, 0.8875607022786701, 0.8898020171834142, 0.8888681359731042, 0.8957788569293986, 0.8911094508778483, 0.8933507657825924, 0.8982069480762047, 0.8961524094135226, 0.8995143817706388, 0.8995143817706388, 0.9010085917071349, 0.9069854314531192, 0.9067986552110572, 0.9084796413896152, 0.9103474038102354, 0.9086664176316772, 0.9092267463578633, 0.9071722076951811, 0.9124019424729174, 0.9133358236832275, 0.9161374673141577, 0.92192753081808, 0.9209936496077699, 0.92286141202839, 0.9194994396712738, 0.9187523347030258, 0.9217407545760179, 0.92192753081808, 0.9260366081434441, 0.9277175943220023, 0.9269704893537543, 0.9323870003735525, 0.9346283152782966, 0.9329473290997385, 0.9314531191632425, 0.9307060141949944, 0.9342547627941726, 0.9307060141949944, 0.9381770638774748, 0.942286141202839, 0.941539036234591, 0.9413522599925289, 0.9387373926036608, 0.9460216660440792, 0.9430332461710871, 0.9456481135599552, 0.9449010085917071, 0.9482629809488233, 0.9456481135599552, 0.9441539036234591, 0.9443406798655211, 0.9510646245797535, 0.9458348898020171, 0.9525588345162496, 0.9505042958535674, 0.9497571908853194, 0.9549869256630557, 0.9529323870003735, 0.9525588345162496, 0.9559208068733657, 0.9568546880836758, 0.9555472543892417, 0.9536794919686216, 0.9618976466193501, 0.961150541651102, 0.9598431079566679, 0.9633918565558461, 0.961150541651102, 0.960776989166978, 0.9602166604407919, 0.9628315278296601, 0.9628315278296601, 0.9635786327979081, 0.9594695554725439, 0.961524094135226, 0.9648860664923422, 0.9688083675756444, 0.9654463952185282, 0.9678744863653344, 0.9665670526709003, 0.9688083675756444, 0.9680612626073963, 0.9703025775121404, 0.9717967874486365, 0.9673141576391483, 0.9675009338812103, 0.9725438924168845, 0.9717967874486365, 0.9721703399327606, 0.9723571161748226, 0.9721703399327606], "trainRumorF1": [0.2010540294531766, 0.19303978901502122, 0.20215865136829675, 0.27322926525107394, 0.3001892108743582, 0.31381948005669497, 0.3643853626744579, 0.40095900261948486, 0.4265727453198075, 0.4499014024562562, 0.48292275439703763, 0.4896611636574585, 0.5045116775465185, 0.5143123081772957, 0.5339950099532063, 0.5414915237007584, 0.5453500777701026, 0.558128568033058, 0.556407443889926, 0.566672520228942, 0.5778780239676408, 0.5793903790961055, 0.5879661406548554, 0.5931696986237043, 0.5938083027597516, 0.6104000210142241, 0.6083777923210205, 0.6167529748371037, 0.6213609448537466, 0.6276730130118124, 0.629138439855068, 0.6458531466679742, 0.6420277190202436, 0.6560702463498458, 0.6622741932054974, 0.6625939082824676, 0.6603352686874546, 0.664485362391537, 0.670822602922865, 0.6728756838853591, 0.6809983276381465, 0.6800710799052901, 0.6889477081182456, 0.6898297091085613, 0.6953813251219321, 0.697461591443744, 0.6991822878192225, 0.7052947035411391, 0.707668622764107, 0.7208569308686685, 0.7179505597007144, 0.7139039002609475, 0.7202412802934577, 0.7242678236460005, 0.7264143119080777, 0.7321258777617644, 0.7322832459851887, 0.7359343677553505, 0.7491717368766309, 0.7438729261056878, 0.754976536144426, 0.747934860080985, 0.7577626126514538, 0.7637632075132736, 0.7721089668871453, 0.7632856535158583, 0.7726171517133008, 0.7761775456420347, 0.7763084630079538, 0.7834303643328389, 0.7822549347402472, 0.7772803982516878, 0.7857625116825214, 0.7907595213151379, 0.7860585758786821, 0.797245255925466, 0.7930210784209455, 0.8006914121258959, 0.8024707557032188, 0.8064450912401873, 0.8097665271899845, 0.8173107381433192, 0.820297010585284, 0.8197033706410564, 0.8219186115158599, 0.8275004083368714, 0.8255591268298919, 0.8355546977896001, 0.8278805731134464, 0.8329326882855473, 0.8405382780710607, 0.8359872475882432, 0.8429057387069464, 0.8438575066264342, 0.8442943001616587, 0.8537076179629002, 0.8517919524660204, 0.8545194668182171, 0.8577204220138313, 0.8551365835876852, 0.8551903662518543, 0.8508205063124553, 0.8596751121779984, 0.8615039685078374, 0.8698032856398977, 0.8756188857091578, 0.8728863327585252, 0.8753842776595324, 0.8729511524550979, 0.8681823682094845, 0.8728398989608318, 0.875220870955578, 0.8806242495394845, 0.8831050585984854, 0.8820180404826099, 0.8929179125616492, 0.8963245836652052, 0.8917001601374596, 0.8886959044192153, 0.8876709096740367, 0.8930867209843776, 0.8861177297636962, 0.9003123280214288, 0.9066907810292762, 0.9039648395263724, 0.903499299460286, 0.9001633893037635, 0.9110414383317372, 0.9069694243650755, 0.9108988872124852, 0.910417178249368, 0.9163936028326567, 0.9118362064054532, 0.9084861144820227, 0.9094531396457357, 0.921177731989365, 0.9128163219983678, 0.9240742452077003, 0.9212981775841242, 0.9160897936637307, 0.9265409651368027, 0.923084318019405, 0.9238232856519747, 0.9297340468359305, 0.9310545390773151, 0.9243202068951674, 0.9253968338380556, 0.9377928452063907, 0.9352041617939659, 0.9360192669995561, 0.9406796553529402, 0.9351931646802486, 0.9377469451635174, 0.9343342028398742, 0.9378753497778171, 0.937375508169155, 0.941498957814142, 0.9344838456966928, 0.9376947251222931, 0.942099334384083, 0.9482111182642934, 0.9436626764552623, 0.948335346026464, 0.9442099795303336, 0.9477412069222385, 0.9483529202098312, 0.950760634179121, 0.9531792473460876, 0.9473776024182952, 0.9491533008696991, 0.9555497794061426, 0.9522226545710462, 0.9547589658734764, 0.9539050443790948, 0.9538923819114704],