{"epoch": 80, "macroF1Rumor": 0.691721261123714, "accRumor": 0.7824463118580766, "loss": 0.7812674045562744, "trainRumorAcc": [0.6249533059394845, 0.6305565932013448, 0.6428838251774375, 0.6604407919312664, 0.6658573029510646, 0.673888681359731, 0.6809861785580874, 0.6893911094508779, 0.6983563690698543, 0.7050803137840866, 0.7127381397086291, 0.7250653716847217, 0.7288008965259619, 0.7351512887560703, 0.7364587224505043, 0.7471049682480388, 0.750280164363093, 0.7532685842360851, 0.7568173328352633, 0.7612999626447516, 0.7669032499066119, 0.769704893537542, 0.769144564811356, 0.7741875233470302, 0.7790437056406425, 0.7796040343668286, 0.786888307807247, 0.7838998879342548, 0.790250280164363, 0.7945461337317893, 0.8003361972357116, 0.8010833022039596, 0.8018304071722077, 0.8059394844975719, 0.8023907358983937, 0.808367575644378, 0.8160254015689204, 0.8190138214419126, 0.8197609264101606, 0.8218154650728428, 0.8218154650728428, 0.827792304818827, 0.8397459843107956, 0.8397459843107956, 0.8395592080687336, 0.8408666417631677, 0.8427344041837879, 0.8440418378782218, 0.8505790063503922, 0.8582368322749346, 0.8543145311916325, 0.865707881957415, 0.8642136720209189, 0.8629062383264848, 0.8668285394097871, 0.865334329473291, 0.8683227493462832, 0.8769144564811356, 0.8797161001120657, 0.8785954426596937, 0.8797161001120657, 0.886066492342174, 0.8830780724691819, 0.8894284646992903, 0.8944714232349645, 0.8922301083302204, 0.8955920806873365, 0.9000747104968249, 0.9028763541277549, 0.9021292491595069, 0.9060515502428091, 0.9064251027269331, 0.9124019424729174, 0.9116548375046694, 0.9137093761673515, 0.9178184534927157, 0.9194994396712738, 0.921180425849832, 0.9251027269331341, 0.92192753081808, 0.9269704893537543, 0.9241688457228241, 0.9320134478894284, 0.9305192379529323, 0.9336944340679866, 0.9331341053418005, 0.9398580500560328, 0.9374299589092268, 0.9374299589092268, 0.941539036234591, 0.9467687710123273, 0.9480762047067613, 0.9505042958535674, 0.9493836384011953, 0.9497571908853194, 0.9525588345162496, 0.9540530444527456, 0.9527456107583115, 0.9542398206948076, 0.9594695554725439, 0.9594695554725439, 0.960403436682854, 0.9628315278296601, 0.9626447515875981, 0.9592827792304819, 0.9648860664923422, 0.9675009338812103, 0.9648860664923422, 0.9676877101232724, 0.9699290250280165, 0.9695554725438924, 0.9712364587224505, 0.9738513261113186, 0.9740381023533806, 0.9734777736271947, 0.9745984310795667, 0.9747852073216287, 0.9770265222263728, 0.9792678371311169, 0.9757190885319388, 0.980014942099365, 0.980762047067613, 0.9826298094882331, 0.9772132984684349, 0.980014942099365, 0.981135599551737, 0.9833769144564811, 0.9830033619723572, 0.981135599551737, 0.9852446768771013], "trainRumorF1": [0.1924094307073031, 0.20757139669035882, 0.2979244789067919, 0.35815391895590754, 0.384158258742598, 0.41950586257830336, 0.4426999158596243, 0.47070929180323695, 0.49364253127020014, 0.5100412149965714, 0.5345763469201231, 0.5593051498802186, 0.5690711805174189, 0.5777427242684674, 0.5826264032499939, 0.5975997972709158, 0.611215785154609, 0.618051232564485, 0.62751342460156, 0.6269987287713323, 0.6390202175316564, 0.6475938821825472, 0.641317464678004, 0.6534572801560972, 0.6567111871598876, 0.6597358968516771, 0.67081187374946, 0.6702730985208754, 0.6740597317302599, 0.6807035473548756, 0.6933840475979898, 0.6946238145346992, 0.6952579475771936, 0.6993108452158634, 0.6982101871696749, 0.70562861869902, 0.7138770407905153, 0.7221216630810372, 0.7240272120810611, 0.7289062615258232, 0.7269118529966092, 0.7346773561864193, 0.7547281573982784, 0.7514950927260415, 0.7549188584560012, 0.7548482665967052, 0.7583872509680608, 0.7597303729732345, 0.7720853196142452, 0.7788745466050032, 0.7754769387840736, 0.7954010043672998, 0.7928873437525961, 0.7872842008698614, 0.7959053214834685, 0.7935001241378548, 0.7965464635141049, 0.8106554002073685, 0.8139200546013471, 0.8138778162627351, 0.8147275288833316, 0.8249238297115515, 0.820381354235815, 0.8256397085247164, 0.8364747695915352, 0.832111444119863, 0.8421910797324785, 0.8446852462707166, 0.8488687819592806, 0.849196001680638, 0.8543079955729214, 0.8553567155482901, 0.8638293736111003, 0.8631147503341149, 0.8631478652625802, 0.8695413161869507, 0.8759935128673684, 0.874309900156211, 0.8826641450119852, 0.878700254946562, 0.8840808235747812, 0.8837875758669191, 0.8912356798172599, 0.8905414719114628, 0.8964906541587705, 0.895304220878772, 0.9043713815873446, 0.8997426350820276, 0.902982831667066, 0.9072978898435315, 0.9156738565328335, 0.9181344572642466, 0.9222677033592187, 0.9189624247809991, 0.9203561751232677, 0.9251779831187401, 0.9277092068099847, 0.9244831475265904, 0.9263888369686952, 0.9364026232586571, 0.9371708676634047, 0.9379535560432026, 0.9391293660737299, 0.9401888514604881, 0.9361972524254574, 0.9430038761849057, 0.9488392085626765, 0.9429934796279542, 0.9485294160621183, 0.9516813500921332, 0.9518683837606916, 0.9533319658080879, 0.957470656262427, 0.9578246452064861, 0.9576163627216119, 0.9604117529772815, 0.9612843966148428, 0.9625759659056239, 0.967573794373907, 0.9619370655572321, 0.9684830607939425, 0.9692490536860506, 0.9722749618476255, 0.9660645837732308, 0.9672243755207381, 0.9705896498451894, 0.9736423839790388, 0.9749444337713875, 0.9702664656221479, 0.9773569505829112], "trainLoss": [1.0518754720687866, 0.9786518216133118, 0.916659951210022, 0.8855981230735779, 0.8676573038101196, 0.8448020219802856, 0.8204014301300049, 0.7969334721565247, 0.7721307277679443, 0.745537281036377, 0.7287032604217529, 0.7082460522651672, 0.694858968257904, 0.6801167726516724, 0.6680123805999756, 0.64967942237854, 0.6387795209884644, 0.6326736211776733, 0.6218587756156921, 0.6123155951499939, 0.6053631901741028, 0.5906527638435364, 0.5835275053977966, 0.5828508734703064, 0.5732528567314148, 0.5569505095481873, 0.5563323497772217, 0.5522379875183105, 0.5352434515953064, 0.5327356457710266, 0.5235138535499573, 0.5193718075752258, 0.5139856338500977, 0.5050386190414429, 0.4999828338623047, 0.4934576153755188, 0.4842788577079773, 0.4737042784690857, 0.4683871269226074, 0.4609066843986511, 0.4564642310142517, 0.44922953844070435, 0.43412768840789795, 0.43234530091285706, 0.4262627363204956, 0.41611576080322266, 0.41105079650878906, 0.4067229628562927, 0.39650240540504456, 0.39068251848220825, 0.3846794068813324, 0.37121617794036865, 0.37779566645622253, 0.36946696043014526, 0.36204224824905396, 0.3582322895526886, 0.3540515601634979, 0.3422946035861969, 0.3354203999042511, 0.32820650935173035, 0.3237592577934265, 0.3200819492340088, 0.3162809908390045, 0.30638277530670166, 0.2956823706626892, 0.288120836019516, 0.2865671217441559, 0.2813315689563751, 0.2678244709968567, 0.2758675515651703, 0.26441338658332825, 0.2591567933559418, 0.24871249496936798, 0.2491123229265213, 0.25059738755226135, 0.233341246843338, 0.22591164708137512, 0.22303548455238342, 0.21810884773731232, 0.2170426845550537, 0.20961014926433563, 0.21763703227043152, 0.19554618000984192, 0.19677627086639404, 0.19291168451309204, 0.18251939117908478, 0.17747925221920013, 0.1769315004348755, 0.17662881314754486, 0.1679029017686844, 0.16104760766029358, 0.15508390963077545, 0.14841696619987488, 0.14245671033859253, 0.1476321518421173, 0.13786152005195618, 0.1342715620994568, 0.13410264253616333, 0.1279008835554123, 0.1239963173866272, 0.11753325164318085, 0.11557189375162125, 0.10929311811923981, 0.10739946365356445, 0.11007969081401825, 0.0999271422624588, 0.10089891403913498, 0.10139858722686768, 0.09361784160137177, 0.09099944680929184, 0.08937089145183563, 0.08205936849117279, 0.08025050908327103, 0.07424060255289078, 0.07500128448009491, 0.07481461018323898, 0.07474133372306824, 0.06567033380270004, 0.0639333724975586, 0.06770314276218414, 0.06074631214141846, 0.05789986252784729, 0.05372672155499458, 0.06664051860570908, 0.053773537278175354, 0.056052763015031815, 0.052085116505622864, 0.05482795462012291, 0.05539533868432045, 0.04864494502544403],