{"epoch": 75, "macroF1Rumor": 0.7148432332256298, "accRumor": 0.7759103641456583, "loss": 0.8238550424575806, "trainRumorAcc": [0.6279417258124766, 0.6324243556219649, 0.6585730295106462, 0.6626821068360105, 0.6836010459469556, 0.6955547254389242, 0.7101232723197609, 0.7170339932760553, 0.7215166230855435, 0.730295106462458, 0.7291744490100859, 0.7387000373552484, 0.7392603660814344, 0.7538289129622712, 0.7618602913709376, 0.7603660814344415, 0.76858423608517, 0.7773627194620845, 0.7904370564064251, 0.7837131116921927, 0.7921180425849832, 0.7958535674262234, 0.8038849458348898, 0.8050056032872619, 0.8109824430332462, 0.8109824430332462, 0.8192005976839746, 0.8192005976839746, 0.8218154650728428, 0.8238700037355249, 0.827979081060889, 0.8324617108703772, 0.8373178931639895, 0.8376914456481136, 0.8418005229734777, 0.8511393350765782, 0.8477773627194621, 0.8550616361598805, 0.8543145311916325, 0.8604781471796787, 0.8630930145685469, 0.864960776989167, 0.865334329473291, 0.8698169592827792, 0.8735524841240194, 0.8739260366081435, 0.8782218901755696, 0.8791557713858797, 0.8894284646992903, 0.8871871497945462, 0.8883078072469182, 0.8896152409413522, 0.8961524094135226, 0.8987672768023908, 0.8991408292865147, 0.902502801643631, 0.903436682853941, 0.9073589839372432, 0.9082928651475533, 0.9101606275681733, 0.9163242435562197, 0.9181920059768397, 0.9165110197982816, 0.92286141202839, 0.923982069480762, 0.9224878595442659, 0.9181920059768397, 0.9284646992902503, 0.9305192379529323, 0.9297721329846843, 0.9323870003735525, 0.9297721329846843, 0.9293985805005603, 0.9351886440044826, 0.9335076578259246, 0.9400448262980949, 0.942472917444901, 0.9439671273813971, 0.942472917444901, 0.9473290997385133, 0.9469555472543892, 0.9473290997385133, 0.9497571908853194, 0.9475158759805753, 0.9533059394844976, 0.9491968621591333, 0.9600298841987299, 0.9546133731789317, 0.9559208068733657, 0.9534927157265596, 0.961337317893164, 0.9579753455360478, 0.960403436682854, 0.960776989166978, 0.961150541651102, 0.9639521852820321, 0.960590212924916, 0.9639521852820321, 0.9671273813970863, 0.9665670526709003, 0.9646992902502801, 0.9689951438177064, 0.9663802764288383, 0.9669406051550243, 0.9697422487859544, 0.9716100112065745, 0.9712364587224505, 0.9757190885319388, 0.9744116548375047, 0.9717967874486365, 0.9755323122898767, 0.9742248785954427, 0.9779604034366829, 0.9790810608890549, 0.9764661935001868, 0.9768397459843108, 0.9787075084049309, 0.9785207321628688, 0.9783339559208069, 0.9779604034366829, 0.981322375793799, 0.9785207321628688, 0.980575270825551, 0.9816959282779231, 0.981882704519985], "trainRumorF1": [0.19293010444163894, 0.22666469384800844, 0.301348223478087, 0.32433401148926627, 0.40590523125535277, 0.46054610858454453, 0.5018403506304233, 0.5228133691452796, 0.538553860520241, 0.5583551113903472, 0.5546525607570107, 0.5759540403723022, 0.5849622376803142, 0.6095240082785148, 0.6227533322913958, 0.6234825034822733, 0.6356285531459569, 0.6534872115469601, 0.6752310072547618, 0.6637575861962927, 0.6772603931281811, 0.6848317328567198, 0.6919288167539424, 0.6991354616474186, 0.7094335605547506, 0.7106446157377598, 0.7195478161071656, 0.7213758227917095, 0.7231186940114516, 0.7293072409843047, 0.7368576950784498, 0.747512820936578, 0.7500189506758657, 0.751813149264197, 0.7532626769660982, 0.772533714175996, 0.7681178042832348, 0.7817148705546592, 0.7747498666826237, 0.7897489464997579, 0.792626510351864, 0.7918497334320291, 0.7955154203035597, 0.7994510632019475, 0.8080344142794086, 0.8066495124227693, 0.8176166261139247, 0.8180046013914496, 0.832693881185094, 0.8275313207643786, 0.83037143999867, 0.8352727369395728, 0.8431041805567422, 0.8465623553645556, 0.8493147074944343, 0.8507245492071499, 0.8543378149860298, 0.8624242838667074, 0.8607491795838618, 0.8673575782236898, 0.8733266222638466, 0.8780965619828619, 0.8748945287469896, 0.8830169535531699, 0.8834798121473291, 0.8861125565878528, 0.8775719237714446, 0.8924028127977951, 0.8918502154684056, 0.8928164195062032, 0.8992444072765937, 0.8919657210468618, 0.8953175331574788, 0.9033973183675191, 0.8991586519291269, 0.9075481442330677, 0.9141251720450231, 0.9148628676638063, 0.9120618867191205, 0.9212504610442471, 0.9210798424212694, 0.9191063181463527, 0.9249048300268112, 0.9202914961424605, 0.9286598697870903, 0.9225483499292575, 0.9393580882926734, 0.9330025625896957, 0.9333056686536623, 0.9321526693962339, 0.9420261359655298, 0.9370691681381371, 0.9405241133238652, 0.943065134152521, 0.9422354941195585, 0.9452608361542418, 0.9392524865287517, 0.9462486118567544, 0.951687222689241, 0.9506267382205893, 0.9448673491823595, 0.9539360319604401, 0.9485570437379158, 0.9501198582809737, 0.9552296757988945, 0.9573798473645436, 0.9565102467386135, 0.9632568225422549, 0.962688381836325, 0.9576755626886896, 0.9641871984838664, 0.9613732111440103, 0.9678075709885041, 0.9688688317545575, 0.9635597199238608, 0.9650392504558845, 0.9680636581913009, 0.9682793917036789, 0.9684201754643254, 0.9679228810554558, 0.972216638753786, 0.9676846261553269, 0.970601724761467, 0.9706849336875059, 0.9732899813663654], "trainLoss": [1.0520193576812744, 0.9661989212036133, 0.8923864364624023, 0.8589593172073364, 0.8245648741722107, 0.7911668419837952, 0.7593684792518616, 0.7374942302703857, 0.7175692319869995, 0.7017938494682312, 0.6831943392753601, 0.6714906096458435, 0.6583859324455261, 0.6367733478546143, 0.6222676634788513, 0.6172661781311035, 0.5947903394699097, 0.5815780758857727, 0.5571056008338928, 0.5578584671020508, 0.5428194999694824, 0.5423727631568909, 0.5258645415306091, 0.5204305648803711, 0.5066119432449341, 0.4977317154407501, 0.48517853021621704, 0.47437310218811035, 0.465322345495224, 0.45966970920562744, 0.4488418400287628, 0.44305017590522766, 0.4327334761619568, 0.42337679862976074, 0.42071062326431274, 0.4030366539955139, 0.4087367057800293, 0.39142903685569763, 0.38783887028694153, 0.36829257011413574, 0.37060925364494324, 0.3686717450618744, 0.35804030299186707, 0.3448455333709717, 0.347434937953949, 0.34316128492355347, 0.3314686417579651, 0.32693639397621155, 0.31191301345825195, 0.3088451027870178, 0.30844348669052124, 0.29527178406715393, 0.2855241596698761, 0.2747986316680908, 0.2794988751411438, 0.275943785905838, 0.2688480317592621, 0.2618338465690613, 0.2558593451976776, 0.24850253760814667, 0.2323678731918335, 0.23503877222537994, 0.23488955199718475, 0.22706927359104156, 0.2195635735988617, 0.2132016271352768, 0.21874681115150452, 0.20384421944618225, 0.1936435103416443, 0.1899517923593521, 0.18986007571220398, 0.19770684838294983, 0.18730151653289795, 0.18522824347019196, 0.17530269920825958, 0.1655561774969101, 0.158953458070755, 0.1662570834159851, 0.16208548843860626, 0.1553182601928711, 0.15452195703983307, 0.1456356644630432, 0.14460738003253937, 0.14695899188518524, 0.13541370630264282, 0.13985855877399445, 0.12070005387067795, 0.12863923609256744, 0.12321261316537857, 0.12950436770915985, 0.10872986912727356, 0.11234771460294724, 0.11160778999328613, 0.10855740308761597, 0.11017810553312302, 0.09928316622972488, 0.10552966594696045, 0.10437645018100739, 0.09768084436655045, 0.09818655252456665, 0.1007651835680008, 0.08934782445430756, 0.09333284199237823, 0.0942537859082222, 0.08430290222167969, 0.0802716612815857, 0.08865837007761002, 0.07363099604845047, 0.07267393171787262, 0.08423669636249542, 0.07064854353666306, 0.0739501565694809, 0.06793829053640366, 0.06936872750520706, 0.06449709832668304, 0.07142166793346405, 0.06419853866100311, 0.06263347715139389, 0.061875954270362854, 0.05825360119342804, 0.05820513889193535, 0.06353514641523361, 0.05817960947751999, 0.05613582581281662, 0.050444427877664566],