{"epoch": 65, "macroF1Rumor": 0.6913244569331188, "accRumor": 0.7740429505135388, "loss": 0.7649862170219421, "trainRumorAcc": [0.6202838998879343, 0.6311169219275308, 0.6527829660067239, 0.6624953305939485, 0.672768023907359, 0.6880836757564438, 0.712177810982443, 0.7211430706014195, 0.7243182667164737, 0.7344041837878222, 0.7385132611131864, 0.7471049682480388, 0.7514008218154651, 0.7566305565932013, 0.7667164736645499, 0.7758685095255884, 0.7768023907358984, 0.7779230481882704, 0.7790437056406425, 0.7777362719462084, 0.7919312663429212, 0.7908106088905491, 0.8003361972357116, 0.7999626447515876, 0.8078072469181921, 0.8145311916324244, 0.8167725065371685, 0.8169592827792305, 0.8186402689577885, 0.8289129622711991, 0.8281658573029511, 0.8345162495330594, 0.8382517743742995, 0.8408666417631677, 0.8434815091520359, 0.846283152782966, 0.8535674262233844, 0.8488980201718341, 0.8524467687710123, 0.8602913709376168, 0.864774000747105, 0.866454986925663, 0.865707881957415, 0.8709376167351512, 0.8741128128502055, 0.8800896525961898, 0.8774747852073216, 0.8817706387747478, 0.8884945834889802, 0.8883078072469182, 0.8883078072469182, 0.8903623459096003, 0.8980201718341427, 0.8967127381397086, 0.8985805005603287, 0.9053044452745611, 0.904744116548375, 0.9056779977586851, 0.903249906611879, 0.9122151662308554, 0.9138961524094136, 0.9157639148300336, 0.9138961524094136, 0.9168845722824057, 0.9204333208815839, 0.9224878595442659, 0.92472917444901, 0.9286514755323123, 0.9286514755323123, 0.9312663429211804, 0.9273440418378782, 0.9293985805005603, 0.9299589092267464, 0.9389241688457228, 0.9368696301830407, 0.9366828539409787, 0.9374299589092268, 0.9398580500560328, 0.9391109450877848, 0.9454613373178932, 0.9454613373178932, 0.9493836384011953, 0.9465819947702652, 0.9488233096750094, 0.9499439671273814, 0.9559208068733657, 0.9570414643257378, 0.9536794919686216, 0.9536794919686216, 0.9549869256630557, 0.9570414643257378, 0.9566679118416137, 0.9596563317146058, 0.960590212924916, 0.960403436682854, 0.9646992902502801, 0.9618976466193501, 0.9609637654090399, 0.960403436682854, 0.9671273813970863, 0.961710870377288, 0.9701158012700785, 0.9676877101232724, 0.9645125140082181, 0.9675009338812103, 0.9723571161748226, 0.9689951438177064, 0.9706761299962645, 0.9738513261113186, 0.9725438924168845, 0.9704893537542024, 0.9755323122898767, 0.9744116548375047, 0.9742248785954427, 0.9757190885319388], "trainRumorF1": [0.20511509020510618, 0.2062628283788614, 0.29033975600020545, 0.31829777556346944, 0.34781042206894536, 0.42396944369115974, 0.5051176493149768, 0.5356831491715215, 0.5493178371998897, 0.5699396667666178, 0.5799790358032817, 0.596579629577511, 0.6012832973708202, 0.6204292594483517, 0.6350175550539444, 0.646152900470681, 0.6555908114727635, 0.6538436131772163, 0.6611307012499159, 0.6587926276274005, 0.6803494937182976, 0.685306585181239, 0.6948349090921261, 0.6962125272248998, 0.7074448715251165, 0.7167613576311501, 0.7250854332088105, 0.7242239986053736, 0.7273577463550588, 0.7430762063317302, 0.741137646904523, 0.7501515777103185, 0.7606026914164222, 0.7615244436039901, 0.7659058184263736, 0.7681034785689674, 0.7819464539903191, 0.775319088012103, 0.7816285655384846, 0.7937195519303138, 0.7997629611728824, 0.802003011249479, 0.8023072081440413, 0.809023917846608, 0.815521847050612, 0.823980290071774, 0.821236936927852, 0.8240005380156334, 0.8331735252694557, 0.8359334504977701, 0.8328633222444337, 0.8377760204264372, 0.8482617876623295, 0.8485608682326659, 0.8487704663876577, 0.8590142976048363, 0.8569304412601011, 0.8610012331346739, 0.8566201125283444, 0.8723486937349099, 0.8705135515498217, 0.8736303361550741, 0.8713598475006428, 0.8767829230519472, 0.8835994653599258, 0.8859019389036533, 0.8884220396596628, 0.894755175971932, 0.8942809478604233, 0.8979986773762606, 0.8921694137346026, 0.8941912793743303, 0.8969004412828447, 0.9080655542950212, 0.9046027567981962, 0.9060171802565689, 0.9082700426888708, 0.9083056236390351, 0.909266851911924, 0.9191953839423685, 0.9199707477558092, 0.9248583258268684, 0.922493300779036, 0.9244282090712944, 0.9242303839654956, 0.935307004683165, 0.9355653684476612, 0.9297246173933232, 0.9309325223702614, 0.9335522143544976, 0.935919192825316, 0.93531542280579, 0.9391594052472145, 0.9408429606355393, 0.9428784357664363, 0.9474614020484002, 0.9427011294600073, 0.9407308032715951, 0.9410848302282232, 0.9526522078280171, 0.942085455789262, 0.9572455363621404, 0.9535932021966118, 0.947586016991969, 0.9506936130281365, 0.9586067842833363, 0.9557702274289637, 0.9546746043943942, 0.9616616873496912, 0.9601239503319806, 0.9576919241105611, 0.9625507018190855, 0.9633207961160345, 0.9608819013120459, 0.9650248700606555], "trainLoss": [1.0591120719909668, 0.9884131550788879, 0.9001513719558716, 0.8557995557785034, 0.8299529552459717, 0.8024359941482544, 0.7663407325744629, 0.7381930947303772, 0.7180936336517334, 0.693879246711731, 0.6811809539794922, 0.6580746173858643, 0.6469907164573669, 0.6284357309341431, 0.6111079454421997, 0.5949157476425171, 0.5905382633209229, 0.5814722776412964, 0.5718517899513245, 0.5546744465827942, 0.5430352091789246, 0.5398303866386414, 0.5241710543632507, 0.5161420702934265, 0.5077858567237854, 0.4849047064781189, 0.47646552324295044, 0.4776722192764282, 0.4632071852684021, 0.4470776319503784, 0.45090043544769287, 0.4387286901473999, 0.4262493848800659, 0.42123010754585266, 0.413125216960907, 0.40291905403137207, 0.39508986473083496, 0.3941706717014313, 0.3822980523109436, 0.3665207326412201, 0.36096975207328796, 0.3620952069759369, 0.36595436930656433, 0.3468524217605591, 0.34014102816581726, 0.325027197599411, 0.3304067850112915, 0.3171732425689697, 0.30422013998031616, 0.30293387174606323, 0.3049376904964447, 0.2887440621852875, 0.27593013644218445, 0.280830979347229, 0.27762743830680847, 0.2638116478919983, 0.26488617062568665, 0.25017112493515015, 0.26067861914634705, 0.24042214453220367, 0.24312767386436462, 0.2261873185634613, 0.23955294489860535, 0.2307574301958084, 0.21865110099315643, 0.21537108719348907, 0.20242749154567719, 0.19915136694908142, 0.20054873824119568, 0.19461676478385925, 0.20065473020076752, 0.19538824260234833, 0.19597414135932922, 0.17265065014362335, 0.18080754578113556, 0.17722086608409882, 0.17493785917758942, 0.16506332159042358, 0.1631491333246231, 0.15322238206863403, 0.15281881392002106, 0.14769884943962097, 0.14775493741035461, 0.14128100872039795, 0.13233855366706848, 0.12971444427967072, 0.12650248408317566, 0.13418132066726685, 0.12821771204471588, 0.12364758551120758, 0.12328577786684036, 0.12567636370658875, 0.1141304075717926, 0.11113165318965912, 0.1142532229423523, 0.1007801815867424, 0.10440022498369217, 0.10734771192073822, 0.10824350267648697, 0.09646767377853394, 0.0997234433889389, 0.09065946191549301, 0.087137870490551, 0.09526626765727997, 0.09550777822732925, 0.07957624644041061, 0.08344434946775436, 0.08389493077993393, 0.07782818377017975, 0.07271967083215714, 0.07960765063762665, 0.07353323698043823, 0.07242272049188614, 0.07112688571214676, 0.06815061718225479], "testRumorAcc": [0.6647992530345471, 0.7058823529411765, 0.7338935574229691, 0.7366946778711485, 0.7544351073762838, 0.7572362278244631, 0.7619047619047619, 0.7637721755368814, 0.76937441643324, 0.7796451914098973, 0.7619047619047619, 0.7740429505135388, 0.7740429505135388, 0.7703081232492998, 0.7721755368814193, 0.76937441643324, 0.7684407096171803, 0.76937441643324, 0.7647058823529411, 0.7703081232492998, 0.7600373482726424, 0.7637721755368814, 0.7507002801120448],