{"epoch": 65, "macroF1Rumor": 0.6835554413717186, "accRumor": 0.7712418300653595, "loss": 1.0686438083648682, "trainRumorAcc": [0.6257004109077325, 0.633731789316399, 0.6553978333955921, 0.6751961150541651, 0.6991034740381024, 0.7136720209189391, 0.7218901755696675, 0.7327231976092641, 0.7375793799028764, 0.749346283152783, 0.7592454239820695, 0.77045199850579, 0.7766156144938364, 0.7842734404183788, 0.7921180425849832, 0.8001494209936496, 0.8078072469181921, 0.8119163242435562, 0.8149047441165483, 0.8208815838625327, 0.8274187523347031, 0.8347030257751215, 0.8399327605528577, 0.84572282405678, 0.8472170339932761, 0.8518864400448263, 0.8541277549495704, 0.8539409787075084, 0.866454986925663, 0.8698169592827792, 0.8731789316398954, 0.8757937990287635, 0.8793425476279417, 0.8856929398580501, 0.8840119536794919, 0.8894284646992903, 0.8995143817706388, 0.9071722076951811, 0.9006350392230108, 0.9118416137467314, 0.904744116548375, 0.9114680612626074, 0.9209936496077699, 0.9176316772506538, 0.9254762794172581, 0.9282779230481882, 0.9310795666791184, 0.9335076578259246, 0.9370564064251027, 0.9391109450877848, 0.9437803511393351, 0.941912588718715, 0.9443406798655211, 0.9493836384011953, 0.9534927157265596, 0.9534927157265596, 0.9566679118416137, 0.9583488980201719, 0.9581621217781098, 0.961150541651102, 0.9643257377661562, 0.9652596189764662, 0.9667538289129622, 0.9676877101232724, 0.9686215913335824, 0.9740381023533806, 0.9747852073216287, 0.9744116548375047, 0.980201718341427, 0.9781471796787449, 0.979454613373179, 0.9824430332461711, 0.980388494583489, 0.980014942099365, 0.981322375793799, 0.9815091520358611, 0.9848711243929772, 0.9844975719088532, 0.9887934254762795, 0.9906611878968995, 0.9846843481509152, 0.9886066492342174, 0.9871124392977213, 0.9889802017183414, 0.9901008591707134, 0.9895405304445275, 0.9908479641389615, 0.9908479641389615, 0.9925289503175196, 0.9921553978333956, 0.9915950691072095, 0.9915950691072095, 0.9930892790437056, 0.9927157265595816, 0.9914082928651475, 0.9940231602540157, 0.9940231602540157, 0.9936496077698916, 0.9947702652222637, 0.9942099364960777, 0.9942099364960777, 0.9943967127381397, 0.9949570414643257, 0.9932760552857677, 0.9936496077698916, 0.9947702652222637, 0.9964512514008218, 0.9958909226746357, 0.9947702652222637, 0.9947702652222637, 0.9955173701905118, 0.9964512514008218, 0.9970115801270079, 0.9964512514008218, 0.9955173701905118], "trainRumorF1": [0.19336586094543587, 0.2221576770323495, 0.3050264632823717, 0.3596689074064757, 0.4595504912760162, 0.5096280748262033, 0.5374410179873295, 0.5672711593713677, 0.5799687415772012, 0.6030141703426863, 0.6261491417100596, 0.6487468771074475, 0.6584660304325809, 0.6732312673882547, 0.686920641018923, 0.701986651980769, 0.7152506485301713, 0.7201479670801597, 0.7241879729531684, 0.7343652865149374, 0.7443951552370436, 0.756333773669525, 0.7625100235312035, 0.7744310540493856, 0.7736747833231243, 0.7803430963862091, 0.7848661982940692, 0.7840357157242348, 0.802697994079492, 0.8096071952829105, 0.8125984481835338, 0.8198494061992043, 0.8219926614469137, 0.8299086047357096, 0.8307866286259639, 0.8377070089727126, 0.8505585876965793, 0.8632016030430179, 0.855264012826332, 0.8716816262442931, 0.8616900806232356, 0.8716234100948815, 0.8868205428175393, 0.8794929366395969, 0.8916813771024625, 0.8956064274534958, 0.8997010795509597, 0.9036004354202254, 0.907268462160612, 0.9109590140132713, 0.9176343680357705, 0.9160063937297312, 0.9180348138812469, 0.9271217160737482, 0.9308354702791903, 0.9294699002733736, 0.9354964359515187, 0.9386809354426827, 0.9384377055533442, 0.9416657086334357, 0.9487036263300708, 0.9498887374999023, 0.9516275167932934, 0.9506790245317982, 0.952718524912999, 0.9604914301463959, 0.9637513943365753, 0.961761451345871, 0.9699913810867927, 0.9669121060524918, 0.9706550574530084, 0.9735618974048548, 0.969216919108741, 0.9692481528417368, 0.9723156410900378, 0.9719073148061627, 0.9784399901508642, 0.9764898922132428, 0.9841726361028268, 0.9872262896204664, 0.9776466363299866, 0.9842094492802687, 0.9814566173670405, 0.984489332857648, 0.9848578569152556, 0.9848995718087483, 0.9857014631779569, 0.9864824262979676, 0.9898230183421833, 0.9889721060097646, 0.9877670455501474, 0.9874932477174866, 0.9906270705306582, 0.9893645503337367, 0.987303234328982, 0.9905113441143099, 0.9910101166688641, 0.9910379175846918, 0.9910489306327409, 0.9911604661121658, 0.9914524274328566, 0.9923177079378263, 0.9925098056575267, 0.9894234327144825, 0.9899954699962283, 0.9914696616955857, 0.9941274593960738, 0.9943163807030209, 0.991256335671113, 0.9918373243742227, 0.9939960869533195, 0.9948086600633554, 0.9949400503708132, 0.9942873760600466, 0.9938036664100609], "trainLoss": [1.0497794151306152, 0.9717071652412415, 0.8780738115310669, 0.8323718905448914, 0.7881973385810852, 0.7543831467628479, 0.7182794213294983, 0.6932629346847534, 0.6717572212219238, 0.6426061391830444, 0.6211003661155701, 0.5963335037231445, 0.5773734450340271, 0.5579887628555298, 0.5434888005256653, 0.5214835405349731, 0.5115013122558594, 0.49607256054878235, 0.48329877853393555, 0.47211021184921265, 0.4548759460449219, 0.4482560157775879, 0.4260047972202301, 0.4130565822124481, 0.4084585905075073, 0.3915063738822937, 0.38538387417793274, 0.37164306640625, 0.35731327533721924, 0.3545208275318146, 0.3412919044494629, 0.3337850570678711, 0.3255578577518463, 0.3133679926395416, 0.30502137541770935, 0.2934610843658447, 0.28024420142173767, 0.2665746510028839, 0.2695232927799225, 0.2510626018047333, 0.2477790117263794, 0.23587429523468018, 0.22394713759422302, 0.2220894992351532, 0.2104116976261139, 0.20569507777690887, 0.19022610783576965, 0.18494270741939545, 0.18096917867660522, 0.17704598605632782, 0.16445375978946686, 0.16221526265144348, 0.15449626743793488, 0.14171144366264343, 0.13345977663993835, 0.1340498924255371, 0.12705808877944946, 0.11963946372270584, 0.11597035825252533, 0.11178278177976608, 0.10331735014915466, 0.100330650806427, 0.09551534801721573, 0.09125161916017532, 0.08642324060201645, 0.07647146284580231, 0.07200037688016891, 0.07090596854686737, 0.06229967623949051, 0.06164705008268356, 0.06145027279853821, 0.05610985681414604, 0.05490484833717346, 0.054852765053510666, 0.05220045521855354, 0.05131176859140396, 0.04688195511698723, 0.04647459089756012, 0.04107410088181496, 0.03529834374785423, 0.043527670204639435, 0.034957244992256165, 0.04230797663331032, 0.03427552059292793, 0.02896067313849926, 0.03271971642971039, 0.02643294259905815, 0.027808280661702156, 0.028495678678154945, 0.02236100658774376, 0.028140168637037277, 0.023525431752204895, 0.02407369390130043, 0.021877208724617958, 0.02620541863143444, 0.018578464165329933, 0.018181446939706802, 0.021259527653455734, 0.017367873340845108, 0.017414690926671028, 0.01548745296895504, 0.01671632006764412, 0.01683950051665306, 0.02096404880285263, 0.017976732924580574, 0.01995779760181904, 0.0117636201903224, 0.013138849288225174, 0.016603173688054085, 0.012200575321912766, 0.011799399740993977, 0.012029292993247509, 0.009034178219735622, 0.01228882186114788, 0.01315498910844326], "testRumorAcc": [0.7002801120448179, 0.7142857142857143, 0.7264239028944911, 0.7591036414565826, 0.7703081232492998, 0.7628384687208216, 0.76937441643324, 0.7740429505135388, 0.7740429505135388, 0.7740429505135388, 0.7712418300653595, 0.7703081232492998, 0.7712418300653595, 0.7675070028011205, 0.7647058823529411, 0.7609710550887021, 0.7647058823529411, 0.7544351073762838, 0.765639589169001, 0.773109243697479, 0.7563025210084033, 0.7609710550887021, 0.765639589169001],