{"epoch": 80, "macroF1Rumor": 0.7089493979350174, "accRumor": 0.7861811391223156, "loss": 0.8006362318992615, "trainRumorAcc": [0.6262607396339186, 0.6313036981695929, 0.6574523720582742, 0.6613746731415764, 0.6768771012327232, 0.6994770265222263, 0.7103100485618229, 0.7162868883078073, 0.7231976092641016, 0.7353380649981323, 0.7347777362719462, 0.7437429958909226, 0.748225625700411, 0.7564437803511393, 0.7577512140455734, 0.7637280537915577, 0.7713858797161001, 0.7762420620097124, 0.7812850205453866, 0.7840866641763168, 0.7889428464699291, 0.789129622711991, 0.7969742248785955, 0.7943593574897273, 0.8044452745610758, 0.7986552110571535, 0.8044452745610758, 0.8107956667911842, 0.8152782966006724, 0.8180799402316026, 0.8302203959656331, 0.8257377661561449, 0.8309675009338812, 0.8348898020171834, 0.8388121031004856, 0.8414269704893538, 0.8453492715726559, 0.8492715726559582, 0.8483376914456481, 0.8599178184534927, 0.8528203212551363, 0.8574897273066866, 0.8690698543145312, 0.866641763167725, 0.8677624206200971, 0.8670153156518491, 0.8675756443780351, 0.8772880089652596, 0.8776615614493837, 0.883638401195368, 0.8840119536794919, 0.8911094508778483, 0.8871871497945462, 0.8870003735524842, 0.8894284646992903, 0.8985805005603287, 0.8972730668658947, 0.9013821441912588, 0.8989540530444527, 0.9002614867388868, 0.9097870750840493, 0.9088531938737393, 0.9096002988419873, 0.9157639148300336, 0.9168845722824057, 0.9185655584609638, 0.9185655584609638, 0.9215539783339559, 0.9252895031751961, 0.923608516996638, 0.9265969368696302, 0.9286514755323123, 0.9318266716473664, 0.9264101606275682, 0.9325737766156145, 0.9286514755323123, 0.9348150915203586, 0.940791931266343, 0.9385506163615988, 0.941912588718715, 0.941912588718715, 0.9443406798655211, 0.9430332461710871, 0.9465819947702652, 0.9484497571908853, 0.9495704146432574, 0.9501307433694434, 0.9527456107583115, 0.9557340306313037, 0.9531191632424355, 0.9559208068733657, 0.9557340306313037, 0.9551737019051176, 0.9618976466193501, 0.9577885692939858, 0.960403436682854, 0.9557340306313037, 0.9609637654090399, 0.9574150168098617, 0.9626447515875981, 0.9667538289129622, 0.9637654090399701, 0.9639521852820321, 0.9693686963018304, 0.9682480388494583, 0.9656331714605902, 0.9708629062383265, 0.9703025775121404, 0.9729174449010086, 0.9719835636906985, 0.9740381023533806, 0.9725438924168845, 0.9753455360478147, 0.9725438924168845, 0.9787075084049309, 0.9747852073216287, 0.9770265222263728, 0.9757190885319388, 0.9785207321628688, 0.9787075084049309, 0.9745984310795667, 0.9770265222263728, 0.9785207321628688, 0.9787075084049309, 0.981322375793799, 0.980948823309675, 0.9798281658573029, 0.980575270825551, 0.9835636906985431, 0.9762794172581247], "trainRumorF1": [0.19618675764033186, 0.22374938588017923, 0.3028206246116223, 0.31915347509222075, 0.38233018628016274, 0.45511855742994584, 0.5085082929853921, 0.5270162056953448, 0.5405983355743519, 0.5624633004649509, 0.5658230793659726, 0.5851323414700437, 0.5989712577313503, 0.6093337818942051, 0.6167814687797076, 0.6296493482186434, 0.642167677494055, 0.6521667080347188, 0.6603125597233773, 0.6618838276603858, 0.675588885097091, 0.6739428310970063, 0.6832746368725109, 0.6812569598943932, 0.6975033345661935, 0.691034339473643, 0.7011435535395567, 0.7101319319560283, 0.7194455222248419, 0.7228430399314765, 0.7399251892355019, 0.7362475680989197, 0.7428936566424279, 0.7489968489425237, 0.7546620245286306, 0.7583663076975774, 0.764720208976515, 0.7738351160704714, 0.7726336893347203, 0.7886686618235367, 0.7797302650097837, 0.7847780309576851, 0.802462451204679, 0.7986503108166412, 0.7989988239026262, 0.7989151603616916, 0.8001226243395625, 0.817292883271533, 0.8143404442256682, 0.8239483441046411, 0.8225266806339926, 0.8353335281925172, 0.8304286245384522, 0.8313308296201459, 0.8357124636183011, 0.848154829821465, 0.8419157805618738, 0.8497972610866883, 0.8485602066098621, 0.8503695785313825, 0.864001993866596, 0.86611428874671, 0.8608112546558169, 0.8727163465619092, 0.8755433300489097, 0.8783608539248391, 0.8772390733490685, 0.8806119881664995, 0.8876668064393609, 0.884499251988001, 0.8903355533617168, 0.892686288705884, 0.8957354648051314, 0.8880478239242766, 0.8996504553757274, 0.8913078177107446, 0.899982953729535, 0.9119764383453788, 0.9058509399265101, 0.9127677801352969, 0.9108093884820603, 0.9163789721482509, 0.9157773944115963, 0.9193255814603851, 0.9201833512784381, 0.9225084772785421, 0.9269659522342656, 0.9289226708638842, 0.9329969033006342, 0.930050975579157, 0.9321349099680893, 0.9313344143579819, 0.9329238480462312, 0.9410726229986592, 0.9365467901792187, 0.9407372457854221, 0.9346204369706008, 0.9415123560042415, 0.935945153801022, 0.9438263599364123, 0.9520781237272813, 0.9433591425454185, 0.9468316123103444, 0.9532672293416325, 0.9512308799686175, 0.9469761553779813, 0.9565761949996041, 0.9565174441066094, 0.9564856556059373, 0.9576165529279377, 0.9614060155952555, 0.9594947667843434, 0.961343005366194, 0.9591089624398087, 0.9685216569427916, 0.9621546151578791, 0.9662232860433849, 0.961873411468516, 0.9690107373408853, 0.9676909708174553, 0.9619164724592902, 0.9654427924779027, 0.9687311915831553, 0.9678675122028794, 0.9721294151501633, 0.9715042701687682, 0.970411231847243, 0.9719328464166404, 0.975416230315996, 0.9635150883323652], "trainLoss": [1.0562613010406494, 0.9735190272331238, 0.8896335959434509, 0.853549599647522, 0.8253485560417175, 0.7933774590492249, 0.7683574557304382, 0.7422018647193909, 0.7233407497406006, 0.7049089670181274, 0.685693621635437, 0.6719252467155457, 0.6519296169281006, 0.639471709728241, 0.6278913021087646, 0.6107819080352783, 0.5942318439483643, 0.5768833160400391, 0.5724279284477234, 0.5573291182518005, 0.5461022853851318, 0.5436105728149414, 0.5303366780281067, 0.5226043462753296, 0.5199856162071228, 0.5090867877006531, 0.49962636828422546, 0.48907026648521423, 0.4764016270637512, 0.47549283504486084, 0.45622527599334717, 0.4493613541126251, 0.4443674683570862, 0.43435394763946533, 0.42830219864845276, 0.4233541190624237, 0.4119811952114105, 0.4020097851753235, 0.40416187047958374, 0.3809877634048462, 0.38264378905296326, 0.373977929353714, 0.35936862230300903, 0.36518821120262146, 0.3522348999977112, 0.34814926981925964, 0.3453204333782196, 0.33130210638046265, 0.3267810046672821, 0.3189157247543335, 0.31577157974243164, 0.30526140332221985, 0.3072812855243683, 0.3036211431026459, 0.2921472489833832, 0.2829626500606537, 0.2845875918865204, 0.26759588718414307, 0.26742255687713623, 0.27267971634864807, 0.2571740746498108, 0.255912721157074, 0.2447623610496521, 0.2367253452539444, 0.2305486500263214, 0.2249348908662796, 0.230498805642128, 0.2181701362133026, 0.21560533344745636, 0.20949211716651917, 0.20339781045913696, 0.19875642657279968, 0.19322197139263153, 0.1967168003320694, 0.19183357059955597, 0.19298893213272095, 0.18423105776309967, 0.1713400036096573, 0.17072413861751556, 0.16543592512607574, 0.16448910534381866, 0.1631973385810852, 0.15624922513961792, 0.15116016566753387, 0.14745327830314636, 0.14333724975585938, 0.14152096211910248, 0.1350613832473755, 0.1336159110069275, 0.129142627120018, 0.1320381909608841, 0.12336520105600357, 0.12963220477104187, 0.11380479484796524, 0.1160096749663353, 0.11524256318807602, 0.1208517923951149, 0.1080845519900322, 0.11820941418409348, 0.10540615767240524, 0.09861382097005844, 0.1006503626704216, 0.10314558446407318, 0.09110530465841293, 0.09315260499715805, 0.09157488495111465, 0.08790982514619827, 0.09048876166343689, 0.08546328544616699, 0.08233410865068436, 0.0769503116607666, 0.07521414011716843, 0.07629542797803879, 0.0797695741057396, 0.07344747334718704, 0.07629435509443283, 0.07201015204191208, 0.0653112456202507, 0.06619133800268173, 0.06408815830945969, 0.074859619140625, 0.061965618282556534, 0.05953886732459068, 0.059903163462877274, 0.05972229689359665, 0.057497598230838776, 0.061539724469184875, 0.05384843423962593, 0.061338309198617935, 0.0614197812974453],