{"epoch": 125, "macroF1Rumor": 0.7049943661183773, "accRumor": 0.7936507936507936, "loss": 1.9450485706329346, "trainRumorAcc": [0.6227119910347404, 0.6479267837131117, 0.6718341426970489, 0.69237952932387, 0.7149794546133732, 0.7379529323870003, 0.7478520732162869, 0.7547627941725813, 0.7521479267837131, 0.7609264101606276, 0.7611131864026895, 0.7713858797161001, 0.7760552857676504, 0.7840866641763168, 0.786701531565185, 0.7951064624579753, 0.7994023160254016, 0.8038849458348898, 0.8137840866641763, 0.8203212551363467, 0.8225625700410908, 0.8298468434815092, 0.8376914456481136, 0.8431079566679118, 0.8455360478147179, 0.8586103847590586, 0.8554351886440045, 0.865894658199477, 0.8685095255883452, 0.8696301830407173, 0.8782218901755696, 0.8825177437429959, 0.8896152409413522, 0.8922301083302204, 0.8948449757190885, 0.8978333955920806, 0.9011953679491969, 0.9088531938737393, 0.9079193126634292, 0.9206200971236459, 0.9213672020918939, 0.9224878595442659, 0.9267837131116922, 0.9288382517743743, 0.9318266716473664, 0.9391109450877848, 0.9379902876354128, 0.9441539036234591, 0.9493836384011953, 0.9490100859170714, 0.9467687710123273, 0.9518117295480015, 0.9555472543892417, 0.9559208068733657, 0.9574150168098617, 0.9637654090399701, 0.962457975345536, 0.9665670526709003, 0.9689951438177064, 0.9717967874486365, 0.9714232349645125, 0.9727306686589465, 0.9747852073216287, 0.9749719835636907, 0.9764661935001868, 0.9753455360478147, 0.9762794172581247, 0.9796413896152409, 0.9830033619723572, 0.9835636906985431, 0.9824430332461711, 0.9858050056032872, 0.9824430332461711, 0.9889802017183414, 0.9846843481509152, 0.9874859917818454, 0.9867388868135973, 0.9874859917818454, 0.9859917818453493, 0.9908479641389615, 0.9880463205080314, 0.9912215166230856, 0.9906611878968995, 0.9895405304445275, 0.9917818453492716, 0.9921553978333956, 0.9910347403810236, 0.9947702652222637, 0.9914082928651475, 0.9940231602540157, 0.9915950691072095, 0.9932760552857677, 0.9927157265595816, 0.9921553978333956, 0.9925289503175196, 0.9945834889802018, 0.9942099364960777, 0.9938363840119537, 0.9927157265595816, 0.9934628315278297, 0.9955173701905118, 0.9960776989166978, 0.9951438177063877, 0.9955173701905118, 0.9949570414643257, 0.9964512514008218, 0.9957041464325738, 0.9949570414643257, 0.9966380276428838, 0.9958909226746357, 0.9947702652222637, 0.9951438177063877, 0.9958909226746357, 0.9973851326111318, 0.9951438177063877, 0.9962644751587598, 0.9962644751587598, 0.9960776989166978, 0.9968248038849459, 0.9953305939484498, 0.9966380276428838, 0.9975719088531939, 0.9960776989166978, 0.9953305939484498, 0.9968248038849459, 0.9971983563690698, 0.9985057900635039, 0.9986925663055659, 0.9977586850952559, 0.9970115801270079, 0.9977586850952559, 0.9977586850952559, 0.9962644751587598, 0.9977586850952559, 0.9971983563690698, 0.9973851326111318, 0.9985057900635039, 0.9975719088531939, 0.9981322375793799, 0.9985057900635039, 0.9979454613373179, 0.9973851326111318, 0.9977586850952559, 0.9962644751587598, 0.9977586850952559, 0.9964512514008218, 0.9977586850952559, 0.9970115801270079, 0.9985057900635039, 0.9971983563690698, 0.998319013821442, 0.9977586850952559, 0.9986925663055659, 0.9988793425476279, 0.9981322375793799, 0.9986925663055659, 0.9977586850952559, 0.99906611878969, 0.998319013821442, 0.99906611878969, 0.999439671273814, 0.999252895031752, 0.9988793425476279, 0.9986925663055659, 0.9985057900635039, 0.998319013821442, 0.9988793425476279, 0.9985057900635039, 0.9988793425476279, 0.9988793425476279, 0.9985057900635039, 0.9988793425476279, 0.9986925663055659, 0.9985057900635039, 0.9988793425476279], "trainRumorF1": [0.1969401382729896, 0.2809324254138948, 0.3549363972433636, 0.4324858256926702, 0.5045715629186208, 0.5682381384905792, 0.5961703552520309, 0.6099571873298811, 0.6105105886863544, 0.624017453811162, 0.6280414914796529, 0.6417467765178918, 0.6480971508045328, 0.6619455183098366, 0.6657932925722174, 0.6784972998580244, 0.6861692080635883, 0.6960524263907181, 0.7126950115948757, 0.7223715159901554, 0.7260787265422135, 0.7377725005346134, 0.7534197686969051, 0.7581825857790934, 0.7648516289388427, 0.7844595229590405, 0.7829378408784085, 0.7939724253474604, 0.7987973568899605, 0.8035795309954277, 0.815402626684141, 0.8199609640634791, 0.8331888142723352, 0.8357680299442942, 0.8388992865911389, 0.8440592630778241, 0.8487986145936894, 0.8612729812705902, 0.8597935330930657, 0.879732257727997, 0.8794808523522223, 0.8838112286905605, 0.8880726500808234, 0.8918628926442517, 0.8953455309074443, 0.9074693788564285, 0.9047944741361065, 0.9129841789887605, 0.9227633761978801, 0.9209436012030492, 0.9181000675080769, 0.9273055967915554, 0.931733440238379, 0.9304595020670297, 0.9333439087484063, 0.943396312322225, 0.9418526746338275, 0.9494050569260626, 0.9516812713636075, 0.9561798594486484, 0.9545304384414643, 0.9592467256873988, 0.9602281887758798, 0.9624782142584246, 0.9637308431570306, 0.9619359289756333, 0.9618362883517334, 0.9686967855526456, 0.9722175675864736, 0.9744241186370695, 0.9752749214065363, 0.9779808924362493, 0.9727372527125707, 0.9826553050966762, 0.9758776216206025, 0.9809191642189947, 0.9794906765790146, 0.981983899766447, 0.9783897271045982, 0.9862408770567972, 0.9816263457350932, 0.9869787651233195, 0.9856343649810482, 0.9824987634723406, 0.986828644167862, 0.9877853823431898, 0.9856074676975755, 0.9928982572322608, 0.987271023715806, 0.9905154155132639, 0.9865051076126672, 0.9896986118385669, 0.9893039736350555, 0.9877525466177515, 0.9884787752361943, 0.9930277514631225, 0.9915417922424892, 0.9913028981707458, 0.9894724072452554, 0.9904417627905866, 0.9934955234797493, 0.9941416200211253, 0.9926363875039084, 0.9942208780140898, 0.9923824960491828, 0.9945697096942496, 0.9938162847221471, 0.9933355356066444, 0.9955440086944324, 0.9937110072651205, 0.9917224262175035, 0.9928137528882854, 0.994060864508771, 0.9959371016738862, 0.9934880859061612, 0.9946547091543765, 0.9941157980564226, 0.9939237601560181, 0.9954889890644745, 0.9938010562816919, 0.9950633594622976, 0.9964950810688497, 0.9947164832773625, 0.9929482419400846, 0.9958136932563372, 0.995664958337304, 0.9976523603991264, 0.9982138335537303, 0.9967280480078894, 0.9956575656492347, 0.9963334585314858, 0.9965021771081968, 0.9939853998054493, 0.996835011725824, 0.9963475205375949, 0.99640393315397, 0.9977548896490396, 0.9963089836032067, 0.9968454496915622, 0.9970931226306361, 0.9975231450853785, 0.9963446236589802, 0.9959921019816582, 0.9944302501158843, 0.9965810494895612, 0.9953444921070205, 0.9968067624043556, 0.9953796057609647, 0.9972712444229446, 0.995363622294489, 0.9975521571398486, 0.9964766740791816, 0.9980262522782604, 0.9982042055701092, 0.9973094319810036, 0.9979467796650413, 0.9966975535610576, 0.9984629369683095, 0.997602035965563, 0.9989369424886306, 0.9993860665693666, 0.9987330140495297, 0.9982183671821212, 0.9981296829301629, 0.9980211003947905, 0.9973819466867619, 0.998165075604992, 0.9977209829033873, 0.9982078512770429, 0.9982835187352156, 0.997862563517494, 0.9980721866423883, 0.9978046336562628, 0.9975837214895271, 0.998164473868909],