{"epoch": 45, "macroF1Rumor": 0.684870036970644, "accRumor": 0.7703081232492998, "loss": 0.6833177208900452, "trainRumorAcc": [0.6285020545386627, 0.6428838251774375, 0.6651101979828166, 0.6834142697048935, 0.7082555098991409, 0.7274934628315278, 0.7409413522599926, 0.7450504295853567, 0.7521479267837131, 0.7579379902876354, 0.7702652222637281, 0.7717594322002241, 0.7768023907358984, 0.7850205453866268, 0.7911841613746732, 0.7951064624579753, 0.8063130369816959, 0.8093014568546881, 0.8122898767276803, 0.8165857302951065, 0.8240567799775869, 0.826298094882331, 0.8290997385132611, 0.8412401942472918, 0.8419872992155398, 0.8488980201718341, 0.8498319013821442, 0.8580500560328727, 0.8582368322749346, 0.863840119536795, 0.8698169592827792, 0.8742995890922675, 0.8799028763541278, 0.8780351139335076, 0.8812103100485619, 0.8931639895405304, 0.8926036608143444, 0.8959656331714606, 0.8993276055285767, 0.9004482629809488, 0.9060515502428091, 0.9127754949570415, 0.9138961524094136, 0.9146432573776616, 0.9213672020918939, 0.9180052297347777, 0.92472917444901, 0.9269704893537543, 0.9357489727306687, 0.9320134478894284, 0.9323870003735525, 0.941912588718715, 0.9456481135599552, 0.9478894284646993, 0.9462084422861412, 0.9503175196115055, 0.9499439671273814, 0.9521852820321255, 0.9572282405677998, 0.9598431079566679, 0.962084422861412, 0.9628315278296601, 0.960403436682854, 0.9661935001867762, 0.9721703399327606, 0.9695554725438924, 0.9697422487859544, 0.9751587598057527, 0.9766529697422488, 0.9785207321628688, 0.9760926410160627, 0.9785207321628688, 0.9816959282779231, 0.9824430332461711, 0.9822562570041091, 0.9824430332461711, 0.980388494583489, 0.9848711243929772, 0.9876727680239074, 0.9841240194247292, 0.9848711243929772, 0.9886066492342174, 0.9882330967500934, 0.9861785580874113, 0.9869256630556593, 0.9867388868135973, 0.9902876354127755, 0.9889802017183414, 0.9910347403810236, 0.9899140829286515, 0.9895405304445275, 0.9897273066865895, 0.9912215166230856, 0.9930892790437056, 0.9938363840119537], "trainRumorF1": [0.1939282175082519, 0.2607921489911116, 0.31506439100077577, 0.36774025030921215, 0.4707613888402359, 0.5408855118811604, 0.5762194152536311, 0.5898597365006162, 0.6067467107734885, 0.6162147713814141, 0.6394918071392981, 0.6431172726218396, 0.6520070784316424, 0.6672244242297825, 0.6790104110342448, 0.6840161745938427, 0.706589897001688, 0.7072055595742321, 0.715194503420797, 0.7232347642721343, 0.7351936140660612, 0.7410442775094934, 0.7437989481711768, 0.7637340901763146, 0.7650378740227978, 0.7739985161287773, 0.7747404159138638, 0.788079373650947, 0.7917765322905026, 0.7989558735377117, 0.8072926756497389, 0.8142769227411144, 0.8210891628584374, 0.8173985712598633, 0.8257440395820083, 0.842841482695546, 0.8417196955578679, 0.8446940764669271, 0.8522547775462084, 0.8527197258151454, 0.8605131524056764, 0.86955484768702, 0.8732086425728803, 0.8714591940808567, 0.8801534041705235, 0.8793376737255558, 0.8863137224561592, 0.8903435693861635, 0.9043355785655974, 0.8974850622910114, 0.9000233360284189, 0.9116295838276832, 0.9171788930906661, 0.9197971643740435, 0.9176645136267325, 0.9247134304771394, 0.9252712400079379, 0.9289223219746787, 0.9364157247529027, 0.9391826811269358, 0.9428534137971376, 0.9419810425268894, 0.9395300538207529, 0.9486904562702702, 0.9576038569395628, 0.9548290288045639, 0.9544877982890116, 0.9627550335399179, 0.9641197243514001, 0.968744084829092, 0.9648209218200778, 0.968262489269205, 0.971000161005952, 0.9729239872588809, 0.9732147053811876, 0.9727618400162381, 0.9695814255405053, 0.9766525606169933, 0.9815620791666357, 0.9748070352698386, 0.9770048310015244, 0.9830462616158346, 0.9820857236506089, 0.9802528014601205, 0.9812025601276952, 0.9788711197278501, 0.98676215635846, 0.9853728331068422, 0.9865787353391678, 0.9849403551651515, 0.9837970233255496, 0.9839718019967479, 0.9862190549902786, 0.9886888127158888, 0.9908519529098694], "trainLoss": [1.0412191152572632, 0.9305389523506165, 0.8614616394042969, 0.8122943639755249, 0.7721765041351318, 0.7321159839630127, 0.6960914731025696, 0.6733328104019165, 0.6483628153800964, 0.6328491568565369, 0.6117672920227051, 0.5917009115219116, 0.578569769859314, 0.5618965029716492, 0.5467581748962402, 0.5354321599006653, 0.509309709072113, 0.501004159450531, 0.48936206102371216, 0.4707127511501312, 0.46074002981185913, 0.45193997025489807, 0.4405975937843323, 0.4258479177951813, 0.42091116309165955, 0.40675467252731323, 0.3978222906589508, 0.38565027713775635, 0.37502747774124146, 0.3665235936641693, 0.3546827733516693, 0.3477546274662018, 0.32974761724472046, 0.3305184245109558, 0.32080817222595215, 0.2992783486843109, 0.29550641775131226, 0.29000887274742126, 0.2814948558807373, 0.2722141742706299, 0.259231299161911, 0.24989166855812073, 0.24278153479099274, 0.23797950148582458, 0.22365610301494598, 0.220441073179245, 0.2119741290807724, 0.2051956206560135, 0.18851922452449799, 0.18986062705516815, 0.18348486721515656, 0.16582152247428894, 0.1613922417163849, 0.15778297185897827, 0.15177614986896515, 0.1436738818883896, 0.14211754500865936, 0.13457228243350983, 0.12258082628250122, 0.11737096309661865, 0.10873913019895554, 0.11051487922668457, 0.10816313326358795, 0.0989229679107666, 0.08718321472406387, 0.0900007039308548, 0.08430832624435425, 0.07561054825782776, 0.07253168523311615, 0.0690915510058403, 0.07120481878519058, 0.06910178065299988, 0.059506211429834366, 0.05543934926390648, 0.05476093292236328, 0.05086148902773857, 0.05294567346572876, 0.048204973340034485, 0.039968304336071014, 0.04615873843431473, 0.04603086784482002, 0.03434215113520622, 0.03868021070957184, 0.0412045381963253, 0.03973742574453354, 0.03813456371426582, 0.03587387129664421, 0.0317387692630291, 0.028927601873874664, 0.031190527603030205, 0.032914742827415466, 0.028653113171458244, 0.02867969498038292, 0.028314482420682907, 0.02339063584804535], "testRumorAcc": [0.7068160597572363, 0.7254901960784313, 0.7441643323996265, 0.765639589169001, 0.773109243697479, 0.7749766573295985, 0.7712418300653595, 0.7712418300653595, 0.7703081232492998, 0.76937441643324, 0.7721755368814193, 0.7675070028011205, 0.7628384687208216, 0.7591036414565826, 0.7619047619047619, 0.7507002801120448, 0.7600373482726424, 0.7619047619047619, 0.7619047619047619], "testRumorF1": [0.5153308370486023, 0.5926518234566346, 0.6334475586470267, 0.6725648441630542, 0.6792802510197271, 0.6770749953684663, 0.6737077379686183, 0.6726877405800018, 0.684870036970644, 0.672706604528221, 0.6786730112880247, 0.6713052276720393, 0.6673590630075862, 0.6620069181478953, 0.6607538687744572, 0.6533949522938725, 0.6578139547384805, 0.6705617931632559, 0.6564805224679898], "testLoss": [0.7837346196174622, 0.6789348125457764, 0.6235717535018921, 0.6013710498809814, 0.590989351272583, 0.5932694673538208, 0.6067296862602234, 0.6516526341438293, 0.6833177208900452, 0.7416979670524597, 0.8446648120880127, 0.8938257098197937, 1.0009738206863403, 1.1259796619415283, 1.2380924224853516, 1.2959436178207397, 1.389747142791748, 1.4008663892745972, 1.575508952140808]}