{"epoch": 55, "macroF1Rumor": 0.7044389179379227, "accRumor": 0.7815126050420168, "loss": 0.6851637363433838, "trainRumorAcc": [0.6283152782966007, 0.634105341800523, 0.6529697422487859, 0.6600672394471423, 0.673515128875607, 0.6972357116174822, 0.7147926783713112, 0.7217033993276055, 0.7263728053791557, 0.7291744490100859, 0.7360851699663803, 0.7443033246171087, 0.7463578632797908, 0.7549495704146433, 0.7654090399701158, 0.7667164736645499, 0.7741875233470302, 0.7833395592080687, 0.7852073216286888, 0.786888307807247, 0.7919312663429212, 0.7934254762794173, 0.8010833022039596, 0.80668658946582, 0.8102353380649981, 0.809114680612626, 0.8242435562196488, 0.8234964512514008, 0.8242435562196488, 0.8233096750093388, 0.827231976092641, 0.8320881583862533, 0.8369443406798656, 0.8388121031004856, 0.8533806499813223, 0.8481509152035861, 0.8522599925289503, 0.8524467687710123, 0.8580500560328727, 0.8535674262233844, 0.8548748599178184, 0.864960776989167, 0.8672020918939111, 0.865521105715353, 0.864960776989167, 0.8784086664176317, 0.8720582741875234, 0.8799028763541278, 0.8838251774374299, 0.884198729921554, 0.884572282405678, 0.8884945834889802, 0.8940978707508405, 0.8929772132984685, 0.8924168845722824, 0.8978333955920806, 0.8980201718341427, 0.9011953679491969, 0.9017556966753829, 0.904370564064251, 0.9082928651475533, 0.9110945087784834, 0.9142697048935375, 0.9086664176316772, 0.9174449010085917, 0.9204333208815839, 0.9254762794172581, 0.9187523347030258, 0.9282779230481882, 0.9234217407545761, 0.9264101606275682, 0.9264101606275682, 0.9277175943220023, 0.9305192379529323, 0.9363093014568546, 0.9392977213298468, 0.9376167351512887, 0.941539036234591, 0.9379902876354128, 0.943593574897273, 0.940978707508405, 0.941912588718715, 0.9411654837504669, 0.943406798655211, 0.9510646245797535, 0.9490100859170714, 0.9518117295480015, 0.9512514008218155, 0.9493836384011953, 0.9576017930519238, 0.960403436682854, 0.9596563317146058, 0.9559208068733657, 0.9609637654090399, 0.961710870377288, 0.9589092267463578, 0.9564811355995517, 0.9598431079566679, 0.9590960029884199, 0.9645125140082181, 0.9635786327979081, 0.9680612626073963, 0.9661935001867762, 0.9671273813970863, 0.963205080313784], "trainRumorF1": [0.19348097512291562, 0.22353100429528247, 0.2941942423518451, 0.3213054211164977, 0.36162073604222383, 0.4468061041458767, 0.5073840444445036, 0.538308922387326, 0.5538802735283983, 0.5605705957448335, 0.5771237105423156, 0.5938096164115317, 0.5959011891238573, 0.6110767646062655, 0.6280912939802954, 0.6339611126578713, 0.6442372651470996, 0.6558179282853553, 0.6635055664052495, 0.6673496270929092, 0.675977704398393, 0.6819826821374227, 0.6935115503048968, 0.7042656659511953, 0.7082610543387277, 0.7070958298493997, 0.728002635632933, 0.7276789853975383, 0.733635455118693, 0.7302912408877381, 0.7341418723028117, 0.744554341733179, 0.7506069947086992, 0.7562790043823366, 0.7781954058450155, 0.7694497526898476, 0.7764797924273037, 0.7766488396652975, 0.7863725562977155, 0.7773173310048822, 0.7824285814467546, 0.7963066700004098, 0.7971328744714189, 0.7959227562993767, 0.7987374829058703, 0.8167319213983366, 0.8083331965102833, 0.8181880583986476, 0.8257712370490063, 0.8247970014960624, 0.8274051646769927, 0.8304798785341293, 0.8368892285196051, 0.8367073706325217, 0.8362336143428497, 0.8479151859566242, 0.8466526460806064, 0.8530488815601126, 0.8525555893553289, 0.8540336006291209, 0.862681960085962, 0.8655581180420491, 0.8719590882469995, 0.8613601218042315, 0.875929186291633, 0.8790710323378751, 0.8876093259435655, 0.8780025775937802, 0.8886867424598917, 0.8839327302429243, 0.8889940250990952, 0.8864951031408712, 0.8928574955508632, 0.8958745162179367, 0.9040883059808063, 0.908086577493097, 0.9039269962823173, 0.9113460390091106, 0.9057897110585992, 0.9132804624950048, 0.9117419992999531, 0.9119044238894936, 0.9103537241323638, 0.9137430684042127, 0.9256879960759818, 0.9231659377909894, 0.9277309219962331, 0.9269356135185298, 0.9236483258094442, 0.9340456012103556, 0.9400356163774064, 0.939021411098768, 0.931530658547417, 0.9390455535604482, 0.9399441817888889, 0.9397495529936872, 0.9344176810260941, 0.9402119448260959, 0.9376158105130944, 0.9465196118270697, 0.943419056494694, 0.9520794520251982, 0.9478736109376298, 0.9489717853564751, 0.9438940553057321], "trainLoss": [1.0532163381576538, 0.977501630783081, 0.899882972240448, 0.8659852743148804, 0.8322862386703491, 0.7973941564559937, 0.767255961894989, 0.7368394732475281, 0.7123438119888306, 0.6966833472251892, 0.6821601986885071, 0.6611527800559998, 0.6456857919692993, 0.6355915665626526, 0.614021897315979, 0.6061805486679077, 0.5909878611564636, 0.5756248235702515, 0.5703497529029846, 0.5562319755554199, 0.546883761882782, 0.5345137715339661, 0.5201417803764343, 0.5167073011398315, 0.5058877468109131, 0.5011759996414185, 0.4783489406108856, 0.4769596755504608, 0.46981245279312134, 0.46098971366882324, 0.45552948117256165, 0.4412749409675598, 0.43573060631752014, 0.43472549319267273, 0.4168592393398285, 0.41811421513557434, 0.4008837044239044, 0.39575064182281494, 0.39467814564704895, 0.3933323621749878, 0.38281092047691345, 0.3675929009914398, 0.3552354872226715, 0.3626546561717987, 0.3513280153274536, 0.34165307879447937, 0.3437265455722809, 0.32887789607048035, 0.3158535659313202, 0.31228360533714294, 0.3133562207221985, 0.3098376393318176, 0.29568272829055786, 0.2858603596687317, 0.29279595613479614, 0.280301570892334, 0.27785351872444153, 0.27723458409309387, 0.26293036341667175, 0.25874295830726624, 0.2542448937892914, 0.2412385493516922, 0.22822901606559753, 0.2365429550409317, 0.22980213165283203, 0.2155013233423233, 0.21370504796504974, 0.21801796555519104, 0.19655750691890717, 0.20980499684810638, 0.20003847777843475, 0.19507858157157898, 0.19419606029987335, 0.19762398302555084, 0.17241714894771576, 0.17270806431770325, 0.17297960817813873, 0.16530226171016693, 0.16778495907783508, 0.15563823282718658, 0.16344696283340454, 0.16083239018917084, 0.1532304584980011, 0.14953313767910004, 0.13520799577236176, 0.13840997219085693, 0.13503411412239075, 0.13682474195957184, 0.13477593660354614, 0.11712074279785156, 0.11456368863582611, 0.11650722473859787, 0.12292541563510895, 0.11659350246191025, 0.11408209800720215, 0.1185961589217186, 0.1200241819024086, 0.1075051873922348, 0.10904303938150406, 0.10628429055213928, 0.10142917931079865, 0.0988413542509079, 0.09518226236104965, 0.0993969514966011, 0.1013675108551979], "testRumorAcc": [0.6778711484593838, 0.7068160597572363, 0.7236227824463118, 0.7469654528478058, 0.7507002801120448, 0.7581699346405228, 0.773109243697479, 0.7796451914098973, 0.76937441643324, 0.7749766573295985, 0.7815126050420168, 0.780578898225957, 0.7796451914098973, 0.7721755368814193, 0.7740429505135388, 0.7759103641456583, 0.7749766573295985, 0.776844070961718, 0.7749766573295985, 0.7749766573295985, 0.780578898225957], "testRumorF1": [0.41469330119109565, 0.5664707850904476, 0.6033745197436713, 0.6285137303810626, 0.6401584317937702, 0.6641995684761328, 0.677158828136006, 0.6897818849676096, 0.6833814858419994, 0.6895330504271575, 0.7044389179379227, 0.6946603547056692, 0.6994216622796059, 0.6751121921267389, 0.6858178444676972, 0.6920683782175816, 0.6824610755736462, 0.6901924724320854, 0.6930945136131812, 0.6898480615010311, 0.6950219744879048], "testLoss": [0.8356985449790955, 0.7236278653144836, 0.6739198565483093, 0.6343772411346436, 0.6192927360534668, 0.6135451793670654, 0.611741304397583, 0.6118592619895935, 0.6437958478927612, 0.6583715081214905, 0.6851637363433838, 0.7066745758056641, 0.7633631825447083, 0.829753041267395, 0.8368491530418396, 0.8914933800697327, 0.9585139751434326, 0.9912951588630676, 1.0677257776260376, 1.0896247625350952, 1.1598416566848755]}