{"epoch": 40, "macroF1Rumor": 0.7065484461057923, "accRumor": 0.7749766573295985, "loss": 0.6317327618598938, "trainRumorAcc": [0.6219648860664924, 0.6406425102726934, 0.6578259245423982, 0.6759432200224131, 0.7009712364587225, 0.712177810982443, 0.7211430706014195, 0.7258124766529698, 0.7398206948076205, 0.7353380649981323, 0.7463578632797908, 0.7534553604781472, 0.7534553604781472, 0.7633545013074337, 0.7655958162121778, 0.7702652222637281, 0.7805379155771386, 0.7831527829660068, 0.7863279790810609, 0.7870750840493089, 0.8012700784460217, 0.80668658946582, 0.807060141949944, 0.8124766529697423, 0.8186402689577885, 0.8208815838625327, 0.8236832274934628, 0.8206948076204706, 0.8319013821441913, 0.8328352633545013, 0.8361972357116175, 0.8380649981322376, 0.845909600298842, 0.8436682853940979, 0.8558087411281285, 0.8561822936122525, 0.8597310422114307, 0.8586103847590586, 0.8630930145685469, 0.8698169592827792, 0.8714979454613373, 0.8778483376914457, 0.8774747852073216, 0.8761673515128876, 0.884385506163616, 0.8828912962271199, 0.8875607022786701, 0.8886813597310422, 0.8916697796040344, 0.8957788569293986, 0.8965259618976467, 0.902502801643631, 0.9008218154650729, 0.903997011580127, 0.9105341800522974, 0.9090399701158013, 0.9129622711991034, 0.9129622711991034, 0.9178184534927157, 0.9166977960403436, 0.9267837131116922, 0.9209936496077699, 0.9288382517743743, 0.9269704893537543, 0.9323870003735525, 0.9325737766156145, 0.9370564064251027, 0.9310795666791184, 0.9370564064251027, 0.9376167351512887, 0.9411654837504669, 0.9413522599925289, 0.942472917444901, 0.9478894284646993, 0.9486365334329473, 0.9484497571908853, 0.9499439671273814, 0.9488233096750094, 0.9505042958535674, 0.9548001494209937, 0.9561075831154278, 0.9581621217781098, 0.9576017930519238, 0.9579753455360478, 0.9590960029884199, 0.9587224505042958, 0.9600298841987299, 0.9641389615240942, 0.9626447515875981, 0.9626447515875981], "trainRumorF1": [0.1996515660799787, 0.2611663935906758, 0.31639221006690343, 0.38060997065564955, 0.47186585911763895, 0.5131454808955981, 0.5402647310929032, 0.5546277025134867, 0.5833942729090407, 0.5804363625799592, 0.5986368810804671, 0.6115479784480905, 0.6123550491686313, 0.6337542389055518, 0.6388473767753927, 0.6481110018513055, 0.659994408184345, 0.6672647069413064, 0.6757839148442529, 0.6743610799770936, 0.6962547668368038, 0.7082117122067032, 0.7085871677174576, 0.7141361817090095, 0.7301369945214542, 0.7317375031301098, 0.7339005922512185, 0.7301665457723634, 0.7467308281021094, 0.7487157913592158, 0.7527087193053241, 0.7587339435238795, 0.7706158803692333, 0.7704990077093328, 0.7845484509983955, 0.7867688228464066, 0.7931448898611863, 0.78641484089672, 0.7956118166310275, 0.808529284446882, 0.8090731621071398, 0.8180216341965295, 0.8207402299991824, 0.8169944682879875, 0.828799403100183, 0.8235175598531168, 0.8345272515472927, 0.8359344624523175, 0.8391981875077165, 0.845764058159183, 0.8456642729121692, 0.8583460583907205, 0.851537072488873, 0.8550100850062858, 0.8681566906170227, 0.8655253811529915, 0.8722972741860129, 0.8706247231369685, 0.8787266473632884, 0.8767740993317812, 0.8929033328569631, 0.8809247930590561, 0.8961838675279143, 0.893830049631128, 0.9012809268448311, 0.8990593568845131, 0.9065822027958602, 0.8979271314248124, 0.9055850868995581, 0.9081175576614482, 0.913817450380076, 0.91240864525831, 0.9152195302503975, 0.9233674245505887, 0.9251703337495274, 0.9209498186804177, 0.9265140882970346, 0.9255872010415698, 0.9276523000067163, 0.9320022890386795, 0.9377147023491234, 0.9390868851965692, 0.9363314703374704, 0.9374545553626439, 0.9402845446067526, 0.937906308553065, 0.9384775876018344, 0.9467698448435533, 0.9446058678339613, 0.9440562426739658], "trainLoss": [1.0405594110488892, 0.9392234086990356, 0.8827019929885864, 0.8342692255973816, 0.787900984287262, 0.7517518997192383, 0.7283259034156799, 0.7055132389068604, 0.6852845549583435, 0.6720080971717834, 0.647163987159729, 0.6347712874412537, 0.6260698437690735, 0.6098921895027161, 0.5941075086593628, 0.5792133212089539, 0.5623065829277039, 0.5551599264144897, 0.545137345790863, 0.5410192012786865, 0.5255887508392334, 0.5099760293960571, 0.5073936581611633, 0.48521095514297485, 0.47355926036834717, 0.4765161871910095, 0.46890243887901306, 0.4563473165035248, 0.45157408714294434, 0.43750089406967163, 0.42412757873535156, 0.4254133999347687, 0.4053551256656647, 0.4073244333267212, 0.3938404619693756, 0.38316580653190613, 0.37200772762298584, 0.37198007106781006, 0.3680974841117859, 0.3419349491596222, 0.3438723385334015, 0.3279784917831421, 0.332296758890152, 0.32909151911735535, 0.3110424876213074, 0.30571332573890686, 0.305288702249527, 0.2942166030406952, 0.29494965076446533, 0.2879849672317505, 0.2740090489387512, 0.270920068025589, 0.2706441283226013, 0.25570768117904663, 0.24531632661819458, 0.24548253417015076, 0.23664753139019012, 0.24028153717517853, 0.22403575479984283, 0.21967269480228424, 0.20886759459972382, 0.2153347283601761, 0.20223857462406158, 0.1952795386314392, 0.1977306753396988, 0.1877567321062088, 0.18377895653247833, 0.18900343775749207, 0.17628566920757294, 0.1669742614030838, 0.16077488660812378, 0.163381889462471, 0.15939636528491974, 0.14490459859371185, 0.1475059986114502, 0.14835843443870544, 0.14412161707878113, 0.1428677886724472, 0.13895359635353088, 0.13005033135414124, 0.12343136221170425, 0.12687192857265472, 0.11618047952651978, 0.11829997599124908, 0.11760245263576508, 0.11705836653709412, 0.1112682893872261, 0.10750626027584076, 0.099714495241642, 0.10767392069101334], "testRumorAcc": [0.6918767507002801, 0.7096171802054155, 0.7366946778711485, 0.7516339869281046, 0.7609710550887021, 0.7712418300653595, 0.7712418300653595, 0.7749766573295985, 0.76937441643324, 0.7777777777777778, 0.7777777777777778, 0.776844070961718, 0.7628384687208216, 0.776844070961718, 0.76937441643324, 0.765639589169001, 0.7796451914098973, 0.7535014005602241], "testRumorF1": [0.5210415661690295, 0.5691841731147349, 0.6188262105048291, 0.64483356323171, 0.6687538340587806, 0.6748887249402468, 0.68256840590884, 0.7065484461057923, 0.6889671115616685, 0.689547470016595, 0.6976443975345648, 0.6933052218294405, 0.6924306222556298, 0.692414951835704, 0.6839893084115809, 0.6839655137753953, 0.6859693770465712, 0.6784444312202935], "testLoss": [0.8084173202514648, 0.6968336701393127, 0.6489619016647339, 0.6214680075645447, 0.6087205410003662, 0.6023417115211487, 0.6021833419799805, 0.6317327618598938, 0.6291537880897522, 0.6395986676216125, 0.6743268370628357, 0.7114661931991577, 0.797003984451294, 0.8108078241348267, 0.8408136963844299, 0.8929553031921387, 1.02582585811615, 1.0341476202011108]}