{"epoch": 30, "macroF1Rumor": 0.6977738257112702, "accRumor": 0.7796451914098973, "loss": 0.6315141320228577, "trainRumorAcc": [0.6281285020545386, 0.6522226372805379, 0.673328352633545, 0.7013447889428465, 0.7202091893911095, 0.7265595816212178, 0.7398206948076205, 0.7441165483750467, 0.7605528576765036, 0.7672768023907359, 0.7730668658946582, 0.7810982443033246, 0.7904370564064251, 0.7947329099738514, 0.7956667911841614, 0.8048188270451998, 0.8111692192753082, 0.8188270451998506, 0.8240567799775869, 0.8274187523347031, 0.8373178931639895, 0.846469929025028, 0.8403063130369817, 0.8556219648860665, 0.8526335450130743, 0.8617855808741128, 0.8651475532312289, 0.8668285394097871, 0.8784086664176317, 0.885132611131864, 0.8763541277549496, 0.884385506163616, 0.8985805005603287, 0.8983937243182667, 0.9004482629809488, 0.9088531938737393, 0.9135225999252895, 0.9159506910720956, 0.9187523347030258, 0.923234964512514, 0.9267837131116922, 0.9293985805005603, 0.9320134478894284, 0.9381770638774748, 0.940791931266343, 0.9456481135599552, 0.9452745610758312, 0.9488233096750094, 0.9521852820321255, 0.9544265969368696, 0.9553604781471797, 0.9596563317146058, 0.960776989166978, 0.9635786327979081, 0.9645125140082181, 0.9676877101232724, 0.9697422487859544, 0.9675009338812103, 0.9774000747104968, 0.9744116548375047, 0.9770265222263728, 0.980388494583489, 0.9755323122898767, 0.982069480762047, 0.980014942099365, 0.980948823309675, 0.981322375793799, 0.9865521105715352, 0.9837504669406052, 0.9852446768771013, 0.9880463205080314, 0.9869256630556593, 0.9882330967500934, 0.9874859917818454, 0.9884198729921554, 0.9897273066865895, 0.9914082928651475, 0.9910347403810236, 0.9895405304445275, 0.9919686215913336], "trainRumorF1": [0.1941352166337341, 0.29782038527950716, 0.3794897407479172, 0.48051586165561994, 0.5277384779847138, 0.5504356044967759, 0.5821130292871772, 0.5931859778048317, 0.6289215485723775, 0.63695640163058, 0.6518854328435384, 0.6636162234694835, 0.6814075046426783, 0.6893441225097666, 0.6911832220024184, 0.7084446516084209, 0.7152595093187475, 0.7268489249167671, 0.7388774838286039, 0.7435050284232055, 0.7596046747147547, 0.7748272473228219, 0.7681193901237671, 0.7878679253090349, 0.7818471080816194, 0.7976980472964064, 0.8039568189643496, 0.8049813816755047, 0.8235811452258617, 0.8331669718489014, 0.8211087843585694, 0.8327712555605123, 0.8502628027556772, 0.8498928008353357, 0.854430519968965, 0.864848635712626, 0.871455128225969, 0.8757725210303686, 0.8813563007097355, 0.8891540716214827, 0.8943952220838757, 0.896771355729255, 0.8999245096491835, 0.9096864585176446, 0.9137558070048478, 0.918511091533978, 0.9198492601644706, 0.925610200125248, 0.9306317734476238, 0.9322029149311627, 0.9336008656635908, 0.9413282611530593, 0.9397656228285538, 0.9470212284003044, 0.9487936032833233, 0.9514109501286122, 0.9548736625105266, 0.9511796735991417, 0.9656463534568569, 0.9642307735715622, 0.9646676919267725, 0.9716461804404268, 0.9636706033039841, 0.9731256354851896, 0.9683677723670508, 0.972666419279752, 0.9722885145319271, 0.9810800419977481, 0.9771905734138995, 0.9776302420057204, 0.9820193141396598, 0.9814552835894313, 0.9828378658627495, 0.9816601704631822, 0.9833426886580511, 0.9854251837887534, 0.9871751054126692, 0.9863282842090761, 0.9849341694251412, 0.9880779052377436], "trainLoss": [1.0252089500427246, 0.897460401058197, 0.833564817905426, 0.7848504781723022, 0.7360280752182007, 0.7101796269416809, 0.6770578622817993, 0.6490339040756226, 0.6191547513008118, 0.6006550788879395, 0.5821994543075562, 0.5621771216392517, 0.5428552031517029, 0.529834508895874, 0.5138821601867676, 0.4995230734348297, 0.4797609746456146, 0.4686315059661865, 0.4510548412799835, 0.44006475806236267, 0.4225753843784332, 0.41425007581710815, 0.4035227298736572, 0.3858679234981537, 0.37541985511779785, 0.36231282353401184, 0.3573501408100128, 0.3455062210559845, 0.33196961879730225, 0.3180580735206604, 0.31546956300735474, 0.3052440583705902, 0.28501051664352417, 0.2791655361652374, 0.2675539553165436, 0.25194865465164185, 0.24559974670410156, 0.23627248406410217, 0.22314408421516418, 0.21790947020053864, 0.2000986486673355, 0.20272307097911835, 0.1885550618171692, 0.1788417547941208, 0.16601960361003876, 0.1584775745868683, 0.1527813971042633, 0.14451761543750763, 0.13267938792705536, 0.13548213243484497, 0.12657584249973297, 0.11291366070508957, 0.11275463551282883, 0.10379292815923691, 0.10283361375331879, 0.09552039206027985, 0.08805854618549347, 0.08960779011249542, 0.07180038839578629, 0.07617077976465225, 0.06848446279764175, 0.058394789695739746, 0.06954608112573624, 0.05618562176823616, 0.05089364945888519, 0.052333589643239975, 0.05501313880085945, 0.0451582632958889, 0.046631600707769394, 0.04396488144993782, 0.03650998696684837, 0.0356115996837616, 0.03626289963722229, 0.0364382378757, 0.03107377327978611, 0.03050125204026699, 0.02939434163272381, 0.02908908948302269, 0.03143185004591942, 0.024813054129481316], "testRumorAcc": [0.6853408029878618, 0.7282913165266106, 0.7591036414565826, 0.7647058823529411, 0.7777777777777778, 0.7796451914098973, 0.7684407096171803, 0.7675070028011205, 0.7852474323062558, 0.7721755368814193, 0.7647058823529411, 0.7637721755368814, 0.773109243697479, 0.7703081232492998, 0.765639589169001, 0.7600373482726424], "testRumorF1": [0.5283380532829872, 0.6049810196391867, 0.6524015185826897, 0.6643739083721065, 0.689902258984533, 0.6977738257112702, 0.6831944195667286, 0.6832190014441922, 0.6924511673369371, 0.6881393746078486, 0.6841149959629678, 0.6905135551781652, 0.6761363966568433, 0.6813153419859739, 0.682498921278709, 0.6725719369403899], "testLoss": [0.7632017135620117, 0.6678841710090637, 0.6347543001174927, 0.6084358096122742, 0.6160427927970886, 0.6315141320228577, 0.6630609631538391, 0.7264731526374817, 0.8199648857116699, 0.8984929919242859, 0.9973564147949219, 1.1010771989822388, 1.281247615814209, 1.3392356634140015, 1.4413323402404785, 1.5735750198364258]}