{"epoch": 45, "macroF1Rumor": 0.7114877208308152, "accRumor": 0.7964519140989729, "loss": 0.7502526640892029, "trainRumorAcc": [0.6288756070227867, 0.6497945461337318, 0.6748225625700411, 0.6899514381770638, 0.7071348524467688, 0.7220769518117296, 0.7278670153156519, 0.7383264848711244, 0.7416884572282406, 0.7444901008591707, 0.7560702278670153, 0.7665296974224879, 0.7728800896525961, 0.7809114680612627, 0.7896899514381771, 0.7928651475532312, 0.7962271199103474, 0.807433694434068, 0.8135973104221144, 0.8212551363466567, 0.8244303324617108, 0.826111318640269, 0.8341426970489354, 0.8393724318266716, 0.845909600298842, 0.8513261113186402, 0.8586103847590586, 0.8589839372431827, 0.8629062383264848, 0.8688830780724692, 0.8769144564811356, 0.8744863653343294, 0.8799028763541278, 0.8868135973104221, 0.8937243182667165, 0.8965259618976467, 0.9013821441912588, 0.9015689204333209, 0.9045573403063131, 0.9135225999252895, 0.9099738513261113, 0.9165110197982816, 0.9215539783339559, 0.9288382517743743, 0.9282779230481882, 0.9303324617108704, 0.9323870003735525, 0.9368696301830407, 0.9432200224131491, 0.9452745610758312, 0.9465819947702652, 0.9540530444527456, 0.9497571908853194, 0.9531191632424355, 0.9594695554725439, 0.961150541651102, 0.9641389615240942, 0.9626447515875981, 0.9648860664923422, 0.9643257377661562, 0.9684348150915204, 0.9721703399327606, 0.9701158012700785, 0.9740381023533806, 0.9747852073216287, 0.9777736271946208, 0.9775868509525588, 0.9792678371311169, 0.980201718341427, 0.9841240194247292, 0.9822562570041091, 0.9831901382144191, 0.9861785580874113, 0.9848711243929772, 0.9865521105715352, 0.9859917818453493, 0.9887934254762795, 0.9897273066865895, 0.9882330967500934, 0.9889802017183414, 0.9886066492342174, 0.9871124392977213, 0.9906611878968995, 0.9887934254762795, 0.9906611878968995, 0.9901008591707134, 0.9914082928651475, 0.9910347403810236, 0.9912215166230856, 0.9919686215913336, 0.9927157265595816, 0.9930892790437056, 0.9945834889802018, 0.9940231602540157, 0.9936496077698916], "trainRumorF1": [0.19948233143531893, 0.2930652015529101, 0.3601676933958986, 0.4451052861303879, 0.49900036636001477, 0.5373760975856381, 0.5616064726503636, 0.579141045838058, 0.5899689527585105, 0.5999865954629442, 0.6217238352018807, 0.6363597127321222, 0.6494559327888647, 0.6595637504147088, 0.6792409071342975, 0.6839925357624472, 0.6899344589755095, 0.7068264746672548, 0.7169401979916419, 0.7285207126462442, 0.7356770090260271, 0.7389276551403745, 0.7454571231347271, 0.7515471376388592, 0.7664941789442036, 0.7744950963665108, 0.7830602280668268, 0.7860114389519669, 0.7902618185622539, 0.8028204427385818, 0.8151383608986705, 0.8106168360286664, 0.8185895952239051, 0.8300878548322734, 0.8413074289019788, 0.842535045515634, 0.8508006262739909, 0.8502164574107622, 0.8570189525948142, 0.8701308546753731, 0.8657858107248446, 0.874185697953491, 0.882814476243002, 0.8924915524825048, 0.8895782650685464, 0.8974623979012257, 0.8989897082171194, 0.902809913222632, 0.9135902244441076, 0.9185949040833802, 0.9204809463884963, 0.930590548838264, 0.9255417996556072, 0.929507990710981, 0.9389093807591908, 0.9414916390629209, 0.9489141921716242, 0.9437247755380744, 0.9475180200904951, 0.9460374775712894, 0.9539736057658809, 0.9582575303864899, 0.9557329565222852, 0.9606703504118081, 0.9627403194547127, 0.966471856362241, 0.9679557929297358, 0.9706308153075588, 0.9717119870741726, 0.9752775710402262, 0.9747379459948129, 0.9764183376585533, 0.9783176117764479, 0.977719427639383, 0.9806139897678691, 0.9774585067401587, 0.9834288353808537, 0.9859785480562099, 0.9822946835796983, 0.9828119777073941, 0.9843372596836801, 0.9814382206968741, 0.9873457699669808, 0.983625708394488, 0.9864561062827043, 0.9838926613696963, 0.9867463220353386, 0.9862524490121252, 0.9864522462079535, 0.9881957973729107, 0.9894777141731305, 0.989575962010722, 0.9920748850386528, 0.9907244915813641, 0.9899694860112098], "trainLoss": [1.0219897031784058, 0.8924195766448975, 0.8463779091835022, 0.8028880953788757, 0.7655086517333984, 0.7366452813148499, 0.7026413679122925, 0.6844934225082397, 0.6566142439842224, 0.6451671719551086, 0.6243892312049866, 0.5999593734741211, 0.5883932709693909, 0.5688381195068359, 0.5478883981704712, 0.5301515460014343, 0.515268862247467, 0.49707043170928955, 0.4869568347930908, 0.47333574295043945, 0.4572005867958069, 0.4524487555027008, 0.4321648180484772, 0.42326033115386963, 0.40654829144477844, 0.3989240229129791, 0.38187429308891296, 0.3761852979660034, 0.36300206184387207, 0.35008174180984497, 0.338699609041214, 0.3338388204574585, 0.3156806230545044, 0.3081768751144409, 0.2951694428920746, 0.2903759479522705, 0.273858904838562, 0.26589342951774597, 0.2624952793121338, 0.23692087829113007, 0.23976482450962067, 0.22716811299324036, 0.21228279173374176, 0.2003534734249115, 0.19720153510570526, 0.19024156033992767, 0.1839762032032013, 0.17603330314159393, 0.1610819548368454, 0.15214109420776367, 0.1453457623720169, 0.1356329470872879, 0.14193078875541687, 0.1335630714893341, 0.12316997349262238, 0.11384697258472443, 0.10735403746366501, 0.10606247186660767, 0.10104554146528244, 0.10171186178922653, 0.09326830506324768, 0.0820377767086029, 0.08360440284013748, 0.0788409635424614, 0.07262949645519257, 0.06684281677007675, 0.07046854496002197, 0.062260739505290985, 0.058728910982608795, 0.04868501052260399, 0.05223338305950165, 0.04333610087633133, 0.043851424008607864, 0.04414467141032219, 0.04372956231236458, 0.04119431599974632, 0.035036955028772354, 0.04238303378224373, 0.03343503549695015, 0.037180740386247635, 0.033397797495126724, 0.03531097620725632, 0.028964141383767128, 0.033315468579530716, 0.027518169954419136, 0.03198312968015671, 0.025258874520659447, 0.03212498873472214, 0.027434898540377617, 0.023619312793016434, 0.024245215579867363, 0.021284742280840874, 0.014293245039880276, 0.015143399126827717, 0.020251242443919182], "testRumorAcc": [0.6900093370681606, 0.704014939309057, 0.7413632119514473, 0.765639589169001, 0.7759103641456583, 0.7824463118580766, 0.7871148459383753, 0.7833800186741363, 0.7964519140989729, 0.7889822595704948, 0.7964519140989729, 0.7917833800186741, 0.7927170868347339, 0.7927170868347339, 0.7917833800186741, 0.7908496732026143, 0.7889822595704948, 0.7936507936507936, 0.7889822595704948], "testRumorF1": [0.5118895291294022, 0.575375944437386, 0.6261133932820679, 0.66412117777415, 0.6688646861287574, 0.6892126146026886, 0.6884465573364266, 0.7067246966786433, 0.7114877208308152, 0.7069374233862664, 0.7065263605442177, 0.7067859125310815, 0.7076881167193113, 0.7062377406684498, 0.7031505737844064, 0.7087667051443696, 0.6944565344188308, 0.6889195879704145, 0.697314519711775], "testLoss": [0.7879140377044678, 0.7045632600784302, 0.6413637399673462, 0.6233169436454773, 0.6372305750846863, 0.6173232197761536, 0.6609885096549988, 0.680937647819519, 0.7502526640892029, 0.8079017996788025, 0.9424256682395935, 1.0165458917617798, 1.1247085332870483, 1.218193531036377, 1.3906705379486084, 1.4117127656936646, 1.6551955938339233, 1.6567823886871338, 1.7181329727172852]}