{"epoch": 25, "macroF1Rumor": 0.6859872831115477, "accRumor": 0.7815126050420168, "loss": 0.6160467267036438, "trainRumorAcc": [0.6228987672768024, 0.634105341800523, 0.6636159880463205, 0.6744490100859171, 0.69331341053418, 0.7146059021292491, 0.7276802390735898, 0.73048188270452, 0.7377661561449383, 0.7487859544265969, 0.7542024654463952, 0.7648487112439297, 0.7674635786327979, 0.7809114680612627, 0.7842734404183788, 0.7917444901008591, 0.7969742248785955, 0.8035113933507658, 0.807246918192006, 0.8154650728427344, 0.8180799402316026, 0.827979081060889, 0.8309675009338812, 0.8369443406798656, 0.8447889428464699, 0.8429211804258498, 0.846843481509152, 0.8548748599178184, 0.8558087411281285, 0.8621591333582368, 0.864587224505043, 0.8679491968621591, 0.8754202465446396, 0.8802764288382517, 0.885506163615988, 0.8884945834889802, 0.8935375420246545, 0.8961524094135226, 0.903249906611879, 0.903810235338065, 0.9062383264848711, 0.9120283899887934, 0.9127754949570415, 0.9170713485244677, 0.922674635786328, 0.9299589092267464, 0.9320134478894284, 0.9348150915203586, 0.9351886440044826, 0.9344415390362346, 0.940978707508405, 0.9462084422861412, 0.9469555472543892, 0.9491968621591333, 0.9538662682106837, 0.9544265969368696, 0.9548001494209937, 0.9592827792304819, 0.960403436682854, 0.963205080313784, 0.9633918565558461, 0.9682480388494583, 0.9710496824803885, 0.9699290250280165, 0.9695554725438924, 0.9731042211430706, 0.9787075084049309, 0.9775868509525588, 0.9768397459843108, 0.9790810608890549, 0.980388494583489, 0.9815091520358611, 0.9841240194247292, 0.9828165857302951, 0.9841240194247292], "trainRumorF1": [0.19555686480708606, 0.22546447803577305, 0.3139086429103856, 0.3510571581929807, 0.42714105002887875, 0.4991572524319058, 0.5361561217336981, 0.5512396985009311, 0.5715676648896331, 0.5946951237561847, 0.6129427290383356, 0.6316902518284945, 0.6394311080222924, 0.6584948691410147, 0.6675468202031911, 0.6778437223214576, 0.6875215095106938, 0.6973686148456626, 0.7061455216697679, 0.7193105827243037, 0.7249053916722344, 0.7401545278278628, 0.7464958815729275, 0.7555940017278693, 0.768463367773806, 0.7643955664112365, 0.7711533255581272, 0.7801237296537011, 0.7858415588803543, 0.7950318244380087, 0.7973403238852179, 0.8014222720331363, 0.8152361131041357, 0.8212343565159452, 0.828229477853824, 0.8352597299924935, 0.8404878336779272, 0.8449959290574446, 0.85668809801751, 0.8617454821242295, 0.8588886624201573, 0.8671993979455086, 0.8725360298869576, 0.8763142821972059, 0.8858925937912654, 0.8955734537012509, 0.9000463478821958, 0.903023282974235, 0.9032136074554451, 0.9036131544468288, 0.9148842865085008, 0.9199033079505975, 0.9212750806831109, 0.9260104860899167, 0.9313530268822168, 0.9324829743164356, 0.9332054039258126, 0.9395095828490481, 0.9403991179473551, 0.9461161612354612, 0.9456519974497508, 0.9538759631466895, 0.9570416860406825, 0.9558220807814106, 0.9573294182398003, 0.9601138701845449, 0.9685612422221813, 0.9684552425860551, 0.9654948125381162, 0.9694014706061163, 0.9729405106657728, 0.9740686933735105, 0.976359718333382, 0.9748106593160528, 0.9766432082315525], "trainLoss": [1.0565810203552246, 0.9700606465339661, 0.8723458647727966, 0.8334786295890808, 0.7970471382141113, 0.759996235370636, 0.7267818450927734, 0.7058511972427368, 0.6822342872619629, 0.6528855562210083, 0.6346871852874756, 0.613982617855072, 0.5967172980308533, 0.5737853050231934, 0.558926522731781, 0.5492720603942871, 0.5267409086227417, 0.5134483575820923, 0.5003379583358765, 0.4815853238105774, 0.47239163517951965, 0.46169865131378174, 0.44767895340919495, 0.4252208471298218, 0.4123269021511078, 0.40876293182373047, 0.4026901423931122, 0.38915926218032837, 0.38100647926330566, 0.3637864291667938, 0.3529197871685028, 0.34627455472946167, 0.33382993936538696, 0.3211113512516022, 0.30379873514175415, 0.2973877191543579, 0.2819841802120209, 0.2781291604042053, 0.26563844084739685, 0.25481876730918884, 0.24818511307239532, 0.23516327142715454, 0.23368309438228607, 0.21969394385814667, 0.2041800618171692, 0.20108789205551147, 0.19218116998672485, 0.18355435132980347, 0.18467268347740173, 0.17406518757343292, 0.16190384328365326, 0.1497604250907898, 0.14307843148708344, 0.1477523148059845, 0.13394251465797424, 0.13214348256587982, 0.12933029234409332, 0.11355256289243698, 0.1137598529458046, 0.10059298574924469, 0.10555116087198257, 0.09329570084810257, 0.08395615965127945, 0.08772389590740204, 0.08484267443418503, 0.07851430028676987, 0.06830818206071854, 0.06467290222644806, 0.06596541404724121, 0.06089599430561066, 0.05784858390688896, 0.05645623803138733, 0.04699629172682762, 0.049799319356679916, 0.04787891358137131], "testRumorAcc": [0.6965452847805789, 0.7338935574229691, 0.7572362278244631, 0.7647058823529411, 0.7815126050420168, 0.7721755368814193, 0.7740429505135388, 0.7749766573295985, 0.7759103641456583, 0.7712418300653595, 0.76937441643324, 0.7628384687208216, 0.7591036414565826, 0.7563025210084033, 0.7572362278244631], "testRumorF1": [0.4941439443522325, 0.5851284774945492, 0.6429097826555839, 0.6577351232381073, 0.6859872831115477, 0.674350753353963, 0.6788916257796543, 0.6838775692130559, 0.683341032144706, 0.6814790226109142, 0.6784401461335478, 0.6653850477253164, 0.6577359934952363, 0.6551540160948361, 0.6659423432796694], "testLoss": [0.8077030181884766, 0.7036314010620117, 0.6518175601959229, 0.6317088007926941, 0.6160467267036438, 0.6181272268295288, 0.6489779353141785, 0.6998885869979858, 0.7554162740707397, 0.7939291000366211, 0.8974743485450745, 0.9958093762397766, 1.1096497774124146, 1.199439287185669, 1.2828353643417358]}