{"epoch": 100, "macroF1Rumor": 0.7037352925822529, "accRumor": 0.7889822595704948, "loss": 0.9735971689224243, "trainRumorAcc": [0.6266342921180426, 0.633358236832275, 0.6595069107209562, 0.6574523720582742, 0.6682853940978708, 0.6779977586850953, 0.6974224878595443, 0.7047067612999627, 0.7246918192005977, 0.72954800149421, 0.7372058274187523, 0.7400074710496825, 0.7429958909226746, 0.7536421367202092, 0.7624206200971236, 0.7620470676129997, 0.76951811729548, 0.769891669779604, 0.7788569293985805, 0.7810982443033246, 0.7824056779977587, 0.7855808741128129, 0.7923048188270452, 0.7954800149420994, 0.8022039596563317, 0.8059394844975719, 0.8100485618229362, 0.8126634292118042, 0.8154650728427344, 0.8143444153903624, 0.8231228987672768, 0.8240567799775869, 0.8313410534180052, 0.8332088158386253, 0.8375046694060515, 0.8305939484497572, 0.8434815091520359, 0.845909600298842, 0.8481509152035861, 0.8550616361598805, 0.8571161748225625, 0.8578632797908106, 0.8574897273066866, 0.8675756443780351, 0.8660814344415391, 0.866268210683601, 0.8707508404930893, 0.8705640642510273, 0.8759805752708255, 0.8785954426596937, 0.8785954426596937, 0.8828912962271199, 0.8785954426596937, 0.8875607022786701, 0.8916697796040344, 0.9015689204333209, 0.8963391856555846, 0.9011953679491969, 0.903249906611879, 0.9066118789689951, 0.903997011580127, 0.9054912215166231, 0.9071722076951811, 0.9116548375046694, 0.9110945087784834, 0.9208068733657079, 0.9176316772506538, 0.9193126634292118, 0.9224878595442659, 0.9185655584609638, 0.9249159506910721, 0.9271572655958162, 0.9314531191632425, 0.9351886440044826, 0.9325737766156145, 0.9344415390362346, 0.9372431826671648, 0.9372431826671648, 0.9383638401195368, 0.9372431826671648, 0.9454613373178932, 0.9441539036234591, 0.9413522599925289, 0.942472917444901, 0.9477026522226373, 0.9475158759805753, 0.9499439671273814, 0.9516249533059394, 0.9544265969368696, 0.9508778483376914, 0.9561075831154278, 0.9562943593574897, 0.9574150168098617, 0.9562943593574897, 0.961150541651102, 0.9581621217781098, 0.9583488980201719, 0.9602166604407919, 0.9585356742622338, 0.9630183040717221, 0.9637654090399701, 0.9663802764288383, 0.9684348150915204, 0.9678744863653344, 0.9710496824803885, 0.9675009338812103, 0.9691819200597684, 0.9678744863653344, 0.9721703399327606, 0.9708629062383265, 0.9712364587224505, 0.9738513261113186, 0.9708629062383265, 0.9745984310795667, 0.9725438924168845, 0.9745984310795667, 0.9781471796787449, 0.9734777736271947, 0.9755323122898767, 0.9757190885319388, 0.9798281658573029, 0.9757190885319388, 0.9798281658573029, 0.9796413896152409, 0.980575270825551, 0.981882704519985, 0.9787075084049309, 0.980762047067613, 0.9777736271946208, 0.9816959282779231, 0.981882704519985, 0.9852446768771013, 0.9837504669406052, 0.980948823309675, 0.9839372431826672, 0.9841240194247292, 0.9856182293612252, 0.9843107956667911, 0.9858050056032872, 0.9859917818453493, 0.9824430332461711, 0.9859917818453493, 0.9882330967500934, 0.9852446768771013, 0.9844975719088532, 0.9843107956667911, 0.9865521105715352, 0.9861785580874113, 0.9869256630556593, 0.9882330967500934], "trainRumorF1": [0.19627476980272626, 0.21124302163058958, 0.30155907078026356, 0.3131493170523467, 0.3511551791341929, 0.3873000058179605, 0.4645245876126315, 0.4848517430407043, 0.5331143404506901, 0.548608247969638, 0.568986044793278, 0.5780654689301981, 0.5961606256037035, 0.6134349963213986, 0.625953478825274, 0.6318711893475168, 0.6396741423481442, 0.6412671211886695, 0.6568212858334602, 0.662903523681013, 0.6670709036727525, 0.6705738794766758, 0.678530502824495, 0.6882984866576585, 0.695954970905559, 0.7038486664342504, 0.7077635713846505, 0.7145421468417704, 0.7155171105373569, 0.7145548346131506, 0.7292691437341966, 0.7307729289351095, 0.7405356745665017, 0.7484112323354528, 0.7542037551024272, 0.7447478887465384, 0.7601424331156091, 0.7642960133219692, 0.7716932088663241, 0.780099500178417, 0.7801475030797502, 0.7834371216921381, 0.7875021875861978, 0.8011943399804302, 0.7954805828192179, 0.7960337508293562, 0.8050410101657126, 0.8046943126720738, 0.8130934385217129, 0.8161804023353166, 0.8162218802532742, 0.8240697009455388, 0.8178001333197522, 0.8283371855065624, 0.8348374947141968, 0.8484159655662737, 0.8457105595535895, 0.8524201288400702, 0.8539988356453478, 0.8597262177407774, 0.8529299642651293, 0.8566089784956237, 0.8627870880350772, 0.8663229286470607, 0.8659760366350864, 0.8797441272414277, 0.8764644830164815, 0.8799770995215324, 0.887091153350354, 0.8794682248147292, 0.8848294778621517, 0.8899989751375543, 0.894364904103832, 0.9030972368831401, 0.9020340236000923, 0.8993847289232786, 0.9064760960127588, 0.9039155857750478, 0.9071423579905652, 0.9036914034533436, 0.9181252302282034, 0.9147929823382853, 0.9120265088731027, 0.9137722363478021, 0.9215287409692134, 0.9201608227699498, 0.9223955971829818, 0.927491851602716, 0.9305467080727914, 0.9249207150056662, 0.9337413298617575, 0.9336176970093515, 0.9351126428510093, 0.9341791335134702, 0.9404165715319647, 0.9376156117130249, 0.9388140994570656, 0.942195442518757, 0.9363555641588415, 0.9459164433772791, 0.9463659691771117, 0.9492196309748372, 0.9518948308146096, 0.9504192845120658, 0.9560248655219776, 0.9516861444161611, 0.9532587511668627, 0.9513769948286843, 0.9568960832841403, 0.9563287471562836, 0.955706230933666, 0.9614285517949497, 0.9570211495012632, 0.9609173650618213, 0.9574993222145306, 0.9621009834258412, 0.9659067886304391, 0.960229844381729, 0.9616842620160504, 0.96510371166453, 0.9707747998382954, 0.962367281237049, 0.9696096702494429, 0.9679521399170552, 0.9723367976230349, 0.9712496237651711, 0.9670588804172442, 0.9702165750230901, 0.9676735354796598, 0.9718837963275663, 0.9726344373232187, 0.9771363451460156, 0.9757438123468383, 0.9713767560377253, 0.9762184583344388, 0.9763082720140378, 0.9779726301386956, 0.9764977334617659, 0.9776550700533355, 0.9792960100406426, 0.9719786108107252, 0.9799970110859305, 0.9821356209030294, 0.9781883441801772, 0.9771132469280286, 0.9757847860365918, 0.9796503739455267, 0.9786715681609897, 0.9807637994652102, 0.9825600255371608],