{"epoch": 30, "macroF1Rumor": 0.6837578649282774, "accRumor": 0.7759103641456583, "loss": 0.6548183560371399, "trainRumorAcc": [0.6286888307807247, 0.6464325737766156, 0.6604407919312664, 0.6828539409787076, 0.7086290623832648, 0.7215166230855435, 0.7362719462084423, 0.7396339185655585, 0.750280164363093, 0.7601793051923795, 0.7654090399701158, 0.7775494957041464, 0.7805379155771386, 0.7917444901008591, 0.8085543518864401, 0.8016436309301457, 0.8122898767276803, 0.8186402689577885, 0.8212551363466567, 0.8326484871124393, 0.8361972357116175, 0.8425476279417258, 0.8447889428464699, 0.8503922301083302, 0.8563690698543145, 0.8617855808741128, 0.8597310422114307, 0.8714979454613373, 0.8720582741875234, 0.8757937990287635, 0.882704519985058, 0.88475905864774, 0.8918565558460964, 0.8967127381397086, 0.8967127381397086, 0.8995143817706388, 0.9073589839372432, 0.905864774000747, 0.9092267463578633, 0.9165110197982816, 0.9191258871871498, 0.9194994396712738, 0.92472917444901, 0.9307060141949944, 0.9351886440044826, 0.9378035113933507, 0.941725812476653, 0.940791931266343, 0.9452745610758312, 0.9477026522226373, 0.9499439671273814, 0.9497571908853194, 0.9568546880836758, 0.9587224505042958, 0.960776989166978, 0.9667538289129622, 0.9656331714605902, 0.9663802764288383, 0.9695554725438924, 0.9686215913335824, 0.9757190885319388, 0.9729174449010086, 0.9710496824803885, 0.9747852073216287, 0.9762794172581247, 0.9768397459843108, 0.9779604034366829, 0.9768397459843108, 0.9828165857302951, 0.9830033619723572, 0.980762047067613, 0.9822562570041091, 0.9852446768771013, 0.9861785580874113, 0.9824430332461711, 0.9839372431826672, 0.9880463205080314, 0.9844975719088532, 0.9871124392977213, 0.9865521105715352], "trainRumorF1": [0.1930045871559633, 0.2769668575903596, 0.31611182385310416, 0.39992752744926374, 0.4981083981724306, 0.5405803334678665, 0.5692349209583494, 0.5746504783978865, 0.6026569007914819, 0.624610893132139, 0.6360899563446167, 0.6564906179021206, 0.664099502360368, 0.6877658481597346, 0.7093258226429853, 0.7026499316832018, 0.7180561259594265, 0.7292811635841447, 0.7331435813732812, 0.7484096597009232, 0.7595424077514349, 0.769816676738315, 0.7697681960657445, 0.7803482972408864, 0.7885295142634833, 0.7934197217706986, 0.7947373855285971, 0.810913182974769, 0.8136741918832225, 0.8156252038073132, 0.825846065407342, 0.8306808770224381, 0.8407198714272506, 0.8502927532947971, 0.8483697130718302, 0.8537870015300412, 0.8637121256781835, 0.8636394479368846, 0.8701598366209102, 0.8778797637014878, 0.881444741502531, 0.8832726974895544, 0.8899958838403667, 0.9006147840023999, 0.9062781962799832, 0.9107145026569169, 0.9133049931658779, 0.9130112952737892, 0.919801247897386, 0.9252561530823569, 0.9283966918036989, 0.9276625761251631, 0.9382850127394412, 0.9394910311740864, 0.942651824020659, 0.9517019328938214, 0.9505399339651508, 0.9510623718711794, 0.9574437657079843, 0.9555319847988546, 0.9662423453459502, 0.960173611436282, 0.9594990162327438, 0.9640182403650948, 0.9656862940209486, 0.9660483359002363, 0.967639890346851, 0.966750586074815, 0.9747474171197126, 0.976270036548782, 0.9722650981218991, 0.9750671714849783, 0.9783074406253892, 0.9806766058349257, 0.9745062669525548, 0.9761067022220028, 0.982621514839445, 0.9797403992325042, 0.9817509950450569, 0.9807178233910137], "trainLoss": [1.0342028141021729, 0.9227291345596313, 0.8628225326538086, 0.8194417357444763, 0.7725563645362854, 0.725179135799408, 0.6925061941146851, 0.6657443046569824, 0.6441219449043274, 0.6190675497055054, 0.6042165756225586, 0.5807106494903564, 0.5672508478164673, 0.5475190877914429, 0.5240662693977356, 0.5160393714904785, 0.4976629912853241, 0.48260703682899475, 0.46963682770729065, 0.4555013179779053, 0.4390203058719635, 0.42562663555145264, 0.4172053635120392, 0.3994503617286682, 0.38500407338142395, 0.37992432713508606, 0.3744906485080719, 0.356185644865036, 0.3459758758544922, 0.3367272615432739, 0.3205154240131378, 0.31016385555267334, 0.3034445345401764, 0.2884438931941986, 0.2866371273994446, 0.27599459886550903, 0.25936639308929443, 0.26198625564575195, 0.2472848892211914, 0.23583196103572845, 0.2248874455690384, 0.22018156945705414, 0.20545344054698944, 0.20090435445308685, 0.18882235884666443, 0.1847764402627945, 0.17125241458415985, 0.16607461869716644, 0.1618804782629013, 0.14668695628643036, 0.1464197337627411, 0.13791809976100922, 0.12829957902431488, 0.1252904236316681, 0.1197371631860733, 0.1038958728313446, 0.10652332752943039, 0.09830618649721146, 0.09418082237243652, 0.09278206527233124, 0.07781141996383667, 0.08115172386169434, 0.08981452882289886, 0.07287930697202682, 0.07242017239332199, 0.06734619289636612, 0.06269720196723938, 0.07153560221195221, 0.055716317147016525, 0.057094503194093704, 0.05601808801293373, 0.05862676724791527, 0.04916932061314583, 0.04718571528792381, 0.04797123372554779, 0.04676012322306633, 0.03679532930254936, 0.04334797337651253, 0.041102923452854156, 0.0370904915034771], "testRumorAcc": [0.7170868347338936, 0.7133520074696545, 0.7497665732959851, 0.7600373482726424, 0.7703081232492998, 0.7759103641456583, 0.773109243697479, 0.7665732959850607, 0.7675070028011205, 0.7721755368814193, 0.7563025210084033, 0.7675070028011205, 0.76937441643324, 0.7647058823529411, 0.7684407096171803, 0.7637721755368814], "testRumorF1": [0.5401981008673417, 0.5835906044856985, 0.635501041846612, 0.6550085701544555, 0.673161552977559, 0.6837578649282774, 0.6661231532597849, 0.6598275806742404, 0.6641330000255697, 0.661155224601623, 0.6584038184038183, 0.6685033139475053, 0.6711285617222301, 0.6623537388472102, 0.6621902860440867, 0.6694633516247169], "testLoss": [0.7798421382904053, 0.6938454508781433, 0.6414659023284912, 0.6382456421852112, 0.6427822113037109, 0.6548183560371399, 0.7023821473121643, 0.7469471096992493, 0.8499727249145508, 0.9481349587440491, 1.0361254215240479, 1.1145740747451782, 1.1882638931274414, 1.30660080909729, 1.3997095823287964, 1.4580285549163818]}