{"epoch": 45, "macroF1Rumor": 0.6919518957957829, "accRumor": 0.7740429505135388, "loss": 0.6054767966270447, "trainRumorAcc": [0.6260739633918565, 0.6441912588718715, 0.6559581621217782, 0.6766903249906612, 0.6979828165857302, 0.7086290623832648, 0.7198356369069854, 0.729361225252148, 0.7269331341053418, 0.7390735898393724, 0.7446768771012328, 0.7456107583115428, 0.7495330593948449, 0.7586850952558835, 0.769144564811356, 0.7682106836010459, 0.7857676503548748, 0.786701531565185, 0.7818453492715727, 0.7911841613746732, 0.7969742248785955, 0.7999626447515876, 0.8094882330967501, 0.8085543518864401, 0.8111692192753082, 0.8163989540530444, 0.8233096750093388, 0.8251774374299589, 0.8328352633545013, 0.8333955920806874, 0.8365707881957415, 0.8444153903623459, 0.8453492715726559, 0.8496451251400822, 0.8539409787075084, 0.8604781471796787, 0.8629062383264848, 0.865521105715353, 0.8681359731042212, 0.866454986925663, 0.8694434067986552, 0.8696301830407173, 0.8791557713858797, 0.8800896525961898, 0.8795293238700037, 0.8819574150168099, 0.8888681359731042, 0.8948449757190885, 0.8929772132984685, 0.8974598431079567, 0.902502801643631, 0.903436682853941, 0.9067986552110572, 0.8991408292865147, 0.9107209562943593, 0.9096002988419873, 0.9148300336197236, 0.9165110197982816, 0.9168845722824057, 0.9206200971236459, 0.9254762794172581, 0.9275308180799402, 0.9290250280164363, 0.9314531191632425, 0.9338812103100486, 0.9333208815838625, 0.9379902876354128, 0.9392977213298468, 0.941725812476653, 0.9437803511393351, 0.942286141202839, 0.9473290997385133, 0.942659693686963, 0.9460216660440792, 0.9450877848337691, 0.9538662682106837, 0.9521852820321255, 0.9534927157265596, 0.9525588345162496, 0.9581621217781098, 0.9585356742622338, 0.9598431079566679, 0.9639521852820321, 0.9637654090399701, 0.9585356742622338, 0.9663802764288383, 0.962084422861412, 0.9633918565558461, 0.9652596189764662, 0.9673141576391483, 0.9669406051550243, 0.9675009338812103, 0.9701158012700785, 0.9686215913335824, 0.9738513261113186], "trainRumorF1": [0.1956147581343654, 0.2686118608971123, 0.3166136086647717, 0.3896861846253569, 0.47398408657514746, 0.5075886748104746, 0.5404141515801824, 0.5519128082539121, 0.5602434007989323, 0.5760006081587271, 0.5865322660753205, 0.5952084245882217, 0.6010283462512194, 0.6180332111730507, 0.6341661575536768, 0.6326633857696894, 0.6637973815072893, 0.6651128762399194, 0.6581749033572764, 0.6748900753811305, 0.6840944886020599, 0.6904857019515475, 0.7034658372865368, 0.7057141819267212, 0.7074062516695031, 0.7126181504802833, 0.7239901941716885, 0.7252026707850003, 0.743984541561915, 0.7402492314912528, 0.7452850657687563, 0.7564295915341084, 0.7612367878316205, 0.7694231205645876, 0.7726107578250738, 0.7846594685951453, 0.7911142581683244, 0.7933469877892401, 0.7955336605258042, 0.79484183142843, 0.7977342969800367, 0.7988290078630493, 0.8144608096329717, 0.8153056792758299, 0.8145320628489553, 0.8181178106840035, 0.8303435242648615, 0.8363357273361232, 0.8347949911350815, 0.8416704373018828, 0.8502054359982782, 0.8537786225468403, 0.8542179811956495, 0.8445296793681957, 0.8585202462605757, 0.8588253902947065, 0.8685979182054597, 0.8710619444804872, 0.8734815829510336, 0.8801757183039368, 0.8829106763020398, 0.887771626267615, 0.8915885411719875, 0.8936976537029159, 0.8998124630901686, 0.8961585205387542, 0.9035787242661331, 0.9054772806487859, 0.9092665003483315, 0.9106587962047029, 0.9109296977064276, 0.9161175931350773, 0.9107710200938768, 0.9178097962207558, 0.913272412646894, 0.9257490321159025, 0.923919459044071, 0.9273775431308874, 0.9263839776056492, 0.9356296989514694, 0.9358164181753269, 0.9360100757981764, 0.9450402079631725, 0.9438402663913946, 0.9354039617507138, 0.946554671846448, 0.9411761759538382, 0.9412936373956526, 0.944254418799199, 0.9505450061901692, 0.9487217817886908, 0.9484813393714109, 0.953130307138301, 0.9515303175538377, 0.9601656216142771], "trainLoss": [1.0394757986068726, 0.9369530081748962, 0.8753592371940613, 0.8364030718803406, 0.797044575214386, 0.7638211846351624, 0.733569860458374, 0.7142658233642578, 0.6973391771316528, 0.6801648736000061, 0.6651621460914612, 0.6537134051322937, 0.6336731910705566, 0.6230926513671875, 0.604735255241394, 0.5914151072502136, 0.5786726474761963, 0.5660122632980347, 0.5570850968360901, 0.5443155765533447, 0.5329545736312866, 0.5227866768836975, 0.5115138292312622, 0.5090121030807495, 0.48837825655937195, 0.4890792965888977, 0.4643647372722626, 0.46241307258605957, 0.44637981057167053, 0.4491647183895111, 0.43300411105155945, 0.41714879870414734, 0.4153434932231903, 0.4014086425304413, 0.4037000238895416, 0.38253694772720337, 0.3780197203159332, 0.3568924367427826, 0.36561018228530884, 0.35101330280303955, 0.34843909740448, 0.35338160395622253, 0.3372008502483368, 0.3271038234233856, 0.3170833885669708, 0.30628401041030884, 0.29970431327819824, 0.29570573568344116, 0.285582572221756, 0.2847196161746979, 0.26723363995552063, 0.267366498708725, 0.25120022892951965, 0.2688376307487488, 0.2545355558395386, 0.25080206990242004, 0.24045798182487488, 0.22889669239521027, 0.228201225399971, 0.21362493932247162, 0.2070075422525406, 0.20211075246334076, 0.1973310261964798, 0.18852262198925018, 0.1857454776763916, 0.18663211166858673, 0.1805068403482437, 0.174981489777565, 0.16714759171009064, 0.16658911108970642, 0.16248111426830292, 0.14659173786640167, 0.156082883477211, 0.1499999463558197, 0.1478647142648697, 0.12876975536346436, 0.13835787773132324, 0.1270110011100769, 0.13104641437530518, 0.12650437653064728, 0.11616432666778564, 0.1171252503991127, 0.10618103295564651, 0.10583119839429855, 0.11230066418647766, 0.0961758941411972, 0.10617080330848694, 0.10442239046096802, 0.09875986725091934, 0.09329041838645935, 0.09196837991476059, 0.0924864113330841, 0.08799983561038971, 0.08753667026758194, 0.08080551028251648], "testRumorAcc": [0.6965452847805789, 0.7068160597572363, 0.7273576097105509, 0.7441643323996265, 0.7469654528478058, 0.7563025210084033, 0.7637721755368814, 0.7647058823529411, 0.7740429505135388, 0.7665732959850607, 0.7684407096171803, 0.7600373482726424, 0.7703081232492998, 0.780578898225957, 0.7712418300653595, 0.7628384687208216, 0.7581699346405228, 0.7749766573295985, 0.7609710550887021], "testRumorF1": [0.5159692264628257, 0.5649851540465715, 0.6061961640017058, 0.626083177402087, 0.6404708065952442, 0.6573043358757644, 0.6544829028479522, 0.6750262542809813, 0.6919518957957829, 0.6815817013230148, 0.6824502053822944, 0.6758038015511171, 0.6878878710457307, 0.6878097574872799, 0.6813963948537083, 0.671932774454826, 0.6727037121747583, 0.6742744158488816, 0.6698513171527553], "testLoss": [0.8005390167236328, 0.6967970728874207, 0.6511269807815552, 0.6075047254562378, 0.5957653522491455, 0.573349118232727, 0.5868311524391174, 0.5823702216148376, 0.6054767966270447, 0.6403692960739136, 0.6531651020050049, 0.7078689932823181, 0.7642954587936401, 0.841057300567627, 0.879353404045105, 0.9323322176933289, 1.0112203359603882, 1.104093074798584, 1.125923991203308]}