{"epoch": 45, "macroF1Rumor": 0.6976418241227886, "accRumor": 0.7740429505135388, "loss": 0.6199714541435242, "trainRumorAcc": [0.6299962644751588, 0.6486738886813598, 0.6652969742248785, 0.6819200597683974, 0.6953679491968622, 0.7088158386253268, 0.7095629435935749, 0.7215166230855435, 0.7276802390735898, 0.7387000373552484, 0.7392603660814344, 0.749159506910721, 0.7584983190138215, 0.7568173328352633, 0.7652222637280538, 0.7657825924542399, 0.7758685095255884, 0.7781098244303325, 0.7840866641763168, 0.7865147553231229, 0.7889428464699291, 0.7973477773627194, 0.8025775121404557, 0.8050056032872619, 0.8094882330967501, 0.8162121778109824, 0.8188270451998506, 0.8223757937990288, 0.8281658573029511, 0.8324617108703772, 0.8309675009338812, 0.845162495330594, 0.8436682853940979, 0.846843481509152, 0.8442286141202839, 0.8586103847590586, 0.8541277549495704, 0.8567426223384386, 0.8629062383264848, 0.8595442659693687, 0.8675756443780351, 0.8700037355248412, 0.8731789316398954, 0.8731789316398954, 0.8716847217033993, 0.8810235338064998, 0.8823309675009339, 0.885132611131864, 0.8896152409413522, 0.8946581994770265, 0.8935375420246545, 0.8952185282032126, 0.8989540530444527, 0.9064251027269331, 0.9077325364213672, 0.9017556966753829, 0.9053044452745611, 0.9066118789689951, 0.9122151662308554, 0.9187523347030258, 0.9159506910720956, 0.9198729921553979, 0.9224878595442659, 0.9251027269331341, 0.9277175943220023, 0.9295853567426223, 0.9282779230481882, 0.9299589092267464, 0.9320134478894284, 0.9348150915203586, 0.9359357489727307, 0.9392977213298468, 0.9368696301830407, 0.9400448262980949, 0.941725812476653, 0.9458348898020171, 0.9432200224131491, 0.9497571908853194, 0.9493836384011953, 0.9478894284646993, 0.9516249533059394, 0.9505042958535674, 0.9512514008218155, 0.9564811355995517, 0.9536794919686216, 0.9587224505042958, 0.9553604781471797, 0.9577885692939858, 0.9561075831154278, 0.961150541651102, 0.9596563317146058, 0.962084422861412, 0.9658199477026522, 0.9609637654090399, 0.961524094135226], "trainRumorF1": [0.19879258573361347, 0.2878301655290421, 0.3444835016061531, 0.4088328383260078, 0.4699944762972383, 0.5050409333645371, 0.519623018933889, 0.5418958430114166, 0.559535292591344, 0.577625701659929, 0.5811191932360874, 0.6026141611690602, 0.616876515168469, 0.6172865958107273, 0.6346456530125656, 0.634857645837126, 0.6552515780456135, 0.6568774073491794, 0.6657095651708171, 0.6718971998293871, 0.6748723696497547, 0.692464898261892, 0.7027618549526014, 0.7045178863103553, 0.7094860512137332, 0.7222144669862909, 0.7271709837401992, 0.7329067449745204, 0.7424526476996878, 0.746617685908568, 0.7451463785421395, 0.7685934955462743, 0.7650607770364771, 0.7719243625468794, 0.76927153141161, 0.7870254142433581, 0.7828992984688299, 0.7844252735517041, 0.7957651037876919, 0.7929829188814068, 0.802672565525407, 0.8093651847709261, 0.8123016199517662, 0.812572457088127, 0.812461431774946, 0.8229707508461792, 0.8255733798653728, 0.8309510337615647, 0.8368594260292407, 0.8424981785295347, 0.8448564056943891, 0.8427051215853534, 0.8525728311389007, 0.8625728914354851, 0.8672963373127712, 0.8562594521209224, 0.8600211025885464, 0.8597976131521926, 0.8707983211447695, 0.8824343419532757, 0.8754541536008668, 0.8808834504587282, 0.887479666027736, 0.890479681112838, 0.8960773128965324, 0.8941480359401968, 0.895266127612029, 0.8974057436732967, 0.8996936089946239, 0.9032749370756291, 0.9065100251954912, 0.9093397579391156, 0.9072719146619128, 0.9113324908746953, 0.9146799141055867, 0.9187747162504145, 0.916439352576769, 0.9253934313024628, 0.9256705880111962, 0.9224729353553499, 0.9277643709868977, 0.9282427517530648, 0.9280523737631259, 0.9347869811228413, 0.933526587992006, 0.9386382994008807, 0.9354910226100726, 0.939198450839619, 0.9356015179963066, 0.9435679971006361, 0.9410795081013755, 0.9429394018703094, 0.9483639588802977, 0.9434402143208724, 0.9439616286514604], "trainLoss": [1.0216046571731567, 0.9111740589141846, 0.8634279370307922, 0.8252316117286682, 0.7931643128395081, 0.7654394507408142, 0.7483265399932861, 0.7248870730400085, 0.7020112872123718, 0.6781273484230042, 0.6638973355293274, 0.6479136943817139, 0.6253039240837097, 0.6095261573791504, 0.6016736626625061, 0.5962021946907043, 0.5736421942710876, 0.566157877445221, 0.5601874589920044, 0.5411956906318665, 0.5375630855560303, 0.5285061597824097, 0.5148482918739319, 0.503983736038208, 0.49472901225090027, 0.48451605439186096, 0.4764387905597687, 0.4652603566646576, 0.4568682909011841, 0.44960272312164307, 0.44266200065612793, 0.42772454023361206, 0.41437843441963196, 0.4209723174571991, 0.40807485580444336, 0.38664647936820984, 0.3906771242618561, 0.38155898451805115, 0.3742210268974304, 0.3681991994380951, 0.36325761675834656, 0.3502907454967499, 0.3422417938709259, 0.34458789229393005, 0.3367094397544861, 0.31801947951316833, 0.30827975273132324, 0.306684285402298, 0.30288413166999817, 0.29627367854118347, 0.2871639132499695, 0.28142881393432617, 0.277353435754776, 0.2669026851654053, 0.2620522975921631, 0.26099392771720886, 0.25659674406051636, 0.2478647381067276, 0.2405710220336914, 0.2303483933210373, 0.22442835569381714, 0.22322404384613037, 0.22075523436069489, 0.20990285277366638, 0.19635635614395142, 0.19923198223114014, 0.19741211831569672, 0.19263193011283875, 0.19054746627807617, 0.17927928268909454, 0.17475144565105438, 0.1694633662700653, 0.18029232323169708, 0.15979813039302826, 0.15961989760398865, 0.1571863889694214, 0.1576138734817505, 0.1408822387456894, 0.1378844827413559, 0.14617113769054413, 0.13579873740673065, 0.1440117061138153, 0.13925781846046448, 0.1298638880252838, 0.12837378680706024, 0.11717585474252701, 0.12370752543210983, 0.11896166950464249, 0.1187753975391388, 0.10924626141786575, 0.11194907128810883, 0.11488059163093567, 0.10425864160060883, 0.10736913233995438, 0.10234683007001877], "testRumorAcc": [0.6881419234360411, 0.7068160597572363, 0.738562091503268, 0.7441643323996265, 0.7581699346405228, 0.7712418300653595, 0.7721755368814193, 0.7740429505135388, 0.7740429505135388, 0.7721755368814193, 0.7675070028011205, 0.7591036414565826, 0.7721755368814193, 0.7712418300653595, 0.7675070028011205, 0.7684407096171803, 0.7675070028011205, 0.7637721755368814, 0.7628384687208216], "testRumorF1": [0.5156398309117404, 0.5578329551513348, 0.6172600299270388, 0.6457534414168132, 0.6630403990109096, 0.6691846552888314, 0.683317987367049, 0.6874658803964709, 0.6976418241227886, 0.6967135808528399, 0.6777520300447857, 0.6779010297878223, 0.6871055459967602, 0.6841705696859455, 0.6817584627997944, 0.6856560796310024, 0.6823308248918901, 0.6804207893009351, 0.6877643767667209], "testLoss": [0.8066198825836182, 0.6977319717407227, 0.6442494988441467, 0.6137450933456421, 0.6004302501678467, 0.6079195141792297, 0.6029500365257263, 0.6164356470108032, 0.6199714541435242, 0.6431049108505249, 0.6925855278968811, 0.725587010383606, 0.75063157081604, 0.7838630676269531, 0.831875741481781, 0.8839436769485474, 0.907209575176239, 0.9856265783309937, 1.0601392984390259]}