{"epoch": 60, "macroF1Rumor": 0.6950081917010619, "accRumor": 0.7787114845938375, "loss": 1.00648832321167, "trainRumorAcc": [0.6264475158759806, 0.6425102726933134, 0.6677250653716847, 0.6895778856929399, 0.7127381397086291, 0.7237579379902876, 0.7336570788195742, 0.7422487859544266, 0.7476652969742249, 0.7527082555098992, 0.7626073963391856, 0.769144564811356, 0.7728800896525961, 0.7758685095255884, 0.7842734404183788, 0.7915577138587971, 0.8018304071722077, 0.8020171834142698, 0.8126634292118042, 0.8171460590212924, 0.8216286888307808, 0.826858423608517, 0.8339559208068734, 0.8333955920806874, 0.8369443406798656, 0.8474038102353381, 0.8502054538662682, 0.8565558460963766, 0.8569293985805005, 0.8599178184534927, 0.8681359731042212, 0.8726186029137094, 0.8800896525961898, 0.886066492342174, 0.8922301083302204, 0.8942846469929026, 0.9019424729174449, 0.8995143817706388, 0.9060515502428091, 0.9088531938737393, 0.9172581247665297, 0.9163242435562197, 0.9193126634292118, 0.92192753081808, 0.9307060141949944, 0.9320134478894284, 0.9323870003735525, 0.9361225252147927, 0.9366828539409787, 0.9400448262980949, 0.9439671273813971, 0.9512514008218155, 0.9478894284646993, 0.9557340306313037, 0.9576017930519238, 0.961337317893164, 0.961150541651102, 0.9652596189764662, 0.9650728427344042, 0.9663802764288383, 0.9697422487859544, 0.9708629062383265, 0.9717967874486365, 0.9729174449010086, 0.9740381023533806, 0.9768397459843108, 0.9749719835636907, 0.9787075084049309, 0.981882704519985, 0.981882704519985, 0.9788942846469929, 0.9785207321628688, 0.9844975719088532, 0.9861785580874113, 0.9869256630556593, 0.9839372431826672, 0.9869256630556593, 0.9878595442659693, 0.9867388868135973, 0.9884198729921554, 0.9902876354127755, 0.9899140829286515, 0.9914082928651475, 0.9910347403810236, 0.9893537542024654, 0.9923421740754576, 0.9923421740754576, 0.9906611878968995, 0.9929025028016436, 0.9934628315278297, 0.9932760552857677, 0.9927157265595816, 0.9919686215913336, 0.9940231602540157, 0.9945834889802018, 0.9951438177063877, 0.9945834889802018, 0.9966380276428838, 0.9947702652222637, 0.9936496077698916, 0.9947702652222637, 0.9958909226746357, 0.9943967127381397, 0.9953305939484498, 0.9955173701905118, 0.9958909226746357, 0.9951438177063877, 0.9964512514008218, 0.9975719088531939, 0.9964512514008218], "trainRumorF1": [0.19534563704564753, 0.2589469320693836, 0.3426146168413619, 0.4242158517951575, 0.504192735804418, 0.5447911415701527, 0.5705361867923132, 0.5898495545996092, 0.6022057428908205, 0.6108725513178028, 0.6311003036607573, 0.638782634403743, 0.6488322083372138, 0.6556750802596223, 0.6675756994885194, 0.6800682033880949, 0.694365975093206, 0.6992219765126994, 0.713746578109334, 0.7232007515200037, 0.7333396858479132, 0.7363864686899236, 0.7506777856078249, 0.7481297959331573, 0.7573167073384763, 0.7716496493974324, 0.7753410775459908, 0.7868622658440062, 0.7864528996795938, 0.7881134461336732, 0.804401257442504, 0.8112350625364901, 0.8225451322665105, 0.8299152784318191, 0.8382494738747919, 0.8443513319374414, 0.8541947577230729, 0.8527568446123766, 0.8587250488058047, 0.8636893447629802, 0.8745732039021727, 0.8755016130403748, 0.8787640379360632, 0.8815412005580634, 0.8947090204844713, 0.8973884582642595, 0.8962944044643041, 0.9040064652979685, 0.9040541357559689, 0.909475873340033, 0.9128422476935436, 0.9237447715337834, 0.9216038357246513, 0.9303854454659268, 0.9345380745616658, 0.9396678415801707, 0.9382029293522882, 0.9474100295402834, 0.9451527810207188, 0.9486614479703622, 0.9547194840281517, 0.9540065276664988, 0.9560900643812376, 0.9589922728413953, 0.9587862507721718, 0.9630869806928612, 0.9631061078394574, 0.9664014762245956, 0.97295222731277, 0.971735837789205, 0.9672248110823087, 0.966441162289052, 0.9751718901876583, 0.9788362954314462, 0.9792002569778373, 0.9747746312285303, 0.9799977923845907, 0.981931438543599, 0.9793819954107121, 0.9818613765220962, 0.9857350003976635, 0.9842283237050831, 0.986417079024279, 0.9865998679543252, 0.982570621539553, 0.9885117809567088, 0.9882230310768481, 0.9863977348543089, 0.988307170331485, 0.9905118633117657, 0.9891094860790931, 0.9894364459690698, 0.9877608802528388, 0.9909403033939786, 0.991538643764467, 0.9928877978043384, 0.9916734493923225, 0.9951712446217624, 0.99185347662929, 0.9908779565261864, 0.9922139595378011, 0.9941258626284291, 0.9916617720520997, 0.9935793884377337, 0.9937433952193685, 0.9935925282453788, 0.9926860583648782, 0.9948713308754893, 0.9961007901801627, 0.9946525551728398], "trainLoss": [1.04222571849823, 0.9358791708946228, 0.8575486540794373, 0.8124315142631531, 0.7667015194892883, 0.7299631237983704, 0.6996520757675171, 0.6741025447845459, 0.6553035974502563, 0.6301453709602356, 0.617224931716919, 0.6021701097488403, 0.5828969478607178, 0.5660555362701416, 0.5551917552947998, 0.5346397161483765, 0.5207859873771667, 0.5090470314025879, 0.4919748306274414, 0.47939565777778625, 0.46756765246391296, 0.4492374062538147, 0.44172313809394836, 0.42713603377342224, 0.41584116220474243, 0.40473076701164246, 0.38890498876571655, 0.3800494372844696, 0.37267249822616577, 0.3604896366596222, 0.3450689911842346, 0.3344743549823761, 0.3246479630470276, 0.3092445135116577, 0.30167120695114136, 0.28851261734962463, 0.27854329347610474, 0.27263861894607544, 0.26026102900505066, 0.248123437166214, 0.24190591275691986, 0.2331138551235199, 0.2218991219997406, 0.21321788430213928, 0.20612435042858124, 0.19378575682640076, 0.19101586937904358, 0.1801680624485016, 0.17263434827327728, 0.16735996305942535, 0.15484127402305603, 0.14170001447200775, 0.14298324286937714, 0.1283494085073471, 0.12371905148029327, 0.1117999330163002, 0.11297100782394409, 0.10011056065559387, 0.10146290063858032, 0.09557265788316727, 0.08937819302082062, 0.0829688087105751, 0.07865072786808014, 0.07310017198324203, 0.07013191282749176, 0.06745980679988861, 0.0706077590584755, 0.05932152271270752, 0.05781780555844307, 0.04988349601626396, 0.05898961424827576, 0.05492418631911278, 0.04423503577709198, 0.041250523179769516, 0.04079633206129074, 0.04242711886763573, 0.03825685754418373, 0.032158736139535904, 0.03818630054593086, 0.030648812651634216, 0.029141822829842567, 0.02838154137134552, 0.028071781620383263, 0.02676527574658394, 0.02743375673890114, 0.023374060168862343, 0.020222265273332596, 0.02662487141788006, 0.019882570952177048, 0.02129719965159893, 0.01836688071489334, 0.024356283247470856, 0.023631779477000237, 0.017458844929933548, 0.01587224379181862, 0.012694970704615116, 0.018153036013245583, 0.011951328255236149, 0.014924360439181328, 0.020560193806886673, 0.015567093156278133, 0.012794416397809982, 0.011730142869055271, 0.014412051998078823, 0.01483759842813015, 0.012445241212844849, 0.01399054192006588, 0.014774859882891178, 0.008060558699071407, 0.010209730826318264], "testRumorAcc": [0.6946778711484594, 0.7180205415499533, 0.7329598506069094, 0.7572362278244631, 0.7675070028011205, 0.7749766573295985, 0.7777777777777778, 0.7749766573295985, 0.7749766573295985, 0.7815126050420168, 0.773109243697479, 0.7787114845938375, 0.773109243697479, 0.7740429505135388, 0.7749766573295985, 0.7712418300653595, 0.765639589169001, 0.76937441643324, 0.7637721755368814, 0.7675070028011205, 0.7684407096171803, 0.765639589169001], "testRumorF1": [0.5197511233292154, 0.5855970877280936, 0.619078472398468, 0.6570281227355365, 0.6795715206954953, 0.684080038892728, 0.6825214095456376, 0.6863179824517586, 0.6865206790828142, 0.6846520041888143, 0.6658492909755382, 0.6950081917010619, 0.6758470040307406, 0.6876850551819013, 0.6715917107380612, 0.6725370615904472, 0.6755749093302601, 0.6645948711044951, 0.6736114722554475, 0.669001025483259, 0.6737365858255359, 0.663502852556441],