{"epoch": 40, "macroF1Rumor": 0.687983255454487, "accRumor": 0.7815126050420168, "loss": 0.7126241326332092, "trainRumorAcc": [0.6243929772132985, 0.6387747478520732, 0.6527829660067239, 0.6656705267090026, 0.6817332835263354, 0.7075084049308928, 0.7267463578632798, 0.7368322749346283, 0.7467314157639149, 0.7592454239820695, 0.7648487112439297, 0.7700784460216661, 0.7769891669779604, 0.7850205453866268, 0.7906238326484871, 0.7943593574897273, 0.8044452745610758, 0.8063130369816959, 0.8184534927157265, 0.8234964512514008, 0.8244303324617108, 0.8290997385132611, 0.8360104594695554, 0.8399327605528577, 0.845162495330594, 0.8503922301083302, 0.8556219648860665, 0.8627194620844229, 0.8591707134852447, 0.8629062383264848, 0.8692566305565932, 0.8729921553978334, 0.8763541277549496, 0.884572282405678, 0.8918565558460964, 0.8871871497945462, 0.8918565558460964, 0.903249906611879, 0.903810235338065, 0.905117669032499, 0.9071722076951811, 0.9138961524094136, 0.9150168098617856, 0.922301083302204, 0.9251027269331341, 0.9256630556593202, 0.9329473290997385, 0.9323870003735525, 0.9329473290997385, 0.9376167351512887, 0.9432200224131491, 0.942659693686963, 0.9454613373178932, 0.9508778483376914, 0.9471423234964512, 0.9562943593574897, 0.9559208068733657, 0.9564811355995517, 0.960590212924916, 0.9590960029884199, 0.9594695554725439, 0.9671273813970863, 0.9660067239447142, 0.9701158012700785, 0.9723571161748226, 0.9706761299962645, 0.9727306686589465, 0.9747852073216287, 0.9740381023533806, 0.9736645498692567, 0.9792678371311169, 0.979454613373179, 0.9835636906985431, 0.980948823309675, 0.981322375793799, 0.9846843481509152, 0.9863653343294733, 0.9835636906985431, 0.9882330967500934, 0.9861785580874113, 0.9887934254762795, 0.9869256630556593, 0.9878595442659693, 0.9872992155397834, 0.9884198729921554, 0.9915950691072095, 0.9889802017183414, 0.9914082928651475, 0.9923421740754576, 0.9893537542024654], "trainRumorF1": [0.19410058956668316, 0.2446421004428188, 0.2991080245909543, 0.33236948164150315, 0.4009994514085002, 0.4861427914853571, 0.5383333191084599, 0.5752165417668053, 0.5993875637881734, 0.6176290096460462, 0.6352088986531036, 0.6405644802937425, 0.6516743367996238, 0.6684752691177177, 0.6794502106358142, 0.6843073953185339, 0.6974938679112666, 0.7041216518958024, 0.7223540221465199, 0.7306158236755753, 0.7287637465980272, 0.7393338650747817, 0.7505636697677714, 0.7606089322598093, 0.762337986014749, 0.7707491879809453, 0.7811754295913647, 0.7922536254035097, 0.78542010368823, 0.7936596696346496, 0.8002659920776276, 0.8100403073847754, 0.8138171994628289, 0.8247536044167382, 0.8359953404579928, 0.8297834007714862, 0.8379207844750115, 0.852478118957271, 0.8513538066181133, 0.8553996897988474, 0.8569008790858108, 0.867102734600369, 0.8676657267220098, 0.881938676413861, 0.8867007646132994, 0.8871026356700024, 0.8973438956331283, 0.8964929453510317, 0.8983911116878174, 0.9065991062032748, 0.913459992665252, 0.9132954678331935, 0.9173329014499578, 0.9253506113046773, 0.9211722088439434, 0.933384152853026, 0.9308826215811441, 0.9338422366610037, 0.9416982644902965, 0.9389269675718569, 0.9384639833104167, 0.9498525216356475, 0.9492273889656925, 0.9540254328075433, 0.9569689398262451, 0.9546723885080517, 0.9578401525027752, 0.9631646736767825, 0.9601075292837793, 0.9605680328261563, 0.9683170059918266, 0.9681886544853325, 0.9747630591803922, 0.9714078322549382, 0.9716128010963483, 0.9783284290326637, 0.9791497148287923, 0.9766573532345939, 0.9826526788970263, 0.9795506636820583, 0.9837367119908904, 0.9802081556111175, 0.9826448901448804, 0.9814654002336297, 0.9834792128778932, 0.9866197380271837, 0.9840559275641747, 0.9864602254896313, 0.9870803893755666, 0.984195272759903], "trainLoss": [1.051115870475769, 0.9559751152992249, 0.8808398842811584, 0.8417901396751404, 0.8067616820335388, 0.769477903842926, 0.7232663631439209, 0.6873430013656616, 0.6584784984588623, 0.6328266263008118, 0.6146581768989563, 0.5936378240585327, 0.5693030953407288, 0.5520768165588379, 0.5418631434440613, 0.529233992099762, 0.5068584084510803, 0.4936361312866211, 0.48378586769104004, 0.47101694345474243, 0.46104466915130615, 0.44561079144477844, 0.43506190180778503, 0.420216828584671, 0.4127436876296997, 0.40587300062179565, 0.385576069355011, 0.37394648790359497, 0.3711629807949066, 0.36319699883461, 0.34911152720451355, 0.33818909525871277, 0.32598280906677246, 0.31479042768478394, 0.2993085980415344, 0.2949960231781006, 0.2914801239967346, 0.27675554156303406, 0.26668837666511536, 0.26121968030929565, 0.25093477964401245, 0.23943591117858887, 0.22451156377792358, 0.22365319728851318, 0.20916399359703064, 0.208488330245018, 0.19487757980823517, 0.18876634538173676, 0.1808278113603592, 0.17866741120815277, 0.1640002429485321, 0.16001065075397491, 0.15585201978683472, 0.1437046229839325, 0.14119480550289154, 0.12850624322891235, 0.12843970954418182, 0.12003893405199051, 0.1112898588180542, 0.11328423023223877, 0.10091055184602737, 0.09581658244132996, 0.09448950737714767, 0.08908574283123016, 0.08079955726861954, 0.07503848522901535, 0.0835886150598526, 0.07360274344682693, 0.07072261720895767, 0.07231834530830383, 0.06302235275506973, 0.06132718548178673, 0.0560116320848465, 0.05587965250015259, 0.054572202265262604, 0.047311123460531235, 0.04494772478938103, 0.04532250761985779, 0.036460645496845245, 0.04240477830171585, 0.0337974987924099, 0.04193207621574402, 0.03576381877064705, 0.035187091678380966, 0.03201977163553238, 0.027964521199464798, 0.030697030946612358, 0.02456786297261715, 0.02460060641169548, 0.027078881859779358], "testRumorAcc": [0.676937441643324, 0.7226890756302521, 0.7516339869281046, 0.7609710550887021, 0.76937441643324, 0.776844070961718, 0.773109243697479, 0.7815126050420168, 0.7787114845938375, 0.7815126050420168, 0.7787114845938375, 0.7787114845938375, 0.7721755368814193, 0.7665732959850607, 0.7637721755368814, 0.7637721755368814, 0.7665732959850607, 0.7628384687208216], "testRumorF1": [0.4530157587647778, 0.5750490088333076, 0.6242968829293681, 0.6542603068807864, 0.6753511164607353, 0.6727415748766861, 0.684594605145888, 0.687983255454487, 0.6795452210420653, 0.6868339229191707, 0.6824974263567508, 0.6843849579965765, 0.6811221119068811, 0.6649435510509513, 0.6688628714728214, 0.6678811124693151, 0.6703638650659492, 0.6558632329241625], "testLoss": [0.834254264831543, 0.6921752095222473, 0.6420928239822388, 0.6168602108955383, 0.6083544492721558, 0.6274758577346802, 0.6557660698890686, 0.7126241326332092, 0.8174102306365967, 0.8161875009536743, 0.931975245475769, 0.9849543571472168, 1.0945826768875122, 1.2184101343154907, 1.2673019170761108, 1.3144365549087524, 1.4705718755722046, 1.690801978111267]}