{"epoch": 35, "macroF1Rumor": 0.6856162285027678, "accRumor": 0.780578898225957, "loss": 0.6785113215446472, "trainRumorAcc": [0.6286888307807247, 0.6410160627568173, 0.6636159880463205, 0.6862159133358237, 0.7110571535300709, 0.730108330220396, 0.7422487859544266, 0.7476652969742249, 0.7543892416884572, 0.7665296974224879, 0.7652222637280538, 0.7771759432200224, 0.7844602166604407, 0.7846469929025028, 0.7947329099738514, 0.7954800149420994, 0.8051923795293239, 0.8109824430332462, 0.8145311916324244, 0.8206948076204706, 0.8229361225252148, 0.825364213672021, 0.8356369069854315, 0.8388121031004856, 0.845909600298842, 0.8481509152035861, 0.8578632797908106, 0.8584236085169966, 0.8640268957788569, 0.8716847217033993, 0.8742995890922675, 0.8813970862906239, 0.885506163615988, 0.8903623459096003, 0.8972730668658947, 0.8957788569293986, 0.8987672768023908, 0.9056779977586851, 0.9103474038102354, 0.9131490474411654, 0.9161374673141577, 0.9191258871871498, 0.9200597683974598, 0.9241688457228241, 0.9241688457228241, 0.9320134478894284, 0.9391109450877848, 0.9374299589092268, 0.942286141202839, 0.943406798655211, 0.9430332461710871, 0.9462084422861412, 0.9510646245797535, 0.9538662682106837, 0.9553604781471797, 0.9602166604407919, 0.9590960029884199, 0.9639521852820321, 0.9675009338812103, 0.9669406051550243, 0.9703025775121404, 0.9648860664923422, 0.9695554725438924, 0.9738513261113186, 0.9734777736271947, 0.9798281658573029, 0.9762794172581247, 0.980388494583489, 0.980948823309675, 0.979454613373179, 0.980388494583489, 0.9815091520358611, 0.9835636906985431, 0.9831901382144191, 0.9841240194247292, 0.982069480762047, 0.9859917818453493, 0.9884198729921554, 0.9858050056032872, 0.9893537542024654, 0.9865521105715352, 0.9902876354127755, 0.9893537542024654, 0.9914082928651475, 0.9904744116548375], "trainRumorF1": [0.1930045871559633, 0.2523610202396147, 0.3244616417369898, 0.4059910490994898, 0.5068574346620962, 0.5610318521662817, 0.5936637495073158, 0.60295277007619, 0.6186277020706791, 0.640355899263444, 0.6443612488957822, 0.6599086566174195, 0.6709702647030161, 0.6778881410725043, 0.6879330155214305, 0.6916244932910219, 0.7052505215903002, 0.7177634551951786, 0.7231624940711213, 0.7326774743855099, 0.7358374257629159, 0.7414035679336018, 0.7548620700057088, 0.7593245520274108, 0.7715126880685623, 0.7755727289586879, 0.7917864554575335, 0.791338161819451, 0.8018533741377222, 0.808455530873541, 0.8149372075104453, 0.8279941109311457, 0.831447352471001, 0.8397775994048515, 0.8434620262025712, 0.848059620918586, 0.8512715308467624, 0.8610464801144264, 0.8653995658247983, 0.8693601232780805, 0.8769475026266415, 0.8827491894628695, 0.8829387648973381, 0.8864975863097716, 0.8891333386762544, 0.9009574259113314, 0.912874156433937, 0.9076473878720487, 0.9164629753457805, 0.9174938444200696, 0.9185191681491265, 0.9201321072864436, 0.9297701578055203, 0.9325155546886907, 0.9341348227984079, 0.9426623981901107, 0.9415100656872766, 0.9464216325565848, 0.9531176652719677, 0.9519881836352768, 0.9565268399831649, 0.9498490503151183, 0.9561336690356194, 0.9622359234512302, 0.9622101709676872, 0.9700328101230039, 0.9645778864779481, 0.971582110301118, 0.9727472458791634, 0.9709345513752375, 0.9692601376218801, 0.9716436163096307, 0.9758748582356307, 0.9756481470437349, 0.9770745292366381, 0.9743893241277677, 0.9787615091750115, 0.9840086001678036, 0.9792841423248553, 0.9837547324761298, 0.9801052191246288, 0.9851587407699511, 0.9847136868879235, 0.9875225217086091, 0.9864120477648073], "trainLoss": [1.045304536819458, 0.9519548416137695, 0.8686131238937378, 0.8094075322151184, 0.7596067786216736, 0.7136857509613037, 0.6769520044326782, 0.6433720588684082, 0.6248032450675964, 0.6036664843559265, 0.5891425013542175, 0.569222629070282, 0.5558900237083435, 0.5396271347999573, 0.5257962942123413, 0.5138372182846069, 0.5008965134620667, 0.4883827567100525, 0.47358617186546326, 0.46088215708732605, 0.4503141939640045, 0.43877434730529785, 0.4264450967311859, 0.41815894842147827, 0.40141087770462036, 0.39040637016296387, 0.37255987524986267, 0.36324864625930786, 0.3530506491661072, 0.34247729182243347, 0.3346468508243561, 0.32011157274246216, 0.3036230504512787, 0.29615992307662964, 0.28482502698898315, 0.2750775218009949, 0.2724168598651886, 0.2547496557235718, 0.23990100622177124, 0.23843345046043396, 0.22695651650428772, 0.22369490563869476, 0.21021625399589539, 0.19958263635635376, 0.19518938660621643, 0.18416407704353333, 0.17527814209461212, 0.1746375560760498, 0.16062045097351074, 0.15399673581123352, 0.1486491858959198, 0.14120972156524658, 0.13865964114665985, 0.12270078808069229, 0.1208820715546608, 0.10945269465446472, 0.10952498018741608, 0.09943187236785889, 0.09298822283744812, 0.09313564747571945, 0.0837666466832161, 0.08789332211017609, 0.07880260795354843, 0.07690488547086716, 0.07279481738805771, 0.06611521542072296, 0.06613260507583618, 0.05729525163769722, 0.054894786328077316, 0.06148363649845123, 0.05926373600959778, 0.05281578749418259, 0.04701713100075722, 0.04617197811603546, 0.043847862631082535, 0.045366320759058, 0.03911769762635231, 0.03379840776324272, 0.03998593986034393, 0.030461182817816734, 0.039022836834192276, 0.03224681690335274, 0.031058089807629585, 0.026217250153422356, 0.02999027818441391], "testRumorAcc": [0.6993464052287581, 0.7301587301587301, 0.7413632119514473, 0.7544351073762838, 0.7787114845938375, 0.7833800186741363, 0.780578898225957, 0.7796451914098973, 0.7712418300653595, 0.7703081232492998, 0.7703081232492998, 0.7665732959850607, 0.7665732959850607, 0.7703081232492998, 0.76937441643324, 0.7712418300653595, 0.7647058823529411], "testRumorF1": [0.5162877708880251, 0.5996595029422714, 0.6487060300629546, 0.6568803758249955, 0.6738779939539936, 0.6836795514427093, 0.6856162285027678, 0.6831369781293297, 0.6823645305394874, 0.6839572091819985, 0.6836069586155448, 0.6848796095380382, 0.674169833352781, 0.6801163369001779, 0.6828772637780953, 0.6708246445879846, 0.6797864631554799], "testLoss": [0.7808769941329956, 0.6764911413192749, 0.637861967086792, 0.6263899803161621, 0.625774085521698, 0.6449015736579895, 0.6785113215446472, 0.7212038636207581, 0.7910410165786743, 0.8832430243492126, 0.9748347997665405, 1.0836005210876465, 1.2397465705871582, 1.3082460165023804, 1.4055973291397095, 1.6761176586151123, 1.633420705795288]}