{"epoch": 85, "macroF1Rumor": 0.6911880829836274, "accRumor": 0.7749766573295985, "loss": 1.4509539604187012, "trainRumorAcc": [0.6253268584236085, 0.6565184908479641, 0.6669779604034367, 0.6802390735898394, 0.7048935375420247, 0.7220769518117296, 0.730108330220396, 0.7385132611131864, 0.748972730668659, 0.7521479267837131, 0.7596189764661935, 0.7663429211804258, 0.7741875233470302, 0.7842734404183788, 0.788569293985805, 0.7945461337317893, 0.7997758685095255, 0.8085543518864401, 0.8134105341800523, 0.8158386253268585, 0.8231228987672768, 0.8283526335450131, 0.8367575644378035, 0.8421740754576018, 0.8440418378782218, 0.8490847964138961, 0.8552484124019425, 0.8629062383264848, 0.865334329473291, 0.8720582741875234, 0.8756070227867015, 0.8791557713858797, 0.885132611131864, 0.8825177437429959, 0.8927904370564064, 0.8982069480762047, 0.8946581994770265, 0.8991408292865147, 0.9006350392230108, 0.9103474038102354, 0.9135225999252895, 0.9204333208815839, 0.9178184534927157, 0.9193126634292118, 0.92286141202839, 0.9318266716473664, 0.9308927904370564, 0.9308927904370564, 0.9336944340679866, 0.9406051550242809, 0.9411654837504669, 0.942659693686963, 0.9475158759805753, 0.9493836384011953, 0.9540530444527456, 0.9548001494209937, 0.9536794919686216, 0.9598431079566679, 0.962457975345536, 0.9656331714605902, 0.9630183040717221, 0.9682480388494583, 0.9695554725438924, 0.9703025775121404, 0.9717967874486365, 0.9723571161748226, 0.9714232349645125, 0.9723571161748226, 0.9770265222263728, 0.9768397459843108, 0.9774000747104968, 0.980575270825551, 0.9792678371311169, 0.9787075084049309, 0.9839372431826672, 0.9850579006350392, 0.9839372431826672, 0.9833769144564811, 0.9841240194247292, 0.9869256630556593, 0.9816959282779231, 0.9861785580874113, 0.9869256630556593, 0.9863653343294733, 0.9891669779604034, 0.9906611878968995, 0.9884198729921554, 0.9876727680239074, 0.9880463205080314, 0.9912215166230856, 0.9912215166230856, 0.9910347403810236, 0.9936496077698916, 0.9927157265595816, 0.9919686215913336, 0.9921553978333956, 0.9919686215913336, 0.9919686215913336, 0.9914082928651475, 0.9932760552857677, 0.9921553978333956, 0.9930892790437056, 0.9930892790437056, 0.9919686215913336, 0.9943967127381397, 0.9929025028016436, 0.9940231602540157, 0.9949570414643257, 0.9957041464325738, 0.9932760552857677, 0.9970115801270079, 0.9968248038849459, 0.9962644751587598, 0.9962644751587598, 0.9958909226746357, 0.9958909226746357, 0.9945834889802018, 0.9968248038849459, 0.9953305939484498, 0.9958909226746357, 0.9962644751587598, 0.9968248038849459, 0.9975719088531939, 0.9973851326111318, 0.9971983563690698, 0.9971983563690698, 0.9975719088531939, 0.9958909226746357, 0.9973851326111318, 0.9962644751587598, 0.9973851326111318, 0.9973851326111318, 0.9971983563690698, 0.9966380276428838, 0.9970115801270079], "trainRumorF1": [0.1997305247419546, 0.29832310321577216, 0.31820767028157104, 0.3793483229626221, 0.4655230939140867, 0.5280634333847337, 0.5507054785605091, 0.5715091762274829, 0.5960794283038305, 0.603670563128688, 0.6189106279614115, 0.6332386735115156, 0.6486863744521649, 0.6639791683576639, 0.6760364827579474, 0.6863962626009822, 0.694555400237763, 0.707738599980546, 0.7162392466569503, 0.7216820512405665, 0.7316254775957529, 0.739606758850426, 0.7538421790665838, 0.7612342397297881, 0.7672119726951447, 0.7727895800842983, 0.7855708032816705, 0.7949934851934228, 0.7984583897244957, 0.8072238877861984, 0.8191849859344912, 0.8184195954029259, 0.8292888831852543, 0.8253952446651305, 0.845123127081191, 0.8472517420428578, 0.840630635584394, 0.8519914155392374, 0.8515579307148222, 0.8662924518099132, 0.8739313233952021, 0.8795356091411592, 0.8777735057980895, 0.8802778101631697, 0.8855587892859875, 0.8992739318293285, 0.8961845597681186, 0.8955609600792455, 0.901690056046122, 0.911064866996883, 0.9118041424299487, 0.9141179351974418, 0.9219443538120393, 0.924910699452132, 0.9302018324412488, 0.93008493417786, 0.9298209196404472, 0.9401993197860858, 0.9425709678450297, 0.9479296641600327, 0.9434869966416816, 0.9508248941841582, 0.9534792418784506, 0.9550827981374717, 0.9574538533220345, 0.9578972600663822, 0.9557314394444587, 0.9573175255781785, 0.9640612867004269, 0.9648050025674579, 0.9655500781875455, 0.9702841999428787, 0.9697747548309759, 0.9675466074554009, 0.9755810771975779, 0.976723590839456, 0.9763516729151869, 0.9756958653098096, 0.9743243948472088, 0.9801315837039348, 0.9727214355814819, 0.9780535614957062, 0.9799694651853041, 0.9779426030452936, 0.9844118286819055, 0.9859953890128046, 0.9828244290061231, 0.9814601176083391, 0.9826640499102544, 0.987269691758941, 0.9864491712778469, 0.9869748761486328, 0.9909407597991471, 0.9890469911201736, 0.9872991935094174, 0.9885954306152037, 0.9874982008924322, 0.986978334206269, 0.987289522982705, 0.9902533189939037, 0.9885869876668159, 0.9893161448506294, 0.9888262620519932, 0.9878842649275585, 0.9905474445215627, 0.9886164440257847, 0.9911089784199675, 0.99192859868276, 0.9936978301097712, 0.9902064585050292, 0.9953830221069773, 0.9954156721883841, 0.9951426321705144, 0.9947051593132209, 0.9938884554094551, 0.9940123498353794, 0.99209330677338, 0.9949151698225909, 0.9930058093356113, 0.9939798665560842, 0.9948527818503321, 0.9959083852618047, 0.9959689653740821, 0.995560598290736, 0.9957064561314384, 0.9957794235568824, 0.995916446207223, 0.9933483758612709, 0.99598782923217, 0.9944983642700994, 0.99647415982441, 0.9962160742514239, 0.9961532481058308, 0.9948984640740006, 0.9965157072637015],