{"epoch": 50, "macroF1Rumor": 0.6065981948334889, "accRumor": 0.6071428571428571, "loss": 0.8433056473731995, "trainRumorAcc": [0.41544117647058826, 0.4889705882352941, 0.47058823529411764, 0.49264705882352944, 0.5183823529411765, 0.5220588235294118, 0.5441176470588235, 0.5625, 0.5698529411764706, 0.5477941176470589, 0.5845588235294118, 0.5992647058823529, 0.5772058823529411, 0.5919117647058824, 0.6213235294117647, 0.6029411764705882, 0.6286764705882353, 0.6323529411764706, 0.6470588235294118, 0.6323529411764706, 0.6360294117647058, 0.6544117647058824, 0.6544117647058824, 0.6691176470588235, 0.6691176470588235, 0.6764705882352942, 0.6985294117647058, 0.7279411764705882, 0.7169117647058824, 0.7058823529411765, 0.7389705882352942, 0.7536764705882353, 0.7573529411764706, 0.75, 0.7794117647058824, 0.8051470588235294, 0.8014705882352942, 0.7867647058823529, 0.8088235294117647, 0.8419117647058824, 0.8492647058823529, 0.8639705882352942, 0.8639705882352942, 0.8639705882352942, 0.8676470588235294, 0.9080882352941176, 0.9191176470588235, 0.9154411764705882, 0.9227941176470589, 0.9448529411764706, 0.9411764705882353, 0.9669117647058824, 0.9632352941176471, 0.9595588235294118, 0.9779411764705882, 0.9816176470588235, 0.9742647058823529, 0.9852941176470589, 0.9742647058823529, 0.9816176470588235, 0.9779411764705882, 0.9963235294117647, 0.9889705882352942, 0.9889705882352942, 0.9852941176470589, 0.9889705882352942, 0.9889705882352942, 0.9926470588235294, 0.9963235294117647, 1.0, 1.0, 0.9963235294117647, 0.9963235294117647, 0.9963235294117647, 0.9963235294117647, 1.0, 0.9889705882352942, 0.9963235294117647, 0.9963235294117647, 0.9963235294117647, 0.9963235294117647, 1.0, 1.0, 1.0, 0.9963235294117647, 1.0, 1.0, 1.0, 0.9926470588235294, 1.0, 0.9926470588235294, 1.0, 1.0, 1.0, 1.0, 1.0, 1.0, 1.0, 0.9926470588235294, 1.0], "trainRumorF1": [0.3037062702458931, 0.2936720142602496, 0.2257266542980829, 0.2801652827762488, 0.32333146591970124, 0.3309212438244697, 0.3828282828282828, 0.38952380952380955, 0.40396152511279687, 0.3893271009835427, 0.4244039270687237, 0.4314198071866784, 0.41983066504274563, 0.42682445759368837, 0.4500235003998119, 0.4398678933710782, 0.4561003285272119, 0.4606227106227106, 0.4727257750398626, 0.46408518989473196, 0.46529841943854694, 0.4820007353900532, 0.49086636013198093, 0.5159396700812672, 0.5039627504247796, 0.5470177970177971, 0.5667265879130287, 0.5903395098310352, 0.5813486300706748, 0.5967321090909689, 0.6586399108138239, 0.6692445544464446, 0.6594618117369666, 0.665603532270199, 0.714095744680851, 0.7659778804283176, 0.7358213750267724, 0.7391011712720118, 0.752818035426731, 0.8074369073697222, 0.7991623168040194, 0.8367201426024956, 0.8288274548414706, 0.8383335708223495, 0.8300529327952496, 0.8932062561094819, 0.8947278792774173, 0.8969608364345207, 0.9048662576035276, 0.9343497577334388, 0.926993665746305, 0.9594120436225699, 0.9548611111111112, 0.953311945628902, 0.9737469857052768, 0.9757346426077076, 0.9669811641506868, 0.9844801736484067, 0.9674459802663299, 0.9746706265339515, 0.974366134751773, 0.9969372762452662, 0.9871830673758866, 0.9871830673758866, 0.982003817941318, 0.9871998894874983, 0.9875305095860334, 0.992311329620651, 0.9969372762452662, 1.0, 1.0, 0.9969372762452662, 0.9949360015366615, 0.9949360015366615, 0.9969291420271812, 1.0, 0.986780208182439, 0.995325807090513, 0.9948877959349164, 0.9969372762452662, 0.9969372762452662, 1.0, 1.0, 1.0, 0.9969372762452662, 1.0, 1.0, 1.0, 0.993866556154165, 1.0, 0.9918733749805186, 1.0, 1.0, 1.0, 1.0, 1.0, 1.0, 1.0, 0.993866556154165, 1.0], "trainLoss": [1.0514451265335083, 1.0221707820892334, 1.0151985883712769, 1.0124684572219849, 1.0034056901931763, 0.9947519898414612, 0.9827390313148499, 0.9750920534133911, 0.9668540954589844, 0.957055926322937, 0.944315493106842, 0.933802604675293, 0.9203075766563416, 0.9075166583061218, 0.8882624506950378, 0.8861905336380005, 0.865112841129303, 0.8389958143234253, 0.8219258785247803, 0.8127216696739197, 0.7861601114273071, 0.762378990650177, 0.7683835625648499, 0.72800213098526, 0.7265108823776245, 0.7162066102027893, 0.6857225298881531, 0.6664959192276001, 0.654699981212616, 0.659062385559082, 0.6373708844184875, 0.6150097250938416, 0.5883508324623108, 0.5951350331306458, 0.5551472902297974, 0.5307479500770569, 0.5163884162902832, 0.5035272240638733, 0.46178174018859863, 0.4327400028705597, 0.4214748442173004, 0.4082055687904358, 0.3720744550228119, 0.34744757413864136, 0.3479783833026886, 0.3129490315914154, 0.275729775428772, 0.2597408592700958, 0.23622970283031464, 0.20380353927612305, 0.196116641163826, 0.1647016853094101, 0.16670438647270203, 0.16195029020309448, 0.12728460133075714, 0.11727248877286911, 0.1139708086848259, 0.09100668877363205, 0.09952343255281448, 0.0843694806098938, 0.07036017626523972, 0.051548004150390625, 0.05191417783498764, 0.04858170449733734, 0.05468875169754028, 0.03827112540602684, 0.03556787222623825, 0.030496466904878616, 0.03158318251371384, 0.020395152270793915, 0.020065678283572197, 0.020443959161639214, 0.027477849274873734, 0.015568697825074196, 0.01803446188569069, 0.010631033219397068, 0.031223125755786896, 0.014884880743920803, 0.016501087695360184, 0.011761799454689026, 0.01616837829351425, 0.00801780167967081, 0.005371569190174341, 0.006373628508299589, 0.007203315384685993, 0.009366651065647602, 0.0031674786005169153, 0.004258602857589722, 0.01985129341483116, 0.0035150968469679356, 0.02283199317753315, 0.004959461744874716, 0.004913709592074156, 0.0027817008085548878, 0.004653052892535925, 0.0047948118299245834, 0.0024460579734295607, 0.005063463002443314, 0.014133775606751442, 0.0038069034926593304], "testRumorAcc": [0.2857142857142857, 0.35714285714285715, 0.39285714285714285, 0.5, 0.5357142857142857, 0.5, 0.6071428571428571, 0.5, 0.5714285714285714, 0.6071428571428571, 0.5, 0.5714285714285714, 0.5, 0.4642857142857143, 0.42857142857142855, 0.42857142857142855, 0.42857142857142855, 0.42857142857142855, 0.39285714285714285, 0.35714285714285715], "testRumorF1": [0.20202020202020202, 0.29166666666666663, 0.3619909502262444, 0.45243645243645253, 0.487068487068487, 0.45243645243645253, 0.5953654188948306, 0.46606334841628955, 0.5739184562713974, 0.6065981948334889, 0.4735449735449735, 0.5610902255639098, 0.4998934356351237, 0.4790005316321106, 0.41277777777777774, 0.41277777777777774, 0.4238888888888888, 0.4238888888888888, 0.4003267973856209, 0.35555555555555557], "testLoss": [1.490718960762024, 1.33571195602417, 1.4393094778060913, 1.1688532829284668, 1.132318139076233, 0.9639570116996765, 0.8066336512565613, 1.160514235496521, 0.7631532549858093, 0.8433056473731995, 1.3588051795959473, 1.2531284093856812, 1.553911566734314, 1.66853666305542, 2.0993547439575195, 2.4413669109344482, 2.4643173217773438, 2.8923850059509277, 3.0741868019104004, 3.485325813293457]}