{"epoch": 75, "macroF1Rumor": 0.6803118908382065, "accRumor": 0.6785714285714286, "loss": 1.3012968301773071, "trainRumorAcc": [0.43014705882352944, 0.46691176470588236, 0.46691176470588236, 0.46691176470588236, 0.4889705882352941, 0.5036764705882353, 0.5036764705882353, 0.5220588235294118, 0.5441176470588235, 0.5257352941176471, 0.5367647058823529, 0.5477941176470589, 0.5698529411764706, 0.5845588235294118, 0.5808823529411765, 0.6066176470588235, 0.6176470588235294, 0.6433823529411765, 0.6470588235294118, 0.6691176470588235, 0.6727941176470589, 0.7022058823529411, 0.7058823529411765, 0.7095588235294118, 0.7132352941176471, 0.7095588235294118, 0.7389705882352942, 0.7536764705882353, 0.7169117647058824, 0.7573529411764706, 0.7610294117647058, 0.7757352941176471, 0.7904411764705882, 0.7904411764705882, 0.8125, 0.7904411764705882, 0.8088235294117647, 0.8272058823529411, 0.8125, 0.8345588235294118, 0.8419117647058824, 0.8639705882352942, 0.8492647058823529, 0.8492647058823529, 0.8492647058823529, 0.875, 0.875, 0.8860294117647058, 0.9007352941176471, 0.8933823529411765, 0.9154411764705882, 0.9227941176470589, 0.9264705882352942, 0.9338235294117647, 0.9227941176470589, 0.9375, 0.9448529411764706, 0.9375, 0.9411764705882353, 0.9522058823529411, 0.9522058823529411, 0.9705882352941176, 0.9779411764705882, 0.9705882352941176, 0.9816176470588235, 0.9779411764705882, 0.9779411764705882, 0.9889705882352942, 0.9742647058823529, 0.9852941176470589, 0.9889705882352942, 0.9816176470588235, 0.9816176470588235, 0.9852941176470589, 0.9889705882352942, 0.9889705882352942, 1.0, 0.9926470588235294, 0.9926470588235294, 0.9963235294117647, 0.9963235294117647, 1.0, 1.0, 0.9889705882352942, 0.9889705882352942, 0.9926470588235294, 1.0, 1.0, 1.0, 1.0, 1.0, 0.9963235294117647, 1.0, 1.0, 0.9889705882352942, 0.9963235294117647, 1.0, 0.9926470588235294, 1.0, 1.0, 1.0, 1.0, 1.0, 1.0, 1.0, 0.9963235294117647, 1.0, 1.0, 1.0, 1.0, 1.0, 0.9963235294117647, 0.9963235294117647, 1.0, 1.0, 0.9963235294117647, 1.0, 1.0, 0.9852941176470589, 1.0, 1.0, 1.0, 1.0, 1.0, 0.9963235294117647], "trainRumorF1": [0.24359631147540983, 0.21219715956558063, 0.21219715956558063, 0.21219715956558063, 0.2601412029564886, 0.3170578032636013, 0.2811441628922349, 0.3457905878521413, 0.36993171148100723, 0.3568518518518518, 0.3715304303539598, 0.38384968819751425, 0.4055999357465448, 0.41471734892787526, 0.41683706364557427, 0.4366850116515444, 0.44933781283474544, 0.46721111424012013, 0.49385995444580816, 0.5291806958473625, 0.5350813771614155, 0.5599072157043171, 0.5957613237922638, 0.6021747310317586, 0.6183938524700192, 0.5974861517510444, 0.6448689935407202, 0.6827707957171159, 0.6405066756255677, 0.6857747725082876, 0.6831859498526166, 0.7307909604519774, 0.7337028300126955, 0.7365620200721454, 0.7722978775610354, 0.7433106769696164, 0.7718165347197604, 0.7855116104296432, 0.7861587171271432, 0.8005434760664608, 0.81722085327655, 0.8417856653150771, 0.8281466023216382, 0.8271149718088401, 0.8252003530940913, 0.864552780617057, 0.8620976703615341, 0.8661643872770548, 0.8867373230270671, 0.8828311565153671, 0.9033205151872608, 0.9046025569598412, 0.9203063580208398, 0.9249860646599778, 0.9059408008023023, 0.9335080385183336, 0.9318497429733602, 0.9256877428784122, 0.9384568091512868, 0.9497691332970223, 0.9468118935676787, 0.9682837599504266, 0.9761880934837395, 0.9661027196630911, 0.9810664456416632, 0.9743904247107743, 0.9756201249415559, 0.9908118287357986, 0.9717619680851065, 0.9845752175714878, 0.9892082052408139, 0.9792464943844016, 0.9810664456416632, 0.981884702583215, 0.9875425598975719, 0.9892320020487655, 1.0, 0.9902624753605146, 0.9902624753605146, 0.995325807090513, 0.9969291420271812, 1.0, 1.0, 0.9858820910600846, 0.9871998894874983, 0.990593112244898, 1.0, 1.0, 1.0, 1.0, 1.0, 0.995325807090513, 1.0, 1.0, 0.9871998894874983, 0.9969291420271812, 1.0, 0.9918733749805186, 1.0, 1.0, 1.0, 1.0, 1.0, 1.0, 1.0, 0.9949360015366615, 1.0, 1.0, 1.0, 1.0, 1.0, 0.9953821469103432, 0.9969372762452662, 1.0, 1.0, 0.995325807090513, 1.0, 1.0, 0.9877331123083298, 1.0, 1.0, 1.0, 1.0, 1.0, 0.995325807090513], "trainLoss": [1.0626611709594727, 1.027539849281311, 1.0222891569137573, 1.0185542106628418, 1.0115199089050293, 1.004705548286438, 0.9961504340171814, 0.9933595061302185, 0.987417459487915, 0.9772581458091736, 0.9758108854293823, 0.9695860743522644, 0.9594100713729858, 0.9375460743904114, 0.9169679284095764, 0.8891637921333313, 0.8500243425369263, 0.8313319683074951, 0.7975770235061646, 0.7862659692764282, 0.7696901559829712, 0.7410232424736023, 0.7438141703605652, 0.7280479669570923, 0.7189860939979553, 0.6906948685646057, 0.6907916069030762, 0.6786386370658875, 0.6458886861801147, 0.6222091317176819, 0.6281397938728333, 0.5915236473083496, 0.5765248537063599, 0.5667247772216797, 0.5423359870910645, 0.5341686606407166, 0.5181410312652588, 0.4928663969039917, 0.4759266674518585, 0.46903669834136963, 0.45248857140541077, 0.4248771071434021, 0.41387122869491577, 0.4009954035282135, 0.4122546315193176, 0.3873170018196106, 0.3608706295490265, 0.345376580953598, 0.31955572962760925, 0.3053267002105713, 0.30012065172195435, 0.26961803436279297, 0.26520824432373047, 0.23632843792438507, 0.24422968924045563, 0.21032917499542236, 0.2085442841053009, 0.19217978417873383, 0.1887650489807129, 0.16298335790634155, 0.16733521223068237, 0.13445055484771729, 0.12779554724693298, 0.11586527526378632, 0.0958186611533165, 0.09274013340473175, 0.08629042655229568, 0.07158975303173065, 0.08399795740842819, 0.0660652294754982, 0.051652807742357254, 0.06483226269483566, 0.060185711830854416, 0.058293770998716354, 0.04205666482448578, 0.040401849895715714, 0.022800588980317116, 0.029161835089325905, 0.02532244473695755, 0.027545107528567314, 0.02087974175810814, 0.01966659538447857, 0.019347310066223145, 0.026252537965774536, 0.02341027744114399, 0.020785529166460037, 0.008851646445691586, 0.011860103346407413, 0.008389078080654144, 0.014306681230664253, 0.005953468848019838, 0.01712803915143013, 0.008314968086779118, 0.006797152105718851, 0.01600225456058979, 0.01138204988092184, 0.006746716797351837, 0.016962895169854164, 0.007138501387089491, 0.002952347509562969, 0.0023829941637814045, 0.00206769653595984, 0.0033280085772275925, 0.005544858518987894, 0.002708904445171356, 0.009450138546526432, 0.004457890521734953, 0.005582562182098627, 0.0016850080573931336, 0.006375174503773451, 0.002487888792529702, 0.00974833220243454, 0.009925383143126965, 0.004712005145847797, 0.0026109018363058567, 0.007115738932043314, 0.0013153462205082178, 0.004047551658004522, 0.024232760071754456, 0.002012804616242647, 0.0016264570876955986, 0.0007469489937648177, 0.001409835647791624, 0.0011013327166438103, 0.0068259816616773605], "testRumorAcc": [0.2857142857142857, 0.25, 0.35714285714285715, 0.4642857142857143, 0.4642857142857143, 0.5, 0.5357142857142857, 0.6071428571428571, 0.6428571428571429, 0.6428571428571429, 0.6071428571428571, 0.6071428571428571, 0.6428571428571429, 0.6071428571428571, 0.6785714285714286, 0.5714285714285714, 0.6071428571428571, 0.6428571428571429, 0.6785714285714286, 0.6071428571428571, 0.6071428571428571, 0.6428571428571429, 0.5714285714285714, 0.5714285714285714, 0.6071428571428571], "testRumorF1": [0.14814814814814817, 0.18031430934656742, 0.28221887045416455, 0.3887719298245614, 0.3887719298245614, 0.4489428699955016, 0.5133333333333333, 0.5942760942760943, 0.6375644994840042, 0.6261562998405105, 0.5963804713804713, 0.6042780748663102, 0.6407407407407407, 0.6042780748663102, 0.6803118908382065, 0.5547138047138046, 0.6024083546462063, 0.644880174291939, 0.6803118908382065, 0.6024083546462063, 0.6024083546462063, 0.6407407407407407, 0.5511695906432749, 0.5547138047138046, 0.6042780748663102],