{"epoch": 90, "macroF1Rumor": 0.7561612364243944, "accRumor": 0.75, "loss": 1.9413350820541382, "trainRumorAcc": [0.4485294117647059, 0.46691176470588236, 0.4632352941176471, 0.46691176470588236, 0.47794117647058826, 0.49264705882352944, 0.5110294117647058, 0.5073529411764706, 0.5514705882352942, 0.5477941176470589, 0.4963235294117647, 0.5698529411764706, 0.5808823529411765, 0.6213235294117647, 0.6323529411764706, 0.6286764705882353, 0.6397058823529411, 0.6433823529411765, 0.6507352941176471, 0.6544117647058824, 0.6544117647058824, 0.6507352941176471, 0.6691176470588235, 0.6838235294117647, 0.7022058823529411, 0.6985294117647058, 0.6911764705882353, 0.6985294117647058, 0.7132352941176471, 0.7095588235294118, 0.7242647058823529, 0.7389705882352942, 0.7316176470588235, 0.75, 0.7426470588235294, 0.7867647058823529, 0.8272058823529411, 0.8088235294117647, 0.8198529411764706, 0.8235294117647058, 0.8492647058823529, 0.8419117647058824, 0.8492647058823529, 0.8566176470588235, 0.8786764705882353, 0.8897058823529411, 0.8897058823529411, 0.8933823529411765, 0.8970588235294118, 0.9117647058823529, 0.9264705882352942, 0.9338235294117647, 0.9411764705882353, 0.9595588235294118, 0.9485294117647058, 0.9558823529411765, 0.9705882352941176, 0.9558823529411765, 0.9632352941176471, 0.9669117647058824, 0.9705882352941176, 0.9742647058823529, 0.9558823529411765, 0.9816176470588235, 0.9889705882352942, 0.9963235294117647, 0.9889705882352942, 0.9852941176470589, 0.9852941176470589, 0.9963235294117647, 1.0, 0.9889705882352942, 0.9926470588235294, 0.9926470588235294, 1.0, 1.0, 1.0, 0.9926470588235294, 1.0, 1.0, 1.0, 0.9963235294117647, 1.0, 1.0, 1.0, 1.0, 1.0, 1.0, 1.0, 1.0, 1.0, 1.0, 0.9963235294117647, 1.0, 1.0, 1.0, 1.0, 1.0, 0.9963235294117647, 1.0, 1.0, 0.9926470588235294, 0.9963235294117647, 0.9963235294117647, 1.0, 1.0, 1.0, 1.0, 1.0, 1.0, 1.0, 1.0, 1.0, 1.0, 1.0, 1.0, 0.9963235294117647, 1.0, 1.0, 1.0, 1.0, 1.0, 1.0, 1.0, 1.0, 1.0, 1.0, 1.0, 1.0, 1.0, 1.0, 1.0, 1.0, 1.0, 1.0, 1.0, 1.0, 1.0, 1.0, 1.0], "trainRumorF1": [0.25319284802043424, 0.21219715956558063, 0.22314720812182742, 0.21219715956558063, 0.23421287707001992, 0.2843430565943655, 0.30848058660896743, 0.3129904097646033, 0.3766598968911108, 0.38559174971490906, 0.3406217462442362, 0.4052018904431122, 0.4073882404053182, 0.45121120014737043, 0.45852254122415187, 0.4555203938115331, 0.46269143043336586, 0.46866632645989653, 0.4765997399971111, 0.4746010445607867, 0.4789106568062326, 0.47857988165680476, 0.4912280701754386, 0.5137942896456829, 0.5189771815158811, 0.5243375623088473, 0.5302310744865227, 0.5157307060755337, 0.5362190503033796, 0.5346755220008389, 0.5690846761627161, 0.606976356976357, 0.5741939967426966, 0.6304991925454614, 0.6379774144104654, 0.7068294889190412, 0.7558036390385322, 0.7407138960330449, 0.7611436431782349, 0.7408114667962674, 0.7872979362341065, 0.7903285215652572, 0.7945982149988474, 0.7942135642135643, 0.8468617701431308, 0.8540735443113415, 0.8583171310581578, 0.8549251144670992, 0.866672141920933, 0.8819938076257662, 0.9079113982343583, 0.9161577388009169, 0.9239811908855019, 0.9493688073811472, 0.9331269929406533, 0.9393208844295801, 0.9624646250252678, 0.946890792399434, 0.9548611111111112, 0.9584417737256526, 0.9624043009459676, 0.9674493718039893, 0.9459742993354361, 0.9757346426077076, 0.9853413542847376, 0.9948877959349164, 0.985977421271539, 0.9802976636848966, 0.9800347222222222, 0.9948877959349164, 1.0, 0.9849113098847786, 0.990382860800593, 0.9901448886710007, 1.0, 1.0, 1.0, 0.992311329620651, 1.0, 1.0, 1.0, 0.9969291420271812, 1.0, 1.0, 1.0, 1.0, 1.0, 1.0, 1.0, 1.0, 1.0, 1.0, 0.995325807090513, 1.0, 1.0, 1.0, 1.0, 1.0, 0.995325807090513, 1.0, 1.0, 0.992311329620651, 0.995325807090513, 0.9969372762452662, 1.0, 1.0, 1.0, 1.0, 1.0, 1.0, 1.0, 1.0, 1.0, 1.0, 1.0, 1.0, 0.9949360015366615, 1.0, 1.0, 1.0, 1.0, 1.0, 1.0, 1.0, 1.0, 1.0, 1.0, 1.0, 1.0, 1.0, 1.0, 1.0, 1.0, 1.0, 1.0, 1.0, 1.0, 1.0, 1.0, 1.0], "trainLoss": [1.0579344034194946, 1.0305042266845703, 1.0249950885772705, 1.0185492038726807, 1.0179903507232666, 1.0105340480804443, 1.001731514930725, 1.0007277727127075, 0.9922713041305542, 0.9754577875137329, 0.977129340171814, 0.9676148891448975, 0.9387269020080566, 0.9165323972702026, 0.8741283416748047, 0.8473100066184998, 0.8286871910095215, 0.81195467710495, 0.8219770789146423, 0.7962504029273987, 0.7907739877700806, 0.7799824476242065, 0.7726131677627563, 0.7527110576629639, 0.7345295548439026, 0.7360901832580566, 0.7140470147132874, 0.6948308944702148, 0.678594172000885, 0.6517170667648315, 0.6483815908432007, 0.6337929368019104, 0.6069082617759705, 0.6010254621505737, 0.58560711145401, 0.5603243112564087, 0.5213931202888489, 0.5195931196212769, 0.4802168607711792, 0.4806400239467621, 0.44635820388793945, 0.4376751184463501, 0.4159877598285675, 0.4003353416919708, 0.381630539894104, 0.33893048763275146, 0.340457946062088, 0.3253563344478607, 0.289649099111557, 0.27790096402168274, 0.26593074202537537, 0.24056415259838104, 0.21963775157928467, 0.1961176097393036, 0.19210579991340637, 0.16975097358226776, 0.15328195691108704, 0.16227656602859497, 0.12368874251842499, 0.12610289454460144, 0.11440068483352661, 0.09957686066627502, 0.10559438914060593, 0.08361951261758804, 0.06869328767061234, 0.053017061203718185, 0.05919916555285454, 0.05987411364912987, 0.04601743072271347, 0.047014735639095306, 0.036076102405786514, 0.04021602123975754, 0.03358834981918335, 0.031245287507772446, 0.029163382947444916, 0.023769136518239975, 0.020510561764240265, 0.02624010480940342, 0.020378880202770233, 0.012588758021593094, 0.011700285598635674, 0.019032951444387436, 0.009440821595489979, 0.006688078865408897, 0.008738263510167599, 0.007870566099882126, 0.00825105793774128, 0.007581888698041439, 0.009433316066861153, 0.0037547091487795115, 0.0058382973074913025, 0.004595038015395403, 0.008685099892318249, 0.003459345316514373, 0.003270568326115608, 0.00674087181687355, 0.002310083946213126, 0.004277997650206089, 0.006099325604736805, 0.003964483272284269, 0.0020879246294498444, 0.017028385773301125, 0.005164558067917824, 0.0077612935565412045, 0.0030959018040448427, 0.0028367391787469387, 0.002986859530210495, 0.002657240489497781, 0.003810901427641511, 0.0036419869866222143, 0.000993800233118236, 0.002797806868329644, 0.0006199399940669537, 0.0012734754709526896, 0.00042555812979117036, 0.0013932966394349933, 0.008212488144636154, 0.0007322516175918281, 0.0013731507351621985, 0.0003540867764968425, 0.0011400229996070266, 0.0016498557524755597, 0.0005770522984676063, 0.0006565648945979774, 0.0011091454653069377, 0.000497272762004286, 0.000543021596968174, 0.0005070313927717507, 0.0003687975986395031, 0.00028680331888608634, 0.0006435969844460487, 0.0009840377606451511, 0.00029007138800807297, 0.00018978760635945946, 0.0004066521942149848, 0.00027725970721803606, 0.00015266347327269614, 0.00045055546797811985, 0.00021990782988723367, 0.000625276705250144], "testRumorAcc": [0.2857142857142857, 0.2857142857142857, 0.42857142857142855, 0.42857142857142855, 0.4642857142857143, 0.5, 0.5357142857142857, 0.5357142857142857, 0.5714285714285714, 0.6785714285714286, 0.5714285714285714, 0.6785714285714286, 0.6785714285714286, 0.6785714285714286, 0.6428571428571429, 0.7142857142857143, 0.7142857142857143, 0.75, 0.7142857142857143, 0.6785714285714286, 0.7142857142857143, 0.6428571428571429, 0.75, 0.7142857142857143, 0.6428571428571429, 0.6785714285714286, 0.7142857142857143, 0.6785714285714286],