{"epoch": 95, "macroF1Rumor": 0.7962573099415206, "accRumor": 0.8214285714285714, "loss": 0.8246572017669678, "trainRumorAcc": [0.4632352941176471, 0.46691176470588236, 0.46691176470588236, 0.46691176470588236, 0.46691176470588236, 0.4742647058823529, 0.4742647058823529, 0.49264705882352944, 0.4889705882352941, 0.4963235294117647, 0.5, 0.5110294117647058, 0.5294117647058824, 0.5257352941176471, 0.5404411764705882, 0.5404411764705882, 0.5514705882352942, 0.5110294117647058, 0.5183823529411765, 0.5183823529411765, 0.5588235294117647, 0.5625, 0.5698529411764706, 0.5551470588235294, 0.5772058823529411, 0.5955882352941176, 0.5808823529411765, 0.5919117647058824, 0.5992647058823529, 0.5919117647058824, 0.6066176470588235, 0.6360294117647058, 0.6360294117647058, 0.6360294117647058, 0.6360294117647058, 0.6691176470588235, 0.6397058823529411, 0.6580882352941176, 0.6691176470588235, 0.6875, 0.7022058823529411, 0.6948529411764706, 0.7095588235294118, 0.7058823529411765, 0.7095588235294118, 0.7169117647058824, 0.7169117647058824, 0.7205882352941176, 0.7169117647058824, 0.7242647058823529, 0.7463235294117647, 0.7426470588235294, 0.7463235294117647, 0.7536764705882353, 0.7610294117647058, 0.7720588235294118, 0.7977941176470589, 0.7794117647058824, 0.7977941176470589, 0.7977941176470589, 0.8051470588235294, 0.8161764705882353, 0.8272058823529411, 0.8455882352941176, 0.8014705882352942, 0.8272058823529411, 0.8455882352941176, 0.8308823529411765, 0.8235294117647058, 0.8602941176470589, 0.8713235294117647, 0.8382352941176471, 0.875, 0.8492647058823529, 0.8823529411764706, 0.9080882352941176, 0.9044117647058824, 0.8860294117647058, 0.9117647058823529, 0.9044117647058824, 0.9007352941176471, 0.9375, 0.8897058823529411, 0.9558823529411765, 0.9301470588235294, 0.9227941176470589, 0.9191176470588235, 0.9301470588235294, 0.9485294117647058, 0.9669117647058824, 0.9558823529411765, 0.9522058823529411, 0.9742647058823529, 0.9522058823529411, 0.9742647058823529, 0.9705882352941176, 0.9669117647058824, 0.9669117647058824, 0.9632352941176471, 0.9779411764705882, 0.9669117647058824, 0.9705882352941176, 0.9669117647058824, 0.9705882352941176, 0.9889705882352942, 0.9705882352941176, 0.9889705882352942, 0.9852941176470589, 0.9852941176470589, 0.9816176470588235, 0.9852941176470589, 0.9852941176470589, 0.9926470588235294, 0.9816176470588235, 0.9926470588235294, 0.9889705882352942, 0.9852941176470589, 0.9852941176470589, 0.9889705882352942, 0.9926470588235294, 1.0, 0.9926470588235294, 0.9889705882352942, 1.0, 0.9816176470588235, 0.9926470588235294, 0.9963235294117647, 0.9926470588235294, 0.9889705882352942, 0.9889705882352942, 0.9963235294117647, 0.9889705882352942, 1.0, 0.9963235294117647, 0.9963235294117647, 1.0, 0.9963235294117647, 0.9926470588235294, 0.9926470588235294, 1.0, 0.9963235294117647, 0.9889705882352942, 0.9889705882352942, 1.0, 0.9926470588235294], "trainRumorF1": [0.22331614314736678, 0.21219715956558063, 0.21219715956558063, 0.21219715956558063, 0.21219715956558063, 0.23286024805012148, 0.2270118673556831, 0.2758907439391032, 0.2741477272727273, 0.3106740280653324, 0.3320999317692752, 0.32431124772313297, 0.3695625971389603, 0.3564733392616013, 0.37738330046022356, 0.3794684912489464, 0.39289940828402364, 0.3628522172994663, 0.3649704142011834, 0.361751497005988, 0.40082017731000813, 0.3961352657004831, 0.4112762443972635, 0.40319319890104194, 0.412332255852679, 0.43315018315018317, 0.4178419905974085, 0.4244734931009441, 0.43487428179853466, 0.4276100910583669, 0.4391159901776686, 0.4735386317536419, 0.46355363984674325, 0.4618407227102879, 0.46347895883499596, 0.5014420575664823, 0.4660770202713838, 0.5331553589295738, 0.5218236110773266, 0.5464415395787945, 0.5930139279311416, 0.5705487875982417, 0.5985562864479189, 0.5714223584227364, 0.6004153503432709, 0.5958577768964953, 0.6234415334761355, 0.613064982899237, 0.6239498670946085, 0.6154066721808656, 0.6750643691820161, 0.6407891159789058, 0.6524712730192183, 0.6618654958235168, 0.6696967544154245, 0.6870385918028076, 0.7311446655990239, 0.6877375850328765, 0.7408209169673805, 0.7205349747330826, 0.7404443795256158, 0.7530981709593131, 0.7627617430673458, 0.7980519888183927, 0.748464804623242, 0.7789041024335143, 0.7958035341675164, 0.768675135691559, 0.7584732440420047, 0.8202667702667702, 0.8442391872314995, 0.7876114331548925, 0.8414638169883487, 0.7966697148479914, 0.8516117525405451, 0.8786798640761733, 0.8722885326507037, 0.848941121392377, 0.8904507133592737, 0.8812744110989724, 0.8672398413331056, 0.9228864085680039, 0.8620711584073653, 0.9450434121016827, 0.9184902012102074, 0.9070798348010104, 0.8969750810340059, 0.90928325901152, 0.9369337370616041, 0.9602351783420676, 0.9432013282883375, 0.9411135998925091, 0.9659316378066377, 0.9397576086407016, 0.9655143261998506, 0.9615063803299098, 0.9634038951004454, 0.9616468253968252, 0.9571487125829288, 0.9712418842381544, 0.957452740378077, 0.964187088068854, 0.9565972222222222, 0.9605932393619758, 0.9875305095860334, 0.9647617928750448, 0.9850830284266817, 0.9794501133786847, 0.9820387158887386, 0.9755826726279677, 0.9824686493417144, 0.9817639429846875, 0.9918463811337329, 0.9774540927482104, 0.9922631240189058, 0.9873097777122545, 0.9814390876625564, 0.9846642750667519, 0.9870843403150733, 0.9901448886710007, 1.0, 0.9918733749805186, 0.9876355634652926, 1.0, 0.9789598774118898, 0.9922631240189058, 0.995325807090513, 0.9902706095785995, 0.9871998894874983, 0.985977421271539, 0.995325807090513, 0.9857106695546444, 1.0, 0.9948877959349164, 0.9948877959349164, 1.0, 0.9969291420271812, 0.9901448886710007, 0.9922631240189058, 1.0, 0.9948877959349164, 0.9855291172848991, 0.9871998894874983, 1.0, 0.990382860800593],