{"epoch": 90, "macroF1Rumor": 0.728180354267311, "accRumor": 0.7142857142857143, "loss": 1.453877568244934, "trainRumorAcc": [0.4485294117647059, 0.46691176470588236, 0.46691176470588236, 0.4742647058823529, 0.47794117647058826, 0.47794117647058826, 0.5183823529411765, 0.5330882352941176, 0.5330882352941176, 0.5367647058823529, 0.5514705882352942, 0.5477941176470589, 0.5404411764705882, 0.5514705882352942, 0.5808823529411765, 0.5772058823529411, 0.6066176470588235, 0.6139705882352942, 0.6433823529411765, 0.6066176470588235, 0.6360294117647058, 0.625, 0.6397058823529411, 0.6397058823529411, 0.6764705882352942, 0.6691176470588235, 0.6875, 0.6948529411764706, 0.7022058823529411, 0.7242647058823529, 0.7058823529411765, 0.7389705882352942, 0.7352941176470589, 0.75, 0.7426470588235294, 0.7205882352941176, 0.75, 0.7683823529411765, 0.7610294117647058, 0.7794117647058824, 0.7757352941176471, 0.7830882352941176, 0.8014705882352942, 0.7720588235294118, 0.8088235294117647, 0.7904411764705882, 0.8198529411764706, 0.7794117647058824, 0.7977941176470589, 0.8088235294117647, 0.8455882352941176, 0.8419117647058824, 0.8455882352941176, 0.8382352941176471, 0.8455882352941176, 0.8602941176470589, 0.8235294117647058, 0.8382352941176471, 0.8639705882352942, 0.8529411764705882, 0.8492647058823529, 0.8529411764705882, 0.8639705882352942, 0.8713235294117647, 0.8602941176470589, 0.8860294117647058, 0.8713235294117647, 0.9080882352941176, 0.9191176470588235, 0.8933823529411765, 0.8970588235294118, 0.9191176470588235, 0.9154411764705882, 0.9375, 0.9264705882352942, 0.9080882352941176, 0.9301470588235294, 0.9411764705882353, 0.9117647058823529, 0.9338235294117647, 0.9595588235294118, 0.9485294117647058, 0.9558823529411765, 0.9522058823529411, 0.9448529411764706, 0.9522058823529411, 0.9595588235294118, 0.9632352941176471, 0.9889705882352942, 0.9742647058823529, 0.9705882352941176, 0.9852941176470589, 0.9889705882352942, 0.9595588235294118, 0.9632352941176471, 0.9852941176470589, 0.9852941176470589, 0.9705882352941176, 0.9816176470588235, 0.9816176470588235, 0.9779411764705882, 0.9852941176470589, 0.9816176470588235, 0.9816176470588235, 0.9779411764705882, 0.9742647058823529, 0.9816176470588235, 0.9816176470588235, 0.9742647058823529, 0.9963235294117647, 0.9926470588235294, 0.9852941176470589, 0.9816176470588235, 0.9742647058823529, 0.9889705882352942, 0.9926470588235294, 0.9963235294117647, 0.9926470588235294, 0.9963235294117647, 0.9963235294117647, 0.9889705882352942, 0.9889705882352942, 0.9926470588235294, 0.9889705882352942, 0.9816176470588235, 0.9889705882352942, 0.9963235294117647, 0.9926470588235294, 0.9889705882352942, 0.9926470588235294, 1.0, 0.9889705882352942, 0.9889705882352942, 0.9963235294117647, 0.9889705882352942, 0.9963235294117647, 1.0, 0.9889705882352942, 0.9926470588235294, 0.9963235294117647], "trainRumorF1": [0.22515465857502412, 0.21219715956558063, 0.21219715956558063, 0.23844674543790256, 0.26009083349325146, 0.24526477257569693, 0.31978002163721597, 0.3565509819747108, 0.3757011969943904, 0.3633429364063167, 0.3821389096531411, 0.39406264609630676, 0.3868162692847125, 0.38686868686868686, 0.42042042042042044, 0.4175309747723541, 0.4426129426129426, 0.44578986696791584, 0.4727058268459543, 0.4433102823599087, 0.46583311164316754, 0.46684991100060497, 0.4667455621301775, 0.5010203554279269, 0.5557914307914307, 0.5321169726973076, 0.5723463781305829, 0.6027536231884058, 0.5927462680090704, 0.6396782907955041, 0.6199398724345268, 0.6586169489514702, 0.673050703535267, 0.675737639553429, 0.6872000456594151, 0.6197402867531966, 0.6882048606582322, 0.7130545122011096, 0.7122046222204007, 0.7360038431878232, 0.7163900742848112, 0.7256206710707279, 0.7643107152794776, 0.7142639206712434, 0.757155672574917, 0.7428811956420726, 0.7673171188940068, 0.7251812273803478, 0.7584635908278586, 0.7531538455181761, 0.8114041589223747, 0.8058479532163743, 0.8038757026244573, 0.8006594954539633, 0.807005195764384, 0.8247664616085668, 0.7907607046126971, 0.8076686201487725, 0.8249124510380059, 0.8269349693552042, 0.8187880077204142, 0.8128506646104134, 0.830924558448849, 0.8418892458207613, 0.8341437936177628, 0.8599650780997932, 0.8450916670591545, 0.8838869486627315, 0.9021861817896127, 0.8728310069215862, 0.8717184456055859, 0.9090595722628843, 0.8979443558390926, 0.9244301535659519, 0.909150430958344, 0.8906075751393989, 0.9192153493699885, 0.9267302964820278, 0.891336449231186, 0.9205642310905469, 0.9577318577318578, 0.9433214921715182, 0.9437864231128704, 0.9461543831291731, 0.9321714250004463, 0.9435586039855156, 0.9486979977176055, 0.9563395833641225, 0.9891958467585589, 0.9731522181590831, 0.9686979977176056, 0.9824686493417144, 0.9876355634652926, 0.9549559880372489, 0.9574601800006493, 0.9861593208439704, 0.9792382588774342, 0.9686748926666527, 0.9792467862219104, 0.9789598774118898, 0.9729580007119573, 0.9824686493417144, 0.9779085509048211, 0.9846863812263312, 0.9748397136632431, 0.9668156427657785, 0.9814211893144634, 0.981510115955825, 0.9732681477473144, 0.9969291420271812, 0.9918733749805186, 0.9814173228346457, 0.9774540927482104, 0.9712689263890911, 0.9866544872748401, 0.9918463811337329, 0.9948877959349164, 0.9922631240189058, 0.995325807090513, 0.995325807090513, 0.9871998894874983, 0.9887727226227453, 0.9918463811337329, 0.9861464407310296, 0.9781458050866981, 0.9871003847733318, 0.9969291420271812, 0.992311329620651, 0.9875305095860334, 0.9938497340425533, 1.0, 0.9861464407310296, 0.9876480962755472, 0.9948877959349164, 0.9892383288672116, 0.9949360015366615, 1.0, 0.9861464407310296, 0.993866556154165, 0.9969291420271812],