{"epoch": 70, "macroF1Rumor": 0.6042780748663102, "accRumor": 0.6071428571428571, "loss": 1.2445011138916016, "trainRumorAcc": [0.4632352941176471, 0.46691176470588236, 0.46691176470588236, 0.46691176470588236, 0.47794117647058826, 0.4889705882352941, 0.5036764705882353, 0.5220588235294118, 0.5441176470588235, 0.5588235294117647, 0.5404411764705882, 0.5514705882352942, 0.5588235294117647, 0.5735294117647058, 0.6102941176470589, 0.6102941176470589, 0.6323529411764706, 0.6102941176470589, 0.5919117647058824, 0.6102941176470589, 0.6323529411764706, 0.6544117647058824, 0.6433823529411765, 0.6544117647058824, 0.6433823529411765, 0.6801470588235294, 0.6580882352941176, 0.6838235294117647, 0.6801470588235294, 0.6911764705882353, 0.6838235294117647, 0.6985294117647058, 0.7169117647058824, 0.7095588235294118, 0.7095588235294118, 0.7242647058823529, 0.7279411764705882, 0.75, 0.7610294117647058, 0.7683823529411765, 0.7683823529411765, 0.7830882352941176, 0.7867647058823529, 0.8014705882352942, 0.8235294117647058, 0.8051470588235294, 0.8272058823529411, 0.8235294117647058, 0.8345588235294118, 0.8455882352941176, 0.8308823529411765, 0.8786764705882353, 0.8602941176470589, 0.8860294117647058, 0.875, 0.9007352941176471, 0.8823529411764706, 0.8897058823529411, 0.8860294117647058, 0.9007352941176471, 0.8970588235294118, 0.8933823529411765, 0.9007352941176471, 0.9191176470588235, 0.9044117647058824, 0.9080882352941176, 0.9448529411764706, 0.9301470588235294, 0.9411764705882353, 0.9154411764705882, 0.9375, 0.9338235294117647, 0.9669117647058824, 0.9485294117647058, 0.9595588235294118, 0.9632352941176471, 0.9558823529411765, 0.9448529411764706, 0.9816176470588235, 0.9595588235294118, 0.9595588235294118, 0.9705882352941176, 0.9705882352941176, 0.9779411764705882, 0.9595588235294118, 0.9816176470588235, 0.9779411764705882, 0.9816176470588235, 0.9816176470588235, 0.9816176470588235, 0.9852941176470589, 0.9779411764705882, 0.9779411764705882, 0.9926470588235294, 0.9816176470588235, 0.9742647058823529, 0.9889705882352942, 0.9889705882352942, 0.9816176470588235, 0.9779411764705882, 0.9742647058823529, 0.9963235294117647, 0.9889705882352942, 1.0, 0.9816176470588235, 0.9963235294117647, 0.9963235294117647, 0.9889705882352942, 0.9926470588235294, 0.9963235294117647, 0.9963235294117647, 0.9963235294117647, 0.9926470588235294, 0.9963235294117647, 0.9816176470588235, 1.0, 0.9889705882352942, 0.9926470588235294, 0.9889705882352942, 0.9963235294117647], "trainRumorF1": [0.2445104321325311, 0.21219715956558063, 0.21219715956558063, 0.21219715956558063, 0.23454801176320164, 0.27842463873795464, 0.3051380292759603, 0.3554005167958656, 0.38732525405314555, 0.38954635108481256, 0.3826192205277173, 0.3914789404498226, 0.40082017731000813, 0.4145740136757621, 0.44521325731499956, 0.44612306843267113, 0.4595461258303473, 0.4470392183719125, 0.43017765310892936, 0.4432234432234432, 0.46408518989473196, 0.4826885447694032, 0.4700690362394477, 0.47982456140350876, 0.4715153200760209, 0.5010893246187363, 0.4801395170110254, 0.5023826374144846, 0.522037102682264, 0.5307599848161937, 0.5271447596613297, 0.5474940187566193, 0.5626178214293962, 0.5911376747384623, 0.5742846420864997, 0.6085419591682925, 0.6195650816401174, 0.6527932614889137, 0.6743148197369893, 0.6956507489686073, 0.6860502450946137, 0.7152916474624879, 0.7122532977660443, 0.736015433880041, 0.7677362537617446, 0.7572998530445338, 0.7664654803973688, 0.7758491829258324, 0.7918633780413885, 0.7924838692475871, 0.8065528961300542, 0.8473894027161931, 0.8168566032831599, 0.8658134630619371, 0.8426881029999148, 0.8797165293139594, 0.8607001738580685, 0.8689317053004233, 0.8535353535353534, 0.8827207978326137, 0.8716493194315973, 0.8738188334962528, 0.880080605464831, 0.8983287059294612, 0.8866289312109746, 0.8853291038858049, 0.935590518373595, 0.913035114892473, 0.9262296365914787, 0.8953571380066685, 0.9236358568275422, 0.9162047580420106, 0.9588717128747838, 0.9358414681320681, 0.9522984062735041, 0.9535207330295643, 0.9472464946149158, 0.9258651105661095, 0.9774343805249558, 0.9532634208571235, 0.9560446876118869, 0.9658064693202378, 0.9667230981739774, 0.9743997789749965, 0.9557291666666666, 0.979414043972728, 0.9746230080164701, 0.9772125019484664, 0.979414043972728, 0.9798542702567471, 0.9805332228208316, 0.9729580007119573, 0.9731202635227403, 0.9899179529968016, 0.9755826726279677, 0.9717751070589861, 0.9887727226227453, 0.9871998894874983, 0.9810328014184396, 0.9704346660130021, 0.969430663851287, 0.9969291420271812, 0.9855291172848991, 1.0, 0.9792467862219104, 0.9969372762452662, 0.995325807090513, 0.9855291172848991, 0.9902624753605146, 0.9948877959349164, 0.9949360015366615, 0.9969372762452662, 0.993866556154165, 0.9953821469103432, 0.9789598774118898, 1.0, 0.9852727149145121, 0.9902624753605146, 0.985977421271539, 0.9953821469103432], "trainLoss": [1.070672869682312, 1.035078525543213, 1.0270005464553833, 1.0191715955734253, 1.016812801361084, 1.0091063976287842, 1.002110242843628, 0.9996342658996582, 0.9838318824768066, 0.973440945148468, 0.9667209386825562, 0.9601394534111023, 0.9389384388923645, 0.9164018630981445, 0.898381769657135, 0.8738926649093628, 0.8680309057235718, 0.8598617911338806, 0.8611417412757874, 0.8318732380867004, 0.8334596157073975, 0.7969449162483215, 0.7967391610145569, 0.8078654408454895, 0.7906740307807922, 0.7583975195884705, 0.7688963413238525, 0.747904360294342, 0.7324579954147339, 0.7259559035301208, 0.6978127956390381, 0.711997926235199, 0.6720824837684631, 0.6728821992874146, 0.6444602012634277, 0.6680567860603333, 0.6424979567527771, 0.6273998618125916, 0.60523921251297, 0.5906713008880615, 0.5771967172622681, 0.5746879577636719, 0.5505147576332092, 0.5431675314903259, 0.501774251461029, 0.5028550624847412, 0.47484472393989563, 0.4871962368488312, 0.4515211284160614, 0.4110986292362213, 0.4228384792804718, 0.3658626079559326, 0.35109037160873413, 0.3884490132331848, 0.34865671396255493, 0.3047737777233124, 0.3258971869945526, 0.2964209020137787, 0.28235697746276855, 0.2911268174648285, 0.2804116904735565, 0.27627113461494446, 0.24563220143318176, 0.24130582809448242, 0.22643674910068512, 0.2182084321975708, 0.1749168336391449, 0.1922624558210373, 0.1809668093919754, 0.22132574021816254, 0.14779169857501984, 0.1873970925807953, 0.12263711541891098, 0.1268254667520523, 0.12790893018245697, 0.12699903547763824, 0.11533509194850922, 0.1222115233540535, 0.08423039317131042, 0.1255868673324585, 0.10990314185619354, 0.09920545667409897, 0.0953926295042038, 0.08213261514902115, 0.0849723294377327, 0.05957221984863281, 0.07124575227499008, 0.056764185428619385, 0.059937868267297745, 0.06473216414451599, 0.05479488521814346, 0.06161224842071533, 0.04618428274989128, 0.03643584996461868, 0.06310215592384338, 0.06104404851794243, 0.049818649888038635, 0.048852890729904175, 0.03938267007470131, 0.05335516482591629, 0.05702046677470207, 0.025540418922901154, 0.034215498715639114, 0.02845892682671547, 0.04817241430282593, 0.02258666418492794, 0.020881878212094307, 0.02456476539373398, 0.02575680799782276, 0.013104922138154507, 0.019604850560426712, 0.022342411801218987, 0.02315680868923664, 0.016602177172899246, 0.04856857657432556, 0.00989291351288557, 0.04211895912885666, 0.023474261164665222, 0.030986161902546883, 0.016745751723647118], "testRumorAcc": [0.2857142857142857, 0.32142857142857145, 0.42857142857142855, 0.5, 0.5, 0.5357142857142857, 0.5, 0.5714285714285714, 0.5, 0.6071428571428571, 0.6071428571428571, 0.6071428571428571, 0.5714285714285714, 0.6071428571428571, 0.6071428571428571, 0.5714285714285714, 0.5714285714285714, 0.6071428571428571, 0.6071428571428571, 0.5357142857142857, 0.5714285714285714, 0.6071428571428571, 0.5714285714285714, 0.5714285714285714],