{"epoch": 40, "macroF1Rumor": 0.6, "accRumor": 0.6071428571428571, "loss": 1.016465187072754, "trainRumorAcc": [0.4117647058823529, 0.4742647058823529, 0.46691176470588236, 0.4963235294117647, 0.4852941176470588, 0.49264705882352944, 0.5404411764705882, 0.5220588235294118, 0.5404411764705882, 0.5367647058823529, 0.5220588235294118, 0.5257352941176471, 0.5220588235294118, 0.5772058823529411, 0.5735294117647058, 0.5367647058823529, 0.5808823529411765, 0.6066176470588235, 0.5919117647058824, 0.6286764705882353, 0.6507352941176471, 0.6213235294117647, 0.6433823529411765, 0.6360294117647058, 0.6727941176470589, 0.6654411764705882, 0.6764705882352942, 0.6911764705882353, 0.7279411764705882, 0.6985294117647058, 0.7169117647058824, 0.7573529411764706, 0.7463235294117647, 0.7463235294117647, 0.7647058823529411, 0.7830882352941176, 0.8088235294117647, 0.8014705882352942, 0.7977941176470589, 0.8308823529411765, 0.8308823529411765, 0.8529411764705882, 0.8419117647058824, 0.8529411764705882, 0.8713235294117647, 0.8639705882352942, 0.8786764705882353, 0.8713235294117647, 0.8897058823529411, 0.9007352941176471, 0.9191176470588235, 0.9264705882352942, 0.9227941176470589, 0.9301470588235294, 0.9411764705882353, 0.9411764705882353, 0.9632352941176471, 0.9595588235294118, 0.9558823529411765, 0.9742647058823529, 0.9926470588235294, 0.9779411764705882, 0.9632352941176471, 0.9963235294117647, 0.9889705882352942, 0.9816176470588235, 0.9926470588235294, 1.0, 0.9963235294117647, 0.9889705882352942, 0.9889705882352942, 0.9926470588235294, 0.9926470588235294, 0.9963235294117647, 0.9926470588235294, 0.9926470588235294, 0.9963235294117647, 1.0, 1.0, 0.9889705882352942, 1.0, 0.9889705882352942, 1.0, 1.0, 0.9963235294117647, 0.9963235294117647, 0.9926470588235294, 0.9963235294117647, 1.0, 0.9963235294117647], "trainRumorF1": [0.29752894591749784, 0.25866597668164243, 0.21219715956558063, 0.2860882572924458, 0.288116458704694, 0.308058608058608, 0.3794684912489464, 0.3505247155418935, 0.3806502080791014, 0.3842651568766218, 0.364885486750814, 0.37308429118773945, 0.3719756908611398, 0.4222988654166049, 0.4104575163398693, 0.3812688674651865, 0.4205307354786043, 0.4390777071628136, 0.43031470777135516, 0.4605319300241786, 0.4761763981276177, 0.4574561403508772, 0.4839475865252468, 0.47880843768736425, 0.5085608051709747, 0.5132826094373742, 0.5216884564710652, 0.5409654525761031, 0.6290409232344716, 0.5900653019297087, 0.6272484912834168, 0.6776618645471104, 0.6573560780812066, 0.6757083627702908, 0.6945801943690877, 0.7161700551854203, 0.7615443029236134, 0.7415971623046688, 0.7410035458258282, 0.7780878199526325, 0.8009424164922887, 0.8143428141111047, 0.801932225671463, 0.8092926039785944, 0.8366853186919313, 0.8368089378367095, 0.8580038301227892, 0.8436308620742444, 0.8746032518854955, 0.8843592658762386, 0.9001842883095974, 0.9126835168501835, 0.9095994726313875, 0.9162975643777796, 0.9273524720893143, 0.937044187044187, 0.9572543215715088, 0.9532203014184398, 0.9482843770637723, 0.9713123768025729, 0.9922631240189058, 0.9748397136632431, 0.9595534595417115, 0.9953821469103432, 0.9871998894874983, 0.9800026226878981, 0.990593112244898, 1.0, 0.995325807090513, 0.9892026560757211, 0.9855291172848991, 0.9922631240189058, 0.9922631240189058, 0.9969372762452662, 0.9922651615359949, 0.993866556154165, 0.9969372762452662, 1.0, 1.0, 0.9877478146872861, 1.0, 0.9892383288672116, 1.0, 1.0, 0.9969291420271812, 0.9969372762452662, 0.9923089666234137, 0.9969291420271812, 1.0, 0.9969291420271812], "trainLoss": [1.0666788816452026, 1.0333055257797241, 1.0221636295318604, 1.015434741973877, 1.0112303495407104, 1.003398060798645, 1.000065565109253, 0.9906678199768066, 0.9831305146217346, 0.9771284461021423, 0.976898193359375, 0.9671006202697754, 0.9602704644203186, 0.950640082359314, 0.9401926398277283, 0.9386827945709229, 0.9191156625747681, 0.9032759070396423, 0.8898853659629822, 0.8608168959617615, 0.8203872442245483, 0.823070228099823, 0.7900972366333008, 0.7795732617378235, 0.7635051608085632, 0.7469716668128967, 0.7352805137634277, 0.7233607769012451, 0.673995316028595, 0.6903368830680847, 0.6680122017860413, 0.658816397190094, 0.6402440071105957, 0.6250333786010742, 0.6133400797843933, 0.5662962794303894, 0.5724247694015503, 0.543964684009552, 0.5126157402992249, 0.47457191348075867, 0.46665504574775696, 0.44598010182380676, 0.44361764192581177, 0.3859589397907257, 0.38924264907836914, 0.37413766980171204, 0.34282588958740234, 0.3264038860797882, 0.30772075057029724, 0.2894979417324066, 0.26882410049438477, 0.24786806106567383, 0.22559697926044464, 0.21630074083805084, 0.16685932874679565, 0.1626623272895813, 0.13940486311912537, 0.12448202818632126, 0.12303722649812698, 0.10415434092283249, 0.08449272811412811, 0.07444930076599121, 0.09727299958467484, 0.05345332995057106, 0.056555356830358505, 0.059507519006729126, 0.05365028977394104, 0.0385899618268013, 0.025640591979026794, 0.03537119925022125, 0.029239613562822342, 0.035733938217163086, 0.02925378642976284, 0.022250544279813766, 0.023623351007699966, 0.03292304277420044, 0.015475668013095856, 0.00911159161478281, 0.00765960430726409, 0.019588595256209373, 0.009025875478982925, 0.019723618403077126, 0.008805753663182259, 0.008982380852103233, 0.008373560383915901, 0.008922731503844261, 0.020959462970495224, 0.012065010145306587, 0.007945713587105274, 0.01620415598154068], "testRumorAcc": [0.2857142857142857, 0.25, 0.2857142857142857, 0.39285714285714285, 0.4642857142857143, 0.5, 0.5357142857142857, 0.6071428571428571, 0.5714285714285714, 0.5, 0.5357142857142857, 0.5714285714285714, 0.42857142857142855, 0.5357142857142857, 0.5, 0.5357142857142857, 0.5, 0.5357142857142857], "testRumorF1": [0.14814814814814817, 0.13333333333333333, 0.20202020202020202, 0.36287625418060204, 0.4250194250194251, 0.4800865800865801, 0.5147651738040754, 0.6, 0.5539682539682539, 0.484126984126984, 0.5162393162393162, 0.5208472686733555, 0.4109231411862991, 0.48751393534002235, 0.46428571428571425, 0.4913405308142151, 0.4761904761904762, 0.4913405308142151], "testLoss": [1.362686276435852, 1.2948853969573975, 1.3598065376281738, 1.3919453620910645, 1.4413543939590454, 1.2787439823150635, 1.1884291172027588, 1.016465187072754, 1.087853193283081, 1.925462245941162, 1.8789446353912354, 2.228316307067871, 2.336078405380249, 3.3091328144073486, 3.3428070545196533, 4.0909624099731445, 5.247443199157715, 4.654233455657959]}