{"epoch": 65, "macroF1Rumor": 0.554406850459482, "accRumor": 0.5714285714285714, "loss": 1.0036119222640991, "trainRumorAcc": [0.4227941176470588, 0.46691176470588236, 0.46691176470588236, 0.46691176470588236, 0.46691176470588236, 0.49264705882352944, 0.4889705882352941, 0.5, 0.5330882352941176, 0.5110294117647058, 0.5220588235294118, 0.5404411764705882, 0.5330882352941176, 0.5514705882352942, 0.5514705882352942, 0.5551470588235294, 0.5661764705882353, 0.5330882352941176, 0.5551470588235294, 0.5588235294117647, 0.6066176470588235, 0.6102941176470589, 0.6213235294117647, 0.6507352941176471, 0.6286764705882353, 0.6397058823529411, 0.6433823529411765, 0.6544117647058824, 0.6507352941176471, 0.6727941176470589, 0.6654411764705882, 0.6654411764705882, 0.6617647058823529, 0.6691176470588235, 0.6875, 0.6875, 0.6911764705882353, 0.6948529411764706, 0.6985294117647058, 0.7205882352941176, 0.7205882352941176, 0.7316176470588235, 0.7279411764705882, 0.7352941176470589, 0.7426470588235294, 0.7647058823529411, 0.7757352941176471, 0.7610294117647058, 0.7536764705882353, 0.7683823529411765, 0.8125, 0.8235294117647058, 0.7683823529411765, 0.7941176470588235, 0.8051470588235294, 0.8382352941176471, 0.7941176470588235, 0.8198529411764706, 0.8455882352941176, 0.8382352941176471, 0.8345588235294118, 0.8566176470588235, 0.8566176470588235, 0.8676470588235294, 0.8492647058823529, 0.8860294117647058, 0.8823529411764706, 0.875, 0.8823529411764706, 0.875, 0.8933823529411765, 0.8970588235294118, 0.9154411764705882, 0.9264705882352942, 0.9227941176470589, 0.9117647058823529, 0.9044117647058824, 0.9264705882352942, 0.9375, 0.8970588235294118, 0.9411764705882353, 0.9264705882352942, 0.9375, 0.9522058823529411, 0.9154411764705882, 0.9448529411764706, 0.9705882352941176, 0.9558823529411765, 0.9705882352941176, 0.9448529411764706, 0.9632352941176471, 0.9595588235294118, 0.9816176470588235, 0.9889705882352942, 0.9669117647058824, 0.9742647058823529, 0.9669117647058824, 0.9852941176470589, 0.9742647058823529, 0.9742647058823529, 0.9852941176470589, 0.9816176470588235, 0.9779411764705882, 0.9742647058823529, 0.9889705882352942, 0.9779411764705882, 1.0, 0.9963235294117647, 0.9852941176470589, 0.9963235294117647, 0.9926470588235294, 0.9852941176470589, 0.9926470588235294, 0.9889705882352942, 0.9889705882352942], "trainRumorF1": [0.24486339200235654, 0.21219715956558063, 0.21219715956558063, 0.21219715956558063, 0.21219715956558063, 0.26680931076962977, 0.28644411303583034, 0.29961077662227087, 0.3740768463073853, 0.3517932489451477, 0.35827902603508094, 0.3777068994460299, 0.3800981513245664, 0.3939915147345488, 0.39095836412909585, 0.39617004603780986, 0.4061024033437827, 0.3758416801895063, 0.39574162196201446, 0.4083337578320004, 0.4382958121520213, 0.4425262023704574, 0.4552210875260654, 0.474298720108776, 0.4595200862134603, 0.4680303002557576, 0.481201467002684, 0.47857108993504954, 0.4729885887620973, 0.5055333597793645, 0.4905772546221985, 0.49948284203326493, 0.4863779753369659, 0.49260204830237403, 0.5448596507846294, 0.5160897419671014, 0.5391078092520933, 0.5365857799509604, 0.5663732703184832, 0.5712331909128249, 0.5906709664101422, 0.5986249885156004, 0.6069552473594068, 0.6382112566020611, 0.623315889164667, 0.6631540173955167, 0.7180258675691836, 0.676360496917443, 0.666771066715249, 0.697380168873243, 0.7301807539987367, 0.7642410373760488, 0.6801134685039377, 0.7356450483032763, 0.724510248575068, 0.7866388543949855, 0.7383945347011368, 0.7687381544657663, 0.8053539751652958, 0.7993322706437461, 0.7974402401410003, 0.8189182695058183, 0.8161440821539343, 0.8327428878153516, 0.8130867372676708, 0.8585213032581454, 0.8526671288149452, 0.8455786890706035, 0.8510257899550696, 0.8449305080884028, 0.8671701586270371, 0.8745886657167267, 0.8982585168152178, 0.9139522810449945, 0.9015037502940729, 0.8887987654404611, 0.8797648329335375, 0.9113429962739549, 0.9235736641111781, 0.8749565778640079, 0.9317204108870776, 0.9149681954059519, 0.9223135962538089, 0.9429008669327364, 0.8975640995866859, 0.9343369789700899, 0.9647617928750448, 0.9478973803836537, 0.9642441743282079, 0.9404824535032867, 0.9561773448934381, 0.9495402252013637, 0.9793996512746513, 0.9855291172848991, 0.9630068041526375, 0.9719618902455717, 0.9632508759517554, 0.9824686493417144, 0.9703262398042347, 0.9700614778739779, 0.9841207594148771, 0.9764853375726273, 0.9723871784335275, 0.9730653489803145, 0.985531154801988, 0.9779790434692396, 1.0, 0.9969372762452662, 0.9826376688012051, 0.9949360015366615, 0.9922631240189058, 0.9841207594148771, 0.9907086614173228, 0.9850830284266817, 0.9872932810807912], "trainLoss": [1.0732791423797607, 1.0371620655059814, 1.024829626083374, 1.025863528251648, 1.0226646661758423, 1.0160189867019653, 1.0085276365280151, 1.0038546323776245, 0.9907861351966858, 0.9929652810096741, 0.9829978942871094, 0.9774917364120483, 0.9762491583824158, 0.9718596339225769, 0.9631490111351013, 0.9548936486244202, 0.9489612579345703, 0.9412611722946167, 0.9459058046340942, 0.9225820302963257, 0.9125185608863831, 0.8884386420249939, 0.8770361542701721, 0.846054196357727, 0.8485399484634399, 0.8304898738861084, 0.8313596248626709, 0.8201016783714294, 0.7916542291641235, 0.7699605226516724, 0.7981610894203186, 0.7819540500640869, 0.7610232830047607, 0.7664965987205505, 0.7602149844169617, 0.7362809777259827, 0.7276679277420044, 0.7207817435264587, 0.6983854174613953, 0.7070854306221008, 0.6739883422851562, 0.6879844069480896, 0.6731321811676025, 0.67856764793396, 0.6472858190536499, 0.6207546591758728, 0.6209093332290649, 0.6047303080558777, 0.5832235217094421, 0.5870024561882019, 0.5731462240219116, 0.5659621357917786, 0.5423668026924133, 0.5297124981880188, 0.4774188995361328, 0.5104629397392273, 0.49307239055633545, 0.46470364928245544, 0.4463300406932831, 0.4546065032482147, 0.4543190002441406, 0.43593549728393555, 0.4140937328338623, 0.39747896790504456, 0.39063453674316406, 0.3705865442752838, 0.34367498755455017, 0.3465507924556732, 0.33498090505599976, 0.3093585669994354, 0.32181718945503235, 0.29827433824539185, 0.2752731144428253, 0.25733497738838196, 0.24924620985984802, 0.2573014795780182, 0.23695774376392365, 0.21582339704036713, 0.21490992605686188, 0.24717791378498077, 0.18370862305164337, 0.19212229549884796, 0.19188566505908966, 0.16934196650981903, 0.17901824414730072, 0.15898479521274567, 0.12070254981517792, 0.1325833648443222, 0.1260097622871399, 0.14767231047153473, 0.11914321780204773, 0.13063928484916687, 0.10385295748710632, 0.07732698321342468, 0.10965925455093384, 0.1051950603723526, 0.08227457106113434, 0.06372375041246414, 0.07621338963508606, 0.0749909058213234, 0.05980674549937248, 0.0678456500172615, 0.055234745144844055, 0.06440701335668564, 0.04208073765039444, 0.06900140643119812, 0.036561883985996246, 0.03703334182500839, 0.04976784065365791, 0.03033318556845188, 0.03397650644183159, 0.044548023492097855, 0.04641668125987053, 0.03396144136786461, 0.03941351920366287], "testRumorAcc": [0.2857142857142857, 0.25, 0.35714285714285715, 0.32142857142857145, 0.5, 0.5, 0.5, 0.5357142857142857, 0.5357142857142857, 0.5357142857142857, 0.5357142857142857, 0.5357142857142857, 0.5714285714285714, 0.5357142857142857, 0.5357142857142857, 0.5, 0.5357142857142857, 0.5357142857142857, 0.5, 0.5357142857142857, 0.5, 0.5, 0.5357142857142857], "testRumorF1": [0.14814814814814817, 0.13333333333333333, 0.2984126984126984, 0.2235294117647059, 0.45714624881291543, 0.4585284280936455, 0.45243645243645253, 0.487068487068487, 0.48418248418248416, 0.487068487068487, 0.487068487068487, 0.487068487068487, 0.554406850459482, 0.5244107744107743, 0.5299277605779155, 0.49642079053843763, 0.5244107744107743, 0.5133986928104576, 0.49642079053843763, 0.5133986928104576, 0.49008951406649626, 0.4941077441077441, 0.508795518207283],