{"epoch": 50, "macroF1Rumor": 0.7796665576985943, "accRumor": 0.7857142857142857, "loss": 0.7445564866065979, "trainRumorAcc": [0.44485294117647056, 0.46691176470588236, 0.4742647058823529, 0.5110294117647058, 0.5073529411764706, 0.5147058823529411, 0.5220588235294118, 0.5220588235294118, 0.5477941176470589, 0.5514705882352942, 0.5808823529411765, 0.5882352941176471, 0.5845588235294118, 0.5919117647058824, 0.5992647058823529, 0.625, 0.6102941176470589, 0.6066176470588235, 0.6213235294117647, 0.6617647058823529, 0.6654411764705882, 0.6764705882352942, 0.6875, 0.7132352941176471, 0.7132352941176471, 0.7205882352941176, 0.7279411764705882, 0.7352941176470589, 0.7536764705882353, 0.7463235294117647, 0.7794117647058824, 0.7794117647058824, 0.8014705882352942, 0.8161764705882353, 0.8235294117647058, 0.8272058823529411, 0.8345588235294118, 0.8529411764705882, 0.8419117647058824, 0.8713235294117647, 0.8566176470588235, 0.8713235294117647, 0.9117647058823529, 0.8970588235294118, 0.9227941176470589, 0.9227941176470589, 0.9117647058823529, 0.9227941176470589, 0.9264705882352942, 0.9632352941176471, 0.9448529411764706, 0.9301470588235294, 0.9632352941176471, 0.9595588235294118, 0.9558823529411765, 0.9742647058823529, 0.9595588235294118, 0.9779411764705882, 0.9742647058823529, 0.9816176470588235, 0.9816176470588235, 0.9889705882352942, 0.9889705882352942, 0.9816176470588235, 0.9889705882352942, 0.9926470588235294, 0.9889705882352942, 0.9889705882352942, 0.9963235294117647, 0.9963235294117647, 0.9926470588235294, 0.9926470588235294, 0.9963235294117647, 0.9926470588235294, 0.9963235294117647, 1.0, 0.9963235294117647, 0.9926470588235294, 0.9963235294117647, 0.9963235294117647, 1.0, 0.9889705882352942, 1.0, 1.0, 1.0, 1.0, 1.0, 1.0, 0.9963235294117647, 0.9963235294117647, 1.0, 1.0, 1.0, 1.0, 0.9963235294117647, 1.0, 1.0, 0.9926470588235294, 0.9963235294117647, 0.9926470588235294], "trainRumorF1": [0.22796997389033943, 0.21219715956558063, 0.2331979695431472, 0.3050743757408894, 0.2958017676767677, 0.3515245478036175, 0.33379342074994245, 0.35609019424048327, 0.38504621257785815, 0.38560157790927024, 0.41830065359477125, 0.4242337164750958, 0.4214092140921409, 0.427960927960928, 0.43522913867741453, 0.4550171667413047, 0.4442523664607831, 0.44133124733323853, 0.45415151783866864, 0.495027356967818, 0.5000133919281698, 0.5091286777592215, 0.5365412331078895, 0.5675356467091947, 0.5949314575338078, 0.5915166473549186, 0.6196353745105573, 0.6220471318776405, 0.6580470320351038, 0.6417718225375358, 0.6725051161670881, 0.6738476481328423, 0.7098509402174323, 0.7270313915475205, 0.7522504718738098, 0.7527932527187245, 0.7687775397907157, 0.8034159303367909, 0.7806561739086778, 0.8308336586621795, 0.8030335500039586, 0.8293373307355817, 0.8799662386206065, 0.8585303056001202, 0.9009108524969408, 0.9014275180251919, 0.8874069649036201, 0.9035345131635834, 0.9042564670471647, 0.9509630576550027, 0.9313195359391012, 0.9051049618320611, 0.9534452423447868, 0.948925267936378, 0.9439822548626814, 0.9687490502758244, 0.9481100642700362, 0.9708118287357986, 0.9663573406459506, 0.9754180469023254, 0.9779122340425532, 0.9849113098847786, 0.9854276397884888, 0.9755826726279677, 0.9871998894874983, 0.9902624753605146, 0.9852457210677263, 0.984663387804749, 0.9949360015366615, 0.9948877959349164, 0.9902624753605146, 0.9898245614035087, 0.9969291420271812, 0.9902706095785995, 0.9949360015366615, 1.0, 0.9948877959349164, 0.990382860800593, 0.9948877959349164, 0.9969291420271812, 1.0, 0.9852727149145121, 1.0, 1.0, 1.0, 1.0, 1.0, 1.0, 0.9948877959349164, 0.9949360015366615, 1.0, 1.0, 1.0, 1.0, 0.9948877959349164, 1.0, 1.0, 0.9898245614035087, 0.9948877959349164, 0.992311329620651], "trainLoss": [1.0647342205047607, 1.0292613506317139, 1.018812894821167, 1.015929937362671, 1.0103424787521362, 1.0024718046188354, 0.9942392706871033, 0.984326958656311, 0.9712197780609131, 0.9656809568405151, 0.9460848569869995, 0.9317905902862549, 0.9172645211219788, 0.9015660285949707, 0.8999372124671936, 0.8690228462219238, 0.8468459248542786, 0.8399292230606079, 0.8210958242416382, 0.7989199161529541, 0.7824822664260864, 0.7659961581230164, 0.7386544942855835, 0.7185009121894836, 0.7054563164710999, 0.6819656491279602, 0.6585081219673157, 0.6354637742042542, 0.6188564896583557, 0.6013469099998474, 0.5669542551040649, 0.5533721446990967, 0.5236022472381592, 0.5085456371307373, 0.4989698529243469, 0.46049240231513977, 0.4439052641391754, 0.4079315960407257, 0.391968309879303, 0.36113736033439636, 0.3566022515296936, 0.33431747555732727, 0.2897399365901947, 0.2703811824321747, 0.2670406401157379, 0.24473442137241364, 0.21183612942695618, 0.2269839644432068, 0.20404717326164246, 0.16459240019321442, 0.1777748167514801, 0.1706867665052414, 0.13189807534217834, 0.14266175031661987, 0.12085862457752228, 0.10066664963960648, 0.1138741672039032, 0.08670038729906082, 0.09007509052753448, 0.07451573014259338, 0.06636989861726761, 0.054645340889692307, 0.05652075260877609, 0.05798007920384407, 0.05384327471256256, 0.04922017455101013, 0.04794253781437874, 0.04619621858000755, 0.03085315227508545, 0.033771660178899765, 0.02948630228638649, 0.029398303478956223, 0.020664727315306664, 0.025024227797985077, 0.018939154222607613, 0.015754705294966698, 0.024130763486027718, 0.02142329141497612, 0.019749406725168228, 0.021248428151011467, 0.012546908110380173, 0.02704748511314392, 0.009280112572014332, 0.006879943422973156, 0.008519560098648071, 0.01006182562559843, 0.008472691290080547, 0.004536319058388472, 0.019275370985269547, 0.012391212396323681, 0.004860911052674055, 0.004739690572023392, 0.006290037650614977, 0.0030030105262994766, 0.014662661589682102, 0.006053780671209097, 0.005971550475805998, 0.017337769269943237, 0.0052744923159480095, 0.027499210089445114], "testRumorAcc": [0.32142857142857145, 0.2857142857142857, 0.42857142857142855, 0.5, 0.5, 0.7142857142857143, 0.7142857142857143, 0.75, 0.75, 0.7857142857142857, 0.75, 0.6785714285714286, 0.6428571428571429, 0.75, 0.75, 0.6785714285714286, 0.7142857142857143, 0.75, 0.75, 0.6071428571428571], "testRumorF1": [0.22645502645502646, 0.20138888888888892, 0.3918617614269788, 0.4585284280936455, 0.4498327759197324, 0.7144945697577277, 0.7173489278752436, 0.7518518518518519, 0.7518518518518519, 0.7796665576985943, 0.7534571723426212, 0.6761904761904761, 0.6400850611376927, 0.7453482190324295, 0.7467320261437909, 0.6906436487638534, 0.7142857142857143, 0.7534571723426212, 0.7467320261437909, 0.5888888888888889], "testLoss": [1.353716492652893, 1.3143744468688965, 1.251446008682251, 1.135883092880249, 0.9481557011604309, 0.7214349508285522, 0.6805359721183777, 0.7144619226455688, 0.7058866024017334, 0.7445564866065979, 0.7414743304252625, 0.8803584575653076, 0.9922488331794739, 0.9672263264656067, 0.9323441386222839, 0.8922048211097717, 1.1082173585891724, 1.065820336341858, 1.1048133373260498, 1.593671441078186]}