{"epoch": 30, "macroF1Rumor": 0.7756512493354598, "accRumor": 0.7857142857142857, "loss": 0.6580437421798706, "trainRumorAcc": [0.35661764705882354, 0.4632352941176471, 0.46691176470588236, 0.46691176470588236, 0.4852941176470588, 0.49264705882352944, 0.5367647058823529, 0.5257352941176471, 0.5477941176470589, 0.5477941176470589, 0.5625, 0.5698529411764706, 0.5845588235294118, 0.6139705882352942, 0.6360294117647058, 0.6470588235294118, 0.6507352941176471, 0.6397058823529411, 0.6470588235294118, 0.6544117647058824, 0.6985294117647058, 0.6911764705882353, 0.6838235294117647, 0.7095588235294118, 0.7205882352941176, 0.7352941176470589, 0.7389705882352942, 0.7794117647058824, 0.7757352941176471, 0.7720588235294118, 0.7941176470588235, 0.7867647058823529, 0.8088235294117647, 0.8198529411764706, 0.8198529411764706, 0.8088235294117647, 0.8492647058823529, 0.8455882352941176, 0.8639705882352942, 0.8345588235294118, 0.8786764705882353, 0.8933823529411765, 0.9044117647058824, 0.8970588235294118, 0.9044117647058824, 0.8970588235294118, 0.9338235294117647, 0.9411764705882353, 0.9301470588235294, 0.9301470588235294, 0.9485294117647058, 0.9522058823529411, 0.9595588235294118, 0.9669117647058824, 0.9522058823529411, 0.9632352941176471, 0.9595588235294118, 0.9779411764705882, 0.9779411764705882, 0.9816176470588235, 0.9742647058823529, 0.9779411764705882, 0.9816176470588235, 0.9816176470588235, 0.9816176470588235, 0.9852941176470589, 0.9926470588235294, 0.9889705882352942, 0.9926470588235294, 1.0, 0.9889705882352942, 0.9889705882352942, 0.9816176470588235, 0.9963235294117647, 0.9963235294117647, 0.9926470588235294, 1.0, 0.9926470588235294, 0.9926470588235294, 0.9926470588235294], "trainRumorF1": [0.2617798758632748, 0.21105527638190955, 0.21219715956558063, 0.21219715956558063, 0.2845891868880374, 0.2617380285447512, 0.3577411438326932, 0.35801697651408637, 0.37373015873015875, 0.38384968819751425, 0.3901734104046242, 0.40585495675316036, 0.4168493445089189, 0.4445524883102539, 0.46347895883499596, 0.4709181953873561, 0.4772388487558767, 0.46738509717233123, 0.4745293466223699, 0.4879403067229313, 0.5559389617360632, 0.5503631082062455, 0.5435385916980563, 0.6086165910283721, 0.6287288906866215, 0.6554952219692104, 0.6650925925925927, 0.7272043863824685, 0.7198053986189579, 0.7234043216807645, 0.7530283224400871, 0.7429610497151454, 0.7644131578109633, 0.7817050031937285, 0.7726106165178189, 0.7745381840719715, 0.8232605281785609, 0.812736386420597, 0.8459170758536603, 0.8112832502814319, 0.8624635863542558, 0.8769911378688725, 0.8840702604482132, 0.874032691505195, 0.8892859362770654, 0.8737925895820634, 0.9239353400222966, 0.9303882675922427, 0.9219026504758459, 0.9226303226303226, 0.938115987135595, 0.9452173122385888, 0.9536173407582437, 0.9627889645292456, 0.9373360857500894, 0.9544502998567848, 0.9540533230925892, 0.9738064100694036, 0.9760313239172936, 0.9810664456416632, 0.9712689263890911, 0.9796287146830626, 0.9810978835978835, 0.9788247085775891, 0.9806931409659457, 0.9836911175576737, 0.9897250566893424, 0.9871003847733318, 0.9898245614035087, 1.0, 0.9866544872748401, 0.9867351384998444, 0.9779085509048211, 0.995325807090513, 0.9949360015366615, 0.9902706095785995, 1.0, 0.9907086614173228, 0.993866556154165, 0.9918170351606884], "trainLoss": [1.0579043626785278, 1.0285979509353638, 1.0221949815750122, 1.0184569358825684, 1.011871576309204, 1.0051023960113525, 0.9968824982643127, 0.9877615571022034, 0.9774442315101624, 0.9681658148765564, 0.9562908411026001, 0.9390062093734741, 0.9162115454673767, 0.8903116583824158, 0.8464186787605286, 0.8125706911087036, 0.7905307412147522, 0.7877510786056519, 0.7711647152900696, 0.7446720600128174, 0.7220252752304077, 0.7280307412147522, 0.7153149247169495, 0.690680742263794, 0.6735736727714539, 0.6553813219070435, 0.6316277980804443, 0.6134820580482483, 0.5775706171989441, 0.5751785039901733, 0.5500504374504089, 0.5250170826911926, 0.5019738078117371, 0.49018025398254395, 0.4631882309913635, 0.45964059233665466, 0.4306165874004364, 0.41521644592285156, 0.3926657438278198, 0.3763526380062103, 0.36353471875190735, 0.33514371514320374, 0.31466004252433777, 0.28887009620666504, 0.27723389863967896, 0.26694774627685547, 0.23821556568145752, 0.23945726454257965, 0.22620177268981934, 0.22704684734344482, 0.19662727415561676, 0.18733075261116028, 0.17085665464401245, 0.15400134027004242, 0.15673023462295532, 0.13110749423503876, 0.11499763280153275, 0.1110474243760109, 0.10605636984109879, 0.0904233306646347, 0.08614691346883774, 0.07494883239269257, 0.07071392983198166, 0.07267738878726959, 0.06619834899902344, 0.06311249732971191, 0.044272854924201965, 0.04386948421597481, 0.04185820743441582, 0.030002828687429428, 0.04306599125266075, 0.03950818255543709, 0.04593762755393982, 0.02630114182829857, 0.021857548505067825, 0.03324761614203453, 0.017475930973887444, 0.026142092421650887, 0.032053835690021515, 0.016442563384771347], "testRumorAcc": [0.2857142857142857, 0.32142857142857145, 0.5, 0.5, 0.5357142857142857, 0.7857142857142857, 0.6785714285714286, 0.6428571428571429, 0.6785714285714286, 0.6785714285714286, 0.6428571428571429, 0.6428571428571429, 0.6428571428571429, 0.6428571428571429, 0.6785714285714286, 0.6428571428571429], "testRumorF1": [0.14814814814814817, 0.22222222222222224, 0.45248868778280543, 0.44980056980056976, 0.5149911816578482, 0.7756512493354598, 0.6776094276094277, 0.6330532212885154, 0.676780185758514, 0.6814814814814815, 0.644075021312873, 0.6261562998405105, 0.644075021312873, 0.644075021312873, 0.6695906432748538, 0.6527777777777778], "testLoss": [1.3821303844451904, 1.3694862127304077, 1.1871002912521362, 0.9452877044677734, 0.8683518171310425, 0.6580437421798706, 0.7563194036483765, 0.8227933645248413, 0.7466995120048523, 0.9107189774513245, 0.976182222366333, 1.2397372722625732, 1.1606745719909668, 1.8162246942520142, 1.8402323722839355, 2.108806610107422]}