{"epoch": 75, "macroF1Rumor": 0.7145969498910675, "accRumor": 0.7142857142857143, "loss": 1.216773509979248, "trainRumorAcc": [0.41911764705882354, 0.46691176470588236, 0.5, 0.49264705882352944, 0.5, 0.5183823529411765, 0.5294117647058824, 0.5294117647058824, 0.5477941176470589, 0.5441176470588235, 0.5772058823529411, 0.5367647058823529, 0.5477941176470589, 0.5698529411764706, 0.5772058823529411, 0.5477941176470589, 0.5735294117647058, 0.5698529411764706, 0.5882352941176471, 0.5808823529411765, 0.6102941176470589, 0.6470588235294118, 0.6286764705882353, 0.6286764705882353, 0.6617647058823529, 0.6544117647058824, 0.6360294117647058, 0.6470588235294118, 0.6654411764705882, 0.6544117647058824, 0.6764705882352942, 0.6580882352941176, 0.6580882352941176, 0.7058823529411765, 0.6948529411764706, 0.6911764705882353, 0.6764705882352942, 0.7058823529411765, 0.7242647058823529, 0.7426470588235294, 0.7389705882352942, 0.7647058823529411, 0.7573529411764706, 0.7683823529411765, 0.7536764705882353, 0.7757352941176471, 0.8014705882352942, 0.8161764705882353, 0.8088235294117647, 0.8272058823529411, 0.8235294117647058, 0.8308823529411765, 0.8419117647058824, 0.8529411764705882, 0.8713235294117647, 0.8602941176470589, 0.8529411764705882, 0.8676470588235294, 0.8860294117647058, 0.8970588235294118, 0.9044117647058824, 0.9007352941176471, 0.9044117647058824, 0.9080882352941176, 0.8933823529411765, 0.9338235294117647, 0.9117647058823529, 0.9264705882352942, 0.9227941176470589, 0.9411764705882353, 0.9227941176470589, 0.9411764705882353, 0.9485294117647058, 0.9301470588235294, 0.9595588235294118, 0.9522058823529411, 0.9632352941176471, 0.9632352941176471, 0.9669117647058824, 0.9816176470588235, 0.9816176470588235, 0.9705882352941176, 0.9705882352941176, 0.9705882352941176, 0.9669117647058824, 0.9816176470588235, 0.9889705882352942, 0.9779411764705882, 0.9889705882352942, 0.9779411764705882, 0.9852941176470589, 0.9963235294117647, 0.9889705882352942, 0.9742647058823529, 0.9926470588235294, 0.9926470588235294, 0.9926470588235294, 0.9926470588235294, 0.9926470588235294, 0.9963235294117647, 0.9889705882352942, 0.9926470588235294, 0.9926470588235294, 0.9889705882352942, 0.9852941176470589, 0.9889705882352942, 0.9963235294117647, 0.9963235294117647, 0.9889705882352942, 0.9963235294117647, 0.9963235294117647, 0.9816176470588235, 0.9779411764705882, 0.9963235294117647, 0.9963235294117647, 0.9889705882352942, 0.9963235294117647, 0.9963235294117647, 1.0, 0.9889705882352942, 1.0, 0.9963235294117647, 1.0, 1.0, 0.9963235294117647], "trainRumorF1": [0.2662099153106861, 0.21219715956558063, 0.287911932820549, 0.3052057184949974, 0.2919192623046013, 0.32302436125965533, 0.35213294153409674, 0.3661844484629295, 0.3919275312464167, 0.3774288704919593, 0.40918945553091896, 0.3893257910228109, 0.38450155045899725, 0.40396152511279687, 0.4178876678876679, 0.38673444686516584, 0.4100447196422428, 0.41392430682048165, 0.42762762762762757, 0.4167496325795288, 0.4447496947496947, 0.4727257750398626, 0.4595726853791369, 0.4591266177777003, 0.48473211376437186, 0.47902353885169763, 0.4644231214944607, 0.49562032170727827, 0.4900570157140871, 0.4799015253125236, 0.5082913960756471, 0.4954193887512203, 0.4928768193334094, 0.5602723432180797, 0.5629589327529831, 0.5208344770670784, 0.5194635961805174, 0.5712737399841286, 0.5793458404350048, 0.6162600261043188, 0.6219059485016932, 0.6682874778826804, 0.645080788913806, 0.6912698412698414, 0.6452766592998497, 0.69580472921434, 0.7269289804217339, 0.7453782600705061, 0.7530220413638636, 0.7800237879688939, 0.7578077125863558, 0.7830408582469457, 0.7868226750154553, 0.8072541468448741, 0.8315605926913957, 0.8133586321632625, 0.8117583741028142, 0.8281306300368231, 0.8539820810096419, 0.8668884028631711, 0.8761545536960939, 0.8672398413331056, 0.8926406312552414, 0.8829563457733176, 0.8704006744345846, 0.9165531552277058, 0.8822734684369905, 0.9082699528256475, 0.902423434415442, 0.9269850491609649, 0.8999891915261564, 0.9262162542182227, 0.9349984880972017, 0.9095091813733575, 0.9499294947913856, 0.9423024214690882, 0.9548611111111112, 0.9498291555402418, 0.9615996684624948, 0.9753047091547318, 0.9779085509048211, 0.9637360928121798, 0.9642243403785052, 0.9606547606729715, 0.959800134279301, 0.9776774525599713, 0.9877478146872861, 0.977063748908409, 0.9857106695546444, 0.9718143077585712, 0.9807277884975979, 0.995325807090513, 0.9857106695546444, 0.9687170987480584, 0.9923089666234137, 0.9898245614035087, 0.9902624753605146, 0.990382860800593, 0.9898245614035087, 0.9953821469103432, 0.9876480962755472, 0.990593112244898, 0.992311329620651, 0.9892026560757211, 0.9807573333683729, 0.9907874260815438, 0.9953821469103432, 0.995325807090513, 0.9868555239399229, 0.9969291420271812, 0.9953821469103432, 0.9798391523935002, 0.9746230080164701, 0.9969291420271812, 0.9948877959349164, 0.9866544872748401, 0.9969372762452662, 0.9969291420271812, 1.0, 0.9857106695546444, 1.0, 0.9948877959349164, 1.0, 1.0, 0.9949360015366615], "trainLoss": [1.048680067062378, 1.026648759841919, 1.0188361406326294, 1.0145351886749268, 1.0069760084152222, 1.0017027854919434, 0.9934322237968445, 0.9930774569511414, 0.9844248294830322, 0.9762002229690552, 0.9666963219642639, 0.9624905586242676, 0.9545199275016785, 0.940920352935791, 0.9295154213905334, 0.9334999322891235, 0.920124888420105, 0.912532389163971, 0.9037477970123291, 0.8915467262268066, 0.874842643737793, 0.8407735824584961, 0.86213618516922, 0.8557928800582886, 0.8284581303596497, 0.8186221718788147, 0.8107696771621704, 0.8021314144134521, 0.7768641114234924, 0.779326856136322, 0.7562225461006165, 0.7581453323364258, 0.7494585514068604, 0.7176463603973389, 0.703831672668457, 0.6866980791091919, 0.6864837408065796, 0.6674795150756836, 0.6332404017448425, 0.6217788457870483, 0.6012929677963257, 0.5984988808631897, 0.5896039009094238, 0.5738259553909302, 0.5509418845176697, 0.5602548718452454, 0.5252071619033813, 0.47423481941223145, 0.49273592233657837, 0.47000008821487427, 0.431754469871521, 0.43913349509239197, 0.43135184049606323, 0.39243119955062866, 0.3779996633529663, 0.3834898769855499, 0.3516295254230499, 0.330014169216156, 0.3244539499282837, 0.3054163157939911, 0.2914045453071594, 0.2725253701210022, 0.2781205475330353, 0.24243217706680298, 0.25735554099082947, 0.2160007804632187, 0.23526062071323395, 0.19237393140792847, 0.17527015507221222, 0.1764461100101471, 0.1849614977836609, 0.1535695344209671, 0.15635478496551514, 0.1721515953540802, 0.1389763057231903, 0.13445746898651123, 0.12799715995788574, 0.10424606502056122, 0.10710544139146805, 0.08150527626276016, 0.08062437176704407, 0.09596223384141922, 0.08900976926088333, 0.08884000778198242, 0.0989229753613472, 0.06143232062458992, 0.049548275768756866, 0.06229538843035698, 0.05282612890005112, 0.06104203686118126, 0.0483674630522728, 0.035011790692806244, 0.04035617783665657, 0.06772235035896301, 0.04126213118433952, 0.03329339995980263, 0.029739249497652054, 0.02781917154788971, 0.023470472544431686, 0.027693288400769234, 0.037070099264383316, 0.025206545367836952, 0.026432465761899948, 0.03359447792172432, 0.03743977099657059, 0.03129308298230171, 0.014971472322940826, 0.014697843231260777, 0.03247005492448807, 0.01907106302678585, 0.01375070121139288, 0.035964831709861755, 0.05421803146600723, 0.01697792485356331, 0.010100104846060276, 0.03563756123185158, 0.022441383451223373, 0.012274635024368763, 0.006933148950338364, 0.01644204556941986, 0.0069270203821361065, 0.02126498520374298, 0.010179686360061169, 0.004865110851824284, 0.013148856349289417],