{"epoch": 55, "macroF1Rumor": 0.641624040920716, "accRumor": 0.6428571428571429, "loss": 0.9158923625946045, "trainRumorAcc": [0.4522058823529412, 0.46691176470588236, 0.47058823529411764, 0.46691176470588236, 0.5183823529411765, 0.4742647058823529, 0.5220588235294118, 0.5147058823529411, 0.5367647058823529, 0.5183823529411765, 0.5404411764705882, 0.5257352941176471, 0.5330882352941176, 0.5661764705882353, 0.5257352941176471, 0.5845588235294118, 0.5808823529411765, 0.6029411764705882, 0.6066176470588235, 0.6066176470588235, 0.6139705882352942, 0.6176470588235294, 0.6397058823529411, 0.6360294117647058, 0.6470588235294118, 0.6544117647058824, 0.6544117647058824, 0.6727941176470589, 0.6948529411764706, 0.6875, 0.6911764705882353, 0.7205882352941176, 0.7132352941176471, 0.7316176470588235, 0.7279411764705882, 0.7242647058823529, 0.7426470588235294, 0.7352941176470589, 0.75, 0.7389705882352942, 0.75, 0.7941176470588235, 0.8088235294117647, 0.7830882352941176, 0.7977941176470589, 0.8014705882352942, 0.8308823529411765, 0.8198529411764706, 0.8198529411764706, 0.8566176470588235, 0.8602941176470589, 0.8860294117647058, 0.8639705882352942, 0.8786764705882353, 0.8860294117647058, 0.8676470588235294, 0.8860294117647058, 0.8970588235294118, 0.8823529411764706, 0.875, 0.9044117647058824, 0.9007352941176471, 0.9301470588235294, 0.9264705882352942, 0.9485294117647058, 0.9375, 0.9301470588235294, 0.9485294117647058, 0.9154411764705882, 0.9485294117647058, 0.9742647058823529, 0.9705882352941176, 0.9522058823529411, 0.9595588235294118, 0.9742647058823529, 0.9595588235294118, 0.9669117647058824, 0.9595588235294118, 0.9705882352941176, 0.9558823529411765, 0.9816176470588235, 0.9742647058823529, 0.9742647058823529, 0.9779411764705882, 0.9669117647058824, 0.9926470588235294, 0.9926470588235294, 0.9669117647058824, 0.9852941176470589, 0.9852941176470589, 0.9779411764705882, 0.9852941176470589, 0.9926470588235294, 0.9963235294117647, 0.9742647058823529, 0.9816176470588235, 0.9926470588235294, 0.9963235294117647, 0.9963235294117647, 0.9889705882352942, 0.9889705882352942, 0.9926470588235294, 0.9926470588235294, 1.0, 0.9926470588235294], "trainRumorF1": [0.2576920096101682, 0.21219715956558063, 0.2196747627024009, 0.2244384776030346, 0.34095966997774524, 0.23844674543790256, 0.3422652676889965, 0.3584873121458487, 0.38090729783037475, 0.34095966997774524, 0.3842910234419668, 0.3760318665089815, 0.37604074835929086, 0.41070593735390376, 0.3706608569353667, 0.41827138378862516, 0.41683706364557427, 0.4378467748103954, 0.43925393869527946, 0.4391159901776686, 0.44358859531273326, 0.4628639334521687, 0.48734544851049705, 0.4995682386771496, 0.4710804532309297, 0.5183193946634808, 0.49176070695681967, 0.5277436907777465, 0.5603386478803608, 0.5452883057511794, 0.5664485667721215, 0.6027605680135973, 0.604406277871949, 0.6047957656653309, 0.6100069448251914, 0.6268914196207779, 0.6477956379643834, 0.6349627466774064, 0.6532948532948533, 0.6454874023861455, 0.6827150749802683, 0.712435499444266, 0.7561518857015098, 0.7041385460572256, 0.7454482712021466, 0.7384401621793996, 0.7812136812136813, 0.77899435409931, 0.7631529152522784, 0.8228895001553743, 0.8228465187159992, 0.8573746927363682, 0.8295252182330413, 0.8492517185598203, 0.8587367998977435, 0.8293449805064173, 0.8590318608155666, 0.8634930088208631, 0.8548720617442017, 0.8441816443221514, 0.8872915908003627, 0.875820605645167, 0.9149632676098366, 0.9072261808503469, 0.9403445253323977, 0.9253472222222222, 0.906389792987731, 0.9412226099671157, 0.900042759199879, 0.9360981458443011, 0.9688835325920729, 0.9686979977176056, 0.9402006172839507, 0.9482158687943262, 0.9668490122945158, 0.9518737613155498, 0.9560292216729521, 0.9503814693378317, 0.9642884102769225, 0.9510644640852974, 0.9788653002458471, 0.9669442646168416, 0.9667642677351416, 0.9741686806301467, 0.959800134279301, 0.9918170351606884, 0.9899179529968016, 0.967714986601635, 0.9821833326939743, 0.9856859027579854, 0.974366134751773, 0.9824741985068072, 0.9907086614173228, 0.9948877959349164, 0.9696114915929157, 0.979414043972728, 0.9902624753605146, 0.995325807090513, 0.9948877959349164, 0.9873097777122545, 0.9857106695546444, 0.992311329620651, 0.9922631240189058, 1.0, 0.9901448886710007], "trainLoss": [1.054762601852417, 1.0279823541641235, 1.019622564315796, 1.0193156003952026, 1.0075325965881348, 1.0015156269073486, 0.9979293942451477, 0.9976541996002197, 0.9814094305038452, 0.9777184724807739, 0.9712198972702026, 0.9684370756149292, 0.9617512822151184, 0.9512466192245483, 0.943340539932251, 0.933053195476532, 0.9263848662376404, 0.9055445790290833, 0.90094393491745, 0.8873894810676575, 0.8648317456245422, 0.8635070323944092, 0.8290298581123352, 0.8310122489929199, 0.817331850528717, 0.8019887804985046, 0.7906308770179749, 0.7733016014099121, 0.7425865530967712, 0.7309088110923767, 0.7275711297988892, 0.7167317867279053, 0.6971305012702942, 0.6853285431861877, 0.665499746799469, 0.6570574641227722, 0.6398098468780518, 0.6552520394325256, 0.6254807114601135, 0.6221628189086914, 0.5918037295341492, 0.5447583198547363, 0.5345423221588135, 0.5438085198402405, 0.5403681397438049, 0.478776216506958, 0.4563423991203308, 0.46229854226112366, 0.4539446234703064, 0.41507619619369507, 0.42087098956108093, 0.40356048941612244, 0.3922240734100342, 0.36169615387916565, 0.33445990085601807, 0.3628418743610382, 0.34205153584480286, 0.3125879168510437, 0.312924325466156, 0.28834086656570435, 0.2927439510822296, 0.28609803318977356, 0.2253895401954651, 0.227248415350914, 0.2072528898715973, 0.22059261798858643, 0.19489917159080505, 0.17771810293197632, 0.19213804602622986, 0.15144862234592438, 0.11408533155918121, 0.14410270750522614, 0.1416267603635788, 0.12557700276374817, 0.10767196863889694, 0.12914642691612244, 0.11332836747169495, 0.09712234139442444, 0.1065329983830452, 0.13019219040870667, 0.09362957626581192, 0.08545403182506561, 0.06925487518310547, 0.08987141400575638, 0.07342445850372314, 0.051602620631456375, 0.056038472801446915, 0.08350441604852676, 0.054154954850673676, 0.04970682039856911, 0.06668514758348465, 0.059825047850608826, 0.038374654948711395, 0.03243151307106018, 0.05488082021474838, 0.053254399448633194, 0.029476134106516838, 0.022907497361302376, 0.02616080641746521, 0.03502248227596283, 0.03629699721932411, 0.029497014358639717, 0.02306821383535862, 0.01544082909822464, 0.020100725814700127], "testRumorAcc": [0.2857142857142857, 0.2857142857142857, 0.35714285714285715, 0.5, 0.5, 0.5357142857142857, 0.5714285714285714, 0.5357142857142857, 0.5714285714285714, 0.6071428571428571, 0.6428571428571429, 0.5714285714285714, 0.6071428571428571, 0.5714285714285714, 0.6071428571428571, 0.6071428571428571, 0.6071428571428571, 0.6071428571428571, 0.5714285714285714, 0.6071428571428571, 0.6071428571428571], "testRumorF1": [0.14814814814814817, 0.24404761904761907, 0.27777777777777773, 0.45248868778280543, 0.45248868778280543, 0.4986504723346828, 0.549852893102321, 0.4918617614269789, 0.5383597883597884, 0.5880837359098229, 0.641624040920716, 0.5672222222222222, 0.5609116809116809, 0.5383597883597884, 0.6044195455960163, 0.6044195455960163, 0.6044195455960163, 0.5880837359098229, 0.5614478114478114, 0.6044195455960163, 0.6044195455960163], "testLoss": [1.3759938478469849, 1.3702136278152466, 1.2887449264526367, 1.2845137119293213, 1.1368088722229004, 1.0287415981292725, 0.8982768654823303, 0.9321430921554565, 0.9918836355209351, 0.8813683390617371, 0.9158923625946045, 1.104386329650879, 1.477178931236267, 1.5024235248565674, 1.2512781620025635, 1.3906375169754028, 1.4794325828552246, 1.7941486835479736, 1.9983720779418945, 2.0325942039489746, 2.179800510406494]}