{"epoch": 60, "macroF1Rumor": 0.8190235690235691, "accRumor": 0.8214285714285714, "loss": 0.7089641094207764, "trainRumorAcc": [0.4338235294117647, 0.46691176470588236, 0.46691176470588236, 0.46691176470588236, 0.4742647058823529, 0.4889705882352941, 0.5257352941176471, 0.5367647058823529, 0.5294117647058824, 0.5147058823529411, 0.5404411764705882, 0.5441176470588235, 0.5367647058823529, 0.5257352941176471, 0.5367647058823529, 0.5772058823529411, 0.5661764705882353, 0.5551470588235294, 0.5625, 0.5919117647058824, 0.5661764705882353, 0.6102941176470589, 0.6213235294117647, 0.6066176470588235, 0.6176470588235294, 0.6139705882352942, 0.6286764705882353, 0.6397058823529411, 0.6176470588235294, 0.6544117647058824, 0.6286764705882353, 0.6617647058823529, 0.6580882352941176, 0.6580882352941176, 0.6617647058823529, 0.6764705882352942, 0.6838235294117647, 0.6727941176470589, 0.7022058823529411, 0.6948529411764706, 0.7316176470588235, 0.7169117647058824, 0.7352941176470589, 0.7316176470588235, 0.7536764705882353, 0.7463235294117647, 0.7720588235294118, 0.7757352941176471, 0.7757352941176471, 0.8088235294117647, 0.7867647058823529, 0.7867647058823529, 0.8088235294117647, 0.8455882352941176, 0.8602941176470589, 0.8345588235294118, 0.8676470588235294, 0.8345588235294118, 0.8492647058823529, 0.8860294117647058, 0.8860294117647058, 0.8860294117647058, 0.8602941176470589, 0.8860294117647058, 0.8823529411764706, 0.9191176470588235, 0.8970588235294118, 0.9007352941176471, 0.9191176470588235, 0.9007352941176471, 0.9227941176470589, 0.9411764705882353, 0.9227941176470589, 0.9264705882352942, 0.9191176470588235, 0.9448529411764706, 0.9338235294117647, 0.9375, 0.9522058823529411, 0.9264705882352942, 0.9448529411764706, 0.9558823529411765, 0.9595588235294118, 0.9779411764705882, 0.9595588235294118, 0.9595588235294118, 0.9742647058823529, 0.9669117647058824, 0.9779411764705882, 0.9669117647058824, 0.9779411764705882, 0.9558823529411765, 0.9779411764705882, 0.9742647058823529, 0.9816176470588235, 0.9816176470588235, 0.9816176470588235, 0.9816176470588235, 0.9889705882352942, 0.9816176470588235, 0.9852941176470589, 0.9889705882352942, 0.9816176470588235, 0.9963235294117647, 0.9926470588235294, 0.9926470588235294, 0.9889705882352942, 0.9926470588235294, 0.9889705882352942, 0.9889705882352942], "trainRumorF1": [0.25590291518269354, 0.21219715956558063, 0.21219715956558063, 0.21219715956558063, 0.2270118673556831, 0.27839067564198455, 0.3417577413479053, 0.3484155374887082, 0.3680715917269001, 0.3511928896440317, 0.3829585798816568, 0.3841218532667255, 0.3842245111210629, 0.3690729783037476, 0.3831715676564686, 0.41055962795093226, 0.40623469487706926, 0.39574162196201446, 0.40945253505933116, 0.4234047795023404, 0.40757254069355975, 0.44253361641896677, 0.4536447275300779, 0.43764594602583434, 0.4491177787729512, 0.44794686626956937, 0.4599771297884505, 0.4690021231422506, 0.45102642401991067, 0.47861471861471855, 0.462015834384419, 0.49674254311608074, 0.5349678009872185, 0.49355894255226224, 0.4950503595119269, 0.4965929634265054, 0.5263086762137995, 0.5350528601247221, 0.558625085809552, 0.5618626871166484, 0.6244927536231885, 0.5892107369931229, 0.6261208576998051, 0.6283604269523304, 0.6514125043055733, 0.6471535742082556, 0.6903582179116613, 0.6955470473880961, 0.6986441798941798, 0.7493194091132236, 0.696130171698439, 0.7048833553417594, 0.723719216204539, 0.7927407805227354, 0.8240873828687175, 0.7671010799269403, 0.8317999490451897, 0.7844909915743711, 0.8046859985810889, 0.8439805467788563, 0.8547136534557919, 0.8599848603015477, 0.823059826247046, 0.8548267296619972, 0.844493555849306, 0.8999807576007477, 0.873799740117006, 0.87225921715121, 0.8968564892523186, 0.8815143423206133, 0.9023671525866948, 0.9263401151988108, 0.9014455905212208, 0.9029533668708926, 0.903489205634742, 0.9313130388342108, 0.9174537478779167, 0.9200736021771401, 0.9418189670849246, 0.9111111111111111, 0.9292229484386346, 0.9450710402271145, 0.9477870934149427, 0.971742474346641, 0.9485519929230594, 0.9495051714844013, 0.9676212455411092, 0.9545270904848469, 0.972225870677883, 0.9593687129290845, 0.9730902777777778, 0.9397075756036438, 0.9743904247107743, 0.9685135362884724, 0.977024450891007, 0.9765625, 0.9766231401196118, 0.9779085509048211, 0.9857106695546444, 0.9776729917688861, 0.9824686493417144, 0.9852727149145121, 0.9798542702567471, 0.995325807090513, 0.992311329620651, 0.9901448886710007, 0.9892026560757211, 0.9902624753605146, 0.9850830284266817, 0.9870843403150733], "trainLoss": [1.060816764831543, 1.0292590856552124, 1.023255467414856, 1.0145905017852783, 1.0116183757781982, 1.008667230606079, 1.0091195106506348, 0.998709499835968, 0.9966186285018921, 0.9867116212844849, 0.9818359613418579, 0.9750063419342041, 0.9773971438407898, 0.9739865660667419, 0.9635934233665466, 0.9606817960739136, 0.9476380944252014, 0.9230682849884033, 0.936661958694458, 0.924026608467102, 0.9201541543006897, 0.8948215246200562, 0.8860670328140259, 0.8719248175621033, 0.855018138885498, 0.8479551076889038, 0.8364574313163757, 0.7939695119857788, 0.8132806420326233, 0.8055910468101501, 0.7825543284416199, 0.7777624726295471, 0.759796142578125, 0.7488546967506409, 0.7448222041130066, 0.7272801995277405, 0.7130027413368225, 0.719541609287262, 0.6957539319992065, 0.6567042469978333, 0.6863284707069397, 0.651892900466919, 0.6371257901191711, 0.6442667841911316, 0.5942607522010803, 0.5983119606971741, 0.5820375680923462, 0.5678648352622986, 0.5496456027030945, 0.5210080742835999, 0.5313904881477356, 0.5143812894821167, 0.48055386543273926, 0.4247879683971405, 0.4546072781085968, 0.43468713760375977, 0.4099220037460327, 0.406992107629776, 0.4195367097854614, 0.34077009558677673, 0.36037135124206543, 0.3535095453262329, 0.33462265133857727, 0.3227609694004059, 0.30799925327301025, 0.277793288230896, 0.3039639890193939, 0.27622219920158386, 0.23985935747623444, 0.2881128489971161, 0.24128176271915436, 0.2170163244009018, 0.19613732397556305, 0.19202609360218048, 0.21054023504257202, 0.17405441403388977, 0.18397684395313263, 0.17039328813552856, 0.15693244338035583, 0.19438861310482025, 0.14588914811611176, 0.12170937657356262, 0.1392638385295868, 0.11032731086015701, 0.12715156376361847, 0.11998841166496277, 0.10192389041185379, 0.10648640245199203, 0.10792986303567886, 0.08836322277784348, 0.08923737704753876, 0.10912896692752838, 0.08988303691148758, 0.09749644994735718, 0.07317045331001282, 0.0671798586845398, 0.06775184720754623, 0.05214836820960045, 0.05064572021365166, 0.05960055813193321, 0.04790651798248291, 0.05924420431256294, 0.04713311418890953, 0.029804324731230736, 0.05359582602977753, 0.03769000992178917, 0.04096236079931259, 0.04002966359257698, 0.03542083501815796, 0.029139278456568718], "testRumorAcc": [0.32142857142857145, 0.2857142857142857, 0.2857142857142857, 0.39285714285714285, 0.42857142857142855, 0.5357142857142857, 0.5357142857142857, 0.5357142857142857, 0.5357142857142857, 0.5714285714285714, 0.6071428571428571, 0.8214285714285714, 0.6071428571428571, 0.5714285714285714, 0.5714285714285714, 0.5714285714285714, 0.6071428571428571, 0.6071428571428571, 0.6428571428571429, 0.6428571428571429, 0.5714285714285714, 0.6071428571428571], "testRumorF1": [0.2235294117647059, 0.20138888888888892, 0.20138888888888892, 0.3297022512708787, 0.39620958751393537, 0.487068487068487, 0.487068487068487, 0.48316610925306575, 0.487068487068487, 0.5437229437229437, 0.5859788359788359, 0.8190235690235691, 0.603114478114478, 0.559098228663446, 0.559098228663446, 0.559098228663446, 0.603114478114478, 0.603114478114478, 0.6325281803542673, 0.6436352318705261, 0.5514088250930356, 0.603114478114478],