{"epoch": 60, "macroF1Rumor": 0.7183694530443757, "accRumor": 0.7142857142857143, "loss": 0.704339861869812, "trainRumorAcc": [0.4375, 0.46691176470588236, 0.46691176470588236, 0.46691176470588236, 0.47058823529411764, 0.4742647058823529, 0.46691176470588236, 0.4852941176470588, 0.5220588235294118, 0.5073529411764706, 0.5330882352941176, 0.5220588235294118, 0.5183823529411765, 0.5294117647058824, 0.5477941176470589, 0.5404411764705882, 0.5625, 0.5735294117647058, 0.5698529411764706, 0.5845588235294118, 0.5919117647058824, 0.5882352941176471, 0.6213235294117647, 0.625, 0.6213235294117647, 0.6286764705882353, 0.6580882352941176, 0.6507352941176471, 0.6544117647058824, 0.6617647058823529, 0.6691176470588235, 0.6617647058823529, 0.6801470588235294, 0.6875, 0.6948529411764706, 0.7058823529411765, 0.6948529411764706, 0.6985294117647058, 0.7095588235294118, 0.7389705882352942, 0.7352941176470589, 0.7389705882352942, 0.7352941176470589, 0.7463235294117647, 0.7389705882352942, 0.7352941176470589, 0.7610294117647058, 0.7720588235294118, 0.7794117647058824, 0.7683823529411765, 0.7720588235294118, 0.7977941176470589, 0.8088235294117647, 0.7904411764705882, 0.7941176470588235, 0.8161764705882353, 0.8308823529411765, 0.8566176470588235, 0.8272058823529411, 0.8492647058823529, 0.8529411764705882, 0.8676470588235294, 0.8639705882352942, 0.8713235294117647, 0.8529411764705882, 0.8897058823529411, 0.8970588235294118, 0.8970588235294118, 0.8970588235294118, 0.9338235294117647, 0.9227941176470589, 0.9117647058823529, 0.9080882352941176, 0.9264705882352942, 0.9485294117647058, 0.9338235294117647, 0.9264705882352942, 0.9448529411764706, 0.9411764705882353, 0.9448529411764706, 0.9522058823529411, 0.9705882352941176, 0.9705882352941176, 0.9522058823529411, 0.9669117647058824, 0.9669117647058824, 0.9669117647058824, 0.9595588235294118, 0.9779411764705882, 0.9669117647058824, 0.9779411764705882, 0.9742647058823529, 0.9595588235294118, 0.9816176470588235, 0.9669117647058824, 0.9963235294117647, 0.9779411764705882, 0.9852941176470589, 0.9816176470588235, 0.9889705882352942, 0.9926470588235294, 0.9816176470588235, 0.9816176470588235, 0.9779411764705882, 0.9779411764705882, 0.9926470588235294, 0.9926470588235294, 0.9889705882352942, 0.9889705882352942, 0.9816176470588235], "trainRumorF1": [0.3123202085580727, 0.21219715956558063, 0.21219715956558063, 0.21219715956558063, 0.2196747627024009, 0.2270118673556831, 0.24582417670876702, 0.27662227087514446, 0.3545631195863386, 0.33534169244965534, 0.3569291046036411, 0.34949735449735453, 0.35958083832335336, 0.3668639053254437, 0.390092879256966, 0.3824629271437782, 0.3999454608557687, 0.41088757396449704, 0.4062836712704476, 0.42213056464229837, 0.42717267009719845, 0.42735042735042733, 0.45315634947251987, 0.457875912624516, 0.452401372212693, 0.4610194507406041, 0.4806807945763998, 0.4753723407415329, 0.4799015253125236, 0.48745874004907064, 0.4909829703693558, 0.4854719044663179, 0.5006105006105006, 0.5146811724334747, 0.5223263485165347, 0.520617816091954, 0.5233136428788604, 0.535701904192828, 0.5357725192229699, 0.5671634668347197, 0.5531795355324768, 0.5567175559290901, 0.5770941807808166, 0.5939968928474676, 0.5774070756829377, 0.5819747439205567, 0.6036536238698366, 0.658295676058834, 0.6513374656665312, 0.6429924016390182, 0.6574893008473454, 0.7126371777256523, 0.7259583325543278, 0.6911088106740281, 0.7044574809466506, 0.7508987398451993, 0.7596916008253799, 0.8090259418374091, 0.7617952723107363, 0.8007944907417142, 0.7987218994262877, 0.8190191974782316, 0.8268256263387784, 0.8240641974267625, 0.8098672607444537, 0.8681717286557306, 0.8710488442447205, 0.8689579991213474, 0.8739169413264856, 0.9138696464896366, 0.9056765831857732, 0.8835458316333469, 0.8895274047829888, 0.9117301825635159, 0.9376231984963486, 0.9183411532707738, 0.9114583333333331, 0.9292405918227461, 0.9253659756319331, 0.9330535903425928, 0.9366303935899518, 0.9661027196630911, 0.9662793659254062, 0.9420052837889082, 0.958450251715384, 0.9649697607822492, 0.9566688834089918, 0.9518461331901182, 0.9700637508889566, 0.9615492021276596, 0.9725282368053739, 0.9728947079490559, 0.9509266993071259, 0.9792317577021485, 0.9629353268204158, 0.9953821469103432, 0.9741686806301467, 0.9820387158887386, 0.9798542702567471, 0.9855291172848991, 0.9922651615359949, 0.9826576493105743, 0.9774784954024653, 0.9724388404699639, 0.9752579365079365, 0.9901448886710007, 0.9902624753605146, 0.9876480962755472, 0.986698408704652, 0.9776845301141978], "trainLoss": [1.0658276081085205, 1.0360069274902344, 1.028136134147644, 1.0241196155548096, 1.0184203386306763, 1.0151158571243286, 1.0194029808044434, 1.0070134401321411, 1.008524775505066, 1.0032150745391846, 0.9955974817276001, 0.990881621837616, 0.9851875305175781, 0.9720832705497742, 0.9719510674476624, 0.9604974389076233, 0.9505496621131897, 0.941060483455658, 0.9268566966056824, 0.9239902496337891, 0.8977635502815247, 0.8816026449203491, 0.8693533539772034, 0.849436342716217, 0.8363001346588135, 0.8294936418533325, 0.8107048273086548, 0.8004937171936035, 0.7946168780326843, 0.7938390374183655, 0.7682911157608032, 0.7581061124801636, 0.7511950731277466, 0.738074779510498, 0.7309162616729736, 0.6953061819076538, 0.7261980175971985, 0.693493127822876, 0.7136266231536865, 0.6625014543533325, 0.6247986555099487, 0.6216817498207092, 0.6292719841003418, 0.6056897044181824, 0.6057539582252502, 0.5987574458122253, 0.5641370415687561, 0.5577177405357361, 0.5251808166503906, 0.5596122145652771, 0.49769097566604614, 0.5254765748977661, 0.4993119537830353, 0.5075274705886841, 0.4534982144832611, 0.43041902780532837, 0.4245797395706177, 0.4273380637168884, 0.4145958721637726, 0.39806047081947327, 0.3919067978858948, 0.3651335537433624, 0.35521045327186584, 0.34423673152923584, 0.35658007860183716, 0.314872145652771, 0.3182286322116852, 0.28847095370292664, 0.26894381642341614, 0.2317524254322052, 0.24069976806640625, 0.2342318445444107, 0.2509634494781494, 0.2092970311641693, 0.18405771255493164, 0.1933894008398056, 0.1963464468717575, 0.1877799928188324, 0.16530580818653107, 0.16951371729373932, 0.14873158931732178, 0.13610534369945526, 0.12254980206489563, 0.12660320103168488, 0.10562827438116074, 0.11733324825763702, 0.09813375025987625, 0.11678804457187653, 0.0902116447687149, 0.08160979300737381, 0.07561465352773666, 0.08150836080312729, 0.09239515662193298, 0.07126517593860626, 0.100271075963974, 0.04452374204993248, 0.08168669790029526, 0.06240273267030716, 0.06933894753456116, 0.043203480541706085, 0.0470542348921299, 0.04978451877832413, 0.04683768004179001, 0.05684430152177811, 0.0654638484120369, 0.04284607619047165, 0.04741484671831131, 0.03894959017634392, 0.027782931923866272, 0.05468323454260826], "testRumorAcc": [0.2857142857142857, 0.2857142857142857, 0.2857142857142857, 0.35714285714285715, 0.4642857142857143, 0.4642857142857143, 0.5, 0.5357142857142857, 0.6071428571428571, 0.6428571428571429, 0.6428571428571429, 0.7142857142857143, 0.6785714285714286, 0.5714285714285714, 0.5714285714285714, 0.5357142857142857, 0.5714285714285714, 0.5, 0.5357142857142857, 0.5357142857142857, 0.5, 0.5], "testRumorF1": [0.14814814814814817, 0.20181968569065345, 0.15238095238095237, 0.30303030303030304, 0.39031339031339024, 0.4221334221334221, 0.45248868778280543, 0.48403058929374715, 0.5916666666666667, 0.6222222222222222, 0.6206349206349207, 0.7183694530443757, 0.6777777777777777, 0.5444444444444444, 0.5444444444444444, 0.49307359307359305, 0.5845959595959596, 0.5, 0.5440110826939472, 0.5281668222844693, 0.49008951406649626, 0.4827441077441077],