{"epoch": 55, "macroF1Rumor": 0.7145969498910677, "accRumor": 0.7142857142857143, "loss": 1.5895518064498901, "trainRumorAcc": [0.4522058823529412, 0.46691176470588236, 0.4632352941176471, 0.46691176470588236, 0.47794117647058826, 0.5073529411764706, 0.5220588235294118, 0.5551470588235294, 0.5698529411764706, 0.5625, 0.5919117647058824, 0.6213235294117647, 0.625, 0.6213235294117647, 0.625, 0.6433823529411765, 0.6617647058823529, 0.6948529411764706, 0.6911764705882353, 0.7058823529411765, 0.7316176470588235, 0.7426470588235294, 0.7316176470588235, 0.7463235294117647, 0.7573529411764706, 0.7573529411764706, 0.7794117647058824, 0.7794117647058824, 0.8125, 0.8125, 0.8308823529411765, 0.8455882352941176, 0.8492647058823529, 0.8639705882352942, 0.8786764705882353, 0.8639705882352942, 0.8860294117647058, 0.8823529411764706, 0.8897058823529411, 0.8970588235294118, 0.8970588235294118, 0.9264705882352942, 0.9301470588235294, 0.9264705882352942, 0.9411764705882353, 0.9338235294117647, 0.9485294117647058, 0.9595588235294118, 0.9522058823529411, 0.9705882352941176, 0.9742647058823529, 0.9669117647058824, 0.9816176470588235, 0.9669117647058824, 0.9852941176470589, 0.9889705882352942, 0.9889705882352942, 0.9779411764705882, 0.9963235294117647, 0.9852941176470589, 1.0, 0.9963235294117647, 0.9889705882352942, 0.9852941176470589, 1.0, 0.9963235294117647, 0.9926470588235294, 1.0, 0.9963235294117647, 0.9963235294117647, 0.9963235294117647, 0.9963235294117647, 1.0, 1.0, 1.0, 1.0, 0.9889705882352942, 1.0, 0.9963235294117647, 0.9963235294117647, 1.0, 0.9963235294117647, 1.0, 1.0, 1.0, 1.0, 1.0, 1.0, 1.0, 1.0, 1.0, 1.0, 0.9963235294117647, 1.0, 1.0, 1.0, 1.0, 1.0, 1.0, 1.0, 1.0, 1.0, 1.0, 1.0, 1.0], "trainRumorF1": [0.2448154229763425, 0.21219715956558063, 0.22314720812182742, 0.29664007929332503, 0.28082913165266105, 0.32967347522950785, 0.3480225988700565, 0.38625571958905286, 0.40204678362573104, 0.40242072137496976, 0.42493015258972705, 0.4546198661466609, 0.4518107908351811, 0.45225961740466625, 0.4660725453408381, 0.4708007298286862, 0.5161177888393044, 0.5946837802914585, 0.6027026214526215, 0.6203216400630492, 0.6636453201970444, 0.6730164622632863, 0.6610608064032721, 0.6842483544930307, 0.7016288087716659, 0.7067507981129243, 0.714955159782746, 0.7377300721947632, 0.7678674474917236, 0.7791979333775721, 0.7947729396888228, 0.8186113865671877, 0.8160473338296192, 0.8361786723939609, 0.8529402696069363, 0.8422507810553351, 0.8618081976448986, 0.8663357147971927, 0.8728998914090192, 0.8770095427668169, 0.8823560907798228, 0.9167057486385217, 0.9174126097063028, 0.9147695035460993, 0.9360115693787093, 0.9222019638686305, 0.9417691883604836, 0.9550715222589119, 0.9475371272246272, 0.9662793659254062, 0.9693152412500625, 0.9611334295194226, 0.9772373871014374, 0.9570378709697596, 0.984145162069132, 0.9877478146872861, 0.9857106695546444, 0.974618468226028, 0.995325807090513, 0.9836911175576737, 1.0, 0.995325807090513, 0.9875305095860334, 0.984220477826616, 1.0, 0.9948877959349164, 0.9902624753605146, 1.0, 0.9969291420271812, 0.995325807090513, 0.995325807090513, 0.995325807090513, 1.0, 1.0, 1.0, 1.0, 0.9867351384998444, 1.0, 0.9969291420271812, 0.9953821469103432, 1.0, 0.9949360015366615, 1.0, 1.0, 1.0, 1.0, 1.0, 1.0, 1.0, 1.0, 1.0, 1.0, 0.9953821469103432, 1.0, 1.0, 1.0, 1.0, 1.0, 1.0, 1.0, 1.0, 1.0, 1.0, 1.0, 1.0], "trainLoss": [1.0472067594528198, 1.022254228591919, 1.0157517194747925, 1.0108381509780884, 1.0042171478271484, 0.9939672946929932, 0.9834510684013367, 0.975696325302124, 0.95648193359375, 0.9469143152236938, 0.927427351474762, 0.889999508857727, 0.8533987402915955, 0.8164850473403931, 0.8036835789680481, 0.7666352987289429, 0.7541117072105408, 0.7375547885894775, 0.7073917984962463, 0.7142843008041382, 0.6747282147407532, 0.6607127785682678, 0.6438735127449036, 0.6201836466789246, 0.5978250503540039, 0.5835022330284119, 0.5621165633201599, 0.5449286103248596, 0.5084958672523499, 0.500738263130188, 0.4636150300502777, 0.45136216282844543, 0.4066777527332306, 0.39702558517456055, 0.3855854868888855, 0.35115861892700195, 0.34764063358306885, 0.32224011421203613, 0.304500550031662, 0.28672367334365845, 0.2553137540817261, 0.23587188124656677, 0.2432180792093277, 0.21564780175685883, 0.19478599727153778, 0.15842847526073456, 0.15248359739780426, 0.13955773413181305, 0.13732744753360748, 0.1188652366399765, 0.10748570412397385, 0.10582824796438217, 0.09035927802324295, 0.09761101752519608, 0.07411989569664001, 0.06263956427574158, 0.054387543350458145, 0.06291425973176956, 0.0380813330411911, 0.04963689669966698, 0.03769031912088394, 0.030914194881916046, 0.02969362773001194, 0.04145955666899681, 0.02529098279774189, 0.017863556742668152, 0.022546112537384033, 0.01599903590977192, 0.02008291706442833, 0.017511941492557526, 0.019057316705584526, 0.019635150209069252, 0.01127101294696331, 0.004331170581281185, 0.00532224727794528, 0.0042634219862520695, 0.03285840153694153, 0.007587170694023371, 0.01856100931763649, 0.011525426991283894, 0.004805669654160738, 0.011706304736435413, 0.0069523402489721775, 0.0044576250948011875, 0.0038270980585366488, 0.007121425587683916, 0.0038284813053905964, 0.002240810077637434, 0.0046576084569096565, 0.004285705275833607, 0.003970394376665354, 0.003926657605916262, 0.013409142382442951, 0.005318519659340382, 0.0021716265473514795, 0.0009329771273769438, 0.0033859494142234325, 0.0009091177489608526, 0.0005996376858092844, 0.0010185985593125224, 0.0008637472637929022, 0.003915917593985796, 0.0009278318611904979, 0.0006968356901779771, 0.0003528506204020232], "testRumorAcc": [0.2857142857142857, 0.42857142857142855, 0.5, 0.5, 0.5357142857142857, 0.6428571428571429, 0.6071428571428571, 0.6785714285714286, 0.6785714285714286, 0.6785714285714286, 0.7142857142857143, 0.6071428571428571, 0.6785714285714286, 0.6071428571428571, 0.6785714285714286, 0.6785714285714286, 0.6071428571428571, 0.6785714285714286, 0.6071428571428571, 0.6428571428571429, 0.6071428571428571], "testRumorF1": [0.14814814814814817, 0.3621052631578947, 0.4498327759197324, 0.4498327759197324, 0.5105555555555555, 0.6502164502164502, 0.570995670995671, 0.6776094276094277, 0.6750841750841751, 0.6666666666666666, 0.7145969498910677, 0.5972222222222222, 0.6814814814814815, 0.5916666666666667, 0.6814814814814815, 0.6814814814814815, 0.5916666666666667, 0.6814814814814815, 0.5916666666666667, 0.6261562998405105, 0.5916666666666667], "testLoss": [1.4548362493515015, 1.3845280408859253, 1.2481191158294678, 1.0608463287353516, 0.9362369775772095, 0.7422706484794617, 0.9629864692687988, 1.024165153503418, 1.4435838460922241, 1.5722159147262573, 1.5895518064498901, 2.146455764770508, 2.0471982955932617, 2.8112120628356934, 2.639108180999756, 2.9388227462768555, 3.5680575370788574, 3.3236937522888184, 4.190047264099121, 4.265931606292725, 3.907641887664795]}