{"epoch": 65, "macroF1Rumor": 0.7914438502673796, "accRumor": 0.7857142857142857, "loss": 0.7091274857521057, "trainRumorAcc": [0.4522058823529412, 0.4632352941176471, 0.46691176470588236, 0.47794117647058826, 0.5, 0.5147058823529411, 0.5073529411764706, 0.5220588235294118, 0.5330882352941176, 0.5294117647058824, 0.5367647058823529, 0.5367647058823529, 0.5367647058823529, 0.5514705882352942, 0.5588235294117647, 0.5441176470588235, 0.5698529411764706, 0.5625, 0.5845588235294118, 0.5992647058823529, 0.5992647058823529, 0.6176470588235294, 0.6139705882352942, 0.6470588235294118, 0.6323529411764706, 0.6580882352941176, 0.6507352941176471, 0.6433823529411765, 0.6507352941176471, 0.6617647058823529, 0.6727941176470589, 0.6617647058823529, 0.6617647058823529, 0.6985294117647058, 0.6801470588235294, 0.7058823529411765, 0.6985294117647058, 0.6911764705882353, 0.6948529411764706, 0.7352941176470589, 0.7242647058823529, 0.7242647058823529, 0.7610294117647058, 0.7573529411764706, 0.7647058823529411, 0.7977941176470589, 0.7904411764705882, 0.8051470588235294, 0.8308823529411765, 0.8161764705882353, 0.8455882352941176, 0.8419117647058824, 0.8933823529411765, 0.8933823529411765, 0.8566176470588235, 0.8970588235294118, 0.8970588235294118, 0.9264705882352942, 0.9338235294117647, 0.9338235294117647, 0.9485294117647058, 0.9485294117647058, 0.9411764705882353, 0.9485294117647058, 0.9595588235294118, 0.9595588235294118, 0.9742647058823529, 0.9669117647058824, 0.9852941176470589, 0.9852941176470589, 0.9816176470588235, 0.9889705882352942, 0.9742647058823529, 0.9889705882352942, 0.9926470588235294, 0.9889705882352942, 0.9852941176470589, 0.9889705882352942, 0.9963235294117647, 0.9963235294117647, 0.9889705882352942, 1.0, 1.0, 1.0, 0.9926470588235294, 0.9963235294117647, 1.0, 1.0, 0.9963235294117647, 1.0, 1.0, 1.0, 1.0, 1.0, 1.0, 1.0, 1.0, 1.0, 1.0, 0.9889705882352942, 1.0, 1.0, 1.0, 1.0, 1.0, 0.9926470588235294, 0.9963235294117647, 1.0, 1.0, 0.9963235294117647, 1.0, 1.0, 1.0, 1.0, 1.0], "trainRumorF1": [0.2144861321480893, 0.23477922583155028, 0.21273031825795644, 0.2731398004567857, 0.3176361957525392, 0.3599275149378, 0.3550295857988166, 0.35895085306850016, 0.3726779995072678, 0.37065779748706573, 0.38250485147036867, 0.37773993297808056, 0.3764084615148445, 0.3898014368815885, 0.3970019723865878, 0.39167256428402925, 0.40514905149051494, 0.4074970823390061, 0.41999104343931926, 0.4368131868131868, 0.43384061062911866, 0.4497911802622277, 0.44702791461412145, 0.47274427302477795, 0.46316225165562913, 0.4823164082871094, 0.4768188800446865, 0.4696504212633245, 0.4768188800446865, 0.48648266100495396, 0.507122044171118, 0.4874692874692874, 0.4990316507063585, 0.5257922835445857, 0.5360311143484878, 0.5446531962660994, 0.5559704462456466, 0.5320715548419533, 0.5479706983065735, 0.6177848082524017, 0.5698485343794268, 0.5785739516576677, 0.66125, 0.6588167884257269, 0.6763416002170328, 0.7293610903011096, 0.7086702262903636, 0.7389828194333825, 0.7652865631589035, 0.7567273228563552, 0.789652672564065, 0.787464298733575, 0.8694614393385706, 0.8747273589378853, 0.8135026892938284, 0.8728807118713501, 0.8692340892982676, 0.9042361783294425, 0.9174141974789523, 0.9159181435732187, 0.9340858643278653, 0.9353721460719432, 0.9290977822193449, 0.9421936660053354, 0.9490432600618917, 0.9493591318285161, 0.9655010817545563, 0.9579222079222078, 0.9821472496514357, 0.9841207594148771, 0.9781134094126306, 0.9852727149145121, 0.9663997928341003, 0.986780208182439, 0.9898245614035087, 0.9867351384998444, 0.9821472496514357, 0.9857106695546444, 0.9949360015366615, 0.9969291420271812, 0.9850830284266817, 1.0, 1.0, 1.0, 0.9907086614173228, 0.9949360015366615, 1.0, 1.0, 0.9969372762452662, 1.0, 1.0, 1.0, 1.0, 1.0, 1.0, 1.0, 1.0, 1.0, 1.0, 0.9876480962755472, 1.0, 1.0, 1.0, 1.0, 1.0, 0.9902706095785995, 0.9969372762452662, 1.0, 1.0, 0.9953821469103432, 1.0, 1.0, 1.0, 1.0, 1.0], "trainLoss": [1.057718276977539, 1.0310384035110474, 1.0222846269607544, 1.0157603025436401, 1.0129108428955078, 1.0055075883865356, 1.0010753870010376, 0.9951726198196411, 0.9886886477470398, 0.983472466468811, 0.9778672456741333, 0.9733734130859375, 0.9706040620803833, 0.9576263427734375, 0.9541301727294922, 0.9440773129463196, 0.93060702085495, 0.9293513298034668, 0.9148785471916199, 0.8936917781829834, 0.8885791301727295, 0.8688626289367676, 0.8602805137634277, 0.8373600244522095, 0.8314673900604248, 0.811751663684845, 0.7937473654747009, 0.7998009920120239, 0.7740485072135925, 0.7553848624229431, 0.7448822855949402, 0.7166639566421509, 0.7285962700843811, 0.6983473300933838, 0.6917359232902527, 0.6781911849975586, 0.6786354184150696, 0.6629382967948914, 0.6413235664367676, 0.6219175457954407, 0.6189428567886353, 0.6123351454734802, 0.596683144569397, 0.5712693333625793, 0.5533846020698547, 0.5428566932678223, 0.5088810920715332, 0.5042786598205566, 0.4638766646385193, 0.45749515295028687, 0.4254631996154785, 0.41449132561683655, 0.38391607999801636, 0.3623448610305786, 0.3439137935638428, 0.31949737668037415, 0.288777619600296, 0.2656135559082031, 0.23520247638225555, 0.23035100102424622, 0.2076374590396881, 0.1887008547782898, 0.18766459822654724, 0.17466486990451813, 0.14363589882850647, 0.13853693008422852, 0.11840914189815521, 0.10385370254516602, 0.0854639783501625, 0.08146800845861435, 0.07041147351264954, 0.0761600211262703, 0.0716744065284729, 0.05698009207844734, 0.04646963253617287, 0.05458176136016846, 0.04989089071750641, 0.05074508488178253, 0.02782047539949417, 0.028039084747433662, 0.03101309947669506, 0.021911323070526123, 0.022157838568091393, 0.023666024208068848, 0.028690140694379807, 0.02155846357345581, 0.018525101244449615, 0.007917394861578941, 0.018005261197686195, 0.00810338743031025, 0.006833346094936132, 0.015154626220464706, 0.006238016299903393, 0.012445545755326748, 0.005722902249544859, 0.008204629644751549, 0.011369745247066021, 0.0045748380944132805, 0.0037895089481025934, 0.02010868489742279, 0.0025858404114842415, 0.004314679652452469, 0.0044289142824709415, 0.0017585859168320894, 0.007652276661247015, 0.02429630048573017, 0.014800678007304668, 0.0035953684709966183, 0.004417369607836008, 0.006063598208129406, 0.0033845792058855295, 0.0025679985992610455, 0.00166106887627393, 0.0024317707866430283, 0.001810623100027442], "testRumorAcc": [0.21428571428571427, 0.2857142857142857, 0.35714285714285715, 0.39285714285714285, 0.5, 0.5357142857142857, 0.5357142857142857, 0.5357142857142857, 0.5357142857142857, 0.5357142857142857, 0.6071428571428571, 0.7142857142857143, 0.7857142857142857, 0.7142857142857143, 0.75, 0.6428571428571429, 0.6785714285714286, 0.75, 0.7142857142857143, 0.6785714285714286, 0.6071428571428571, 0.6428571428571429, 0.6071428571428571], "testRumorF1": [0.1176470588235294, 0.23159636062861866, 0.31293079680176455, 0.33443617314585056, 0.46398046398046394, 0.487068487068487, 0.48418248418248416, 0.48316610925306575, 0.48418248418248416, 0.48403058929374715, 0.6122122762148338, 0.7185185185185184, 0.7914438502673796, 0.7242518059855522, 0.7581699346405228, 0.652349828820417, 0.6891640866873064, 0.7581699346405228, 0.7242518059855522, 0.682261208576998, 0.5970588235294118, 0.637037037037037, 0.6131907308377896], "testLoss": [1.4145015478134155, 1.3586074113845825, 1.3038705587387085, 1.3167921304702759, 1.3125464916229248, 1.326846718788147, 1.2003908157348633, 1.0946311950683594, 1.024013876914978, 0.8944340944290161, 0.9343661069869995, 0.8020241260528564, 0.7091274857521057, 0.9909465909004211, 0.9730454087257385, 1.3863812685012817, 1.5038094520568848, 1.327197790145874, 1.5770361423492432, 1.7460013628005981, 3.0440073013305664, 2.3777832984924316, 2.2175474166870117]}