{"epoch": 60, "macroF1Rumor": 0.598968008255934, "accRumor": 0.6071428571428571, "loss": 1.3517117500305176, "trainRumorAcc": [0.4632352941176471, 0.46691176470588236, 0.46691176470588236, 0.46691176470588236, 0.47058823529411764, 0.47794117647058826, 0.5110294117647058, 0.5036764705882353, 0.5404411764705882, 0.5367647058823529, 0.5404411764705882, 0.5477941176470589, 0.5367647058823529, 0.5404411764705882, 0.5588235294117647, 0.5845588235294118, 0.5955882352941176, 0.6066176470588235, 0.6286764705882353, 0.6286764705882353, 0.6323529411764706, 0.6360294117647058, 0.6544117647058824, 0.6544117647058824, 0.6470588235294118, 0.6360294117647058, 0.6470588235294118, 0.6838235294117647, 0.6654411764705882, 0.6801470588235294, 0.6948529411764706, 0.7095588235294118, 0.7205882352941176, 0.7316176470588235, 0.7205882352941176, 0.7316176470588235, 0.7426470588235294, 0.7463235294117647, 0.7573529411764706, 0.7757352941176471, 0.7720588235294118, 0.7941176470588235, 0.8125, 0.7941176470588235, 0.8161764705882353, 0.8198529411764706, 0.8345588235294118, 0.8566176470588235, 0.8529411764705882, 0.8786764705882353, 0.8786764705882353, 0.875, 0.9080882352941176, 0.9007352941176471, 0.9080882352941176, 0.9154411764705882, 0.9227941176470589, 0.9375, 0.9375, 0.9448529411764706, 0.9411764705882353, 0.9669117647058824, 0.9669117647058824, 0.9595588235294118, 0.9705882352941176, 0.9779411764705882, 0.9779411764705882, 0.9779411764705882, 0.9816176470588235, 0.9963235294117647, 0.9889705882352942, 0.9963235294117647, 0.9852941176470589, 0.9889705882352942, 0.9926470588235294, 0.9963235294117647, 0.9963235294117647, 1.0, 0.9816176470588235, 1.0, 1.0, 1.0, 1.0, 0.9926470588235294, 0.9926470588235294, 1.0, 0.9963235294117647, 0.9963235294117647, 1.0, 1.0, 1.0, 1.0, 1.0, 0.9963235294117647, 0.9963235294117647, 1.0, 1.0, 1.0, 1.0, 0.9963235294117647, 0.9963235294117647, 0.9963235294117647, 0.9963235294117647, 1.0, 1.0, 1.0, 0.9963235294117647, 1.0, 1.0, 1.0], "trainRumorF1": [0.21105527638190955, 0.21219715956558063, 0.21219715956558063, 0.21219715956558063, 0.2196747627024009, 0.23986463620981383, 0.31887890005288205, 0.2898447118630605, 0.37048276756476345, 0.35699419432577506, 0.37087955007030154, 0.38559174971490906, 0.3746232670283303, 0.388288920056101, 0.39239021956087833, 0.4188634060974487, 0.42592071091085454, 0.43629650489689925, 0.45328511151295964, 0.4554727821598988, 0.4598387207082859, 0.4584607590557213, 0.47683416593202077, 0.4781385241748919, 0.47280657856529446, 0.464076494795449, 0.4721077722231379, 0.5251546807102362, 0.48958866550167984, 0.5239995275333195, 0.5559401108445695, 0.5758420812414423, 0.5924494187840236, 0.6190559838612143, 0.584218698921216, 0.6329135172617198, 0.6341759013340661, 0.6436307816340313, 0.6581841178071852, 0.6862654423916346, 0.7006737357445981, 0.7373015873015873, 0.7544113970456928, 0.7234362373776583, 0.7569760694760695, 0.7764838865405221, 0.7991645781119465, 0.8150307841190249, 0.8134278959810874, 0.8488000404506572, 0.8418086655718032, 0.850302563702026, 0.8852845621645243, 0.8779925727079526, 0.8904498944291052, 0.8995964136585316, 0.9089356086948769, 0.9289968058036924, 0.9275490231886612, 0.9322097655430989, 0.9306374043216148, 0.9603180945784638, 0.9598911809438126, 0.9513275140934715, 0.9643971848225213, 0.9739583333333334, 0.9761880934837395, 0.972809699481167, 0.9783338506853189, 0.9953821469103432, 0.986780208182439, 0.9969291420271812, 0.9814173228346457, 0.9871998894874983, 0.9922651615359949, 0.9969291420271812, 0.9953821469103432, 1.0, 0.9795586607779638, 1.0, 1.0, 1.0, 1.0, 0.993866556154165, 0.9918733749805186, 1.0, 0.9953821469103432, 0.9969372762452662, 1.0, 1.0, 1.0, 1.0, 1.0, 0.9949360015366615, 0.9969291420271812, 1.0, 1.0, 1.0, 1.0, 0.995325807090513, 0.9953821469103432, 0.9949360015366615, 0.9969372762452662, 1.0, 1.0, 1.0, 0.995325807090513, 1.0, 1.0, 1.0], "trainLoss": [1.065747618675232, 1.037293553352356, 1.0262742042541504, 1.021536946296692, 1.019873857498169, 1.0143615007400513, 1.0094478130340576, 1.003279447555542, 1.000431776046753, 0.9920262694358826, 0.981451153755188, 0.9760180115699768, 0.9674627780914307, 0.9607917666435242, 0.9479012489318848, 0.9194424748420715, 0.8860975503921509, 0.8635183572769165, 0.8386325240135193, 0.8276979327201843, 0.8170743584632874, 0.8058018684387207, 0.8004935383796692, 0.7883270382881165, 0.7879680395126343, 0.7651087045669556, 0.7549923062324524, 0.7338806390762329, 0.7257905602455139, 0.7274187207221985, 0.7041250467300415, 0.6879798769950867, 0.6520540118217468, 0.6553420424461365, 0.6463133096694946, 0.6312088370323181, 0.6242678165435791, 0.5962830781936646, 0.6007899641990662, 0.5598348379135132, 0.5805163979530334, 0.5386877059936523, 0.5252081155776978, 0.4947183430194855, 0.4910287857055664, 0.47048524022102356, 0.44526904821395874, 0.4310036897659302, 0.41533946990966797, 0.39634451270103455, 0.37233251333236694, 0.36666667461395264, 0.33107537031173706, 0.31193122267723083, 0.30534741282463074, 0.2809846103191376, 0.2614200711250305, 0.2471800148487091, 0.21775396168231964, 0.19685208797454834, 0.18860958516597748, 0.15522688627243042, 0.1510741114616394, 0.1462516188621521, 0.13212594389915466, 0.10721582919359207, 0.10910337418317795, 0.09554419666528702, 0.0842525064945221, 0.060548894107341766, 0.05660542473196983, 0.051041293889284134, 0.05119668319821358, 0.05453821271657944, 0.03695139288902283, 0.026813022792339325, 0.024384988471865654, 0.022778498008847237, 0.0390297956764698, 0.014239425770938396, 0.017415883019566536, 0.014239709824323654, 0.012587781995534897, 0.02649054490029812, 0.025869913399219513, 0.009096684865653515, 0.0100865438580513, 0.012745779007673264, 0.010249678045511246, 0.0060103414580225945, 0.005124427378177643, 0.0058841342106461525, 0.004495773930102587, 0.006913758814334869, 0.013383218087255955, 0.0034082711208611727, 0.002326785819604993, 0.0045545161701738834, 0.0032681538723409176, 0.017560219392180443, 0.011923445388674736, 0.007617051247507334, 0.008969324640929699, 0.0019142617238685489, 0.0010922100627794862, 0.0019523220835253596, 0.011164845898747444, 0.0014913459308445454, 0.0010642372071743011, 0.0018544539343565702], "testRumorAcc": [0.2857142857142857, 0.2857142857142857, 0.39285714285714285, 0.4642857142857143, 0.5, 0.5, 0.5357142857142857, 0.5357142857142857, 0.5714285714285714, 0.4642857142857143, 0.5714285714285714, 0.6071428571428571, 0.5357142857142857, 0.5, 0.5357142857142857, 0.5, 0.5, 0.5, 0.5357142857142857, 0.5357142857142857, 0.5357142857142857, 0.5357142857142857], "testRumorF1": [0.14814814814814817, 0.2031746031746032, 0.3297022512708787, 0.3936092955700799, 0.44980056980056976, 0.4489428699955016, 0.48418248418248416, 0.48316610925306575, 0.5376623376623376, 0.39855072463768115, 0.5583333333333333, 0.598968008255934, 0.5142857142857143, 0.4698412698412699, 0.5166666666666667, 0.4603174603174603, 0.4698412698412699, 0.4603174603174603, 0.487068487068487, 0.5166666666666667, 0.4961038961038961, 0.5166666666666667], "testLoss": [1.4646284580230713, 1.4372302293777466, 1.456246018409729, 1.3097842931747437, 1.225081443786621, 1.1789337396621704, 1.1075623035430908, 1.2179882526397705, 1.278275966644287, 1.373344898223877, 1.4006394147872925, 1.3517117500305176, 1.773691177368164, 2.190523147583008, 2.5415172576904297, 3.059741258621216, 3.0558886528015137, 3.8707783222198486, 5.22790002822876, 3.4034979343414307, 5.1041388511657715, 4.024097442626953]}