{"epoch": 65, "macroF1Rumor": 0.8535805626598466, "accRumor": 0.8571428571428571, "loss": 0.506868839263916, "trainRumorAcc": [0.41911764705882354, 0.46691176470588236, 0.4742647058823529, 0.47794117647058826, 0.5073529411764706, 0.4852941176470588, 0.5294117647058824, 0.5257352941176471, 0.5477941176470589, 0.5661764705882353, 0.5772058823529411, 0.6102941176470589, 0.5992647058823529, 0.6066176470588235, 0.6139705882352942, 0.6139705882352942, 0.6323529411764706, 0.6286764705882353, 0.6580882352941176, 0.6397058823529411, 0.6691176470588235, 0.6654411764705882, 0.6727941176470589, 0.6764705882352942, 0.7058823529411765, 0.7205882352941176, 0.6911764705882353, 0.6875, 0.7205882352941176, 0.7205882352941176, 0.7573529411764706, 0.7426470588235294, 0.7426470588235294, 0.7352941176470589, 0.7757352941176471, 0.7647058823529411, 0.7830882352941176, 0.7830882352941176, 0.8014705882352942, 0.7647058823529411, 0.7904411764705882, 0.8235294117647058, 0.8198529411764706, 0.8125, 0.8125, 0.8235294117647058, 0.8125, 0.8235294117647058, 0.8492647058823529, 0.8823529411764706, 0.8897058823529411, 0.8529411764705882, 0.8566176470588235, 0.8897058823529411, 0.8897058823529411, 0.8713235294117647, 0.9007352941176471, 0.8933823529411765, 0.8860294117647058, 0.8860294117647058, 0.8639705882352942, 0.9080882352941176, 0.9080882352941176, 0.9080882352941176, 0.9117647058823529, 0.9154411764705882, 0.9485294117647058, 0.9227941176470589, 0.9338235294117647, 0.9227941176470589, 0.9411764705882353, 0.9632352941176471, 0.9522058823529411, 0.9632352941176471, 0.9375, 0.9448529411764706, 0.9669117647058824, 0.9705882352941176, 0.9669117647058824, 0.9779411764705882, 0.9595588235294118, 0.9705882352941176, 0.9705882352941176, 0.9669117647058824, 0.9705882352941176, 0.9816176470588235, 0.9816176470588235, 0.9779411764705882, 0.9852941176470589, 0.9742647058823529, 0.9889705882352942, 0.9779411764705882, 1.0, 0.9889705882352942, 0.9889705882352942, 0.9926470588235294, 1.0, 0.9889705882352942, 0.9852941176470589, 0.9926470588235294, 0.9963235294117647, 1.0, 0.9963235294117647, 0.9963235294117647, 0.9926470588235294, 0.9963235294117647, 0.9963235294117647, 0.9926470588235294, 0.9926470588235294, 0.9963235294117647, 0.9816176470588235, 0.9816176470588235, 0.9963235294117647, 1.0, 0.9889705882352942], "trainRumorF1": [0.31912144702842377, 0.21219715956558063, 0.23286024805012148, 0.24014309827929356, 0.3529674252565818, 0.2586689517280777, 0.35955505761843787, 0.3321256038647343, 0.38504621257785815, 0.39417696073663394, 0.40913502711961175, 0.43658584957112406, 0.4284709664456499, 0.43359631821170286, 0.4415001858536985, 0.4440369261477047, 0.45750452079566006, 0.4572779466396488, 0.4826824457593688, 0.47481507573089127, 0.49091487902830827, 0.5102236522286533, 0.5026031567448396, 0.5078087375300998, 0.5609762768232713, 0.5811137037997293, 0.5396909648502005, 0.5714926372729654, 0.5904280904280904, 0.6069000800639218, 0.6711485718108235, 0.6168205110931194, 0.6617494440326167, 0.6457764457764458, 0.7233171846075072, 0.6973755582291646, 0.7186534485793961, 0.7224481306673088, 0.7210560773112554, 0.7030651425577538, 0.7151385188004907, 0.7712748942392861, 0.7662187710149343, 0.757743660270736, 0.7669524000722224, 0.7788190580318503, 0.7661974716741451, 0.775997560432975, 0.8103609496798351, 0.8448524557335911, 0.8648238658991346, 0.8189557401819103, 0.8266441974992759, 0.8637750073257147, 0.8692939386108479, 0.8373267760812796, 0.8813545557901575, 0.8685603065878658, 0.8590756258053629, 0.8641021496202766, 0.8355945857457954, 0.8966168342783091, 0.8832552460459437, 0.8889161919042426, 0.898739220527946, 0.8966925804691762, 0.9353607851765458, 0.9040925479829021, 0.9245273223918563, 0.8973178185135625, 0.9332521594889577, 0.9553609997520368, 0.9404610739222742, 0.9559161122955686, 0.9259564340754992, 0.931423611111111, 0.9616943765544841, 0.9639951403704833, 0.9620313310509389, 0.9723589054684716, 0.9514223839623109, 0.9665341410133076, 0.9672581445787599, 0.9656679894179895, 0.9646863812263312, 0.9772373871014374, 0.9766290354525649, 0.9800073120672897, 0.9821833326939743, 0.9689468769964126, 0.985531154801988, 0.9767954846079846, 1.0, 0.9861464407310296, 0.9851092446201143, 0.9907086614173228, 1.0, 0.9892026560757211, 0.984220477826616, 0.9918733749805186, 0.9948877959349164, 1.0, 0.9969291420271812, 0.9969372762452662, 0.9922651615359949, 0.995325807090513, 0.9969372762452662, 0.9901448886710007, 0.9907086614173228, 0.9969372762452662, 0.9795586607779638, 0.9830557137453404, 0.9949360015366615, 1.0, 0.988783992759981], "trainLoss": [1.0640528202056885, 1.0286216735839844, 1.024037480354309, 1.0151653289794922, 1.0127085447311401, 1.0036752223968506, 1.0008665323257446, 0.9893500208854675, 0.981776773929596, 0.9629629850387573, 0.9332806468009949, 0.8945929408073425, 0.8851422071456909, 0.868618905544281, 0.8712637424468994, 0.8434604406356812, 0.8218404054641724, 0.8168230056762695, 0.8083349466323853, 0.8219266533851624, 0.7919087409973145, 0.7668992280960083, 0.7765565514564514, 0.7434641718864441, 0.7240307927131653, 0.718576192855835, 0.7291962504386902, 0.6828687787055969, 0.6892451643943787, 0.661324143409729, 0.6400889754295349, 0.6190231442451477, 0.6143254041671753, 0.6533040404319763, 0.5975514650344849, 0.5956484079360962, 0.5866939425468445, 0.576571524143219, 0.5367926955223083, 0.551935613155365, 0.5616549849510193, 0.5098234415054321, 0.48501238226890564, 0.4819374680519104, 0.4617466330528259, 0.46830976009368896, 0.47673478722572327, 0.4247390329837799, 0.4181642234325409, 0.3851727843284607, 0.36813607811927795, 0.38437604904174805, 0.3609784245491028, 0.34570175409317017, 0.33937525749206543, 0.3413364589214325, 0.32130172848701477, 0.2849222421646118, 0.2985873818397522, 0.30507194995880127, 0.30884990096092224, 0.27492770552635193, 0.26289647817611694, 0.23289723694324493, 0.24096530675888062, 0.23375451564788818, 0.19857157766819, 0.20949667692184448, 0.17846231162548065, 0.196049764752388, 0.17866811156272888, 0.1435009241104126, 0.14730936288833618, 0.15476883947849274, 0.1628672033548355, 0.125505730509758, 0.11323697119951248, 0.13294970989227295, 0.115684375166893, 0.09693222492933273, 0.10989238321781158, 0.10222974419593811, 0.09401332587003708, 0.09927131235599518, 0.0970836728811264, 0.0636177510023117, 0.06328626722097397, 0.07863766700029373, 0.05384288355708122, 0.07570818066596985, 0.055787358433008194, 0.06310003250837326, 0.023601725697517395, 0.0383654348552227, 0.04654857516288757, 0.035115838050842285, 0.026823321357369423, 0.03827773779630661, 0.05541504546999931, 0.04549097642302513, 0.03629340976476669, 0.029139770194888115, 0.030027547851204872, 0.01961214654147625, 0.03107554465532303, 0.016114896163344383, 0.01663999818265438, 0.019548887386918068, 0.01724456436932087, 0.023600783199071884, 0.042149122804403305, 0.0537000373005867, 0.01356979925185442, 0.011643078178167343, 0.03881089389324188], "testRumorAcc": [0.2857142857142857, 0.32142857142857145, 0.42857142857142855, 0.5, 0.6428571428571429, 0.7857142857142857, 0.6428571428571429, 0.6428571428571429, 0.8214285714285714, 0.7142857142857143, 0.75, 0.7142857142857143, 0.8571428571428571, 0.7142857142857143, 0.6785714285714286, 0.7142857142857143, 0.6785714285714286, 0.6785714285714286, 0.6071428571428571, 0.6785714285714286, 0.6428571428571429, 0.6428571428571429, 0.5357142857142857], "testRumorF1": [0.14814814814814817, 0.24980842911877396, 0.3646723646723647, 0.45248868778280543, 0.6405228758169934, 0.7833333333333333, 0.63384484228474, 0.63384484228474, 0.8164160401002506, 0.7134502923976608, 0.7493292053663572, 0.7134502923976607, 0.8535805626598466, 0.7134502923976607, 0.6827094474153298, 0.7134502923976607, 0.6764132553606238, 0.674074074074074, 0.5880837359098229, 0.674074074074074, 0.6279239766081872, 0.6330532212885154, 0.4961038961038961],