{"epoch": 65, "macroF1Rumor": 0.7846700083542189, "accRumor": 0.7857142857142857, "loss": 0.9201480746269226, "trainRumorAcc": [0.41544117647058826, 0.45588235294117646, 0.47058823529411764, 0.4742647058823529, 0.5, 0.4963235294117647, 0.5073529411764706, 0.5183823529411765, 0.5514705882352942, 0.5441176470588235, 0.5514705882352942, 0.5477941176470589, 0.5404411764705882, 0.5808823529411765, 0.5882352941176471, 0.6029411764705882, 0.6029411764705882, 0.5992647058823529, 0.5955882352941176, 0.6286764705882353, 0.6102941176470589, 0.6176470588235294, 0.6323529411764706, 0.6654411764705882, 0.625, 0.6654411764705882, 0.6433823529411765, 0.6617647058823529, 0.6617647058823529, 0.6654411764705882, 0.6764705882352942, 0.6875, 0.6985294117647058, 0.6875, 0.7132352941176471, 0.7022058823529411, 0.6985294117647058, 0.7316176470588235, 0.7352941176470589, 0.7095588235294118, 0.7426470588235294, 0.7794117647058824, 0.7573529411764706, 0.7610294117647058, 0.7720588235294118, 0.7867647058823529, 0.7977941176470589, 0.7941176470588235, 0.7977941176470589, 0.8382352941176471, 0.7977941176470589, 0.8345588235294118, 0.8455882352941176, 0.8492647058823529, 0.8455882352941176, 0.8602941176470589, 0.8713235294117647, 0.875, 0.8823529411764706, 0.8897058823529411, 0.8823529411764706, 0.8786764705882353, 0.9227941176470589, 0.9117647058823529, 0.8897058823529411, 0.9154411764705882, 0.9044117647058824, 0.9080882352941176, 0.9264705882352942, 0.9154411764705882, 0.9227941176470589, 0.9080882352941176, 0.9375, 0.9375, 0.9558823529411765, 0.9705882352941176, 0.9448529411764706, 0.9411764705882353, 0.9558823529411765, 0.9522058823529411, 0.9558823529411765, 0.9705882352941176, 0.9705882352941176, 0.9632352941176471, 0.9632352941176471, 0.9889705882352942, 0.9742647058823529, 0.9595588235294118, 0.9816176470588235, 0.9669117647058824, 0.9926470588235294, 0.9595588235294118, 0.9705882352941176, 0.9852941176470589, 0.9852941176470589, 0.9816176470588235, 0.9816176470588235, 0.9926470588235294, 0.9779411764705882, 0.9852941176470589, 0.9779411764705882, 0.9889705882352942, 0.9816176470588235, 0.9889705882352942, 0.9852941176470589, 0.9963235294117647, 1.0, 0.9852941176470589, 0.9963235294117647, 0.9889705882352942, 1.0, 0.9852941176470589, 0.9889705882352942, 0.9889705882352942, 0.9963235294117647], "trainRumorF1": [0.3111862790932175, 0.22677170459703042, 0.22013901512200615, 0.2270118673556831, 0.287833457990526, 0.3290825934893732, 0.30712157148938757, 0.37027354151537156, 0.3854574942559806, 0.37956072351421194, 0.38439306358381503, 0.39473226129808703, 0.3746838375842296, 0.4178354371201496, 0.4213845774821385, 0.4388511724204343, 0.4381021544420238, 0.4361641896673744, 0.4300976800976801, 0.4571070309001343, 0.44727530077848554, 0.44947310822021774, 0.46316307346300495, 0.48877482519144283, 0.45555555555555555, 0.4889607279693487, 0.4723451261382296, 0.4844261129284597, 0.4863095133507868, 0.501366693112698, 0.5110207853081825, 0.5193414180755952, 0.5269798806178562, 0.5069822650467812, 0.5589720202927749, 0.5316239316239316, 0.518382460130033, 0.5935083435083436, 0.6042512077294686, 0.5654062328095477, 0.6009128737405616, 0.6611618307270481, 0.6359325758232862, 0.6153207267334074, 0.6946351385710653, 0.6950928173726102, 0.726134025372655, 0.7133019283363463, 0.7342286149910849, 0.7634196789126367, 0.716916082981065, 0.7794934640522874, 0.809944073493058, 0.7893194524773471, 0.7932610621443001, 0.8238385680441095, 0.8333850978959227, 0.8358543830653482, 0.8431566337226716, 0.8533871262262055, 0.8531621569295066, 0.8423953637201476, 0.8968243463993838, 0.8854759566076233, 0.8628219813786825, 0.8960315519376415, 0.8794448250093412, 0.8829563457733176, 0.909150430958344, 0.8955494300399116, 0.9067226256405431, 0.8763913900373742, 0.9255161352622904, 0.9223557815790825, 0.9463117252590938, 0.9669971125079484, 0.9309372702382079, 0.9236198604619658, 0.9425938788967686, 0.9379341780919592, 0.9405474279521826, 0.9614428776760048, 0.9628969150878897, 0.9544502998567848, 0.9535298638559508, 0.9853413542847376, 0.969430663851287, 0.945187912619207, 0.9770767195767195, 0.958875069842518, 0.9898245614035087, 0.9504287123453979, 0.9601415435284061, 0.9845752175714878, 0.9796225744183684, 0.9760370087351985, 0.9811225098740004, 0.9902624753605146, 0.9767954846079846, 0.984220477826616, 0.9743997789749965, 0.9871830673758866, 0.9783338506853189, 0.9877347878444814, 0.9814317550041322, 0.9949360015366615, 1.0, 0.9824686493417144, 0.9953821469103432, 0.9852727149145121, 1.0, 0.9805164007092199, 0.9867351384998444, 0.9855291172848991, 0.995325807090513], "trainLoss": [1.0616289377212524, 1.0277925729751587, 1.0231064558029175, 1.0127758979797363, 1.0110756158828735, 1.003869652748108, 0.9961353540420532, 0.999413788318634, 0.9872325658798218, 0.9818350672721863, 0.9695953130722046, 0.965715765953064, 0.9552504420280457, 0.9476993680000305, 0.9404296278953552, 0.9319462180137634, 0.9180766940116882, 0.9066832661628723, 0.9034298658370972, 0.8737147450447083, 0.8672540783882141, 0.8537431955337524, 0.8336569666862488, 0.8188353180885315, 0.8049296140670776, 0.7999010682106018, 0.7846519947052002, 0.7837234139442444, 0.7716449499130249, 0.7541682124137878, 0.7538924813270569, 0.717214047908783, 0.7378482818603516, 0.7365013957023621, 0.7109304070472717, 0.7030568718910217, 0.6932135820388794, 0.6554902791976929, 0.6461951732635498, 0.6654989123344421, 0.6322265863418579, 0.6130276322364807, 0.6102479696273804, 0.5901176333427429, 0.5735846757888794, 0.5451139211654663, 0.5377861261367798, 0.5258969068527222, 0.5011212825775146, 0.48036110401153564, 0.493904173374176, 0.4434724450111389, 0.45383548736572266, 0.41719576716423035, 0.4209490120410919, 0.38909053802490234, 0.3673652112483978, 0.3533497154712677, 0.35298797488212585, 0.3384261429309845, 0.3366011679172516, 0.3257632255554199, 0.2676568925380707, 0.2637135088443756, 0.2968440353870392, 0.264644980430603, 0.27748367190361023, 0.2425490766763687, 0.24321146309375763, 0.21258604526519775, 0.2168491780757904, 0.2179059386253357, 0.18597547709941864, 0.1864222139120102, 0.15331365168094635, 0.14316315948963165, 0.15911069512367249, 0.12948507070541382, 0.13568097352981567, 0.14277206361293793, 0.12147636711597443, 0.11584645509719849, 0.11705021560192108, 0.10452093929052353, 0.08395805209875107, 0.061190541833639145, 0.08894795924425125, 0.1118190661072731, 0.07068724930286407, 0.08626051992177963, 0.05249875783920288, 0.0968533605337143, 0.07304354757070541, 0.06412449479103088, 0.06134456768631935, 0.0749966949224472, 0.049360986799001694, 0.05058258771896362, 0.05880303680896759, 0.052084822207689285, 0.05784740671515465, 0.043851785361766815, 0.05777059495449066, 0.04446136951446533, 0.03562520444393158, 0.03404630348086357, 0.014836986549198627, 0.05047159269452095, 0.020165598019957542, 0.05256078764796257, 0.017255008220672607, 0.03573620691895485, 0.03337681293487549, 0.02922171726822853, 0.017322348430752754], "testRumorAcc": [0.25, 0.2857142857142857, 0.2857142857142857, 0.42857142857142855, 0.4642857142857143, 0.5, 0.5357142857142857, 0.5357142857142857, 0.5357142857142857, 0.5714285714285714, 0.5357142857142857, 0.5714285714285714, 0.7857142857142857, 0.5357142857142857, 0.6428571428571429, 0.5357142857142857, 0.6071428571428571, 0.5714285714285714, 0.6785714285714286, 0.5357142857142857, 0.5357142857142857, 0.5714285714285714, 0.6071428571428571], "testRumorF1": [0.20227920227920226, 0.20138888888888892, 0.20138888888888892, 0.3621052631578947, 0.4208472686733556, 0.4498327759197324, 0.487068487068487, 0.48316610925306575, 0.487068487068487, 0.5173715173715174, 0.4900294213795358, 0.5428571428571428, 0.7846700083542189, 0.5244107744107743, 0.6571428571428571, 0.5516908212560386, 0.6042884990253411, 0.57397504456328, 0.6916666666666668, 0.5317561807331629, 0.5244107744107743, 0.5907477025898079, 0.6216329966329966],