{"epoch": 75, "macroF1Rumor": 0.8218782249742004, "accRumor": 0.8214285714285714, "loss": 1.0688183307647705, "trainRumorAcc": [0.41544117647058826, 0.46691176470588236, 0.46691176470588236, 0.48161764705882354, 0.5257352941176471, 0.5220588235294118, 0.5257352941176471, 0.5404411764705882, 0.5698529411764706, 0.5955882352941176, 0.5992647058823529, 0.6323529411764706, 0.6323529411764706, 0.6433823529411765, 0.6433823529411765, 0.6801470588235294, 0.6691176470588235, 0.6691176470588235, 0.6764705882352942, 0.6875, 0.6875, 0.6911764705882353, 0.6911764705882353, 0.7132352941176471, 0.6985294117647058, 0.75, 0.7610294117647058, 0.7536764705882353, 0.7867647058823529, 0.7794117647058824, 0.7830882352941176, 0.8051470588235294, 0.8088235294117647, 0.8014705882352942, 0.8014705882352942, 0.8345588235294118, 0.8455882352941176, 0.8455882352941176, 0.8492647058823529, 0.8713235294117647, 0.8566176470588235, 0.8860294117647058, 0.8786764705882353, 0.8860294117647058, 0.8933823529411765, 0.8933823529411765, 0.9154411764705882, 0.9338235294117647, 0.9154411764705882, 0.9264705882352942, 0.9558823529411765, 0.9375, 0.9375, 0.9485294117647058, 0.9632352941176471, 0.9632352941176471, 0.9742647058823529, 0.9816176470588235, 0.9669117647058824, 0.9779411764705882, 0.9705882352941176, 0.9816176470588235, 0.9889705882352942, 0.9963235294117647, 0.9852941176470589, 0.9926470588235294, 1.0, 0.9963235294117647, 1.0, 0.9889705882352942, 0.9963235294117647, 0.9963235294117647, 0.9926470588235294, 0.9926470588235294, 1.0, 1.0, 0.9963235294117647, 0.9926470588235294, 0.9889705882352942, 0.9963235294117647, 1.0, 0.9963235294117647, 1.0, 1.0, 0.9926470588235294, 0.9963235294117647, 0.9963235294117647, 1.0, 1.0, 0.9963235294117647, 1.0, 1.0, 1.0, 1.0, 1.0, 1.0, 1.0, 1.0, 0.9963235294117647, 1.0, 1.0, 1.0, 1.0, 1.0, 1.0, 1.0, 1.0, 0.9963235294117647, 1.0, 1.0, 1.0, 1.0, 1.0, 1.0, 1.0, 1.0, 0.9963235294117647, 1.0, 1.0, 1.0, 1.0, 1.0, 1.0, 1.0, 1.0], "trainRumorF1": [0.280230404275526, 0.21273031825795644, 0.21219715956558063, 0.24674375834530016, 0.3324155374887082, 0.33919413919413915, 0.35984496124031007, 0.37585943468296407, 0.40585495675316036, 0.42466715081094164, 0.4344787283777465, 0.45852254122415187, 0.4607495069033531, 0.46721111424012013, 0.46730130398135755, 0.5002227959982176, 0.4869670515695759, 0.4881868796901477, 0.49568801219744624, 0.5156369243265707, 0.5260928114266693, 0.5194904888737769, 0.5404575326122889, 0.5592445063659575, 0.557489259187773, 0.6526626171357448, 0.6690590111642744, 0.6548494983277592, 0.6762038662636733, 0.6949566366269857, 0.6991363687609421, 0.7382595152756443, 0.7286178339401728, 0.7296786769791863, 0.7217752379042702, 0.7807738316896792, 0.7984258375918817, 0.8008520716800644, 0.8057862056239996, 0.8353933525674652, 0.8059640522875817, 0.8532331265513444, 0.8439215046527594, 0.8505621990615416, 0.8655408249158248, 0.8767380798527981, 0.8963041022405229, 0.9164643270971986, 0.8930250850728436, 0.9081643346801259, 0.9474026446762324, 0.9291279258916799, 0.9209713099799307, 0.9355763350371195, 0.9573490827395531, 0.9589113945152955, 0.9691896358425608, 0.9753047091547318, 0.9614588625671319, 0.9760313239172936, 0.9658122981415788, 0.9774540927482104, 0.9852727149145121, 0.9948877959349164, 0.9815742564968571, 0.9901448886710007, 1.0, 0.995325807090513, 1.0, 0.9867351384998444, 0.9969372762452662, 0.9949360015366615, 0.9898245614035087, 0.9898245614035087, 1.0, 1.0, 0.9969291420271812, 0.9918463811337329, 0.9871998894874983, 0.9948877959349164, 1.0, 0.9949360015366615, 1.0, 1.0, 0.9898245614035087, 0.9969291420271812, 0.995325807090513, 1.0, 1.0, 0.9953821469103432, 1.0, 1.0, 1.0, 1.0, 1.0, 1.0, 1.0, 1.0, 0.9948877959349164, 1.0, 1.0, 1.0, 1.0, 1.0, 1.0, 1.0, 1.0, 0.9949360015366615, 1.0, 1.0, 1.0, 1.0, 1.0, 1.0, 1.0, 1.0, 0.9969372762452662, 1.0, 1.0, 1.0, 1.0, 1.0, 1.0, 1.0, 1.0], "trainLoss": [1.0696204900741577, 1.0291290283203125, 1.017253041267395, 1.0145763158798218, 1.0054616928100586, 0.9942988157272339, 0.9843368530273438, 0.9753689765930176, 0.9569259285926819, 0.940112829208374, 0.9032038450241089, 0.866360604763031, 0.8236752152442932, 0.804999589920044, 0.8111571073532104, 0.7854859232902527, 0.7782424092292786, 0.7620871663093567, 0.758188784122467, 0.7350948452949524, 0.709997832775116, 0.7161855697631836, 0.7068209648132324, 0.6721063256263733, 0.6710214614868164, 0.6469947099685669, 0.6111719012260437, 0.6160311102867126, 0.5683596730232239, 0.5610401630401611, 0.5411075353622437, 0.5341735482215881, 0.5033892393112183, 0.5003607273101807, 0.48700591921806335, 0.4427090883255005, 0.45099931955337524, 0.4185173213481903, 0.3859322965145111, 0.38298991322517395, 0.3760060966014862, 0.33547741174697876, 0.32655414938926697, 0.3076930046081543, 0.3154098093509674, 0.28019094467163086, 0.2673089802265167, 0.22032560408115387, 0.23634885251522064, 0.21025219559669495, 0.18792417645454407, 0.1845952868461609, 0.18456843495368958, 0.152190163731575, 0.13820748031139374, 0.12471350282430649, 0.12208803743124008, 0.10177045315504074, 0.09497293829917908, 0.098417729139328, 0.09169202297925949, 0.08228565752506256, 0.07150500267744064, 0.04857392609119415, 0.05845295265316963, 0.04439692571759224, 0.04142514243721962, 0.03386853262782097, 0.024474000558257103, 0.03813039883971214, 0.03250240162014961, 0.021959418430924416, 0.021024635061621666, 0.021665485575795174, 0.01205441914498806, 0.012818023562431335, 0.020343638956546783, 0.020733816549181938, 0.028073295950889587, 0.021281776949763298, 0.007234579883515835, 0.01598561741411686, 0.009252157993614674, 0.009189114905893803, 0.02195114456117153, 0.01601712591946125, 0.009238013066351414, 0.004477751441299915, 0.004852840676903725, 0.0073842923156917095, 0.005640193819999695, 0.0025068928953260183, 0.0061365757137537, 0.002476408611983061, 0.0052692703902721405, 0.004878285340964794, 0.007218292448669672, 0.0018325720448046923, 0.012022825889289379, 0.0015126572689041495, 0.0030456972308456898, 0.004731392487883568, 0.0013032187707722187, 0.0021517688874155283, 0.0012723226100206375, 0.0013065023813396692, 0.0007948391721583903, 0.005878540221601725, 0.001290130545385182, 0.002300522057339549, 0.004016878083348274, 0.000992346671409905, 0.0011424435069784522, 0.0005476491060107946, 0.0003655097389128059, 0.0015295936027541757, 0.004401131067425013, 0.002573615638539195, 0.0010210786713287234, 0.0029029541183263063, 0.0003796661039814353, 0.0007063714438118041, 0.00027882002177648246, 0.0003385930322110653, 0.0003170784329995513], "testRumorAcc": [0.32142857142857145, 0.32142857142857145, 0.5357142857142857, 0.5357142857142857, 0.5357142857142857, 0.5714285714285714, 0.5714285714285714, 0.5357142857142857, 0.75, 0.7857142857142857, 0.5714285714285714, 0.6428571428571429, 0.6071428571428571, 0.5714285714285714, 0.8214285714285714, 0.7142857142857143, 0.6785714285714286, 0.5357142857142857, 0.7857142857142857, 0.7142857142857143, 0.7857142857142857, 0.7857142857142857, 0.6071428571428571, 0.5714285714285714, 0.7142857142857143], "testRumorF1": [0.22645502645502646, 0.2531017369727047, 0.48316610925306575, 0.4918617614269789, 0.4918617614269789, 0.5396825396825397, 0.5437229437229437, 0.487068487068487, 0.7518518518518519, 0.7855586679116091, 0.5208472686733555, 0.6261562998405105, 0.5788384003486978, 0.5264282501124606, 0.8218782249742004, 0.7101135190918474, 0.66624895572264, 0.4541062801932368, 0.7846700083542189, 0.7101135190918474, 0.7855750487329435, 0.7877373171490819, 0.5788384003486978, 0.5264282501124606, 0.7101135190918474],