{"epoch": 45, "macroF1Rumor": 0.78537936913896, "accRumor": 0.7857142857142857, "loss": 0.606320858001709, "trainRumorAcc": [0.46691176470588236, 0.46691176470588236, 0.47794117647058826, 0.48161764705882354, 0.48161764705882354, 0.5110294117647058, 0.5294117647058824, 0.5367647058823529, 0.5588235294117647, 0.5698529411764706, 0.5661764705882353, 0.5992647058823529, 0.5845588235294118, 0.6102941176470589, 0.625, 0.6397058823529411, 0.6286764705882353, 0.6617647058823529, 0.6544117647058824, 0.6654411764705882, 0.6875, 0.6875, 0.6801470588235294, 0.6875, 0.6838235294117647, 0.6948529411764706, 0.7095588235294118, 0.7463235294117647, 0.7316176470588235, 0.7573529411764706, 0.75, 0.7830882352941176, 0.7610294117647058, 0.7904411764705882, 0.8088235294117647, 0.7977941176470589, 0.7830882352941176, 0.8272058823529411, 0.8419117647058824, 0.8492647058823529, 0.8602941176470589, 0.8602941176470589, 0.8823529411764706, 0.8860294117647058, 0.8897058823529411, 0.9080882352941176, 0.8933823529411765, 0.9338235294117647, 0.9154411764705882, 0.9338235294117647, 0.9411764705882353, 0.9448529411764706, 0.9558823529411765, 0.9522058823529411, 0.9705882352941176, 0.9779411764705882, 0.9852941176470589, 0.9595588235294118, 0.9852941176470589, 0.9779411764705882, 0.9742647058823529, 0.9963235294117647, 0.9889705882352942, 0.9889705882352942, 0.9889705882352942, 0.9963235294117647, 0.9963235294117647, 0.9963235294117647, 0.9779411764705882, 0.9889705882352942, 0.9926470588235294, 0.9889705882352942, 0.9963235294117647, 0.9963235294117647, 0.9963235294117647, 0.9926470588235294, 1.0, 1.0, 0.9963235294117647, 1.0, 1.0, 0.9889705882352942, 0.9963235294117647, 1.0, 1.0, 1.0, 1.0, 1.0, 1.0, 1.0, 1.0, 1.0, 1.0, 1.0, 0.9963235294117647], "trainRumorF1": [0.21219715956558063, 0.21219715956558063, 0.23986463620981383, 0.2664126267259426, 0.2570835764766906, 0.31861445299089114, 0.35115236875800254, 0.3731097961867193, 0.3903997962821492, 0.4078282828282829, 0.3957034090835956, 0.4334131417930301, 0.42236842105263156, 0.43897435897435894, 0.45307910828638837, 0.4635310156782549, 0.45490280160091484, 0.4840716533526992, 0.4762285160977971, 0.48299802761341226, 0.503502704620023, 0.5038565657657008, 0.4960539150483285, 0.5039215340170277, 0.5129600030299861, 0.507969133759515, 0.5363258930406544, 0.5961884091299277, 0.6072817384674037, 0.6351881042454813, 0.6425764559355626, 0.708845295146665, 0.6667693770180126, 0.7053853965027534, 0.732678993583249, 0.7338860939535518, 0.7144178012599065, 0.7650490928644255, 0.7992349057987319, 0.7986886724386725, 0.8208081890584283, 0.8220276042240827, 0.8548164066448841, 0.857795402805317, 0.8586410214703969, 0.8798974685897947, 0.8638742287136115, 0.9115846762793328, 0.8991732640606959, 0.9174896228489747, 0.9295235857500894, 0.9322233792478786, 0.9456117021276597, 0.9443572052303552, 0.9638057591116619, 0.970874731471536, 0.9845752175714878, 0.950309534520061, 0.9829044453688885, 0.9713430839982627, 0.9705831681322964, 0.9969372762452662, 0.9857083065574072, 0.9861464407310296, 0.9875425598975719, 0.9948877959349164, 0.9948877959349164, 0.995325807090513, 0.974366134751773, 0.9868092691622103, 0.9907086614173228, 0.9853413542847376, 0.995325807090513, 0.9969372762452662, 0.9949360015366615, 0.9898245614035087, 1.0, 1.0, 0.9969372762452662, 1.0, 1.0, 0.9871998894874983, 0.995325807090513, 1.0, 1.0, 1.0, 1.0, 1.0, 1.0, 1.0, 1.0, 1.0, 1.0, 1.0, 0.9969291420271812], "trainLoss": [1.062781810760498, 1.0317907333374023, 1.022291898727417, 1.015528917312622, 1.0100878477096558, 1.002286672592163, 0.9953041076660156, 0.9863355159759521, 0.9744287133216858, 0.9642313718795776, 0.9487684965133667, 0.9392794966697693, 0.9084015488624573, 0.887016773223877, 0.8520320653915405, 0.822996199131012, 0.8144159317016602, 0.7849105596542358, 0.7731779217720032, 0.7563720345497131, 0.7499423027038574, 0.7416260838508606, 0.732271134853363, 0.7127739191055298, 0.6864697337150574, 0.680522620677948, 0.6592835187911987, 0.6460486054420471, 0.6375207304954529, 0.5919148921966553, 0.6018949151039124, 0.5674049258232117, 0.551950991153717, 0.5202065706253052, 0.4986651837825775, 0.5074032545089722, 0.4837774336338043, 0.46942800283432007, 0.4206894040107727, 0.40651410818099976, 0.38486021757125854, 0.36463069915771484, 0.33667320013046265, 0.3107466697692871, 0.28911566734313965, 0.261200875043869, 0.2589857280254364, 0.2341340333223343, 0.2475741058588028, 0.20118631422519684, 0.18970218300819397, 0.17324459552764893, 0.1569514125585556, 0.1673855185508728, 0.12934406101703644, 0.11771780252456665, 0.10932605713605881, 0.1186804249882698, 0.09948238730430603, 0.08578362315893173, 0.09101387858390808, 0.07451251894235611, 0.060188181698322296, 0.062423333525657654, 0.05087057128548622, 0.04516350477933884, 0.03880615532398224, 0.038328494876623154, 0.056286077946424484, 0.04348989576101303, 0.03394567593932152, 0.03976801782846451, 0.0291829165071249, 0.028416499495506287, 0.0221574567258358, 0.022584648802876472, 0.010338454507291317, 0.013181610032916069, 0.02109891176223755, 0.014629996381700039, 0.009848188608884811, 0.025994790717959404, 0.013512374833226204, 0.0062472643330693245, 0.009728802368044853, 0.007915102876722813, 0.010057955048978329, 0.005739172920584679, 0.014437176287174225, 0.00490614352747798, 0.007176872342824936, 0.010554427281022072, 0.009520341642200947, 0.0030441731214523315, 0.01039906870573759], "testRumorAcc": [0.2857142857142857, 0.32142857142857145, 0.39285714285714285, 0.42857142857142855, 0.5, 0.6071428571428571, 0.75, 0.7142857142857143, 0.7857142857142857, 0.7142857142857143, 0.7142857142857143, 0.6428571428571429, 0.75, 0.6785714285714286, 0.6785714285714286, 0.7142857142857143, 0.7142857142857143, 0.75, 0.6071428571428571], "testRumorF1": [0.20202020202020202, 0.2569444444444445, 0.33869731800766284, 0.36111111111111116, 0.4489428699955016, 0.6022222222222222, 0.7518518518518519, 0.7095238095238096, 0.78537936913896, 0.7122222222222221, 0.7171781756180734, 0.6515567765567766, 0.7578099838969403, 0.6883333333333334, 0.6883333333333334, 0.7222222222222222, 0.7222222222222222, 0.7538888888888887, 0.6258354218880534], "testLoss": [1.4070227146148682, 1.4191354513168335, 1.3404209613800049, 1.2392107248306274, 1.0587799549102783, 0.794979453086853, 0.7019720673561096, 0.7144953608512878, 0.606320858001709, 0.604456901550293, 0.7504997849464417, 0.8430549502372742, 0.9516278505325317, 0.8909351825714111, 1.0404040813446045, 1.0840137004852295, 1.2473793029785156, 1.219028115272522, 1.6622977256774902]}