{"epoch": 50, "macroF1Rumor": 0.6245822890559732, "accRumor": 0.6428571428571429, "loss": 0.7237381339073181, "trainRumorAcc": [0.43014705882352944, 0.46691176470588236, 0.47058823529411764, 0.4963235294117647, 0.4963235294117647, 0.4852941176470588, 0.4963235294117647, 0.5477941176470589, 0.5404411764705882, 0.5367647058823529, 0.5588235294117647, 0.5661764705882353, 0.5588235294117647, 0.5735294117647058, 0.5955882352941176, 0.6066176470588235, 0.6213235294117647, 0.5992647058823529, 0.6323529411764706, 0.6470588235294118, 0.6617647058823529, 0.6654411764705882, 0.6507352941176471, 0.6691176470588235, 0.6580882352941176, 0.6617647058823529, 0.6838235294117647, 0.6875, 0.6911764705882353, 0.6875, 0.7058823529411765, 0.7058823529411765, 0.7132352941176471, 0.6948529411764706, 0.7242647058823529, 0.7426470588235294, 0.7683823529411765, 0.7794117647058824, 0.8088235294117647, 0.7830882352941176, 0.8161764705882353, 0.7941176470588235, 0.8345588235294118, 0.8272058823529411, 0.8198529411764706, 0.8492647058823529, 0.8676470588235294, 0.8566176470588235, 0.8455882352941176, 0.8676470588235294, 0.8860294117647058, 0.8823529411764706, 0.8897058823529411, 0.9191176470588235, 0.8970588235294118, 0.9117647058823529, 0.9191176470588235, 0.9485294117647058, 0.9375, 0.9264705882352942, 0.9448529411764706, 0.9338235294117647, 0.9522058823529411, 0.9558823529411765, 0.9485294117647058, 0.9485294117647058, 0.9595588235294118, 0.9522058823529411, 0.9411764705882353, 0.9595588235294118, 0.9595588235294118, 0.9558823529411765, 0.9742647058823529, 0.9816176470588235, 0.9852941176470589, 0.9852941176470589, 0.9816176470588235, 0.9816176470588235, 0.9963235294117647, 0.9705882352941176, 0.9889705882352942, 0.9816176470588235, 0.9816176470588235, 0.9742647058823529, 0.9779411764705882, 0.9963235294117647, 0.9926470588235294, 0.9963235294117647, 0.9926470588235294, 0.9963235294117647, 0.9889705882352942, 0.9889705882352942, 1.0, 0.9889705882352942, 0.9926470588235294, 0.9889705882352942, 1.0, 0.9926470588235294, 0.9926470588235294, 0.9852941176470589], "trainRumorF1": [0.2658062565286712, 0.21219715956558063, 0.2196747627024009, 0.286019557289852, 0.29386365018548927, 0.2536687110471035, 0.29736694677871145, 0.3718256508749467, 0.3676077009410343, 0.3867521367521367, 0.39229866463666063, 0.4015099561964426, 0.40332625619249823, 0.41200179131213616, 0.4308799245104978, 0.43762010347376207, 0.45023080076280103, 0.4371118380505381, 0.46050072418787497, 0.4708481262327416, 0.48357127506063674, 0.4848813134960759, 0.47414650820682797, 0.4916956284251406, 0.48351438917476647, 0.48451410658307204, 0.5031533081068685, 0.5070519435844513, 0.5097291466223505, 0.50573650026075, 0.5329577523893453, 0.5429205716616963, 0.5487179487179488, 0.534900284900285, 0.5858164387867358, 0.6002370055573717, 0.6304638576870881, 0.6633561643835616, 0.7365121055012579, 0.6972250337568723, 0.7514142663790552, 0.7099989643744822, 0.7877667346358049, 0.7758385630726057, 0.7694471738723564, 0.8036339410090242, 0.8379211934161194, 0.8187687319793243, 0.7919179033606895, 0.8328199881863632, 0.8651486441154338, 0.8576832099628917, 0.8620071684587814, 0.9039014432752573, 0.880326073874461, 0.8929944236911916, 0.901177633630556, 0.9392204679311994, 0.9218868926530218, 0.9155204942310872, 0.9330734957213126, 0.9218361198435135, 0.9404524758910419, 0.9474026446762324, 0.9378035744077841, 0.9332220023090879, 0.9503814693378317, 0.9487949714089056, 0.9351361919990643, 0.9558896151053013, 0.9542640384745648, 0.9505734275168831, 0.9749514926245412, 0.9815063803299098, 0.9824618400245523, 0.9829044453688885, 0.9774784954024653, 0.9774305555555555, 0.995325807090513, 0.9686979977176056, 0.9851092446201143, 0.9761929814013146, 0.9800169628977917, 0.9655010817545563, 0.971596713739944, 0.9953821469103432, 0.993866556154165, 0.9953821469103432, 0.990593112244898, 0.9969291420271812, 0.9875305095860334, 0.9892026560757211, 1.0, 0.9872932810807912, 0.9922651615359949, 0.9877478146872861, 1.0, 0.9902706095785995, 0.9907086614173228, 0.984145162069132], "trainLoss": [1.0671709775924683, 1.0290225744247437, 1.0209388732910156, 1.0178313255310059, 1.0136888027191162, 1.0099437236785889, 1.000165581703186, 0.9958587288856506, 0.9859863519668579, 0.9780740141868591, 0.9685825109481812, 0.9677994847297668, 0.9544784426689148, 0.9478820562362671, 0.933802604675293, 0.912524938583374, 0.8821988105773926, 0.8655130863189697, 0.823613166809082, 0.8151272535324097, 0.8013242483139038, 0.7948119640350342, 0.7757652401924133, 0.7714264392852783, 0.7706419825553894, 0.7383456826210022, 0.7504197359085083, 0.7171106338500977, 0.7120265960693359, 0.6883251070976257, 0.6889079213142395, 0.6757454872131348, 0.6509570479393005, 0.6459974646568298, 0.6279739737510681, 0.5978615880012512, 0.5739173293113708, 0.5707792639732361, 0.5395746827125549, 0.5597266554832458, 0.5116356015205383, 0.5109990239143372, 0.4777761995792389, 0.4703393578529358, 0.43199780583381653, 0.42159125208854675, 0.3971824645996094, 0.40852686762809753, 0.38820967078208923, 0.3729773461818695, 0.31722936034202576, 0.3177816867828369, 0.3224293887615204, 0.27353838086128235, 0.30079469084739685, 0.25949761271476746, 0.2554545998573303, 0.210096538066864, 0.24987925589084625, 0.20586606860160828, 0.17314434051513672, 0.16956664621829987, 0.17925626039505005, 0.15701265633106232, 0.13996702432632446, 0.1552315205335617, 0.16860713064670563, 0.1428564041852951, 0.14273932576179504, 0.13487230241298676, 0.11632847040891647, 0.11072415858507156, 0.08663400262594223, 0.07744687795639038, 0.07052137702703476, 0.08545833826065063, 0.0690908208489418, 0.07552886009216309, 0.047721244394779205, 0.08237183839082718, 0.04620817303657532, 0.0631556585431099, 0.049393244087696075, 0.06533550471067429, 0.04433589056134224, 0.03116340935230255, 0.04017862305045128, 0.03436875343322754, 0.03966760262846947, 0.023665370419621468, 0.03796704113483429, 0.03516361862421036, 0.020443949848413467, 0.03777678310871124, 0.01774277165532112, 0.03083210438489914, 0.012977820821106434, 0.0208712387830019, 0.020413393154740334, 0.026661962270736694], "testRumorAcc": [0.2857142857142857, 0.2857142857142857, 0.35714285714285715, 0.4642857142857143, 0.5, 0.5357142857142857, 0.5714285714285714, 0.5714285714285714, 0.6071428571428571, 0.6428571428571429, 0.6071428571428571, 0.5714285714285714, 0.5714285714285714, 0.6071428571428571, 0.5357142857142857, 0.5714285714285714, 0.5357142857142857, 0.5357142857142857, 0.5714285714285714, 0.5357142857142857], "testRumorF1": [0.14814814814814817, 0.14814814814814817, 0.27777777777777773, 0.39031339031339024, 0.42236024844720504, 0.487068487068487, 0.515928515928516, 0.515928515928516, 0.5908496732026144, 0.6245822890559732, 0.5938888888888888, 0.529100529100529, 0.5466241360978202, 0.5928362573099415, 0.5281668222844693, 0.5466241360978202, 0.5066022544283414, 0.5281668222844693, 0.5607416879795396, 0.49613163343140454], "testLoss": [1.4755162000656128, 1.3753764629364014, 1.363289475440979, 1.2706403732299805, 1.2348661422729492, 1.085168480873108, 0.8517888784408569, 0.8312554955482483, 0.6702160239219666, 0.7237381339073181, 0.9331240653991699, 1.0252240896224976, 1.028934359550476, 1.1248246431350708, 1.3112967014312744, 1.5527899265289307, 2.1057746410369873, 2.1532881259918213, 2.318434953689575, 2.9319002628326416]}