{"epoch": 40, "macroF1Rumor": 0.574025974025974, "accRumor": 0.6071428571428571, "loss": 2.173757553100586, "trainRumorAcc": [0.4375, 0.4338235294117647, 0.5073529411764706, 0.5220588235294118, 0.5183823529411765, 0.5294117647058824, 0.5183823529411765, 0.5698529411764706, 0.5588235294117647, 0.5845588235294118, 0.5735294117647058, 0.6066176470588235, 0.625, 0.6544117647058824, 0.6801470588235294, 0.6948529411764706, 0.6948529411764706, 0.7316176470588235, 0.7352941176470589, 0.7536764705882353, 0.7794117647058824, 0.8051470588235294, 0.8088235294117647, 0.8051470588235294, 0.8382352941176471, 0.8529411764705882, 0.8529411764705882, 0.8786764705882353, 0.9154411764705882, 0.9191176470588235, 0.9191176470588235, 0.9375, 0.9522058823529411, 0.9742647058823529, 0.9742647058823529, 0.9779411764705882, 0.9779411764705882, 0.9816176470588235, 0.9852941176470589, 0.9889705882352942, 0.9889705882352942, 0.9852941176470589, 0.9926470588235294, 0.9889705882352942, 1.0, 1.0, 0.9926470588235294, 0.9926470588235294, 1.0, 0.9926470588235294, 1.0, 1.0, 1.0, 1.0, 1.0, 1.0, 1.0, 1.0, 1.0, 1.0, 1.0, 1.0, 1.0, 1.0, 1.0, 0.9963235294117647, 1.0, 1.0, 1.0, 1.0, 1.0, 0.9926470588235294, 1.0, 1.0, 1.0, 1.0, 1.0, 1.0, 1.0, 1.0, 1.0, 1.0, 1.0, 1.0, 1.0, 1.0, 1.0, 1.0, 1.0, 1.0], "trainRumorF1": [0.20499569336778636, 0.23525728597449905, 0.3028308690948431, 0.3541961895764447, 0.3543248644019412, 0.36524064171122994, 0.36023206751054854, 0.4027195608782435, 0.4045210903806212, 0.41893491124260357, 0.41416583700753806, 0.43881656804733726, 0.45611318195187245, 0.4872773647522571, 0.5568235675621741, 0.5416058180968514, 0.5671915444348576, 0.622766416806152, 0.6398979442457704, 0.6681159420289854, 0.7164855072463768, 0.7322768677806852, 0.7559553419959805, 0.7446921586897863, 0.7977302372169338, 0.8238491904643904, 0.8122157244964262, 0.8490472638764283, 0.8853043285966353, 0.8964457487568273, 0.9010374945712494, 0.9259017455750792, 0.9452369953715025, 0.9679059567523459, 0.9681673221110163, 0.9692463853549755, 0.9762103294926218, 0.979543082984769, 0.9824686493417144, 0.9849113098847786, 0.985977421271539, 0.986133658008658, 0.9922651615359949, 0.9866544872748401, 1.0, 1.0, 0.9918733749805186, 0.9922631240189058, 1.0, 0.9922651615359949, 1.0, 1.0, 1.0, 1.0, 1.0, 1.0, 1.0, 1.0, 1.0, 1.0, 1.0, 1.0, 1.0, 1.0, 1.0, 0.9949360015366615, 1.0, 1.0, 1.0, 1.0, 1.0, 0.993866556154165, 1.0, 1.0, 1.0, 1.0, 1.0, 1.0, 1.0, 1.0, 1.0, 1.0, 1.0, 1.0, 1.0, 1.0, 1.0, 1.0, 1.0, 1.0], "trainLoss": [1.0568348169326782, 1.0292776823043823, 1.0194902420043945, 1.009541630744934, 1.0039429664611816, 0.9894115328788757, 0.9885726571083069, 0.9650469422340393, 0.9566020965576172, 0.9418225884437561, 0.918059766292572, 0.8608799576759338, 0.816254734992981, 0.7918192148208618, 0.7529550194740295, 0.7274879813194275, 0.7095885276794434, 0.6751485466957092, 0.6330243945121765, 0.6290649175643921, 0.5838849544525146, 0.545258104801178, 0.5132583975791931, 0.47831904888153076, 0.4412371516227722, 0.42280587553977966, 0.3794797360897064, 0.3622543513774872, 0.29373762011528015, 0.2582702338695526, 0.24649174511432648, 0.21488016843795776, 0.18403945863246918, 0.1350780874490738, 0.12423758208751678, 0.1182442158460617, 0.11248636990785599, 0.08855708688497543, 0.07471892982721329, 0.06041283532977104, 0.05008462443947792, 0.06144220754504204, 0.0427146814763546, 0.0451333150267601, 0.021975472569465637, 0.021668151021003723, 0.021056750789284706, 0.027034854516386986, 0.015756361186504364, 0.029877830296754837, 0.015310722403228283, 0.010309471748769283, 0.006812084931880236, 0.00856347568333149, 0.005366225261241198, 0.004619990009814501, 0.007527771405875683, 0.004578994587063789, 0.004323061089962721, 0.0030133340042084455, 0.0024015503004193306, 0.002341241342946887, 0.004455722868442535, 0.003972305450588465, 0.0028757851105183363, 0.010381536558270454, 0.0010257408721372485, 0.004411460366100073, 0.006788073573261499, 0.0018297070637345314, 0.0013077325420454144, 0.014177888631820679, 0.002990247216075659, 0.0024736523628234863, 0.0011798973428085446, 0.001010415842756629, 0.001325459685176611, 0.0006324062123894691, 0.0007897567702457309, 0.0004046916728839278, 0.0004904605448246002, 0.002153841545805335, 0.0018738297512754798, 0.00144106219522655, 0.000414307345636189, 0.0004407118249218911, 0.00020977194071747363, 0.00021407210442703217, 0.00027158684679307044, 0.0004807373334188014], "testRumorAcc": [0.32142857142857145, 0.4642857142857143, 0.5, 0.5, 0.5357142857142857, 0.5714285714285714, 0.5714285714285714, 0.6071428571428571, 0.6071428571428571, 0.5714285714285714, 0.6071428571428571, 0.5714285714285714, 0.5714285714285714, 0.5714285714285714, 0.5714285714285714, 0.5357142857142857, 0.5714285714285714, 0.5357142857142857], "testRumorF1": [0.2036630036630037, 0.42684766214177977, 0.45248868778280543, 0.4585284280936455, 0.522061191626409, 0.5564145658263305, 0.5264282501124606, 0.574025974025974, 0.574025974025974, 0.548941798941799, 0.574025974025974, 0.5437506810504522, 0.548941798941799, 0.548941798941799, 0.5173715173715174, 0.4913405308142151, 0.548941798941799, 0.4913405308142151], "testLoss": [1.2164242267608643, 1.32308030128479, 1.0925387144088745, 0.9505280256271362, 1.061352014541626, 1.4058356285095215, 2.0807909965515137, 2.173757553100586, 2.496586561203003, 2.435704469680786, 2.9435360431671143, 3.0970869064331055, 3.7001700401306152, 3.4498252868652344, 4.64789342880249, 5.224003791809082, 4.878933906555176, 5.511332988739014]}