{"epoch": 90, "macroF1Rumor": 0.652349828820417, "accRumor": 0.6428571428571429, "loss": 2.114845037460327, "trainRumorAcc": [0.3860294117647059, 0.46691176470588236, 0.46691176470588236, 0.4632352941176471, 0.47058823529411764, 0.47794117647058826, 0.4742647058823529, 0.5183823529411765, 0.5110294117647058, 0.5, 0.5367647058823529, 0.5367647058823529, 0.5441176470588235, 0.5551470588235294, 0.5477941176470589, 0.5992647058823529, 0.6029411764705882, 0.5808823529411765, 0.6176470588235294, 0.6323529411764706, 0.6360294117647058, 0.6139705882352942, 0.6654411764705882, 0.6397058823529411, 0.6691176470588235, 0.6580882352941176, 0.6801470588235294, 0.6948529411764706, 0.7022058823529411, 0.6875, 0.7132352941176471, 0.7647058823529411, 0.7720588235294118, 0.7426470588235294, 0.7720588235294118, 0.8088235294117647, 0.7977941176470589, 0.8272058823529411, 0.8529411764705882, 0.8345588235294118, 0.8455882352941176, 0.8786764705882353, 0.8970588235294118, 0.8970588235294118, 0.8933823529411765, 0.9191176470588235, 0.9411764705882353, 0.9375, 0.9227941176470589, 0.9558823529411765, 0.9558823529411765, 0.9705882352941176, 0.9595588235294118, 0.9779411764705882, 0.9705882352941176, 0.9742647058823529, 0.9779411764705882, 0.9779411764705882, 0.9705882352941176, 0.9889705882352942, 0.9926470588235294, 0.9852941176470589, 0.9926470588235294, 0.9963235294117647, 0.9926470588235294, 1.0, 0.9889705882352942, 0.9963235294117647, 0.9889705882352942, 0.9963235294117647, 1.0, 1.0, 1.0, 1.0, 0.9852941176470589, 1.0, 0.9963235294117647, 0.9963235294117647, 0.9852941176470589, 1.0, 0.9926470588235294, 1.0, 0.9963235294117647, 1.0, 0.9963235294117647, 0.9963235294117647, 1.0, 1.0, 0.9926470588235294, 0.9963235294117647, 1.0, 1.0, 0.9963235294117647, 1.0, 1.0, 1.0, 1.0, 0.9963235294117647, 1.0, 0.9963235294117647, 1.0, 1.0, 1.0, 1.0, 1.0, 1.0, 1.0, 0.9926470588235294, 0.9963235294117647, 1.0, 1.0, 1.0, 1.0, 1.0, 1.0, 1.0, 0.9963235294117647, 0.9963235294117647, 1.0, 1.0, 1.0, 1.0, 0.9963235294117647, 1.0, 0.9963235294117647, 1.0, 1.0, 1.0, 1.0, 1.0, 1.0, 1.0, 1.0, 1.0, 1.0, 1.0, 1.0, 1.0, 0.9926470588235294, 1.0], "trainRumorF1": [0.2594653179190752, 0.21219715956558063, 0.21219715956558063, 0.21105527638190955, 0.2196747627024009, 0.26018507486397396, 0.30338983050847457, 0.3222083433772343, 0.35039172772544175, 0.3488017429193899, 0.3774604591204324, 0.3783969728242174, 0.38802889576883387, 0.3899924769489987, 0.38973951562424763, 0.438118368173013, 0.43922154269188834, 0.42719992719992717, 0.45259467040673207, 0.4600462683196298, 0.4752801852193333, 0.44993894993894995, 0.501366693112698, 0.4717678850803584, 0.4923095069591885, 0.4839520219978192, 0.5228618562906118, 0.5259115685320969, 0.5704078765968016, 0.5298929056044805, 0.588355495454887, 0.6739384504517822, 0.6650301091452816, 0.6546671626438377, 0.7057140027728264, 0.7352634324465311, 0.7520157784899061, 0.7702568389184153, 0.7998060641828162, 0.7951752362508312, 0.8039490759386047, 0.853942353942354, 0.87365564678051, 0.8720358063902524, 0.8831052460084718, 0.8979300282320436, 0.9262758924254152, 0.9299809715332131, 0.9075178386960321, 0.9458816529049795, 0.9531364749082009, 0.9643298855318743, 0.9509820854075656, 0.975872314413981, 0.9684970976429194, 0.970505884437773, 0.9739256085951312, 0.974618468226028, 0.9643298855318743, 0.9892026560757211, 0.9898245614035087, 0.9845752175714878, 0.990382860800593, 0.9969291420271812, 0.9918733749805186, 1.0, 0.9855291172848991, 0.995325807090513, 0.9855291172848991, 0.9969372762452662, 1.0, 1.0, 1.0, 1.0, 0.9800684718331777, 1.0, 0.9969372762452662, 0.9948877959349164, 0.9856859027579854, 1.0, 0.9922631240189058, 1.0, 0.995325807090513, 1.0, 0.995325807090513, 0.9953821469103432, 1.0, 1.0, 0.993866556154165, 0.9969291420271812, 1.0, 1.0, 0.9969291420271812, 1.0, 1.0, 1.0, 1.0, 0.9969372762452662, 1.0, 0.9969372762452662, 1.0, 1.0, 1.0, 1.0, 1.0, 1.0, 1.0, 0.9922631240189058, 0.9969291420271812, 1.0, 1.0, 1.0, 1.0, 1.0, 1.0, 1.0, 0.9969372762452662, 0.9969291420271812, 1.0, 1.0, 1.0, 1.0, 0.995325807090513, 1.0, 0.9969291420271812, 1.0, 1.0, 1.0, 1.0, 1.0, 1.0, 1.0, 1.0, 1.0, 1.0, 1.0, 1.0, 1.0, 0.993866556154165, 1.0], "trainLoss": [1.0685862302780151, 1.0239932537078857, 1.0289812088012695, 1.021626353263855, 1.012003779411316, 1.0191137790679932, 1.0104438066482544, 1.0096403360366821, 0.9959695339202881, 0.9878538846969604, 0.9772641658782959, 0.9744514226913452, 0.9718152284622192, 0.9583178162574768, 0.9241926074028015, 0.9239082336425781, 0.9041365385055542, 0.8807709813117981, 0.8403744101524353, 0.8477100133895874, 0.833301842212677, 0.8103166222572327, 0.784675657749176, 0.7855129837989807, 0.7636144757270813, 0.7606177926063538, 0.7292526364326477, 0.6742949485778809, 0.6868847012519836, 0.6716293096542358, 0.6558986902236938, 0.6375824809074402, 0.5926018953323364, 0.5983293652534485, 0.5561928153038025, 0.533146858215332, 0.5214352607727051, 0.47907447814941406, 0.4416136145591736, 0.4445747435092926, 0.4160354733467102, 0.3694617450237274, 0.3313826620578766, 0.29215529561042786, 0.31173279881477356, 0.2539561986923218, 0.197158083319664, 0.222781702876091, 0.22196269035339355, 0.1475745439529419, 0.14995963871479034, 0.1122395247220993, 0.1303856521844864, 0.09707044064998627, 0.10691892355680466, 0.09908030927181244, 0.07685443758964539, 0.08546144515275955, 0.08796153962612152, 0.05275319516658783, 0.054329026490449905, 0.05491747707128525, 0.04553329572081566, 0.03891049325466156, 0.03923657909035683, 0.021706270053982735, 0.034480784088373184, 0.02165796607732773, 0.03037390299141407, 0.030677659437060356, 0.02029619738459587, 0.014903531409800053, 0.008525721728801727, 0.009608489461243153, 0.02459382824599743, 0.009526553563773632, 0.014005501754581928, 0.013445248827338219, 0.037146780639886856, 0.007630603387951851, 0.01706801727414131, 0.012999732047319412, 0.014179935678839684, 0.010899011045694351, 0.018373800441622734, 0.01318338979035616, 0.008819149807095528, 0.007264952175319195, 0.037491269409656525, 0.013580861501395702, 0.003970262594521046, 0.00592866912484169, 0.013076717033982277, 0.005171674769371748, 0.0028679356910288334, 0.004838934168219566, 0.0021566322539001703, 0.006335977464914322, 0.002449273131787777, 0.008178383111953735, 0.005100931040942669, 0.001557344221509993, 0.005800900049507618, 0.0012894822284579277, 0.002149151172488928, 0.003994679544121027, 0.001917863148264587, 0.011586584150791168, 0.012177892960608006, 0.0013809279771521688, 0.002765272045508027, 0.0007141054957173765, 0.0007609237800352275, 0.0013443657662719488, 0.0017845589900389314, 0.0010426598601043224, 0.004116629250347614, 0.026126759126782417, 0.0007189066964201629, 0.0007316576666198671, 0.0009434173698537052, 0.0014269640669226646, 0.00833231583237648, 0.0002064807922579348, 0.00639252969995141, 0.0030096108093857765, 0.0030059684067964554, 0.0009356983937323093, 0.001063070259988308, 0.0012285263510420918, 0.0011197554413229227, 0.0029787763487547636, 0.0005369579885154963, 0.0002908659225795418, 0.0016259712865576148, 0.0005431288154795766, 0.0004943004460074008, 0.00016482951468788087, 0.014038019813597202, 0.00038300687447190285], "testRumorAcc": [0.2857142857142857, 0.2857142857142857, 0.2857142857142857, 0.42857142857142855, 0.5, 0.5357142857142857, 0.5357142857142857, 0.5357142857142857, 0.5714285714285714, 0.6428571428571429, 0.6428571428571429, 0.5714285714285714, 0.5714285714285714, 0.6071428571428571, 0.5714285714285714, 0.5714285714285714, 0.6071428571428571, 0.6428571428571429, 0.6071428571428571, 0.6428571428571429, 0.6428571428571429, 0.5714285714285714, 0.5357142857142857, 0.5714285714285714, 0.5, 0.5357142857142857, 0.5714285714285714, 0.6071428571428571],