{"epoch": 50, "macroF1Rumor": 0.7196581196581197, "accRumor": 0.7142857142857143, "loss": 0.7971699237823486, "trainRumorAcc": [0.4632352941176471, 0.47058823529411764, 0.48161764705882354, 0.4852941176470588, 0.5294117647058824, 0.5147058823529411, 0.5441176470588235, 0.5514705882352942, 0.5514705882352942, 0.5661764705882353, 0.5514705882352942, 0.5992647058823529, 0.5955882352941176, 0.6323529411764706, 0.6102941176470589, 0.6911764705882353, 0.6911764705882353, 0.6838235294117647, 0.6985294117647058, 0.7389705882352942, 0.7463235294117647, 0.7389705882352942, 0.75, 0.7867647058823529, 0.7977941176470589, 0.8014705882352942, 0.8382352941176471, 0.8198529411764706, 0.8014705882352942, 0.8529411764705882, 0.8308823529411765, 0.8676470588235294, 0.875, 0.9007352941176471, 0.9080882352941176, 0.9227941176470589, 0.9227941176470589, 0.9117647058823529, 0.9301470588235294, 0.9522058823529411, 0.9264705882352942, 0.9448529411764706, 0.9485294117647058, 0.9595588235294118, 0.9632352941176471, 0.9889705882352942, 0.9558823529411765, 0.9742647058823529, 0.9669117647058824, 0.9632352941176471, 0.9705882352941176, 0.9632352941176471, 0.9742647058823529, 0.9852941176470589, 0.9926470588235294, 0.9852941176470589, 0.9852941176470589, 0.9852941176470589, 0.9889705882352942, 0.9889705882352942, 0.9889705882352942, 0.9963235294117647, 1.0, 0.9889705882352942, 0.9926470588235294, 0.9889705882352942, 0.9926470588235294, 0.9926470588235294, 1.0, 0.9926470588235294, 1.0, 0.9963235294117647, 0.9963235294117647, 0.9889705882352942, 0.9926470588235294, 0.9963235294117647, 1.0, 0.9926470588235294, 0.9963235294117647, 1.0, 0.9889705882352942, 0.9963235294117647, 1.0, 0.9926470588235294, 0.9926470588235294, 0.9963235294117647, 0.9963235294117647, 0.9926470588235294, 0.9963235294117647, 1.0, 0.9926470588235294, 1.0, 0.9963235294117647, 1.0, 1.0, 1.0, 1.0, 1.0, 1.0, 1.0], "trainRumorF1": [0.2406504841997961, 0.2257266542980829, 0.2469654528478058, 0.27241863273194866, 0.3684197307615029, 0.3629191321499014, 0.37582657696509686, 0.3939632170764247, 0.3946439655936862, 0.40757254069355975, 0.39992086766280316, 0.43677682366206955, 0.4346764346764347, 0.46266947171575507, 0.4462269756387404, 0.5587542087542088, 0.5507371007371008, 0.5358552160284297, 0.5961192251821867, 0.6304515065482187, 0.6483392891769855, 0.6351527978669197, 0.6569004079173041, 0.7211151368760064, 0.7305418719211824, 0.7353892705577865, 0.7867483473175693, 0.7610880992175956, 0.7465985106651521, 0.817014369621373, 0.7672742130742615, 0.8236866161914383, 0.8568232080586234, 0.8666850058832147, 0.8860446570972886, 0.9097338272030321, 0.9037703137855396, 0.8955389529532781, 0.9146163369722838, 0.9432847511041902, 0.9092393714242454, 0.9328386339878193, 0.9408031204906204, 0.9522976217436102, 0.9544502998567848, 0.9875305095860334, 0.9451706608569355, 0.9713530478929978, 0.9555917727915908, 0.9544171007032864, 0.9672577566521592, 0.9571090650992509, 0.9711107834946845, 0.9827925936751818, 0.9898245614035087, 0.9809688967986259, 0.9822969307998113, 0.986133658008658, 0.9848080046099849, 0.9876480962755472, 0.988783992759981, 0.9949360015366615, 1.0, 0.9868092691622103, 0.9902706095785995, 0.9891958467585589, 0.9918733749805186, 0.9898245614035087, 1.0, 0.9922651615359949, 1.0, 0.9953821469103432, 0.9948877959349164, 0.9892383288672116, 0.9922651615359949, 0.9969372762452662, 1.0, 0.9901448886710007, 0.995325807090513, 1.0, 0.9887727226227453, 0.9969291420271812, 1.0, 0.9907086614173228, 0.993866556154165, 0.9949360015366615, 0.9969291420271812, 0.993866556154165, 0.9969291420271812, 1.0, 0.9907086614173228, 1.0, 0.9969291420271812, 1.0, 1.0, 1.0, 1.0, 1.0, 1.0, 1.0], "trainLoss": [1.0451244115829468, 1.026731014251709, 1.0170669555664062, 1.003520131111145, 0.996683657169342, 0.9900039434432983, 0.966327428817749, 0.9609234929084778, 0.9362332224845886, 0.9138901829719543, 0.8981893062591553, 0.8746238350868225, 0.8567776679992676, 0.8120734095573425, 0.8275282382965088, 0.7632853984832764, 0.7425576448440552, 0.7336410284042358, 0.7202077507972717, 0.655137836933136, 0.6678344011306763, 0.6342736482620239, 0.5740304589271545, 0.5958665609359741, 0.5373560190200806, 0.540646493434906, 0.5024259686470032, 0.4568007290363312, 0.4561000466346741, 0.44305506348609924, 0.4171329438686371, 0.4009142220020294, 0.33801478147506714, 0.28241074085235596, 0.27133849263191223, 0.24325808882713318, 0.2505049705505371, 0.2485344260931015, 0.1969408094882965, 0.1568872034549713, 0.20037801563739777, 0.15142738819122314, 0.17290273308753967, 0.14213933050632477, 0.13204997777938843, 0.08444945514202118, 0.10379469394683838, 0.08891073614358902, 0.10759574919939041, 0.08323698490858078, 0.09006447345018387, 0.08603867143392563, 0.07573720067739487, 0.06471491605043411, 0.0328298881649971, 0.05156584829092026, 0.052894894033670425, 0.034589219838380814, 0.035897146910429, 0.03806522861123085, 0.028544532135128975, 0.027084430679678917, 0.017029352486133575, 0.030820738524198532, 0.026252713054418564, 0.04148131236433983, 0.01750168204307556, 0.023307418450713158, 0.011841913685202599, 0.032210465520620346, 0.006861062720417976, 0.014137235470116138, 0.0075972010381519794, 0.029498644173145294, 0.022126933559775352, 0.014298279769718647, 0.01093186903744936, 0.022298060357570648, 0.013228945434093475, 0.005949809215962887, 0.021268147975206375, 0.014038531109690666, 0.00519477017223835, 0.020844511687755585, 0.022792041301727295, 0.014689327217638493, 0.01530856266617775, 0.035119734704494476, 0.013994762673974037, 0.005567478481680155, 0.011064915917813778, 0.005963065195828676, 0.007737902924418449, 0.0024441678542643785, 0.0024564245250076056, 0.0021936355624347925, 0.002984655322507024, 0.001172635587863624, 0.0011213645339012146, 0.0013473137514665723], "testRumorAcc": [0.2857142857142857, 0.39285714285714285, 0.4642857142857143, 0.4642857142857143, 0.5, 0.4642857142857143, 0.6785714285714286, 0.6785714285714286, 0.7142857142857143, 0.7142857142857143, 0.6071428571428571, 0.5, 0.5357142857142857, 0.6071428571428571, 0.6428571428571429, 0.5357142857142857, 0.4642857142857143, 0.5, 0.6071428571428571, 0.6428571428571429], "testRumorF1": [0.14814814814814817, 0.3333333333333333, 0.4231339031339032, 0.4221334221334221, 0.46356275303643724, 0.4081336238198983, 0.6805555555555555, 0.6751727804359383, 0.7138528138528139, 0.7196581196581197, 0.6030959752321982, 0.5117647058823529, 0.5175848117024588, 0.614067849361967, 0.6494107744107743, 0.47514619883040937, 0.4333333333333333, 0.505892255892256, 0.6253968253968254, 0.648148148148148], "testLoss": [1.3506801128387451, 1.3792115449905396, 1.0204757452011108, 1.0891389846801758, 0.9448436498641968, 1.4312998056411743, 0.7397480607032776, 0.795517086982727, 0.9098415374755859, 0.7971699237823486, 1.040747046470642, 1.9407217502593994, 1.8553028106689453, 1.2420669794082642, 1.238947868347168, 2.4542510509490967, 2.94887375831604, 1.9432727098464966, 1.4684302806854248, 1.6052683591842651]}