{"epoch": 40, "macroF1Rumor": 0.75, "accRumor": 0.75, "loss": 0.6083148717880249, "trainRumorAcc": [0.47058823529411764, 0.46691176470588236, 0.4632352941176471, 0.48161764705882354, 0.5036764705882353, 0.5404411764705882, 0.5110294117647058, 0.5625, 0.5441176470588235, 0.5477941176470589, 0.5588235294117647, 0.5625, 0.5772058823529411, 0.5808823529411765, 0.5808823529411765, 0.5735294117647058, 0.6176470588235294, 0.625, 0.6286764705882353, 0.6580882352941176, 0.6764705882352942, 0.6507352941176471, 0.6948529411764706, 0.6948529411764706, 0.7095588235294118, 0.7132352941176471, 0.7242647058823529, 0.7316176470588235, 0.7757352941176471, 0.7573529411764706, 0.7867647058823529, 0.7977941176470589, 0.8345588235294118, 0.8419117647058824, 0.8492647058823529, 0.8639705882352942, 0.875, 0.9191176470588235, 0.9080882352941176, 0.9411764705882353, 0.9448529411764706, 0.9595588235294118, 0.9522058823529411, 0.9705882352941176, 0.9963235294117647, 0.9779411764705882, 0.9889705882352942, 0.9963235294117647, 0.9963235294117647, 0.9963235294117647, 0.9926470588235294, 1.0, 0.9963235294117647, 0.9963235294117647, 0.9926470588235294, 0.9926470588235294, 1.0, 0.9963235294117647, 1.0, 1.0, 1.0, 1.0, 1.0, 1.0, 1.0, 1.0, 1.0, 1.0, 0.9926470588235294, 1.0, 1.0, 1.0, 1.0, 1.0, 1.0, 1.0, 1.0, 1.0, 1.0, 1.0, 1.0, 1.0, 1.0, 1.0, 1.0, 0.9889705882352942, 1.0, 0.9963235294117647, 1.0, 1.0], "trainRumorF1": [0.26978670897232504, 0.21219715956558063, 0.22948717948717948, 0.27878951797090995, 0.33694957678753745, 0.35885639171869865, 0.35683853788428954, 0.40385276917784657, 0.38586354663199957, 0.3934713666237151, 0.4031371177002245, 0.4053268534400611, 0.41862513326843737, 0.41697729278086904, 0.4221394407652686, 0.41500701262272094, 0.45112201963534365, 0.4568395907248218, 0.4628007231261299, 0.48435951875442323, 0.49777177262598965, 0.47850433526011554, 0.5122100122100122, 0.5254049292673044, 0.5359607609636969, 0.5390333201083061, 0.5588271245425195, 0.5437404410820403, 0.6446693241084399, 0.6030880230880231, 0.6427313453989735, 0.6919511092978476, 0.7666738335171787, 0.7759195285511075, 0.7804419695153397, 0.8030777630777631, 0.8286969216441391, 0.8920289735919725, 0.872949241885809, 0.9221483092850518, 0.9231440255147153, 0.9464172287416832, 0.9379330488672153, 0.9609615123079015, 0.995325807090513, 0.9726800372387213, 0.9871830673758866, 0.9948877959349164, 0.9949360015366615, 0.9969291420271812, 0.9902706095785995, 1.0, 0.9949360015366615, 0.9969291420271812, 0.990818549642079, 0.9907086614173228, 1.0, 0.9949360015366615, 1.0, 1.0, 1.0, 1.0, 1.0, 1.0, 1.0, 1.0, 1.0, 1.0, 0.9902624753605146, 1.0, 1.0, 1.0, 1.0, 1.0, 1.0, 1.0, 1.0, 1.0, 1.0, 1.0, 1.0, 1.0, 1.0, 1.0, 1.0, 0.9855291172848991, 1.0, 0.9969372762452662, 1.0, 1.0], "trainLoss": [1.0553984642028809, 1.028917670249939, 1.0219537019729614, 1.0155305862426758, 1.0084362030029297, 0.9983951449394226, 0.9957374334335327, 0.9845293760299683, 0.9713189601898193, 0.9620844721794128, 0.9490364193916321, 0.9410980343818665, 0.9257100224494934, 0.9209387898445129, 0.9014486074447632, 0.88199782371521, 0.8612866997718811, 0.8338714241981506, 0.8231304883956909, 0.7841970324516296, 0.7517752647399902, 0.7375510334968567, 0.709072470664978, 0.6829586625099182, 0.6711199283599854, 0.6509878635406494, 0.6419229507446289, 0.6074813604354858, 0.5731222629547119, 0.5519047975540161, 0.5419057607650757, 0.4953307509422302, 0.47485587000846863, 0.4178377687931061, 0.38339436054229736, 0.35389989614486694, 0.3290823698043823, 0.26244819164276123, 0.24596436321735382, 0.22151222825050354, 0.19357961416244507, 0.14818008244037628, 0.13470999896526337, 0.1121455729007721, 0.08391036838293076, 0.10097351670265198, 0.06630002707242966, 0.06077836453914642, 0.04735785350203514, 0.03905710577964783, 0.03919502720236778, 0.03370041400194168, 0.0285456795245409, 0.03420101851224899, 0.025141581892967224, 0.02764483354985714, 0.012968862429261208, 0.017521578818559647, 0.011534616351127625, 0.006691572722047567, 0.006901606917381287, 0.008523699827492237, 0.006464649923145771, 0.003823696170002222, 0.004493843764066696, 0.005482854321599007, 0.005720808170735836, 0.0024624529760330915, 0.015941893681883812, 0.0034201727248728275, 0.002976207295432687, 0.002006604801863432, 0.0020355877932161093, 0.00269334577023983, 0.0016927561955526471, 0.0011220413725823164, 0.0014032154576852918, 0.0017120839329436421, 0.0014809779822826385, 0.0005296503659337759, 0.0007817584555596113, 0.002426141407340765, 0.0004802421317435801, 0.002323044929653406, 0.000725122110452503, 0.01423752959817648, 0.0022469614632427692, 0.006017712410539389, 0.0023762055207043886, 0.0008040973334573209], "testRumorAcc": [0.2857142857142857, 0.32142857142857145, 0.39285714285714285, 0.5, 0.5, 0.5, 0.5357142857142857, 0.75, 0.75, 0.6785714285714286, 0.6071428571428571, 0.6071428571428571, 0.6071428571428571, 0.6071428571428571, 0.6071428571428571, 0.5714285714285714, 0.5714285714285714, 0.5], "testRumorF1": [0.203921568627451, 0.2569444444444445, 0.3333333333333333, 0.4585284280936455, 0.45418060200668897, 0.4705413105413105, 0.48418248418248416, 0.75, 0.747053872053872, 0.6893868658574541, 0.6042884990253411, 0.6258354218880534, 0.6042884990253411, 0.6, 0.608359133126935, 0.5750487329434697, 0.5711500974658869, 0.49071207430340563], "testLoss": [1.4060794115066528, 1.4908653497695923, 1.3653149604797363, 1.313222885131836, 1.094727635383606, 1.038313627243042, 0.8985691070556641, 0.6083148717880249, 0.7203075885772705, 1.0438083410263062, 1.41245698928833, 1.4919692277908325, 1.8969347476959229, 2.029508590698242, 1.8593193292617798, 2.624823570251465, 2.652512788772583, 3.491487979888916]}