{"epoch": 35, "macroF1Rumor": 0.7825311942959002, "accRumor": 0.7857142857142857, "loss": 0.6670223474502563, "trainRumorAcc": [0.4227941176470588, 0.4742647058823529, 0.49264705882352944, 0.4852941176470588, 0.5147058823529411, 0.5036764705882353, 0.5036764705882353, 0.5257352941176471, 0.5404411764705882, 0.5625, 0.5992647058823529, 0.5882352941176471, 0.5625, 0.6066176470588235, 0.625, 0.6470588235294118, 0.6433823529411765, 0.6617647058823529, 0.6727941176470589, 0.6838235294117647, 0.7058823529411765, 0.7132352941176471, 0.6985294117647058, 0.75, 0.7352941176470589, 0.75, 0.7610294117647058, 0.7867647058823529, 0.8235294117647058, 0.8198529411764706, 0.8492647058823529, 0.8713235294117647, 0.8676470588235294, 0.8897058823529411, 0.9080882352941176, 0.9191176470588235, 0.9154411764705882, 0.9411764705882353, 0.9301470588235294, 0.9522058823529411, 0.9705882352941176, 0.9705882352941176, 0.9889705882352942, 0.9779411764705882, 0.9889705882352942, 0.9889705882352942, 0.9963235294117647, 1.0, 1.0, 1.0, 0.9963235294117647, 1.0, 1.0, 0.9963235294117647, 1.0, 1.0, 1.0, 1.0, 1.0, 1.0, 1.0, 0.9963235294117647, 0.9963235294117647, 1.0, 1.0, 1.0, 1.0, 1.0, 0.9963235294117647, 0.9963235294117647, 1.0, 1.0, 1.0, 1.0, 1.0, 1.0, 1.0, 1.0, 1.0, 1.0, 1.0, 1.0, 0.9926470588235294, 1.0, 1.0], "trainRumorF1": [0.2982456140350877, 0.24378615946167406, 0.31970838061831564, 0.3122727026000109, 0.34170297564765084, 0.32553897180762853, 0.33356767171796076, 0.3758169934640523, 0.38075526506899054, 0.40401253918495295, 0.4330030667610287, 0.42154172083393515, 0.4029298819513583, 0.440410474168436, 0.45587709896391565, 0.47222222222222215, 0.47116624189820994, 0.49801225619809003, 0.49914529914529915, 0.5153238222071103, 0.5451286536299119, 0.5792674413696594, 0.5441102327077652, 0.623047815617475, 0.5948614706164318, 0.6310499103310464, 0.6802328725524046, 0.6945525685021483, 0.7544660102381243, 0.7475135245966279, 0.7988990510524036, 0.830840075257492, 0.8267769855884989, 0.858019782648522, 0.8811630360222727, 0.8938847311692139, 0.8945619171546303, 0.9230104261423681, 0.9072227911483788, 0.9402289507552667, 0.9653219774241806, 0.9620090677406875, 0.9875305095860334, 0.9736851650877961, 0.9875425598975719, 0.9871003847733318, 0.9948877959349164, 1.0, 1.0, 1.0, 0.9969291420271812, 1.0, 1.0, 0.9949360015366615, 1.0, 1.0, 1.0, 1.0, 1.0, 1.0, 1.0, 0.995325807090513, 0.995325807090513, 1.0, 1.0, 1.0, 1.0, 1.0, 0.9969291420271812, 0.9948877959349164, 1.0, 1.0, 1.0, 1.0, 1.0, 1.0, 1.0, 1.0, 1.0, 1.0, 1.0, 1.0, 0.993866556154165, 1.0, 1.0], "trainLoss": [1.0626250505447388, 1.0267246961593628, 1.0210462808609009, 1.0055075883865356, 1.0017974376678467, 0.9980856776237488, 0.9853964447975159, 0.9733840823173523, 0.9697166681289673, 0.9510622620582581, 0.9461528658866882, 0.934190034866333, 0.910711407661438, 0.8927267789840698, 0.8681727647781372, 0.8362852931022644, 0.794346809387207, 0.7719122767448425, 0.7415528893470764, 0.7298825979232788, 0.709296464920044, 0.6773418188095093, 0.6692520976066589, 0.6304700374603271, 0.6125543117523193, 0.5965708494186401, 0.5681435465812683, 0.5353995561599731, 0.49301624298095703, 0.46779772639274597, 0.45056527853012085, 0.4012207090854645, 0.3618357479572296, 0.3185422420501709, 0.28379759192466736, 0.2493535280227661, 0.24080447852611542, 0.2016729861497879, 0.1961287558078766, 0.1533307135105133, 0.11910306662321091, 0.11223229020833969, 0.0738711804151535, 0.0989198237657547, 0.06988362222909927, 0.05148206651210785, 0.03673245385289192, 0.030497925356030464, 0.024717317894101143, 0.01779782772064209, 0.025620587170124054, 0.01774764247238636, 0.010830872692167759, 0.011799382977187634, 0.009248210117220879, 0.004922779742628336, 0.005988521035760641, 0.005674436688423157, 0.008038563653826714, 0.00881508830934763, 0.004704037681221962, 0.006635675672441721, 0.017804935574531555, 0.005885776598006487, 0.0031909204553812742, 0.0025230112951248884, 0.0023212998639792204, 0.0012751995818689466, 0.009277821518480778, 0.00770548777654767, 0.0016776324482634664, 0.0013670019106939435, 0.0016728292685002089, 0.001092681777663529, 0.00043307588202878833, 0.0011690834071487188, 0.00044388658716343343, 0.0016575950430706143, 0.0006701310048811138, 0.0011850089067593217, 0.0006417089025489986, 0.00045120040886104107, 0.009829044342041016, 0.00042435977957211435, 0.00018598648603074253], "testRumorAcc": [0.2857142857142857, 0.39285714285714285, 0.39285714285714285, 0.42857142857142855, 0.5, 0.5, 0.7857142857142857, 0.6785714285714286, 0.6785714285714286, 0.6785714285714286, 0.6071428571428571, 0.6428571428571429, 0.6428571428571429, 0.5, 0.5, 0.5357142857142857, 0.5], "testRumorF1": [0.14814814814814817, 0.3297022512708787, 0.36609686609686615, 0.3666666666666667, 0.45532245532245536, 0.4777777777777778, 0.7825311942959002, 0.6827485380116959, 0.6893141945773525, 0.6893141945773525, 0.6238095238095238, 0.6510025062656641, 0.6510025062656641, 0.5072239422084625, 0.523444976076555, 0.5516908212560386, 0.523444976076555], "testLoss": [1.562231421470642, 1.4493768215179443, 1.4827603101730347, 1.3168827295303345, 1.0331475734710693, 0.8732157945632935, 0.6670223474502563, 0.8060446381568909, 1.0566728115081787, 1.1091854572296143, 1.5167948007583618, 1.707616925239563, 1.8484069108963013, 2.355922222137451, 2.58209228515625, 3.7713019847869873, 3.268160104751587]}