{"epoch": 45, "macroF1Rumor": 0.5694444444444445, "accRumor": 0.5714285714285714, "loss": 1.9011389017105103, "trainRumorAcc": [0.46691176470588236, 0.46691176470588236, 0.46691176470588236, 0.46691176470588236, 0.46691176470588236, 0.47794117647058826, 0.5073529411764706, 0.5073529411764706, 0.49264705882352944, 0.5183823529411765, 0.5330882352941176, 0.5477941176470589, 0.5882352941176471, 0.6139705882352942, 0.5992647058823529, 0.6139705882352942, 0.6397058823529411, 0.6654411764705882, 0.6691176470588235, 0.7022058823529411, 0.7205882352941176, 0.7205882352941176, 0.7095588235294118, 0.7463235294117647, 0.7389705882352942, 0.7463235294117647, 0.7536764705882353, 0.7720588235294118, 0.7720588235294118, 0.7977941176470589, 0.7977941176470589, 0.8051470588235294, 0.8529411764705882, 0.8198529411764706, 0.8419117647058824, 0.8492647058823529, 0.8492647058823529, 0.8970588235294118, 0.8713235294117647, 0.8566176470588235, 0.9191176470588235, 0.8823529411764706, 0.9227941176470589, 0.8897058823529411, 0.9264705882352942, 0.9411764705882353, 0.9264705882352942, 0.9227941176470589, 0.9301470588235294, 0.9742647058823529, 0.9558823529411765, 0.9375, 0.9522058823529411, 0.9595588235294118, 0.9448529411764706, 0.9705882352941176, 0.9669117647058824, 0.9779411764705882, 0.9669117647058824, 0.9779411764705882, 0.9816176470588235, 0.9963235294117647, 0.9926470588235294, 0.9779411764705882, 0.9779411764705882, 0.9926470588235294, 0.9926470588235294, 0.9963235294117647, 0.9779411764705882, 0.9963235294117647, 0.9926470588235294, 0.9926470588235294, 1.0, 0.9926470588235294, 0.9852941176470589, 1.0, 0.9963235294117647, 0.9963235294117647, 1.0, 0.9963235294117647, 0.9889705882352942, 0.9926470588235294, 0.9963235294117647, 1.0, 0.9963235294117647, 1.0, 0.9963235294117647, 0.9926470588235294, 1.0, 0.9926470588235294, 0.9963235294117647, 0.9926470588235294, 0.9926470588235294, 1.0, 1.0], "trainRumorF1": [0.21219715956558063, 0.21219715956558063, 0.21219715956558063, 0.21219715956558063, 0.21219715956558063, 0.24014309827929356, 0.3136507655152549, 0.322225761919932, 0.2952288618602738, 0.3560452853011775, 0.38427664209891993, 0.3785711067776212, 0.4262204414005731, 0.4434462946732885, 0.43727016515747924, 0.44996064025190236, 0.47965316195628643, 0.5646176069303849, 0.5599507273431498, 0.5768239295325414, 0.6155309142387512, 0.6546968567102796, 0.6065177832919768, 0.6644573241955795, 0.6560210607190472, 0.6826203873183738, 0.6925019425019424, 0.7148031937960767, 0.7164158916691564, 0.7492236024844722, 0.7389059868029434, 0.7638591800356506, 0.8272313737471464, 0.7816950870714311, 0.8061427565423155, 0.8204220074472964, 0.8150066978023968, 0.878959584745381, 0.8456439393939394, 0.8329604724341566, 0.8970548040553846, 0.8673345965012632, 0.9033163924541304, 0.8665988430233617, 0.9133375180421237, 0.9289838785637105, 0.9213973223698083, 0.9112532112532112, 0.9199371496787475, 0.9714795008912657, 0.9505734275168831, 0.9245828321240587, 0.9474698797819233, 0.9541195268076633, 0.9373866906141415, 0.9685182275353422, 0.9620313310509389, 0.974833988777683, 0.9614588625671319, 0.9752838789888106, 0.9810664456416632, 0.9949360015366615, 0.9922631240189058, 0.9731202635227403, 0.975872314413981, 0.9907086614173228, 0.9902706095785995, 0.9969372762452662, 0.9748434492891583, 0.9969372762452662, 0.990593112244898, 0.990818549642079, 1.0, 0.9938497340425533, 0.9826376688012051, 1.0, 0.9949360015366615, 0.9953821469103432, 1.0, 0.995325807090513, 0.9852457210677263, 0.9902706095785995, 0.9969291420271812, 1.0, 0.9969291420271812, 1.0, 0.9969372762452662, 0.993866556154165, 1.0, 0.993866556154165, 0.9969372762452662, 0.9907086614173228, 0.9902624753605146, 1.0, 1.0], "trainLoss": [1.0617854595184326, 1.0343362092971802, 1.0323975086212158, 1.0304166078567505, 1.0228246450424194, 1.0168713331222534, 1.012779951095581, 1.0054901838302612, 1.0000526905059814, 0.9904490113258362, 0.9841102361679077, 0.9573444128036499, 0.934231162071228, 0.9031317234039307, 0.8534340858459473, 0.8369015455245972, 0.8295036554336548, 0.7946471571922302, 0.760943591594696, 0.7544271349906921, 0.7128082513809204, 0.696835458278656, 0.6998217105865479, 0.6449297666549683, 0.6647648215293884, 0.604892373085022, 0.6038875579833984, 0.5979838967323303, 0.5471168160438538, 0.5290625691413879, 0.5305866003036499, 0.5043973922729492, 0.4633299708366394, 0.47225844860076904, 0.439511239528656, 0.41590186953544617, 0.4206252098083496, 0.36164775490760803, 0.36297178268432617, 0.355237752199173, 0.29378342628479004, 0.2968181371688843, 0.24840624630451202, 0.2574399709701538, 0.24698801338672638, 0.20977433025836945, 0.20888958871364594, 0.20103374123573303, 0.1868596076965332, 0.1432260125875473, 0.12482909858226776, 0.15605266392230988, 0.13143682479858398, 0.11109604686498642, 0.13189516961574554, 0.11470849066972733, 0.11623792350292206, 0.0757865458726883, 0.09285679459571838, 0.07100345939397812, 0.0710434690117836, 0.04493770748376846, 0.04200831428170204, 0.06069207191467285, 0.05673159286379814, 0.03451701998710632, 0.03050391562283039, 0.023960189893841743, 0.050658129155635834, 0.01915309764444828, 0.025925565510988235, 0.02403879724442959, 0.015718484297394753, 0.020585903897881508, 0.042997464537620544, 0.012475182302296162, 0.01669188402593136, 0.01705920323729515, 0.012847758829593658, 0.02129545621573925, 0.025125328451395035, 0.019015781581401825, 0.012508518993854523, 0.006861275993287563, 0.01112062856554985, 0.005611779168248177, 0.015612590126693249, 0.026102418079972267, 0.003286392195150256, 0.017006240785121918, 0.009607966057956219, 0.023072578012943268, 0.009499472565948963, 0.006153504829853773, 0.0030685036908835173], "testRumorAcc": [0.2857142857142857, 0.21428571428571427, 0.42857142857142855, 0.4642857142857143, 0.5, 0.5357142857142857, 0.5714285714285714, 0.5714285714285714, 0.5714285714285714, 0.5, 0.5714285714285714, 0.5357142857142857, 0.5357142857142857, 0.5357142857142857, 0.5357142857142857, 0.5714285714285714, 0.5714285714285714, 0.5357142857142857, 0.5714285714285714], "testRumorF1": [0.14814814814814817, 0.1821946169772257, 0.37606837606837606, 0.4000000000000001, 0.4498327759197324, 0.487068487068487, 0.5514088250930356, 0.5383597883597884, 0.5694444444444445, 0.49499999999999994, 0.5480112044817927, 0.5440110826939472, 0.5248366013071896, 0.5187728937728938, 0.5187728937728938, 0.5480112044817927, 0.5480112044817927, 0.5187728937728938, 0.5480112044817927], "testLoss": [1.421262502670288, 1.3410085439682007, 1.5241304636001587, 1.508383870124817, 1.2554302215576172, 1.2261552810668945, 1.4102243185043335, 1.9245142936706543, 1.9011389017105103, 2.025768995285034, 2.3594985008239746, 2.127088785171509, 2.1521284580230713, 4.028988838195801, 3.722168445587158, 3.6827621459960938, 4.787683486938477, 4.965185165405273, 4.055897235870361]}