{"epoch": 70, "macroF1Rumor": 0.5970801364023871, "accRumor": 0.6071428571428571, "loss": 1.6792134046554565, "trainRumorAcc": [0.4264705882352941, 0.46691176470588236, 0.45955882352941174, 0.5073529411764706, 0.5183823529411765, 0.5477941176470589, 0.5808823529411765, 0.5882352941176471, 0.6102941176470589, 0.625, 0.6176470588235294, 0.6102941176470589, 0.6507352941176471, 0.6617647058823529, 0.6580882352941176, 0.6801470588235294, 0.6801470588235294, 0.6838235294117647, 0.6875, 0.6727941176470589, 0.7205882352941176, 0.7095588235294118, 0.75, 0.7536764705882353, 0.7867647058823529, 0.7683823529411765, 0.8125, 0.7757352941176471, 0.7720588235294118, 0.7867647058823529, 0.7904411764705882, 0.8088235294117647, 0.8161764705882353, 0.8308823529411765, 0.8198529411764706, 0.8529411764705882, 0.8639705882352942, 0.8639705882352942, 0.8713235294117647, 0.8970588235294118, 0.8823529411764706, 0.8933823529411765, 0.9044117647058824, 0.9227941176470589, 0.9264705882352942, 0.9338235294117647, 0.9448529411764706, 0.9558823529411765, 0.9448529411764706, 0.9338235294117647, 0.9448529411764706, 0.9522058823529411, 0.9595588235294118, 0.9522058823529411, 0.9779411764705882, 0.9742647058823529, 0.9705882352941176, 0.9852941176470589, 0.9705882352941176, 0.9816176470588235, 0.9742647058823529, 0.9889705882352942, 0.9889705882352942, 0.9705882352941176, 0.9889705882352942, 0.9669117647058824, 0.9926470588235294, 0.9889705882352942, 0.9816176470588235, 0.9852941176470589, 0.9889705882352942, 0.9926470588235294, 0.9926470588235294, 0.9963235294117647, 0.9926470588235294, 0.9926470588235294, 1.0, 0.9963235294117647, 0.9852941176470589, 1.0, 0.9889705882352942, 0.9963235294117647, 1.0, 0.9963235294117647, 1.0, 1.0, 0.9963235294117647, 0.9926470588235294, 0.9963235294117647, 0.9963235294117647, 1.0, 0.9926470588235294, 0.9889705882352942, 0.9926470588235294, 1.0, 0.9963235294117647, 0.9889705882352942, 1.0, 1.0, 0.9963235294117647, 1.0, 1.0, 1.0, 0.9963235294117647, 1.0, 0.9963235294117647, 0.9963235294117647, 1.0, 1.0, 1.0, 0.9963235294117647, 1.0, 0.9963235294117647, 1.0, 1.0, 1.0, 1.0, 1.0, 1.0, 0.9926470588235294], "trainRumorF1": [0.29212078320358575, 0.2189239332096475, 0.2327661484473824, 0.31910291438979965, 0.33636723387415907, 0.3669700567207492, 0.4168391994478951, 0.41850510161705606, 0.4398443639430356, 0.4472609819121447, 0.4444444444444444, 0.4346297171049179, 0.475596858474921, 0.48389217619986846, 0.4808502301890489, 0.49970287936902374, 0.5008778930566641, 0.5057996377145314, 0.5483210632255218, 0.5066281476017785, 0.5722641172348368, 0.5835856500596385, 0.6430551192358006, 0.6667043294859315, 0.7114123842573065, 0.6726632440918155, 0.7147396742292029, 0.7084242067000687, 0.6818424314573516, 0.7078923589055531, 0.7157280972038388, 0.7243474678974664, 0.7525278585650103, 0.7623313590250879, 0.7486093599347327, 0.7980194990265291, 0.8295343137254902, 0.8224101752082288, 0.8308870376380925, 0.8718480766248282, 0.8431473997279655, 0.857238375624497, 0.8820025503519835, 0.8990923869976881, 0.9002525252525252, 0.9178758835677594, 0.9269906428866724, 0.9439822548626814, 0.9305329592182149, 0.9170003041370466, 0.9301253863285156, 0.941129261477715, 0.949979553796095, 0.9379341780919592, 0.9703577842243404, 0.9673659595417115, 0.9619505456554772, 0.9812118669748678, 0.9649861994278023, 0.979001976284585, 0.9698448067475255, 0.9858820910600846, 0.9870843403150733, 0.9615476599996725, 0.9875305095860334, 0.9593258737394668, 0.9898245614035087, 0.9891958467585589, 0.9781283273543336, 0.9824686493417144, 0.9873097777122545, 0.9922651615359949, 0.993882275132275, 0.9948877959349164, 0.992311329620651, 0.9899179529968016, 1.0, 0.9949360015366615, 0.9829269881353214, 1.0, 0.9854276397884888, 0.9948877959349164, 1.0, 0.9953821469103432, 1.0, 1.0, 0.9948877959349164, 0.9902624753605146, 0.995325807090513, 0.9969291420271812, 1.0, 0.993866556154165, 0.9875305095860334, 0.992311329620651, 1.0, 0.9949360015366615, 0.9876355634652926, 1.0, 1.0, 0.9953821469103432, 1.0, 1.0, 1.0, 0.995325807090513, 1.0, 0.9949360015366615, 0.9949360015366615, 1.0, 1.0, 1.0, 0.9969291420271812, 1.0, 0.9948877959349164, 1.0, 1.0, 1.0, 1.0, 1.0, 1.0, 0.9907086614173228], "trainLoss": [1.0557681322097778, 1.0279314517974854, 1.021003007888794, 1.0189547538757324, 1.0057178735733032, 0.9899267554283142, 0.9546685814857483, 0.9159129858016968, 0.8750113844871521, 0.8415340781211853, 0.8473749160766602, 0.8257525563240051, 0.8162656426429749, 0.7910309433937073, 0.793443500995636, 0.7425955533981323, 0.7452386021614075, 0.7270183563232422, 0.6884351372718811, 0.7053250670433044, 0.672471284866333, 0.6602074503898621, 0.6198990345001221, 0.6055442690849304, 0.6031745672225952, 0.594860315322876, 0.5643092393875122, 0.5811241865158081, 0.5440288186073303, 0.5469928979873657, 0.5406973958015442, 0.4816630780696869, 0.4640028774738312, 0.4589212238788605, 0.42918431758880615, 0.4136475622653961, 0.4275570809841156, 0.41046008467674255, 0.34575900435447693, 0.3316633701324463, 0.32071956992149353, 0.31002748012542725, 0.29413363337516785, 0.271363228559494, 0.24355453252792358, 0.22890150547027588, 0.20044952630996704, 0.17854246497154236, 0.20581574738025665, 0.19595025479793549, 0.1619589626789093, 0.14944113790988922, 0.13519366085529327, 0.12053338438272476, 0.1177428588271141, 0.11023898422718048, 0.0969948023557663, 0.08392829447984695, 0.08561156690120697, 0.08765363693237305, 0.08592227846384048, 0.07463289797306061, 0.048758961260318756, 0.08585116267204285, 0.04994306340813637, 0.07270815223455429, 0.04382247105240822, 0.05162093788385391, 0.06952425092458725, 0.046480998396873474, 0.03966117277741432, 0.04027491807937622, 0.04407280683517456, 0.028763458132743835, 0.038078900426626205, 0.028663888573646545, 0.019608622416853905, 0.019336514174938202, 0.039273496717214584, 0.01616966910660267, 0.028490304946899414, 0.01749441958963871, 0.017906220629811287, 0.018538113683462143, 0.013163753785192966, 0.01632135920226574, 0.01660604029893875, 0.02124439924955368, 0.017470110207796097, 0.01194970216602087, 0.010810562409460545, 0.024028683081269264, 0.020953720435500145, 0.013684130273759365, 0.011430640704929829, 0.013634725473821163, 0.030794255435466766, 0.00577437411993742, 0.013031387701630592, 0.009064911864697933, 0.004599311854690313, 0.007417356129735708, 0.007310337387025356, 0.011450108140707016, 0.008394562639296055, 0.008457260206341743, 0.009080407209694386, 0.0010305701289325953, 0.005674478132277727, 0.001723607536405325, 0.01198213454335928, 0.00379710434935987, 0.012053202837705612, 0.002859370084479451, 0.0027875849045813084, 0.0025523651856929064, 0.0021878054831176996, 0.001662565628066659, 0.005281504709273577, 0.007793834898620844], "testRumorAcc": [0.32142857142857145, 0.42857142857142855, 0.4642857142857143, 0.5, 0.5357142857142857, 0.5357142857142857, 0.5357142857142857, 0.5357142857142857, 0.5357142857142857, 0.5357142857142857, 0.5714285714285714, 0.5, 0.5, 0.6071428571428571, 0.5, 0.5, 0.5, 0.5357142857142857, 0.4642857142857143, 0.5, 0.5357142857142857, 0.4642857142857143, 0.5357142857142857, 0.5], "testRumorF1": [0.22645502645502646, 0.38888888888888884, 0.3936092955700799, 0.42424242424242425, 0.48316610925306575, 0.48316610925306575, 0.48316610925306575, 0.48418248418248416, 0.48418248418248416, 0.4920634920634921, 0.5428571428571428, 0.45248868778280543, 0.4498327759197324, 0.5970801364023871, 0.4444444444444445, 0.46507936507936504, 0.4567099567099567, 0.5015873015873016, 0.39855072463768115, 0.4567099567099567, 0.4920634920634921, 0.39855072463768115, 0.5015873015873016, 0.4498327759197324],