{"epoch": 60, "macroF1Rumor": 0.7792717086834734, "accRumor": 0.7857142857142857, "loss": 1.1533632278442383, "trainRumorAcc": [0.4227941176470588, 0.46691176470588236, 0.47058823529411764, 0.47794117647058826, 0.4963235294117647, 0.4963235294117647, 0.5036764705882353, 0.5110294117647058, 0.5588235294117647, 0.5588235294117647, 0.5367647058823529, 0.5772058823529411, 0.5551470588235294, 0.6029411764705882, 0.5772058823529411, 0.5955882352941176, 0.6433823529411765, 0.6213235294117647, 0.6507352941176471, 0.6213235294117647, 0.6323529411764706, 0.6691176470588235, 0.6838235294117647, 0.6948529411764706, 0.6985294117647058, 0.6948529411764706, 0.7316176470588235, 0.75, 0.7352941176470589, 0.7536764705882353, 0.7647058823529411, 0.8088235294117647, 0.8161764705882353, 0.8308823529411765, 0.7977941176470589, 0.8492647058823529, 0.8602941176470589, 0.8492647058823529, 0.8786764705882353, 0.8676470588235294, 0.8860294117647058, 0.9044117647058824, 0.9154411764705882, 0.9117647058823529, 0.9375, 0.9338235294117647, 0.9448529411764706, 0.9485294117647058, 0.9448529411764706, 0.9669117647058824, 0.9669117647058824, 0.9669117647058824, 0.9705882352941176, 0.9779411764705882, 0.9852941176470589, 0.9779411764705882, 0.9742647058823529, 0.9816176470588235, 0.9816176470588235, 0.9926470588235294, 0.9926470588235294, 0.9852941176470589, 0.9889705882352942, 0.9963235294117647, 0.9926470588235294, 0.9963235294117647, 1.0, 0.9926470588235294, 1.0, 0.9963235294117647, 0.9963235294117647, 0.9926470588235294, 0.9963235294117647, 1.0, 0.9926470588235294, 1.0, 0.9963235294117647, 1.0, 1.0, 1.0, 0.9926470588235294, 1.0, 1.0, 1.0, 1.0, 1.0, 1.0, 1.0, 1.0, 1.0, 1.0, 1.0, 1.0, 1.0, 1.0, 1.0, 1.0, 1.0, 1.0, 0.9926470588235294, 1.0, 1.0, 1.0, 1.0, 1.0, 1.0, 1.0, 1.0, 1.0, 1.0], "trainRumorF1": [0.218131999798204, 0.21219715956558063, 0.2614035087719298, 0.26467198268764847, 0.29736694677871145, 0.2971218398954202, 0.293785838942907, 0.34924925504733584, 0.38539238539238546, 0.3928032792014769, 0.3824255628177197, 0.4125151295085936, 0.402391164928012, 0.4367652859960552, 0.4172266043431687, 0.431990231990232, 0.47073660495641106, 0.45211813120309846, 0.47553175665625463, 0.4518354274451835, 0.46038212311797216, 0.4916956284251406, 0.5141250252319601, 0.513640841916704, 0.5264334582473111, 0.5104405376250036, 0.6166551990054713, 0.6315385299635784, 0.611016932251052, 0.6327684954773471, 0.6629544219987905, 0.7184259742810339, 0.729607334220303, 0.7678213698410824, 0.7358903255402551, 0.78827599997327, 0.8170881590776878, 0.7926388494654177, 0.8418266579622041, 0.8218928538522704, 0.8484195897629192, 0.8735861292976422, 0.893929903251507, 0.8850610752860927, 0.919455528424619, 0.9152269437551696, 0.9319897882892202, 0.9373896858252303, 0.9315358773365493, 0.9603180945784638, 0.961715506446907, 0.9594065136917292, 0.9639555788701694, 0.97849783795799, 0.980281619226638, 0.9743997789749965, 0.9693574018988631, 0.979414043972728, 0.9774343805249558, 0.9922631240189058, 0.9901448886710007, 0.9826376688012051, 0.9876355634652926, 0.9948877959349164, 0.9922631240189058, 0.995325807090513, 1.0, 0.9922631240189058, 1.0, 0.9948877959349164, 0.9949360015366615, 0.9918463811337329, 0.9969291420271812, 1.0, 0.9922631240189058, 1.0, 0.9969291420271812, 1.0, 1.0, 1.0, 0.9898245614035087, 1.0, 1.0, 1.0, 1.0, 1.0, 1.0, 1.0, 1.0, 1.0, 1.0, 1.0, 1.0, 1.0, 1.0, 1.0, 1.0, 1.0, 1.0, 0.993866556154165, 1.0, 1.0, 1.0, 1.0, 1.0, 1.0, 1.0, 1.0, 1.0, 1.0], "trainLoss": [1.0648287534713745, 1.0274367332458496, 1.0251874923706055, 1.0171600580215454, 1.012976884841919, 1.0099273920059204, 1.0032483339309692, 1.0029146671295166, 0.9839792847633362, 0.9845736026763916, 0.9683605432510376, 0.9574459195137024, 0.952566385269165, 0.9224712252616882, 0.9002593755722046, 0.8854750990867615, 0.8555983901023865, 0.8479440808296204, 0.8280109167098999, 0.8210431337356567, 0.8112302422523499, 0.7806434631347656, 0.7568802833557129, 0.7331843972206116, 0.7078966498374939, 0.6939437389373779, 0.6823377013206482, 0.6662874221801758, 0.6314411759376526, 0.6054618954658508, 0.5880037546157837, 0.5371711850166321, 0.5291513204574585, 0.4933130741119385, 0.5009864568710327, 0.43428370356559753, 0.4152067005634308, 0.35879209637641907, 0.33735713362693787, 0.335812509059906, 0.29207494854927063, 0.2711241543292999, 0.2468356192111969, 0.25728747248649597, 0.19546818733215332, 0.1907939612865448, 0.17512387037277222, 0.16538411378860474, 0.1492973268032074, 0.11804729700088501, 0.13502444326877594, 0.1343695968389511, 0.11751119792461395, 0.10417886078357697, 0.0684342235326767, 0.09676019847393036, 0.08862696588039398, 0.07329415529966354, 0.07035843282938004, 0.05935038626194, 0.04465492069721222, 0.05965833738446236, 0.04574880376458168, 0.0333227664232254, 0.04071386158466339, 0.03101496212184429, 0.023638132959604263, 0.02462736889719963, 0.015897924080491066, 0.022877154871821404, 0.021464811637997627, 0.026805154979228973, 0.0178068894892931, 0.012139049358665943, 0.02119218185544014, 0.012897346168756485, 0.019841434434056282, 0.005957507528364658, 0.007967068813741207, 0.0057184998877346516, 0.0191673394292593, 0.01218701247125864, 0.0068116215988993645, 0.005738796200603247, 0.003583980957046151, 0.005256799049675465, 0.007479160092771053, 0.004550039302557707, 0.003628810867667198, 0.005748572293668985, 0.003341675503179431, 0.001987517811357975, 0.009802053682506084, 0.0022452324628829956, 0.0018976936116814613, 0.0015221659559756517, 0.001929097925312817, 0.003303502919152379, 0.004214365500956774, 0.02373429946601391, 0.0024963119067251682, 0.0035939421504735947, 0.0013411481631919742, 0.0021917736157774925, 0.0006828026962466538, 0.000989175052382052, 0.0011945016449317336, 0.001981919864192605, 0.0021278264466673136, 0.00036503063165582716], "testRumorAcc": [0.2857142857142857, 0.32142857142857145, 0.42857142857142855, 0.4642857142857143, 0.5, 0.6071428571428571, 0.6428571428571429, 0.7142857142857143, 0.6785714285714286, 0.6428571428571429, 0.6071428571428571, 0.7857142857142857, 0.6428571428571429, 0.5357142857142857, 0.6071428571428571, 0.6071428571428571, 0.5714285714285714, 0.6071428571428571, 0.5357142857142857, 0.6071428571428571, 0.5357142857142857, 0.5357142857142857], "testRumorF1": [0.14814814814814817, 0.2657952069716775, 0.3682539682539683, 0.4284750337381917, 0.44980056980056976, 0.5873015873015873, 0.6222222222222222, 0.7145969498910677, 0.6917874396135265, 0.651702786377709, 0.6074074074074074, 0.7792717086834734, 0.6499484004127968, 0.508795518207283, 0.6074074074074074, 0.6131341425459073, 0.557843137254902, 0.6024083546462063, 0.5317561807331629, 0.581711855396066, 0.508795518207283, 0.508795518207283], "testLoss": [1.3054368495941162, 1.283410668373108, 1.3739734888076782, 1.374992847442627, 1.1111781597137451, 0.8928680419921875, 0.9173441529273987, 0.7942518591880798, 0.7031311392784119, 0.99163419008255, 1.1481958627700806, 1.1533632278442383, 1.4187194108963013, 2.6987955570220947, 1.981647253036499, 2.3714444637298584, 2.4680087566375732, 2.489680051803589, 2.758967876434326, 3.317176580429077, 3.254725933074951, 3.741826295852661]}