{"epoch": 55, "macroF1Rumor": 0.565015479876161, "accRumor": 0.5714285714285714, "loss": 1.845733880996704, "trainRumorAcc": [0.44485294117647056, 0.45588235294117646, 0.4742647058823529, 0.4889705882352941, 0.4889705882352941, 0.5183823529411765, 0.5441176470588235, 0.5330882352941176, 0.5698529411764706, 0.6213235294117647, 0.6360294117647058, 0.6433823529411765, 0.6360294117647058, 0.6801470588235294, 0.7058823529411765, 0.7132352941176471, 0.6875, 0.7169117647058824, 0.6985294117647058, 0.6875, 0.7389705882352942, 0.7463235294117647, 0.7242647058823529, 0.7389705882352942, 0.7647058823529411, 0.7794117647058824, 0.7904411764705882, 0.7867647058823529, 0.8125, 0.7977941176470589, 0.8161764705882353, 0.8382352941176471, 0.8602941176470589, 0.8382352941176471, 0.8492647058823529, 0.8676470588235294, 0.8786764705882353, 0.9007352941176471, 0.8933823529411765, 0.9227941176470589, 0.9117647058823529, 0.9301470588235294, 0.9301470588235294, 0.9375, 0.9338235294117647, 0.9411764705882353, 0.9595588235294118, 0.9632352941176471, 0.9558823529411765, 0.9632352941176471, 0.9595588235294118, 0.9742647058823529, 0.9852941176470589, 0.9816176470588235, 0.9632352941176471, 0.9889705882352942, 0.9963235294117647, 0.9705882352941176, 0.9852941176470589, 0.9816176470588235, 0.9963235294117647, 0.9926470588235294, 1.0, 0.9963235294117647, 1.0, 1.0, 0.9963235294117647, 0.9889705882352942, 0.9852941176470589, 0.9889705882352942, 0.9816176470588235, 0.9889705882352942, 0.9852941176470589, 0.9963235294117647, 0.9963235294117647, 0.9926470588235294, 0.9963235294117647, 0.9926470588235294, 0.9926470588235294, 1.0, 0.9889705882352942, 1.0, 0.9926470588235294, 0.9963235294117647, 0.9963235294117647, 0.9926470588235294, 1.0, 1.0, 1.0, 0.9963235294117647, 0.9852941176470589, 0.9926470588235294, 1.0, 0.9889705882352942, 1.0, 1.0, 1.0, 1.0, 0.9963235294117647, 0.9963235294117647, 0.9963235294117647, 1.0, 1.0, 1.0, 1.0], "trainRumorF1": [0.2826797385620915, 0.2975016436554898, 0.2789235560256184, 0.31118710307767466, 0.3207050981617456, 0.3649704142011834, 0.38654078915516826, 0.3769756680101508, 0.40857279693486587, 0.45403633875353394, 0.46529841943854694, 0.4817763042068172, 0.5070078000789612, 0.567684068051265, 0.5959663407133495, 0.6159636519923866, 0.5961384879790951, 0.6395344727978957, 0.6185861066155726, 0.5944651812539775, 0.6705383697894538, 0.7071745805076525, 0.6486506722019921, 0.6693680283734862, 0.7080957773452883, 0.7316920108853614, 0.7390324881217413, 0.7436749638915704, 0.7758982428533963, 0.7438404405173517, 0.7685310683413151, 0.79240289947222, 0.8301392136114862, 0.7975030543487457, 0.8157935874610002, 0.8363240090899285, 0.8610265773990667, 0.8862929096293047, 0.874026101504568, 0.9069813329517094, 0.8968732372241144, 0.917838252450256, 0.9125470655576069, 0.9252855977152182, 0.9184587268086334, 0.9327520221349302, 0.9495402252013637, 0.9559161122955686, 0.9474526630265826, 0.9582251050507464, 0.9489745479516118, 0.9737311192419552, 0.9841207594148771, 0.9798391523935002, 0.9540489017820141, 0.9876480962755472, 0.9969291420271812, 0.9637326687299401, 0.9824686493417144, 0.9798542702567471, 0.9953821469103432, 0.9922651615359949, 1.0, 0.9949360015366615, 1.0, 1.0, 0.995325807090513, 0.9887727226227453, 0.9809814296088805, 0.9877347878444814, 0.9814211893144634, 0.9908118287357986, 0.9845752175714878, 0.9969372762452662, 0.9949360015366615, 0.993866556154165, 0.9969291420271812, 0.9898245614035087, 0.9902706095785995, 1.0, 0.9872156084656085, 1.0, 0.9918170351606884, 0.9969291420271812, 0.995325807090513, 0.9901448886710007, 1.0, 1.0, 1.0, 0.9969372762452662, 0.9805332228208316, 0.9918170351606884, 1.0, 0.9908118287357986, 1.0, 1.0, 1.0, 1.0, 0.9953821469103432, 0.9953821469103432, 0.995325807090513, 1.0, 1.0, 1.0, 1.0], "trainLoss": [1.0532244443893433, 1.0285524129867554, 1.0124269723892212, 1.014875054359436, 1.0018517971038818, 0.9936392307281494, 0.98636394739151, 0.9739386439323425, 0.953194797039032, 0.8892005681991577, 0.8606336712837219, 0.8364171385765076, 0.8107082843780518, 0.7766937017440796, 0.7692824006080627, 0.7469460964202881, 0.7436728477478027, 0.7227480411529541, 0.7170127034187317, 0.7252737283706665, 0.6794155836105347, 0.659286379814148, 0.6528075337409973, 0.6305617690086365, 0.5851780772209167, 0.5785331726074219, 0.5576844811439514, 0.5417273044586182, 0.5150033235549927, 0.5276326537132263, 0.4660179316997528, 0.4322490990161896, 0.41325339674949646, 0.4300857186317444, 0.40963858366012573, 0.3371812105178833, 0.3586271405220032, 0.3310028910636902, 0.2823043465614319, 0.28397905826568604, 0.23328781127929688, 0.25355762243270874, 0.19589564204216003, 0.18401587009429932, 0.1614597886800766, 0.15679743885993958, 0.14941531419754028, 0.13937947154045105, 0.1170966699719429, 0.12143535166978836, 0.10220988094806671, 0.10818137973546982, 0.08069830387830734, 0.07364904135465622, 0.0827336460351944, 0.07497990131378174, 0.0475827120244503, 0.06536051630973816, 0.057391729205846786, 0.05590644106268883, 0.0379171147942543, 0.038098547607660294, 0.03511538356542587, 0.03265643119812012, 0.0202944353222847, 0.0312974788248539, 0.02731814794242382, 0.03402688354253769, 0.03932170197367668, 0.04110386595129967, 0.03290024772286415, 0.054019127041101456, 0.028094638139009476, 0.022273758426308632, 0.01657824032008648, 0.023490730673074722, 0.01310874242335558, 0.028735287487506866, 0.017581656575202942, 0.01239483430981636, 0.028417063876986504, 0.005742546636611223, 0.01684810221195221, 0.011842546053230762, 0.010793839581310749, 0.02326754853129387, 0.004442309960722923, 0.004866661503911018, 0.00555935176089406, 0.012953706085681915, 0.04482205957174301, 0.02214529737830162, 0.002760983305051923, 0.01915154792368412, 0.012502620927989483, 0.006918700877577066, 0.005622481927275658, 0.00354782328940928, 0.008947039023041725, 0.011861158534884453, 0.008413691073656082, 0.006354040466248989, 0.0033708338160067797, 0.003020950360223651, 0.0037467300426214933], "testRumorAcc": [0.2857142857142857, 0.42857142857142855, 0.4642857142857143, 0.5, 0.4642857142857143, 0.5, 0.5, 0.5, 0.5357142857142857, 0.5357142857142857, 0.5714285714285714, 0.5, 0.5357142857142857, 0.5, 0.5357142857142857, 0.5, 0.5, 0.5357142857142857, 0.5, 0.5, 0.5714285714285714], "testRumorF1": [0.20202020202020202, 0.3636363636363636, 0.39061421670117324, 0.42424242424242425, 0.4000000000000001, 0.46356275303643724, 0.42424242424242425, 0.4735449735449735, 0.5022338454832734, 0.5022338454832734, 0.565015479876161, 0.47666135034556084, 0.5022338454832734, 0.4357864357864358, 0.5022338454832734, 0.47666135034556084, 0.47666135034556084, 0.4961038961038961, 0.4405797101449276, 0.4357864357864358, 0.5597523219814242], "testLoss": [1.5446979999542236, 1.4194798469543457, 1.450864315032959, 1.4563030004501343, 1.5058015584945679, 1.4866811037063599, 1.4566391706466675, 1.9234815835952759, 2.1279799938201904, 2.49787974357605, 1.845733880996704, 2.700814962387085, 3.5386009216308594, 5.337404251098633, 4.834946632385254, 4.337164878845215, 5.049025058746338, 5.121713161468506, 5.152856349945068, 5.511492729187012, 3.696000337600708]}