{"epoch": 35, "macroF1Rumor": 0.5901960784313726, "accRumor": 0.5714285714285714, "loss": 1.3076924085617065, "trainRumorAcc": [0.40441176470588236, 0.47058823529411764, 0.4742647058823529, 0.4889705882352941, 0.4963235294117647, 0.5441176470588235, 0.5257352941176471, 0.5551470588235294, 0.5808823529411765, 0.5919117647058824, 0.5919117647058824, 0.6102941176470589, 0.6102941176470589, 0.6323529411764706, 0.6433823529411765, 0.6617647058823529, 0.6470588235294118, 0.6801470588235294, 0.6764705882352942, 0.6654411764705882, 0.6801470588235294, 0.6838235294117647, 0.6985294117647058, 0.6727941176470589, 0.7205882352941176, 0.7095588235294118, 0.7205882352941176, 0.75, 0.7830882352941176, 0.8161764705882353, 0.7757352941176471, 0.8014705882352942, 0.8198529411764706, 0.8492647058823529, 0.8639705882352942, 0.8713235294117647, 0.8455882352941176, 0.8860294117647058, 0.8897058823529411, 0.8823529411764706, 0.8933823529411765, 0.9007352941176471, 0.9264705882352942, 0.9154411764705882, 0.9227941176470589, 0.9375, 0.9448529411764706, 0.9448529411764706, 0.9448529411764706, 0.9522058823529411, 0.9705882352941176, 0.9522058823529411, 0.9522058823529411, 0.9852941176470589, 0.9705882352941176, 0.9816176470588235, 0.9852941176470589, 0.9889705882352942, 0.9705882352941176, 0.9926470588235294, 0.9889705882352942, 0.9852941176470589, 0.9889705882352942, 1.0, 0.9889705882352942, 0.9963235294117647, 0.9926470588235294, 0.9963235294117647, 0.9963235294117647, 1.0, 0.9852941176470589, 0.9926470588235294, 0.9852941176470589, 0.9963235294117647, 1.0, 0.9963235294117647, 1.0, 1.0, 1.0, 1.0, 1.0, 0.9963235294117647, 0.9963235294117647, 1.0, 1.0], "trainRumorF1": [0.2764652513155507, 0.231846085371896, 0.2858246261451651, 0.3210518028656904, 0.3410928143712575, 0.3720413436692506, 0.3502550072617962, 0.3998328108672937, 0.4140056022408964, 0.4188034188034188, 0.427329827636576, 0.44054265843863255, 0.440800237988993, 0.4614149753468639, 0.47182756199016795, 0.4855853366491664, 0.4739772452190753, 0.5031527046887594, 0.49975792786250306, 0.501366693112698, 0.5237976077273411, 0.5159987649111917, 0.5277802317379787, 0.5053407989713427, 0.5451763933376925, 0.5677842244617489, 0.6015252637610813, 0.6394249512670566, 0.705291093873046, 0.7461412591184419, 0.7039902646117252, 0.7282087587251906, 0.7584697686410092, 0.8001858158013403, 0.826444592493893, 0.8329663504968382, 0.8028634375641875, 0.8581287909169798, 0.8586410214703969, 0.8578001879563363, 0.8620143330964227, 0.887870521913075, 0.9157831686133573, 0.8957105837424987, 0.9083757612059498, 0.9273795685086008, 0.9376709445468405, 0.9315262658749793, 0.9270349796345597, 0.9411237874779541, 0.9674306934067003, 0.9432939186173157, 0.9456247255160298, 0.9845752175714878, 0.9672581445787599, 0.9810978835978835, 0.9809688967986259, 0.9855291172848991, 0.9652217134151543, 0.9922631240189058, 0.9892026560757211, 0.9812118669748678, 0.985531154801988, 1.0, 0.9877478146872861, 0.9969372762452662, 0.9922651615359949, 0.995325807090513, 0.9969291420271812, 1.0, 0.9845752175714878, 0.9923089666234137, 0.986133658008658, 0.995325807090513, 1.0, 0.9969291420271812, 1.0, 1.0, 1.0, 1.0, 1.0, 0.9949360015366615, 0.995325807090513, 1.0, 1.0], "trainLoss": [1.0661002397537231, 1.0282381772994995, 1.0232547521591187, 1.0156397819519043, 1.0144364833831787, 0.996056854724884, 0.9887433052062988, 0.97236567735672, 0.9373594522476196, 0.8957515358924866, 0.8929551243782043, 0.8855761885643005, 0.8697123527526855, 0.8259196877479553, 0.834470272064209, 0.8039690852165222, 0.7943530678749084, 0.7842457294464111, 0.7360183596611023, 0.7346847057342529, 0.7332648038864136, 0.7268916368484497, 0.6856156587600708, 0.6835440397262573, 0.6707530617713928, 0.6443571448326111, 0.6381932497024536, 0.6001695394515991, 0.5791069865226746, 0.5509958267211914, 0.5328751802444458, 0.48717817664146423, 0.4751475155353546, 0.46148383617401123, 0.3894970715045929, 0.3667369782924652, 0.3995766043663025, 0.3476611077785492, 0.3199586272239685, 0.3132821321487427, 0.2792722284793854, 0.272489458322525, 0.24264854192733765, 0.2552802860736847, 0.23473218083381653, 0.19071856141090393, 0.1798688769340515, 0.1574750542640686, 0.15031155943870544, 0.14104284346103668, 0.11107362061738968, 0.13941529393196106, 0.10854815691709518, 0.0871625617146492, 0.09482739865779877, 0.07426580786705017, 0.06982412934303284, 0.054764896631240845, 0.08064323663711548, 0.04539242014288902, 0.04800271615386009, 0.04906913638114929, 0.04330335184931755, 0.029332123696804047, 0.04838591068983078, 0.02244322933256626, 0.032297562807798386, 0.02575019747018814, 0.022371964529156685, 0.009179444052278996, 0.03322513774037361, 0.019886303693056107, 0.03308919444680214, 0.013695535250008106, 0.01033737137913704, 0.015228384174406528, 0.011244312860071659, 0.011921127326786518, 0.007501673419028521, 0.009892863221466541, 0.012804649770259857, 0.010518715716898441, 0.010744500905275345, 0.004402421414852142, 0.004197209142148495], "testRumorAcc": [0.2857142857142857, 0.39285714285714285, 0.42857142857142855, 0.5, 0.4642857142857143, 0.4642857142857143, 0.5714285714285714, 0.5357142857142857, 0.5, 0.4642857142857143, 0.5357142857142857, 0.5, 0.5714285714285714, 0.5, 0.4642857142857143, 0.5, 0.4642857142857143], "testRumorF1": [0.14814814814814817, 0.3297022512708787, 0.38888888888888884, 0.4489428699955016, 0.4000000000000001, 0.43246753246753245, 0.5901960784313726, 0.5142857142857143, 0.4658008658008658, 0.4011544011544012, 0.522061191626409, 0.4735449735449735, 0.5734228473998296, 0.4671461261850278, 0.41228070175438597, 0.4735449735449735, 0.4283559577677225], "testLoss": [1.4103718996047974, 1.320229172706604, 1.1810320615768433, 1.2408506870269775, 1.323206901550293, 1.2213445901870728, 1.3076924085617065, 1.2134723663330078, 1.5752779245376587, 1.6728986501693726, 1.5338470935821533, 2.3250322341918945, 2.185330867767334, 2.529669761657715, 3.686455011367798, 3.495387077331543, 3.9189646244049072]}