{"epoch": 25, "macroF1Rumor": 0.6166666666666667, "accRumor": 0.6071428571428571, "loss": 0.914894163608551, "trainRumorAcc": [0.4485294117647059, 0.4522058823529412, 0.4852941176470588, 0.4963235294117647, 0.5183823529411765, 0.5441176470588235, 0.5367647058823529, 0.5441176470588235, 0.5845588235294118, 0.5919117647058824, 0.5992647058823529, 0.6286764705882353, 0.6507352941176471, 0.6764705882352942, 0.6801470588235294, 0.7095588235294118, 0.7058823529411765, 0.7169117647058824, 0.7316176470588235, 0.7757352941176471, 0.75, 0.7867647058823529, 0.8051470588235294, 0.8235294117647058, 0.8345588235294118, 0.8419117647058824, 0.875, 0.8897058823529411, 0.8970588235294118, 0.9227941176470589, 0.9154411764705882, 0.9411764705882353, 0.9595588235294118, 0.9779411764705882, 0.9742647058823529, 0.9779411764705882, 0.9816176470588235, 0.9816176470588235, 0.9963235294117647, 0.9889705882352942, 1.0, 0.9963235294117647, 0.9963235294117647, 1.0, 0.9963235294117647, 0.9963235294117647, 0.9963235294117647, 1.0, 0.9963235294117647, 1.0, 0.9963235294117647, 0.9963235294117647, 1.0, 1.0, 1.0, 0.9926470588235294, 0.9963235294117647, 0.9963235294117647, 1.0, 1.0, 1.0, 1.0, 1.0, 1.0, 1.0, 1.0, 0.9963235294117647, 1.0, 1.0, 1.0, 1.0, 1.0, 1.0, 1.0, 1.0], "trainRumorF1": [0.2371139213658899, 0.21355570671570975, 0.30596563929897264, 0.3262039278988431, 0.3680224403927069, 0.37060126644317676, 0.380561607358993, 0.38398647094299276, 0.42049495093158873, 0.42717267009719845, 0.4369923321379632, 0.4599771297884505, 0.4772388487558767, 0.5085993921956068, 0.522037102682264, 0.5455243359434976, 0.5544165480754965, 0.5728440092365784, 0.5844162215960862, 0.6521958437566423, 0.6449074074074074, 0.6944953925217083, 0.7362380890060513, 0.7597160136380218, 0.7718468748703909, 0.7848236331569666, 0.8314732242742714, 0.8571311891129382, 0.8699526594263437, 0.8995706673567839, 0.8903006387889195, 0.9262901674505809, 0.9477537489276302, 0.9743904247107743, 0.9663873164840503, 0.9708777787875831, 0.9754180469023254, 0.9776804998760183, 0.995325807090513, 0.9870843403150733, 1.0, 0.9949360015366615, 0.9949360015366615, 1.0, 0.995325807090513, 0.9969291420271812, 0.995325807090513, 1.0, 0.9953821469103432, 1.0, 0.9953821469103432, 0.995325807090513, 1.0, 1.0, 1.0, 0.9918170351606884, 0.9953821469103432, 0.9948877959349164, 1.0, 1.0, 1.0, 1.0, 1.0, 1.0, 1.0, 1.0, 0.9953821469103432, 1.0, 1.0, 1.0, 1.0, 1.0, 1.0, 1.0, 1.0], "trainLoss": [1.0555471181869507, 1.0255025625228882, 1.0144033432006836, 1.0111699104309082, 0.9932198524475098, 0.98419189453125, 0.9782722592353821, 0.9568654298782349, 0.9285939931869507, 0.9168370962142944, 0.8877973556518555, 0.8392212390899658, 0.8166295289993286, 0.7699086666107178, 0.7527709603309631, 0.7334039807319641, 0.7117530703544617, 0.674180269241333, 0.6312257647514343, 0.6170141100883484, 0.5915791988372803, 0.5565853118896484, 0.5288771390914917, 0.48810604214668274, 0.4524650275707245, 0.42876094579696655, 0.39828407764434814, 0.3505849540233612, 0.3182120621204376, 0.27983683347702026, 0.2590472400188446, 0.21529844403266907, 0.1724594086408615, 0.15329276025295258, 0.11300057917833328, 0.10042532533407211, 0.07926176488399506, 0.07908091694116592, 0.05156240239739418, 0.04836035147309303, 0.035918015986680984, 0.0327143520116806, 0.03309899568557739, 0.0224088616669178, 0.019541103392839432, 0.01651011034846306, 0.0136564364656806, 0.009428007528185844, 0.015963707119226456, 0.013662122189998627, 0.011231633834540844, 0.010194349102675915, 0.004862478468567133, 0.0031574463937431574, 0.0051897321827709675, 0.014611984603106976, 0.010457390919327736, 0.01134019810706377, 0.0025651250034570694, 0.004158718977123499, 0.0036332563031464815, 0.0032641759607940912, 0.0033863363787531853, 0.003975093364715576, 0.001224443898536265, 0.0009188327821902931, 0.009996205568313599, 0.003337608650326729, 0.0008664699271321297, 0.0022086692042648792, 0.002174983499571681, 0.0005977919208817184, 0.0005884447018615901, 0.0009015949326567352, 0.0014729377580806613], "testRumorAcc": [0.2857142857142857, 0.42857142857142855, 0.5, 0.5, 0.6071428571428571, 0.6071428571428571, 0.5357142857142857, 0.5357142857142857, 0.5357142857142857, 0.5357142857142857, 0.5357142857142857, 0.5, 0.4642857142857143, 0.4642857142857143, 0.4642857142857143], "testRumorF1": [0.14814814814814817, 0.3621052631578947, 0.45248868778280543, 0.44980056980056976, 0.6166666666666667, 0.6131907308377897, 0.5415601023017903, 0.5491759702286018, 0.5491759702286018, 0.5491759702286018, 0.5499999999999999, 0.5139933166248957, 0.47335890878090364, 0.47335890878090364, 0.47335890878090364], "testLoss": [1.5757464170455933, 1.2884918451309204, 1.0628736019134521, 0.9234903454780579, 0.914894163608551, 1.1955757141113281, 1.5144752264022827, 1.7128407955169678, 2.111510753631592, 2.1527278423309326, 2.885974407196045, 3.342846393585205, 4.236055374145508, 4.759340286254883, 4.469942569732666]}