{"epoch": 40, "macroF1Rumor": 0.7575851393188855, "accRumor": 0.75, "loss": 1.0552109479904175, "trainRumorAcc": [0.41544117647058826, 0.47058823529411764, 0.47058823529411764, 0.5147058823529411, 0.5367647058823529, 0.5147058823529411, 0.5367647058823529, 0.5919117647058824, 0.625, 0.6139705882352942, 0.6433823529411765, 0.6470588235294118, 0.6544117647058824, 0.6617647058823529, 0.6617647058823529, 0.6948529411764706, 0.7095588235294118, 0.6801470588235294, 0.7279411764705882, 0.7426470588235294, 0.7647058823529411, 0.7867647058823529, 0.8125, 0.8125, 0.8161764705882353, 0.8382352941176471, 0.8566176470588235, 0.8639705882352942, 0.8823529411764706, 0.8970588235294118, 0.9117647058823529, 0.8933823529411765, 0.9227941176470589, 0.9522058823529411, 0.9522058823529411, 0.9485294117647058, 0.9558823529411765, 0.9742647058823529, 0.9669117647058824, 0.9816176470588235, 0.9779411764705882, 0.9816176470588235, 0.9742647058823529, 0.9852941176470589, 0.9963235294117647, 0.9963235294117647, 0.9889705882352942, 0.9963235294117647, 0.9926470588235294, 1.0, 0.9963235294117647, 0.9963235294117647, 1.0, 0.9926470588235294, 1.0, 1.0, 1.0, 1.0, 1.0, 1.0, 1.0, 1.0, 1.0, 1.0, 1.0, 1.0, 0.9926470588235294, 1.0, 1.0, 1.0, 1.0, 1.0, 1.0, 1.0, 1.0, 1.0, 1.0, 1.0, 1.0, 1.0, 1.0, 0.9926470588235294, 1.0, 1.0, 1.0, 1.0, 0.9963235294117647, 1.0, 1.0, 1.0], "trainRumorF1": [0.2808658008658008, 0.25692533264334827, 0.27713144133027795, 0.338784746850407, 0.3675789612357145, 0.35074268023581334, 0.3796932129624544, 0.4263499739249988, 0.45611318195187245, 0.44349376114082, 0.46941393660627684, 0.4706137000254647, 0.4781966001478197, 0.49620941444501665, 0.4960703880237443, 0.5441463460108359, 0.5577773859205705, 0.544376565893696, 0.6233020685264562, 0.6190074751285676, 0.6792182890174123, 0.7224095539164033, 0.7589291419078652, 0.7608262247932803, 0.765803440014611, 0.795807407414622, 0.8118635550387187, 0.8258820817495306, 0.8505918055210583, 0.8693099477894904, 0.8838793844676543, 0.8713631518962576, 0.9041550538833149, 0.9407887396165231, 0.9388305457656814, 0.9369531231366018, 0.9444444444444445, 0.968696309239228, 0.9598911809438126, 0.9793996512746513, 0.9731337995681071, 0.9793996512746513, 0.9715645139634801, 0.9829044453688885, 0.9949360015366615, 0.9969291420271812, 0.9871998894874983, 0.995325807090513, 0.9898245614035087, 1.0, 0.9949360015366615, 0.9953821469103432, 1.0, 0.9918432513541209, 1.0, 1.0, 1.0, 1.0, 1.0, 1.0, 1.0, 1.0, 1.0, 1.0, 1.0, 1.0, 0.9901448886710007, 1.0, 1.0, 1.0, 1.0, 1.0, 1.0, 1.0, 1.0, 1.0, 1.0, 1.0, 1.0, 1.0, 1.0, 0.993866556154165, 1.0, 1.0, 1.0, 1.0, 0.9969372762452662, 1.0, 1.0, 1.0], "trainLoss": [1.0525418519973755, 1.0253818035125732, 1.0165385007858276, 1.0065938234329224, 0.9962407350540161, 0.9852443933486938, 0.9719159603118896, 0.9433920383453369, 0.9020475149154663, 0.8496622443199158, 0.8256261348724365, 0.8152309060096741, 0.7914195656776428, 0.7710850238800049, 0.7367110252380371, 0.7274629473686218, 0.7070726156234741, 0.6874757409095764, 0.651984453201294, 0.6258805990219116, 0.5959627032279968, 0.5762088894844055, 0.5181711316108704, 0.50119948387146, 0.48563486337661743, 0.4357513189315796, 0.3955121338367462, 0.37629809975624084, 0.3530600070953369, 0.32419508695602417, 0.27295365929603577, 0.2744358479976654, 0.24738235771656036, 0.19476477801799774, 0.16696935892105103, 0.16355161368846893, 0.127953439950943, 0.11815351992845535, 0.1090296283364296, 0.08286771178245544, 0.0734155923128128, 0.07402092963457108, 0.07092409580945969, 0.052232712507247925, 0.035462792962789536, 0.03705175966024399, 0.034990694373846054, 0.022128893062472343, 0.024685734882950783, 0.022148555144667625, 0.015140070579946041, 0.01930527202785015, 0.009462696500122547, 0.022894935682415962, 0.008790384978055954, 0.0053745112381875515, 0.006412484683096409, 0.009561070241034031, 0.002571296179667115, 0.007977097295224667, 0.009773481637239456, 0.002674978459253907, 0.0029903948307037354, 0.0009710171725600958, 0.001005735364742577, 0.007458110805600882, 0.017412977293133736, 0.0036933044902980328, 0.003879339899867773, 0.004058444872498512, 0.0011447856668382883, 0.0014020462986081839, 0.0007080173236317933, 0.001651977887377143, 0.0008209167863242328, 0.0019142910605296493, 0.0003014087851624936, 0.0010349462972953916, 0.0008791736327111721, 0.000448500708444044, 0.00046440467122010887, 0.0423412062227726, 0.001224468694999814, 0.0019342704908922315, 0.0025242383126169443, 0.0007542379898950458, 0.010752432979643345, 0.0007154536433517933, 0.00016443188360426575, 0.0008954328368417919], "testRumorAcc": [0.2857142857142857, 0.4642857142857143, 0.5, 0.5714285714285714, 0.75, 0.7142857142857143, 0.7142857142857143, 0.75, 0.75, 0.7142857142857143, 0.6785714285714286, 0.5714285714285714, 0.6428571428571429, 0.6428571428571429, 0.5714285714285714, 0.6428571428571429, 0.6785714285714286, 0.6071428571428571], "testRumorF1": [0.14814814814814817, 0.40613026819923376, 0.46398046398046394, 0.5689594356261023, 0.7430033416875522, 0.7101135190918474, 0.7124871001031993, 0.7575851393188855, 0.7518518518518519, 0.7145969498910675, 0.6749999999999999, 0.541839447102605, 0.6330532212885154, 0.6381836945304437, 0.559098228663446, 0.6375644994840042, 0.674074074074074, 0.5894945697577277], "testLoss": [1.3568874597549438, 1.2900536060333252, 1.0491440296173096, 0.8126041293144226, 0.6806256771087646, 0.7460256814956665, 0.906360387802124, 1.0552109479904175, 1.1820999383926392, 1.1699360609054565, 1.647148847579956, 2.6469979286193848, 2.362267255783081, 2.3754687309265137, 2.7861838340759277, 2.810088872909546, 2.7040560245513916, 2.9901154041290283]}