{"epoch": 40, "macroF1Rumor": 0.6666666666666666, "accRumor": 0.6428571428571429, "loss": 0.8273692727088928, "trainRumorAcc": [0.4485294117647059, 0.46691176470588236, 0.4742647058823529, 0.4963235294117647, 0.5036764705882353, 0.5404411764705882, 0.5514705882352942, 0.5661764705882353, 0.5992647058823529, 0.6323529411764706, 0.6323529411764706, 0.6286764705882353, 0.6617647058823529, 0.6801470588235294, 0.6911764705882353, 0.7022058823529411, 0.7205882352941176, 0.7463235294117647, 0.7316176470588235, 0.7904411764705882, 0.7867647058823529, 0.7867647058823529, 0.8198529411764706, 0.8345588235294118, 0.8235294117647058, 0.8529411764705882, 0.8455882352941176, 0.8823529411764706, 0.9154411764705882, 0.9044117647058824, 0.9080882352941176, 0.9375, 0.9338235294117647, 0.9301470588235294, 0.9485294117647058, 0.9558823529411765, 0.9779411764705882, 0.9779411764705882, 0.9816176470588235, 0.9816176470588235, 0.9852941176470589, 0.9889705882352942, 0.9963235294117647, 0.9963235294117647, 0.9926470588235294, 0.9926470588235294, 1.0, 0.9963235294117647, 0.9963235294117647, 1.0, 0.9963235294117647, 0.9926470588235294, 0.9926470588235294, 0.9926470588235294, 0.9852941176470589, 1.0, 0.9963235294117647, 1.0, 0.9963235294117647, 1.0, 1.0, 1.0, 0.9816176470588235, 0.9889705882352942, 0.9963235294117647, 1.0, 0.9926470588235294, 1.0, 1.0, 1.0, 1.0, 1.0, 0.9926470588235294, 1.0, 1.0, 1.0, 1.0, 1.0, 1.0, 1.0, 1.0, 1.0, 1.0, 1.0, 1.0, 1.0, 1.0, 1.0, 1.0, 1.0], "trainRumorF1": [0.23409076782368557, 0.21219715956558063, 0.2270118673556831, 0.3104550623270184, 0.332563170125704, 0.36011080332409967, 0.3788217747949292, 0.3980933596318211, 0.432461553531198, 0.4620735658471507, 0.4588560157790928, 0.46105213493748537, 0.4859356088114259, 0.5091991915521328, 0.5178058048548787, 0.5493261775779607, 0.5737808008916069, 0.6423365502687005, 0.6252890101432719, 0.7192154947642583, 0.72129483419806, 0.7360579087374668, 0.7530438143055321, 0.7837448908142114, 0.7675215353866127, 0.7975262137633271, 0.7939468839712149, 0.8513521454686112, 0.8878451205418951, 0.8837037217187028, 0.886193772791711, 0.9155023524507175, 0.9175076487411831, 0.9095129290100724, 0.9341461762514394, 0.9463312342139396, 0.9732601687177272, 0.9748397136632431, 0.979696865413564, 0.9774540927482104, 0.9824686493417144, 0.9857106695546444, 0.9948877959349164, 0.9969372762452662, 0.9922631240189058, 0.9901448886710007, 1.0, 0.995325807090513, 0.995325807090513, 1.0, 0.9953821469103432, 0.990593112244898, 0.9918170351606884, 0.9898245614035087, 0.9820387158887386, 1.0, 0.995325807090513, 1.0, 0.9949360015366615, 1.0, 1.0, 1.0, 0.9779085509048211, 0.9861464407310296, 0.9969291420271812, 1.0, 0.993866556154165, 1.0, 1.0, 1.0, 1.0, 1.0, 0.9898245614035087, 1.0, 1.0, 1.0, 1.0, 1.0, 1.0, 1.0, 1.0, 1.0, 1.0, 1.0, 1.0, 1.0, 1.0, 1.0, 1.0, 1.0], "trainLoss": [1.057350516319275, 1.032252311706543, 1.025089979171753, 1.01153564453125, 1.0112404823303223, 0.99574875831604, 0.986217737197876, 0.9564589262008667, 0.9208158850669861, 0.8446686863899231, 0.8120113611221313, 0.7928251624107361, 0.7705503702163696, 0.7610986232757568, 0.731734037399292, 0.7184083461761475, 0.6885060667991638, 0.6443825364112854, 0.6590508818626404, 0.6026250123977661, 0.5774032473564148, 0.5246003270149231, 0.4851522445678711, 0.4783390164375305, 0.44960156083106995, 0.3908342123031616, 0.36796459555625916, 0.34416428208351135, 0.2889873683452606, 0.28883254528045654, 0.25641077756881714, 0.21359917521476746, 0.19984106719493866, 0.17683574557304382, 0.16573962569236755, 0.1423533409833908, 0.11395569890737534, 0.0987904742360115, 0.08955918997526169, 0.09031123667955399, 0.07669242471456528, 0.06030670180916786, 0.044418830424547195, 0.0416891947388649, 0.03723542019724846, 0.03236820548772812, 0.02566027082502842, 0.024990538135170937, 0.025778930634260178, 0.019049815833568573, 0.017080409452319145, 0.024236412718892097, 0.029302526265382767, 0.021563781425356865, 0.03656473010778427, 0.014811702072620392, 0.009140205569565296, 0.006325405091047287, 0.008874604478478432, 0.010332785546779633, 0.0054366146214306355, 0.004396326839923859, 0.016363544389605522, 0.018925219774246216, 0.009097016416490078, 0.0048525952734053135, 0.01884213276207447, 0.002787899225950241, 0.003939938265830278, 0.0022995551116764545, 0.002172463107854128, 0.0016831235261633992, 0.016324812546372414, 0.0024172982666641474, 0.004434819798916578, 0.0017676877323538065, 0.004919387400150299, 0.0010405079228803515, 0.001265921164304018, 0.004368609748780727, 0.003848431399092078, 0.0017257834551855922, 0.0006928915390744805, 0.0009195495513267815, 0.0015506278723478317, 0.0013556156773120165, 0.0019139321520924568, 0.0032308606896549463, 0.0007873677532188594, 0.00022441663895733654], "testRumorAcc": [0.32142857142857145, 0.4642857142857143, 0.4642857142857143, 0.5714285714285714, 0.5714285714285714, 0.5714285714285714, 0.6071428571428571, 0.6428571428571429, 0.6071428571428571, 0.5714285714285714, 0.6071428571428571, 0.5714285714285714, 0.5357142857142857, 0.6071428571428571, 0.5714285714285714, 0.6428571428571429, 0.5357142857142857, 0.5357142857142857], "testRumorF1": [0.22222222222222224, 0.3887719298245614, 0.3887719298245614, 0.5396825396825397, 0.5466241360978202, 0.5607416879795396, 0.6283068783068783, 0.6666666666666666, 0.5965944272445821, 0.5650623885918004, 0.5830812324929971, 0.5900280112044819, 0.5485347985347985, 0.5880837359098229, 0.5383597883597884, 0.637410519763461, 0.508795518207283, 0.5013227513227513], "testLoss": [1.3678516149520874, 1.277270793914795, 1.2798372507095337, 1.1516399383544922, 1.0673861503601074, 1.2228416204452515, 1.0222692489624023, 0.8273692727088928, 1.0942696332931519, 1.3590924739837646, 2.2336363792419434, 2.1108157634735107, 3.1375625133514404, 2.2641046047210693, 3.043921709060669, 1.6264126300811768, 3.796945810317993, 3.5432543754577637]}