{"epoch": 35, "macroF1Rumor": 0.6325281803542673, "accRumor": 0.6428571428571429, "loss": 1.0247007608413696, "trainRumorAcc": [0.46691176470588236, 0.47058823529411764, 0.45588235294117646, 0.4852941176470588, 0.5036764705882353, 0.5404411764705882, 0.5257352941176471, 0.5257352941176471, 0.5220588235294118, 0.5404411764705882, 0.5625, 0.5661764705882353, 0.5919117647058824, 0.6102941176470589, 0.625, 0.6360294117647058, 0.6691176470588235, 0.6507352941176471, 0.6323529411764706, 0.6507352941176471, 0.6580882352941176, 0.6691176470588235, 0.6911764705882353, 0.7022058823529411, 0.7058823529411765, 0.7463235294117647, 0.7426470588235294, 0.7536764705882353, 0.7941176470588235, 0.8088235294117647, 0.8125, 0.7904411764705882, 0.8529411764705882, 0.8455882352941176, 0.8786764705882353, 0.8455882352941176, 0.8676470588235294, 0.8933823529411765, 0.8897058823529411, 0.9227941176470589, 0.9264705882352942, 0.9227941176470589, 0.8970588235294118, 0.9301470588235294, 0.9448529411764706, 0.9522058823529411, 0.9632352941176471, 0.9522058823529411, 0.9742647058823529, 0.9669117647058824, 0.9669117647058824, 0.9779411764705882, 0.9705882352941176, 0.9816176470588235, 1.0, 0.9742647058823529, 0.9926470588235294, 0.9779411764705882, 1.0, 0.9816176470588235, 0.9852941176470589, 0.9779411764705882, 0.9963235294117647, 0.9889705882352942, 0.9889705882352942, 0.9852941176470589, 0.9852941176470589, 0.9889705882352942, 1.0, 0.9963235294117647, 1.0, 0.9889705882352942, 0.9926470588235294, 0.9889705882352942, 1.0, 1.0, 1.0, 0.9926470588235294, 1.0, 1.0, 1.0, 0.9963235294117647, 1.0, 0.9963235294117647, 1.0], "trainRumorF1": [0.21219715956558063, 0.2257266542980829, 0.32721357721357724, 0.26799078871617726, 0.33203833203833205, 0.36680169943681457, 0.3712873697536274, 0.36831537257069175, 0.37211740041928715, 0.3863882991271527, 0.4074251426206734, 0.4074232894987612, 0.4287567822599671, 0.4450765656852984, 0.45787545787545786, 0.46581196581196577, 0.4908778746131042, 0.478096999004409, 0.4626416346655288, 0.479312762973352, 0.48174750968047064, 0.492094556927493, 0.5104430847447607, 0.5289268177046293, 0.5522342014145293, 0.6202984480610374, 0.6172207511652428, 0.6167286904129009, 0.7133043828930149, 0.7198728450832471, 0.7451059493483254, 0.7197989587157073, 0.8028114478114478, 0.7946709869611329, 0.8482247951390652, 0.7994616170054768, 0.8332894593026031, 0.8607181336321946, 0.8620580808080809, 0.9059408008023023, 0.9046824431655329, 0.9050645235990064, 0.8748872854476302, 0.9084481947385173, 0.9351328875065228, 0.9415346401718582, 0.9586488542785535, 0.940017940165757, 0.9682937994594177, 0.9579706554537825, 0.9634475672641084, 0.972225870677883, 0.9610664456416632, 0.9753047091547318, 1.0, 0.9687170987480584, 0.9918463811337329, 0.9733022630009763, 1.0, 0.9774784954024653, 0.9845789007092197, 0.9726800372387213, 0.9948877959349164, 0.9852457210677263, 0.985977421271539, 0.9809688967986259, 0.9821833326939743, 0.9875305095860334, 1.0, 0.9969291420271812, 1.0, 0.9908118287357986, 0.9902706095785995, 0.9876355634652926, 1.0, 1.0, 1.0, 0.9907086614173228, 1.0, 1.0, 1.0, 0.9949360015366615, 1.0, 0.9949360015366615, 1.0], "trainLoss": [1.0526509284973145, 1.0318949222564697, 1.021567463874817, 1.0221110582351685, 1.004262924194336, 1.0032029151916504, 0.9904682040214539, 0.9766646027565002, 0.9731194972991943, 0.9511100649833679, 0.9383977055549622, 0.9263806939125061, 0.9077298641204834, 0.882063090801239, 0.848463237285614, 0.8298048973083496, 0.8088849186897278, 0.791469156742096, 0.7646325826644897, 0.785054624080658, 0.7423838973045349, 0.7505723834037781, 0.7116003036499023, 0.6856288313865662, 0.7090972065925598, 0.6559580564498901, 0.6448252201080322, 0.6053310632705688, 0.547819197177887, 0.5309473872184753, 0.5215023756027222, 0.46514949202537537, 0.46705150604248047, 0.41833338141441345, 0.36076799035072327, 0.36527925729751587, 0.3278258144855499, 0.30132266879081726, 0.3126787841320038, 0.23955751955509186, 0.24187587201595306, 0.228586807847023, 0.24336808919906616, 0.19561626017093658, 0.18013307452201843, 0.15672191977500916, 0.12278334051370621, 0.1370106041431427, 0.10132215917110443, 0.10599907487630844, 0.11724025756120682, 0.09738052636384964, 0.08084835112094879, 0.08219441026449203, 0.048839762806892395, 0.0661640614271164, 0.03838047757744789, 0.06156839430332184, 0.03638751059770584, 0.04777782782912254, 0.04683469608426094, 0.047685034573078156, 0.027462463825941086, 0.03320892155170441, 0.04145553708076477, 0.035108089447021484, 0.030159343034029007, 0.05503104627132416, 0.01715867966413498, 0.016007788479328156, 0.019086413085460663, 0.03331882134079933, 0.029238658025860786, 0.039212435483932495, 0.01562768965959549, 0.0030272086150944233, 0.012602979317307472, 0.013950849883258343, 0.01070720236748457, 0.008313813246786594, 0.01064146775752306, 0.016202019527554512, 0.010171717032790184, 0.007073122542351484, 0.00813186913728714], "testRumorAcc": [0.2857142857142857, 0.35714285714285715, 0.4642857142857143, 0.4642857142857143, 0.5, 0.5714285714285714, 0.6428571428571429, 0.6071428571428571, 0.5357142857142857, 0.5714285714285714, 0.5, 0.6071428571428571, 0.4642857142857143, 0.5, 0.5357142857142857, 0.5, 0.5], "testRumorF1": [0.14814814814814817, 0.2984126984126984, 0.3988095238095239, 0.3933747412008281, 0.42424242424242425, 0.5208472686733555, 0.6325281803542673, 0.6022875816993465, 0.5255555555555556, 0.546031746031746, 0.5117647058823529, 0.5880837359098229, 0.46833333333333327, 0.49059829059829063, 0.5133986928104576, 0.49008951406649626, 0.46117647058823535], "testLoss": [1.2141542434692383, 1.390388011932373, 1.267434000968933, 1.167554497718811, 1.158735752105713, 1.066925048828125, 1.0247007608413696, 1.0999433994293213, 1.7255048751831055, 1.4989677667617798, 2.1997857093811035, 2.610548973083496, 2.9490303993225098, 3.8092939853668213, 3.6505234241485596, 3.0510828495025635, 4.74419641494751]}