{"epoch": 65, "macroF1Rumor": 0.7241830065359477, "accRumor": 0.7142857142857143, "loss": 0.9731118679046631, "trainRumorAcc": [0.4632352941176471, 0.46691176470588236, 0.4742647058823529, 0.47794117647058826, 0.4742647058823529, 0.5257352941176471, 0.5257352941176471, 0.5110294117647058, 0.4963235294117647, 0.5808823529411765, 0.5551470588235294, 0.5551470588235294, 0.5661764705882353, 0.5661764705882353, 0.6102941176470589, 0.5992647058823529, 0.6323529411764706, 0.6139705882352942, 0.6470588235294118, 0.6397058823529411, 0.6654411764705882, 0.6801470588235294, 0.6764705882352942, 0.6985294117647058, 0.7242647058823529, 0.7279411764705882, 0.7389705882352942, 0.7389705882352942, 0.75, 0.7757352941176471, 0.7794117647058824, 0.7867647058823529, 0.8198529411764706, 0.8308823529411765, 0.8455882352941176, 0.875, 0.8676470588235294, 0.8933823529411765, 0.8860294117647058, 0.9117647058823529, 0.9227941176470589, 0.9338235294117647, 0.9191176470588235, 0.9191176470588235, 0.9742647058823529, 0.9522058823529411, 0.9669117647058824, 0.9558823529411765, 0.9705882352941176, 0.9595588235294118, 0.9669117647058824, 0.9742647058823529, 0.9705882352941176, 0.9632352941176471, 0.9742647058823529, 0.9889705882352942, 0.9852941176470589, 0.9889705882352942, 0.9926470588235294, 0.9889705882352942, 0.9816176470588235, 0.9963235294117647, 0.9926470588235294, 0.9889705882352942, 0.9963235294117647, 1.0, 0.9889705882352942, 1.0, 0.9963235294117647, 1.0, 1.0, 0.9963235294117647, 0.9889705882352942, 0.9963235294117647, 0.9963235294117647, 1.0, 0.9963235294117647, 1.0, 1.0, 0.9926470588235294, 0.9889705882352942, 1.0, 1.0, 0.9926470588235294, 1.0, 1.0, 0.9963235294117647, 0.9963235294117647, 0.9963235294117647, 1.0, 0.9926470588235294, 0.9963235294117647, 0.9889705882352942, 1.0, 1.0, 1.0, 1.0, 0.9963235294117647, 1.0, 0.9926470588235294, 1.0, 1.0, 0.9963235294117647, 0.9963235294117647, 0.9963235294117647, 1.0, 1.0, 1.0, 1.0, 1.0, 1.0, 1.0, 1.0, 1.0, 1.0], "trainRumorF1": [0.24642792548381262, 0.21219715956558063, 0.2270118673556831, 0.2553653634182714, 0.25377735918922617, 0.3359421860885275, 0.34215137276777735, 0.3561818795861349, 0.3516419851615382, 0.41919191919191917, 0.39749145360874377, 0.3971092263458964, 0.4084249084249085, 0.41297000786095855, 0.44392165249781684, 0.4384611884611884, 0.4626416346655288, 0.44897148200093495, 0.47660864748243387, 0.48069702854517743, 0.48901098901098905, 0.5002594951639537, 0.5189792483521856, 0.5364288533168989, 0.5758258140720214, 0.5983164432821183, 0.5973299127508672, 0.5880808826545261, 0.6049338033979672, 0.6711051769199673, 0.6803539019963702, 0.7087391588550839, 0.7367017040930084, 0.7574374079528718, 0.796167241413932, 0.8281199735074273, 0.8228015301481233, 0.8527114442128877, 0.8576809923792682, 0.8854988829719023, 0.8976565403195838, 0.9151475554984327, 0.8983686983686985, 0.8979511717291069, 0.9715760976306532, 0.9460236569402781, 0.9601725337974973, 0.944037640963121, 0.9658064693202378, 0.9498204971889184, 0.9605409089369772, 0.9738584167181658, 0.9667230981739774, 0.9553646643842723, 0.9737276732888952, 0.9855291172848991, 0.9798517661864047, 0.985977421271539, 0.9922631240189058, 0.9857106695546444, 0.9815063803299098, 0.995325807090513, 0.990593112244898, 0.9872156084656085, 0.995325807090513, 1.0, 0.9855291172848991, 1.0, 0.9949360015366615, 1.0, 1.0, 0.9949360015366615, 0.9850830284266817, 0.9969372762452662, 0.9969291420271812, 1.0, 0.9969372762452662, 1.0, 1.0, 0.9922631240189058, 0.9871998894874983, 1.0, 1.0, 0.990382860800593, 1.0, 1.0, 0.9949360015366615, 0.9969291420271812, 0.9969291420271812, 1.0, 0.992311329620651, 0.9969372762452662, 0.9908118287357986, 1.0, 1.0, 1.0, 1.0, 0.9969291420271812, 1.0, 0.993866556154165, 1.0, 1.0, 0.995325807090513, 0.9949360015366615, 0.9948877959349164, 1.0, 1.0, 1.0, 1.0, 1.0, 1.0, 1.0, 1.0, 1.0, 1.0], "trainLoss": [1.0646042823791504, 1.0325080156326294, 1.0199819803237915, 1.0194443464279175, 1.013944149017334, 1.006888508796692, 0.996317446231842, 0.9900637269020081, 0.9795125126838684, 0.963118851184845, 0.952596127986908, 0.9461498260498047, 0.9275735020637512, 0.9119035005569458, 0.8805495500564575, 0.8810084462165833, 0.8472877144813538, 0.8349987864494324, 0.7937374114990234, 0.7809888124465942, 0.7601000666618347, 0.7213301658630371, 0.7277878522872925, 0.6739408373832703, 0.6651722192764282, 0.647800862789154, 0.6416427493095398, 0.6000803112983704, 0.5943471789360046, 0.5342163443565369, 0.5332801938056946, 0.5348867774009705, 0.49672064185142517, 0.4528867304325104, 0.45658329129219055, 0.3907073438167572, 0.35427212715148926, 0.32719093561172485, 0.31209689378738403, 0.28823089599609375, 0.25707074999809265, 0.23224422335624695, 0.22086773812770844, 0.21754921972751617, 0.1527634561061859, 0.17148426175117493, 0.14818814396858215, 0.15194088220596313, 0.12383463978767395, 0.10321049392223358, 0.09417975693941116, 0.10098589211702347, 0.0848630964756012, 0.09811338037252426, 0.07702309638261795, 0.07065880298614502, 0.04854656755924225, 0.044633038341999054, 0.05803773179650307, 0.04775165021419525, 0.05926884710788727, 0.03881367668509483, 0.03283000737428665, 0.061832331120967865, 0.024185024201869965, 0.020183295011520386, 0.03235851228237152, 0.0225649643689394, 0.0174883846193552, 0.01737610623240471, 0.020169176161289215, 0.0237641092389822, 0.03252071514725685, 0.027387607842683792, 0.015987010672688484, 0.011055616661906242, 0.01423280593007803, 0.006606885697692633, 0.008672395721077919, 0.015967957675457, 0.03262964263558388, 0.005098033230751753, 0.008427911438047886, 0.017557848244905472, 0.007787120528519154, 0.007277570199221373, 0.009506846778094769, 0.013793768361210823, 0.017310939729213715, 0.008082186803221703, 0.013463192619383335, 0.010291547514498234, 0.022941967472434044, 0.006291687022894621, 0.0035603384021669626, 0.002611766802147031, 0.004634452518075705, 0.014077124185860157, 0.00612699193879962, 0.020188352093100548, 0.005022501572966576, 0.0035860680509358644, 0.008557475171983242, 0.009447951801121235, 0.0064463564194738865, 0.0010860637994483113, 0.002527880482375622, 0.003401105524972081, 0.004131299443542957, 0.003729205345734954, 0.002740226686000824, 0.001645409967750311, 0.0009572476265020669, 0.0013338313437998295, 0.0007287052576430142], "testRumorAcc": [0.39285714285714285, 0.35714285714285715, 0.32142857142857145, 0.4642857142857143, 0.5, 0.4642857142857143, 0.5, 0.5, 0.5714285714285714, 0.6428571428571429, 0.5714285714285714, 0.6785714285714286, 0.7142857142857143, 0.5714285714285714, 0.5, 0.6428571428571429, 0.7142857142857143, 0.5714285714285714, 0.5714285714285714, 0.5714285714285714, 0.5357142857142857, 0.5, 0.4642857142857143], "testRumorF1": [0.32701754385964915, 0.304383788254756, 0.271264367816092, 0.4208472686733556, 0.4489428699955016, 0.4000000000000001, 0.45243645243645253, 0.46957983193277314, 0.5808270676691729, 0.644880174291939, 0.557843137254902, 0.6827094474153298, 0.7241830065359477, 0.5208472686733555, 0.5009157509157509, 0.641624040920716, 0.721132897603486, 0.5672222222222222, 0.5672222222222222, 0.5672222222222222, 0.4673684210526316, 0.43874643874643876, 0.4294871794871795], "testLoss": [1.444214105606079, 1.343213677406311, 1.4960081577301025, 1.266027808189392, 1.0815104246139526, 1.3663774728775024, 1.014569878578186, 1.135725736618042, 0.862119197845459, 0.9469853639602661, 1.4065423011779785, 1.2381908893585205, 0.9731118679046631, 1.945279598236084, 2.625115394592285, 1.783500075340271, 1.6491483449935913, 2.1622462272644043, 2.5726475715637207, 2.869757890701294, 2.771373987197876, 3.8731236457824707, 3.2060978412628174]}