{"epoch": 95, "macroF1Rumor": 0.6558307533539732, "accRumor": 0.6428571428571429, "loss": 1.8260375261306763, "trainRumorAcc": [0.46691176470588236, 0.47058823529411764, 0.5, 0.5147058823529411, 0.5477941176470589, 0.5477941176470589, 0.5625, 0.5992647058823529, 0.6213235294117647, 0.6323529411764706, 0.6176470588235294, 0.6360294117647058, 0.6617647058823529, 0.6764705882352942, 0.6985294117647058, 0.6875, 0.7169117647058824, 0.7389705882352942, 0.7389705882352942, 0.7352941176470589, 0.7279411764705882, 0.7720588235294118, 0.7720588235294118, 0.8088235294117647, 0.7867647058823529, 0.8272058823529411, 0.8161764705882353, 0.8382352941176471, 0.8639705882352942, 0.8419117647058824, 0.8933823529411765, 0.8860294117647058, 0.8602941176470589, 0.9080882352941176, 0.9044117647058824, 0.9154411764705882, 0.9117647058823529, 0.9264705882352942, 0.9264705882352942, 0.9411764705882353, 0.9522058823529411, 0.9485294117647058, 0.9632352941176471, 0.9595588235294118, 0.9742647058823529, 0.9816176470588235, 0.9669117647058824, 0.9595588235294118, 0.9816176470588235, 0.9742647058823529, 0.9779411764705882, 0.9632352941176471, 0.9816176470588235, 0.9816176470588235, 0.9632352941176471, 0.9926470588235294, 0.9852941176470589, 0.9926470588235294, 0.9852941176470589, 0.9889705882352942, 0.9926470588235294, 0.9889705882352942, 0.9963235294117647, 0.9779411764705882, 0.9963235294117647, 0.9926470588235294, 0.9852941176470589, 0.9963235294117647, 0.9963235294117647, 0.9963235294117647, 0.9963235294117647, 0.9926470588235294, 0.9889705882352942, 0.9963235294117647, 1.0, 0.9926470588235294, 0.9963235294117647, 1.0, 0.9963235294117647, 0.9852941176470589, 0.9926470588235294, 0.9889705882352942, 0.9926470588235294, 0.9963235294117647, 1.0, 1.0, 1.0, 1.0, 0.9926470588235294, 0.9926470588235294, 0.9963235294117647, 1.0, 0.9963235294117647, 1.0, 0.9963235294117647, 1.0, 0.9963235294117647, 0.9963235294117647, 0.9889705882352942, 0.9926470588235294, 0.9963235294117647, 1.0, 1.0, 1.0, 1.0, 0.9963235294117647, 0.9963235294117647, 0.9963235294117647, 0.9963235294117647, 1.0, 1.0, 1.0, 1.0, 1.0, 1.0, 1.0, 1.0, 0.9963235294117647, 0.9963235294117647, 1.0, 1.0, 1.0, 1.0, 1.0, 1.0, 1.0, 1.0, 1.0, 0.9963235294117647, 0.9963235294117647, 0.9963235294117647, 0.9963235294117647, 1.0, 1.0, 1.0, 1.0, 1.0, 0.9963235294117647, 1.0, 1.0, 1.0, 1.0, 1.0, 1.0, 1.0], "trainRumorF1": [0.21219715956558063, 0.27709968032548676, 0.29575924438835993, 0.30340523290914934, 0.37731083684840905, 0.3786753356391792, 0.39566047364342555, 0.42849446566754823, 0.4536289512792706, 0.46050072418787497, 0.4605092983118357, 0.47592876717043914, 0.5066507307548741, 0.5203564086861475, 0.5922363835407313, 0.5628105021242779, 0.6463023615718062, 0.664668824519055, 0.6663093646103576, 0.6656705462933836, 0.6668660523291673, 0.7039372678210888, 0.7156109816542312, 0.7413950048358652, 0.7305200472460259, 0.7933946760174712, 0.7622780318901525, 0.7940627340652918, 0.8323422191843245, 0.8116414362074802, 0.8704187823297103, 0.8683922140042976, 0.840418632553464, 0.8892727028880696, 0.8840784448847159, 0.9050855050855051, 0.8932383095773943, 0.9139522810449945, 0.9177642435682825, 0.9278147835423377, 0.9457688195407293, 0.943516661224363, 0.9572543215715088, 0.9555730059713755, 0.9681730469965765, 0.9798542702567471, 0.9612530209452202, 0.9576055546058039, 0.9789598774118898, 0.9682937994594177, 0.974618468226028, 0.9579349346816306, 0.9768254414626742, 0.9826319839833002, 0.9608906089884351, 0.9922651615359949, 0.984145162069132, 0.9901448886710007, 0.9798359059936032, 0.988783992759981, 0.9918170351606884, 0.9857106695546444, 0.9949360015366615, 0.9800073120672897, 0.9953821469103432, 0.9918733749805186, 0.9829044453688885, 0.9953821469103432, 0.9949360015366615, 0.9948877959349164, 0.9969291420271812, 0.9923089666234137, 0.985977421271539, 0.9969372762452662, 1.0, 0.990382860800593, 0.9949360015366615, 1.0, 0.9969372762452662, 0.9814173228346457, 0.992311329620651, 0.9853413542847376, 0.9907086614173228, 0.9969372762452662, 1.0, 1.0, 1.0, 1.0, 0.990382860800593, 0.9907086614173228, 0.9969372762452662, 1.0, 0.9969372762452662, 1.0, 0.9948877959349164, 1.0, 0.995325807090513, 0.9949360015366615, 0.988783992759981, 0.993866556154165, 0.9953821469103432, 1.0, 1.0, 1.0, 1.0, 0.9969291420271812, 0.9969372762452662, 0.995325807090513, 0.9949360015366615, 1.0, 1.0, 1.0, 1.0, 1.0, 1.0, 1.0, 1.0, 0.9953821469103432, 0.995325807090513, 1.0, 1.0, 1.0, 1.0, 1.0, 1.0, 1.0, 1.0, 1.0, 0.9953821469103432, 0.995325807090513, 0.9969372762452662, 0.995325807090513, 1.0, 1.0, 1.0, 1.0, 1.0, 0.9949360015366615, 1.0, 1.0, 1.0, 1.0, 1.0, 1.0, 1.0], "trainLoss": [1.0517945289611816, 1.0279757976531982, 1.0138190984725952, 1.0068825483322144, 0.9936655759811401, 0.9764256477355957, 0.9589146971702576, 0.9058573246002197, 0.8743035197257996, 0.8389270901679993, 0.8327907919883728, 0.8107553124427795, 0.7944680452346802, 0.7771753668785095, 0.7434116005897522, 0.7139986753463745, 0.705000638961792, 0.6938865184783936, 0.6822627782821655, 0.6660990715026855, 0.6441041231155396, 0.5908017158508301, 0.583700954914093, 0.5509662628173828, 0.5408388376235962, 0.5168306231498718, 0.5012308955192566, 0.4367566406726837, 0.3979266583919525, 0.41015803813934326, 0.3663466274738312, 0.34271857142448425, 0.34370025992393494, 0.29525822401046753, 0.2950645089149475, 0.2786569893360138, 0.23264969885349274, 0.24745120108127594, 0.18442170321941376, 0.18730761110782623, 0.16860201954841614, 0.15112484991550446, 0.13673776388168335, 0.13772781193256378, 0.10163165628910065, 0.10791649669408798, 0.09523631632328033, 0.09805875271558762, 0.07118560373783112, 0.08276347815990448, 0.06893801689147949, 0.09106966853141785, 0.07036053389310837, 0.07148546725511551, 0.08326427638530731, 0.03731735795736313, 0.05381324142217636, 0.03629544749855995, 0.04139385744929314, 0.0320262648165226, 0.025869565084576607, 0.037895530462265015, 0.02387770637869835, 0.059093307703733444, 0.019217967987060547, 0.042494989931583405, 0.036157432943582535, 0.01869674026966095, 0.021148644387722015, 0.01778285950422287, 0.01957694999873638, 0.022141795605421066, 0.03826528042554855, 0.016281206160783768, 0.009421423077583313, 0.016530897468328476, 0.021725142374634743, 0.011507570743560791, 0.016577161848545074, 0.04548740014433861, 0.025273161008954048, 0.029529130086302757, 0.01278504729270935, 0.008126755245029926, 0.00956639088690281, 0.004114304203540087, 0.005290389060974121, 0.005703001283109188, 0.012862460687756538, 0.011773750185966492, 0.009198428131639957, 0.007683783769607544, 0.007168009411543608, 0.005817066412419081, 0.006421841215342283, 0.004190217237919569, 0.007808018941432238, 0.013890360482037067, 0.025390582159161568, 0.01620727963745594, 0.005492457188665867, 0.0036791646853089333, 0.0037668361328542233, 0.0034923432394862175, 0.005987823940813541, 0.013482828624546528, 0.005978080444037914, 0.0139910988509655, 0.004246079362928867, 0.0022445833310484886, 0.0038894577883183956, 0.0008418407524004579, 0.0006430244538933039, 0.0010484528029337525, 0.001739736064337194, 0.0008927715243771672, 0.0022880001924932003, 0.004738344345241785, 0.006398575380444527, 0.0007448373944498599, 0.0019641018006950617, 0.0012524155899882317, 0.0007519510108977556, 0.0005060098483227193, 0.0025634283665567636, 0.0029770839028060436, 0.0018473686650395393, 0.0015567269874736667, 0.007611510343849659, 0.008822724223136902, 0.007258492521941662, 0.008790258318185806, 0.00044411062845028937, 0.0008824837277643383, 0.00046428540372289717, 0.0010098937200382352, 0.00242156395688653, 0.018026545643806458, 0.0004633968055713922, 0.001125915558077395, 0.0008957980899140239, 0.0005881621618755162, 0.0002487485471647233, 0.00023211922962218523, 0.0005636466084979475],