{"epoch": 40, "macroF1Rumor": 0.6695906432748538, "accRumor": 0.6785714285714286, "loss": 0.9108074903488159, "trainRumorAcc": [0.46691176470588236, 0.47058823529411764, 0.49264705882352944, 0.5330882352941176, 0.5257352941176471, 0.5294117647058824, 0.5551470588235294, 0.5661764705882353, 0.5955882352941176, 0.6139705882352942, 0.6470588235294118, 0.6397058823529411, 0.6433823529411765, 0.6397058823529411, 0.6544117647058824, 0.6801470588235294, 0.6985294117647058, 0.6985294117647058, 0.7242647058823529, 0.7242647058823529, 0.7463235294117647, 0.7720588235294118, 0.7573529411764706, 0.7720588235294118, 0.7904411764705882, 0.8308823529411765, 0.8345588235294118, 0.8419117647058824, 0.8492647058823529, 0.8492647058823529, 0.875, 0.8823529411764706, 0.8897058823529411, 0.9044117647058824, 0.9227941176470589, 0.8933823529411765, 0.9264705882352942, 0.9301470588235294, 0.9227941176470589, 0.9191176470588235, 0.9485294117647058, 0.9485294117647058, 0.9522058823529411, 0.9448529411764706, 0.9558823529411765, 0.9632352941176471, 0.9852941176470589, 0.9522058823529411, 0.9779411764705882, 0.9889705882352942, 0.9852941176470589, 0.9779411764705882, 0.9889705882352942, 0.9852941176470589, 0.9889705882352942, 0.9963235294117647, 1.0, 0.9926470588235294, 0.9963235294117647, 0.9963235294117647, 0.9816176470588235, 0.9963235294117647, 1.0, 0.9889705882352942, 1.0, 1.0, 0.9963235294117647, 1.0, 1.0, 1.0, 0.9963235294117647, 1.0, 1.0, 1.0, 1.0, 1.0, 1.0, 0.9926470588235294, 0.9963235294117647, 0.9963235294117647, 0.9963235294117647, 1.0, 0.9926470588235294, 1.0, 0.9963235294117647, 1.0, 1.0, 1.0, 1.0, 1.0], "trainRumorF1": [0.21219715956558063, 0.27345907515130147, 0.28413306574226116, 0.35335087966032447, 0.365743512974052, 0.3543018637949625, 0.40190301752688357, 0.4087044859113511, 0.4307692307692308, 0.44800290486565, 0.4721468756278883, 0.4650936946952127, 0.4714255012127353, 0.4687783811836228, 0.48132729574447364, 0.5126478389504919, 0.5486084769860878, 0.5393704897896515, 0.6062308925620564, 0.633855761023391, 0.6467764970784815, 0.6906782471821682, 0.661853011604347, 0.6736340910345923, 0.7189704766657335, 0.7712901511188425, 0.7816603101957794, 0.7929328722983602, 0.8004618575497687, 0.7901921579264402, 0.8354012064442019, 0.8330984877314601, 0.8523529737516778, 0.8743516201124123, 0.9049618996987417, 0.8659763837728542, 0.9040166159032244, 0.912445491589982, 0.9002781888913568, 0.8990255099235802, 0.9369531231366018, 0.936236512043243, 0.9442180950952882, 0.9279062895156414, 0.9443480055252341, 0.9557888076696647, 0.9829044453688885, 0.9362304661772131, 0.971779336734694, 0.985977421271539, 0.9830859976386339, 0.9750732858933047, 0.9875425598975719, 0.9822908991360024, 0.9876480962755472, 0.995325807090513, 1.0, 0.9922651615359949, 0.9953821469103432, 0.9948877959349164, 0.9772373871014374, 0.9953821469103432, 1.0, 0.9892026560757211, 1.0, 1.0, 0.9948877959349164, 1.0, 1.0, 1.0, 0.995325807090513, 1.0, 1.0, 1.0, 1.0, 1.0, 1.0, 0.9918170351606884, 0.9969291420271812, 0.9969372762452662, 0.9953821469103432, 1.0, 0.993866556154165, 1.0, 0.9953821469103432, 1.0, 1.0, 1.0, 1.0, 1.0], "trainLoss": [1.050132393836975, 1.024280071258545, 1.0122321844100952, 1.0055005550384521, 0.9920876622200012, 0.9769030213356018, 0.9614614844322205, 0.9536394476890564, 0.9218651056289673, 0.883570671081543, 0.8390679955482483, 0.8471555709838867, 0.8009340763092041, 0.8042495846748352, 0.7899997234344482, 0.7408088445663452, 0.7423584461212158, 0.6948867440223694, 0.6982704997062683, 0.6789554953575134, 0.6393777132034302, 0.6349748969078064, 0.5750471353530884, 0.5770997405052185, 0.5414160490036011, 0.48550695180892944, 0.47235557436943054, 0.45796632766723633, 0.41625940799713135, 0.3973748981952667, 0.38513869047164917, 0.35930049419403076, 0.3141251802444458, 0.2827224135398865, 0.2681047022342682, 0.29508721828460693, 0.2099442034959793, 0.2194853574037552, 0.19129560887813568, 0.21503472328186035, 0.1966930329799652, 0.15410640835762024, 0.1405630111694336, 0.14536459743976593, 0.12980031967163086, 0.11086028814315796, 0.09290517121553421, 0.11039520800113678, 0.08199197798967361, 0.0641048476099968, 0.05515621602535248, 0.07212090492248535, 0.04514969140291214, 0.04883164167404175, 0.05164268612861633, 0.03787617385387421, 0.026253242045640945, 0.03405141085386276, 0.021561015397310257, 0.027405591681599617, 0.05174718797206879, 0.02217082679271698, 0.016454756259918213, 0.027204927057027817, 0.010234853252768517, 0.012675288133323193, 0.01565730571746826, 0.009689177386462688, 0.006218434311449528, 0.009729146026074886, 0.010976636782288551, 0.00858820416033268, 0.004061595536768436, 0.0033630281686782837, 0.008951601572334766, 0.004008638672530651, 0.003663363866508007, 0.015295656397938728, 0.008257650770246983, 0.020443478599190712, 0.009697393514215946, 0.0081326337531209, 0.013602158986032009, 0.009160165674984455, 0.013970620930194855, 0.00224786507897079, 0.001293466193601489, 0.004653004929423332, 0.001961486879736185, 0.002163468860089779], "testRumorAcc": [0.2857142857142857, 0.42857142857142855, 0.4642857142857143, 0.5, 0.5, 0.5, 0.5357142857142857, 0.6785714285714286, 0.6071428571428571, 0.6071428571428571, 0.5714285714285714, 0.5357142857142857, 0.5714285714285714, 0.5714285714285714, 0.5714285714285714, 0.5357142857142857, 0.5714285714285714, 0.6071428571428571], "testRumorF1": [0.14814814814814817, 0.38888888888888884, 0.4158730158730159, 0.42424242424242425, 0.42424242424242425, 0.42424242424242425, 0.4611111111111111, 0.6695906432748538, 0.5788384003486978, 0.5788384003486978, 0.5342450142450142, 0.49004329004329, 0.5342450142450142, 0.515928515928516, 0.5208472686733555, 0.48316610925306575, 0.5342450142450142, 0.5859788359788359], "testLoss": [1.427414059638977, 1.3665021657943726, 1.2861295938491821, 1.4887560606002808, 1.1551661491394043, 0.9852059483528137, 1.1982977390289307, 0.9108074903488159, 1.3618017435073853, 1.2555102109909058, 1.91554594039917, 1.7599445581436157, 2.1232800483703613, 2.256032943725586, 2.369971513748169, 2.7655560970306396, 2.738656520843506, 2.8060317039489746]}