{"epoch": 25, "macroF1Rumor": 0.7528027528027529, "accRumor": 0.75, "loss": 0.6854426860809326, "trainRumorAcc": [0.4227941176470588, 0.4742647058823529, 0.4742647058823529, 0.49264705882352944, 0.49264705882352944, 0.4889705882352941, 0.5257352941176471, 0.5514705882352942, 0.5992647058823529, 0.5955882352941176, 0.6213235294117647, 0.6323529411764706, 0.6360294117647058, 0.6507352941176471, 0.6470588235294118, 0.6470588235294118, 0.6617647058823529, 0.6544117647058824, 0.6801470588235294, 0.6838235294117647, 0.6911764705882353, 0.7022058823529411, 0.7169117647058824, 0.7279411764705882, 0.7242647058823529, 0.7316176470588235, 0.7573529411764706, 0.7647058823529411, 0.7720588235294118, 0.7757352941176471, 0.7830882352941176, 0.8125, 0.8125, 0.8272058823529411, 0.8125, 0.8272058823529411, 0.8419117647058824, 0.8566176470588235, 0.8823529411764706, 0.875, 0.875, 0.9007352941176471, 0.9191176470588235, 0.9375, 0.9191176470588235, 0.9448529411764706, 0.9485294117647058, 0.9705882352941176, 0.9669117647058824, 0.9669117647058824, 0.9632352941176471, 0.9889705882352942, 0.9926470588235294, 0.9889705882352942, 0.9926470588235294, 1.0, 0.9963235294117647, 0.9926470588235294, 0.9963235294117647, 1.0, 1.0, 0.9889705882352942, 0.9926470588235294, 1.0, 1.0, 1.0, 0.9963235294117647, 1.0, 0.9963235294117647, 1.0, 1.0, 1.0, 0.9963235294117647, 1.0, 1.0], "trainRumorF1": [0.2991827603524631, 0.24926948247965416, 0.2672514619883041, 0.32634032634032634, 0.3139427516158818, 0.3311471898290776, 0.3622698091692025, 0.38972575554253536, 0.4317115768463074, 0.42425155716294954, 0.4506903353057199, 0.45660749506903353, 0.46318211702827083, 0.4763662849105887, 0.4721468756278883, 0.47140398635752057, 0.49481613966908083, 0.47831381262631956, 0.5377655053648506, 0.5342840291209806, 0.5307684851359452, 0.5615619508541468, 0.5974230881312185, 0.6083614232268392, 0.617703663086368, 0.626506330724693, 0.6729699248120301, 0.6818475205313086, 0.6904581051639874, 0.7058260175578611, 0.7188314124899491, 0.7561683075263206, 0.7585475638638753, 0.7643715805348519, 0.7565652165370086, 0.7773793784697919, 0.7933317327725852, 0.804251504674094, 0.843043535792123, 0.8429086902379668, 0.8302691084001966, 0.8630327936464685, 0.8991213680874365, 0.919017828296179, 0.8956656072968383, 0.930975451095355, 0.9333439355385921, 0.9639951403704833, 0.9598483552939472, 0.9598502459403004, 0.9580720147566831, 0.9852457210677263, 0.990593112244898, 0.9875425598975719, 0.9902706095785995, 1.0, 0.9948877959349164, 0.9902706095785995, 0.9969372762452662, 1.0, 1.0, 0.9871830673758866, 0.9902706095785995, 1.0, 1.0, 1.0, 0.9949360015366615, 1.0, 0.9969291420271812, 1.0, 1.0, 1.0, 0.995325807090513, 1.0, 1.0], "trainLoss": [1.0612848997116089, 1.0286060571670532, 1.0265600681304932, 1.013207197189331, 1.0153876543045044, 1.0058797597885132, 0.990789532661438, 0.9524731636047363, 0.9161632061004639, 0.8745167255401611, 0.8650268316268921, 0.8602113723754883, 0.8366618752479553, 0.8221215009689331, 0.8217286467552185, 0.789946973323822, 0.7837345004081726, 0.7805207967758179, 0.7467551827430725, 0.7479731440544128, 0.7395173907279968, 0.7166334986686707, 0.7027984261512756, 0.6830061674118042, 0.6672074198722839, 0.629929780960083, 0.6341611742973328, 0.6110226511955261, 0.5849776864051819, 0.5725243091583252, 0.5607973337173462, 0.5288774967193604, 0.5150972008705139, 0.4702819287776947, 0.46560701727867126, 0.4595501720905304, 0.42666953802108765, 0.4000856876373291, 0.3486826717853546, 0.3511551022529602, 0.32685357332229614, 0.27158159017562866, 0.27751076221466064, 0.23336127400398254, 0.22697676718235016, 0.18734055757522583, 0.17150351405143738, 0.15092840790748596, 0.14306028187274933, 0.12076776474714279, 0.1166040375828743, 0.0824715867638588, 0.07230493426322937, 0.06436839699745178, 0.05439367517828941, 0.037470411509275436, 0.03860418498516083, 0.03898927941918373, 0.027920136228203773, 0.023453235626220703, 0.018945269286632538, 0.025906851515173912, 0.02279111184179783, 0.010467268526554108, 0.014347579330205917, 0.013591669499874115, 0.014459904283285141, 0.014468634501099586, 0.014900942333042622, 0.0054200016893446445, 0.007473041769117117, 0.006559635512530804, 0.009572580456733704, 0.0037920097820460796, 0.0030594414565712214], "testRumorAcc": [0.25, 0.39285714285714285, 0.4642857142857143, 0.4642857142857143, 0.75, 0.6428571428571429, 0.6785714285714286, 0.6071428571428571, 0.6428571428571429, 0.6071428571428571, 0.6428571428571429, 0.6428571428571429, 0.7142857142857143, 0.6071428571428571, 0.5714285714285714], "testRumorF1": [0.13725490196078433, 0.3333333333333333, 0.4455472842569616, 0.4455472842569616, 0.7528027528027529, 0.6352318705259882, 0.672827903091061, 0.598968008255934, 0.6352318705259882, 0.5946291560102303, 0.634920634920635, 0.6317460317460317, 0.7189542483660131, 0.5981948334889512, 0.5568004979769686], "testLoss": [1.4494930505752563, 1.3828805685043335, 0.9586451649665833, 1.1589453220367432, 0.6854426860809326, 0.7158436179161072, 0.8440577387809753, 0.8999282121658325, 0.8461062908172607, 1.103880763053894, 0.9282678365707397, 1.099332332611084, 0.9906190037727356, 1.453646183013916, 1.878361701965332]}