{"epoch": 30, "macroF1Rumor": 0.5583333333333333, "accRumor": 0.5714285714285714, "loss": 0.8998578190803528, "trainRumorAcc": [0.4632352941176471, 0.46691176470588236, 0.47058823529411764, 0.46691176470588236, 0.5073529411764706, 0.5367647058823529, 0.5294117647058824, 0.5257352941176471, 0.5257352941176471, 0.5220588235294118, 0.5698529411764706, 0.5845588235294118, 0.5882352941176471, 0.5919117647058824, 0.5992647058823529, 0.6213235294117647, 0.6397058823529411, 0.6323529411764706, 0.6470588235294118, 0.6544117647058824, 0.6617647058823529, 0.6727941176470589, 0.6985294117647058, 0.7022058823529411, 0.6801470588235294, 0.7205882352941176, 0.7132352941176471, 0.7279411764705882, 0.7389705882352942, 0.7316176470588235, 0.7757352941176471, 0.8051470588235294, 0.8198529411764706, 0.8161764705882353, 0.8455882352941176, 0.8602941176470589, 0.8860294117647058, 0.8860294117647058, 0.875, 0.9080882352941176, 0.9117647058823529, 0.9301470588235294, 0.9411764705882353, 0.9558823529411765, 0.9558823529411765, 0.9816176470588235, 0.9852941176470589, 0.9705882352941176, 0.9669117647058824, 0.9779411764705882, 0.9816176470588235, 0.9816176470588235, 0.9963235294117647, 0.9889705882352942, 0.9889705882352942, 1.0, 0.9889705882352942, 0.9926470588235294, 1.0, 1.0, 0.9926470588235294, 1.0, 0.9926470588235294, 0.9963235294117647, 1.0, 0.9963235294117647, 1.0, 0.9852941176470589, 0.9963235294117647, 1.0, 1.0, 0.9926470588235294, 0.9926470588235294, 0.9926470588235294, 1.0, 1.0, 0.9963235294117647, 1.0, 1.0, 1.0], "trainRumorF1": [0.22948717948717948, 0.21219715956558063, 0.24329943069148594, 0.21273031825795644, 0.3101307189542484, 0.3734957338154598, 0.34787175234936435, 0.37032943415922137, 0.3745155993431856, 0.37116564417177916, 0.39961695237735234, 0.4244039270687237, 0.4246671256008802, 0.43208640088087663, 0.4366291271319205, 0.4558130601024016, 0.4655429423231281, 0.46263621436035235, 0.4721113574772111, 0.47930283224400877, 0.4908160738338136, 0.49804997833309256, 0.5171939807561869, 0.5315445476436189, 0.5025641025641026, 0.5542522733865577, 0.5698128235762645, 0.5894362217523542, 0.6169831125930042, 0.6179705552254572, 0.7037037037037037, 0.7127283020725644, 0.7555219412341527, 0.7511063008333497, 0.7985044995721152, 0.8279328328576415, 0.8476613414720422, 0.8600167934406797, 0.8440046168240894, 0.8914928437163517, 0.8908292137579261, 0.9102622054323387, 0.9311091118108662, 0.9511515159192457, 0.9445615975169431, 0.979696865413564, 0.9820387158887386, 0.9642884102769225, 0.9593425424627471, 0.9735457667188713, 0.9809714017185822, 0.9776729917688861, 0.9969372762452662, 0.9892383288672116, 0.9876355634652926, 1.0, 0.9871003847733318, 0.9918463811337329, 1.0, 1.0, 0.9902706095785995, 1.0, 0.9902624753605146, 0.9969291420271812, 1.0, 0.9949360015366615, 1.0, 0.984145162069132, 0.9969291420271812, 1.0, 1.0, 0.9918170351606884, 0.993866556154165, 0.9923089666234137, 1.0, 1.0, 0.9969372762452662, 1.0, 1.0, 1.0], "trainLoss": [1.0454221963882446, 1.0282249450683594, 1.02347993850708, 1.0187095403671265, 1.0047378540039062, 1.0011579990386963, 0.9883831143379211, 0.9873884916305542, 0.9785662293434143, 0.9730319976806641, 0.9511962532997131, 0.93980872631073, 0.9223942756652832, 0.9052518606185913, 0.8747658133506775, 0.8513230085372925, 0.8169523477554321, 0.8040737509727478, 0.7920657992362976, 0.7583773732185364, 0.7524479031562805, 0.7380571365356445, 0.7337402105331421, 0.6957087516784668, 0.6944637298583984, 0.6679526567459106, 0.6528189778327942, 0.6311616897583008, 0.5986096262931824, 0.5806301832199097, 0.5632144808769226, 0.5207944512367249, 0.504892110824585, 0.48443272709846497, 0.4477580785751343, 0.42992499470710754, 0.3694516122341156, 0.3457447588443756, 0.32920026779174805, 0.32310953736305237, 0.26984432339668274, 0.26013943552970886, 0.22042295336723328, 0.1895051896572113, 0.16447146236896515, 0.13425080478191376, 0.10881324857473373, 0.12558458745479584, 0.1086350604891777, 0.08797955513000488, 0.09132183343172073, 0.07649552077054977, 0.05587351694703102, 0.05809176713228226, 0.0548996776342392, 0.044058796018362045, 0.05434803664684296, 0.030354173853993416, 0.02510089799761772, 0.02010904811322689, 0.024708107113838196, 0.022793272510170937, 0.01947031542658806, 0.020508043467998505, 0.011702039279043674, 0.016272613778710365, 0.015011361800134182, 0.032349519431591034, 0.017932670190930367, 0.007345380261540413, 0.010267769917845726, 0.013509644195437431, 0.013956066220998764, 0.020032590255141258, 0.010362276807427406, 0.0052343737334012985, 0.010180971585214138, 0.007154552731662989, 0.005359846632927656, 0.005367019213736057], "testRumorAcc": [0.2857142857142857, 0.32142857142857145, 0.5, 0.4642857142857143, 0.5357142857142857, 0.5714285714285714, 0.5357142857142857, 0.5357142857142857, 0.42857142857142855, 0.4642857142857143, 0.4642857142857143, 0.5, 0.42857142857142855, 0.42857142857142855, 0.42857142857142855, 0.5], "testRumorF1": [0.14814814814814817, 0.2531017369727047, 0.46398046398046394, 0.4250194250194251, 0.487068487068487, 0.5583333333333333, 0.535042735042735, 0.5105820105820106, 0.41481481481481475, 0.46524064171123, 0.46524064171123, 0.47666135034556084, 0.4486312399355878, 0.44166666666666665, 0.44166666666666665, 0.5044563279857398], "testLoss": [1.4026434421539307, 1.3514454364776611, 1.2384737730026245, 1.2074410915374756, 1.218565821647644, 0.8998578190803528, 0.9191127419471741, 0.9446936845779419, 1.6144897937774658, 1.7001413106918335, 1.9293829202651978, 2.570063591003418, 2.3106815814971924, 3.2315027713775635, 3.3633334636688232, 3.198429822921753]}