{"epoch": 70, "macroF1Rumor": 0.42424242424242425, "accRumor": 0.5, "loss": 1.873915195465088, "trainRumorAcc": [0.35294117647058826, 0.46691176470588236, 0.45955882352941174, 0.4632352941176471, 0.4742647058823529, 0.48161764705882354, 0.46691176470588236, 0.5110294117647058, 0.5147058823529411, 0.5036764705882353, 0.5220588235294118, 0.5, 0.5367647058823529, 0.5257352941176471, 0.5367647058823529, 0.5294117647058824, 0.5404411764705882, 0.5441176470588235, 0.5367647058823529, 0.5698529411764706, 0.5588235294117647, 0.5477941176470589, 0.5588235294117647, 0.5551470588235294, 0.5661764705882353, 0.5367647058823529, 0.5588235294117647, 0.5404411764705882, 0.5477941176470589, 0.5367647058823529, 0.5845588235294118, 0.5477941176470589, 0.5661764705882353, 0.5698529411764706, 0.5735294117647058, 0.5441176470588235, 0.5625, 0.5661764705882353, 0.5919117647058824, 0.5808823529411765, 0.5772058823529411, 0.5808823529411765, 0.5845588235294118, 0.5882352941176471, 0.5772058823529411, 0.5772058823529411, 0.5808823529411765, 0.6102941176470589, 0.6029411764705882, 0.5919117647058824, 0.5992647058823529, 0.6029411764705882, 0.6139705882352942, 0.5992647058823529, 0.5845588235294118, 0.6029411764705882, 0.6139705882352942, 0.6102941176470589, 0.6066176470588235, 0.6066176470588235, 0.6102941176470589, 0.6139705882352942, 0.625, 0.6286764705882353, 0.6323529411764706, 0.6397058823529411, 0.6360294117647058, 0.6139705882352942, 0.5992647058823529, 0.6360294117647058, 0.5845588235294118, 0.6654411764705882, 0.625, 0.6507352941176471, 0.6544117647058824, 0.6323529411764706, 0.6360294117647058, 0.6397058823529411, 0.6360294117647058, 0.6838235294117647, 0.6691176470588235, 0.6470588235294118, 0.6727941176470589, 0.6470588235294118, 0.6544117647058824, 0.6691176470588235, 0.6985294117647058, 0.7095588235294118, 0.6764705882352942, 0.7058823529411765, 0.6838235294117647, 0.7132352941176471, 0.6838235294117647, 0.6875, 0.6838235294117647, 0.6911764705882353, 0.6985294117647058, 0.7132352941176471, 0.7022058823529411, 0.7205882352941176, 0.6948529411764706, 0.7022058823529411, 0.7316176470588235, 0.7242647058823529, 0.7095588235294118, 0.7095588235294118, 0.6875, 0.7352941176470589, 0.7389705882352942, 0.7242647058823529, 0.7352941176470589, 0.7095588235294118, 0.7463235294117647, 0.7352941176470589, 0.7536764705882353, 0.7352941176470589, 0.75, 0.7720588235294118, 0.7720588235294118, 0.7536764705882353], "trainRumorF1": [0.33795512157415514, 0.21845975399690118, 0.21601670715594767, 0.2172404315261458, 0.23844674543790256, 0.25196368120908136, 0.230149732530505, 0.3091124622385377, 0.3074358015457492, 0.30834818775995243, 0.325109243697479, 0.3063538135436747, 0.3648914797615519, 0.34678274457279984, 0.3621560006513597, 0.36428940568475454, 0.3660747914985203, 0.3784430198592405, 0.37274020298753374, 0.39613604890735293, 0.39820256636301304, 0.37978100331041503, 0.4003631082062455, 0.3921761998685076, 0.40167269439421344, 0.3743187728007462, 0.40065088575726876, 0.38821108690389733, 0.39335066685926146, 0.3719165085388994, 0.417808092228421, 0.3953762679877329, 0.40532184243840685, 0.41028310773960036, 0.4085576259489303, 0.39485741000467506, 0.4074251426206734, 0.40470357066101753, 0.4327690700104494, 0.41919191919191917, 0.41672583826429976, 0.4205307354786043, 0.42488805431171456, 0.4238479501049333, 0.41269841269841273, 0.4167240334433599, 0.4173902195608783, 0.4427613412228797, 0.4397155536544939, 0.42948717948717946, 0.43550051599587203, 0.43922154269188834, 0.44729282305969426, 0.43761250423283254, 0.4254017920637178, 0.4390386624869384, 0.44949494949494956, 0.4442523664607831, 0.4423241852487136, 0.45426949739414274, 0.4462759462759463, 0.44989994282447116, 0.45734843123378166, 0.4605463502015226, 0.4642772483762385, 0.4712153146719156, 0.4672439429720983, 0.44889649856730146, 0.4366291271319205, 0.4775709872898592, 0.4381124660995357, 0.5001627938324986, 0.46906292901385277, 0.4865514745223933, 0.4804031094353675, 0.4872258726515299, 0.47746875982170106, 0.5000740000740002, 0.4671580216010754, 0.5256141222242917, 0.5148770219998761, 0.5064059392761856, 0.5147980392237625, 0.49788213985553914, 0.5227839610974868, 0.5247967924282267, 0.5667406935522877, 0.5668209185450565, 0.5407277452891488, 0.5909968857594159, 0.5548687443424286, 0.6016908212560387, 0.5633553688394599, 0.5511016598735897, 0.5720456771885772, 0.6012773388925463, 0.5751845460646151, 0.6000893950318895, 0.6155913978494623, 0.6155734679181114, 0.5802371863388812, 0.5862385542750839, 0.6368726986536245, 0.6211985709725273, 0.5925645540971504, 0.639769474832912, 0.5869883948777391, 0.654853396466946, 0.6487381643090986, 0.6183864791707928, 0.6350647740655798, 0.6272298727357686, 0.6835581389572001, 0.6428575499230547, 0.6865796039709083, 0.6287373388822665, 0.6886593669528938, 0.7167496163576791, 0.7168981481481481, 0.6861956813696294], "trainLoss": [1.089658498764038, 1.0407589673995972, 1.0254924297332764, 1.02219820022583, 1.0185405015945435, 1.0203086137771606, 1.0160900354385376, 1.0099008083343506, 1.0126549005508423, 1.0086413621902466, 1.007355809211731, 1.0013012886047363, 1.0025285482406616, 0.999017596244812, 0.9936957955360413, 0.9953624606132507, 0.9897395968437195, 0.9834613800048828, 0.9902844429016113, 0.9779497981071472, 0.9805557131767273, 0.9770965576171875, 0.9708901643753052, 0.9738474488258362, 0.9691070318222046, 0.9581620693206787, 0.9669193029403687, 0.9618179202079773, 0.9587851166725159, 0.9594531655311584, 0.9488502144813538, 0.9509775638580322, 0.9472578763961792, 0.9431025385856628, 0.9402744770050049, 0.9408921003341675, 0.9342128038406372, 0.9331560730934143, 0.9293936491012573, 0.9276542067527771, 0.9183701872825623, 0.9205259084701538, 0.9134536981582642, 0.9097767472267151, 0.910012423992157, 0.9079926013946533, 0.9075441956520081, 0.8942726254463196, 0.9010358452796936, 0.8878442645072937, 0.8950074911117554, 0.8892019987106323, 0.8841133117675781, 0.8800712823867798, 0.8718352317810059, 0.8670250773429871, 0.869268000125885, 0.8647714257240295, 0.8660098314285278, 0.8561005592346191, 0.8549746870994568, 0.8553148508071899, 0.8531555533409119, 0.8269708752632141, 0.8260365128517151, 0.8175498843193054, 0.8267974853515625, 0.821639358997345, 0.8288682103157043, 0.8107743263244629, 0.8286425471305847, 0.8004879355430603, 0.7959504723548889, 0.8092353343963623, 0.784429132938385, 0.7923290729522705, 0.8041238188743591, 0.7945027947425842, 0.7976895570755005, 0.7725130319595337, 0.7566402554512024, 0.785067081451416, 0.772092878818512, 0.7540578842163086, 0.7678483128547668, 0.7539379000663757, 0.7607322335243225, 0.7170941233634949, 0.7379280924797058, 0.7076348662376404, 0.7349845767021179, 0.7014517784118652, 0.7222495675086975, 0.7164157032966614, 0.7234163880348206, 0.7144847512245178, 0.7115879058837891, 0.7172563672065735, 0.6949410438537598, 0.7083282470703125, 0.7107426524162292, 0.6935584545135498, 0.7073561549186707, 0.6693273186683655, 0.6963943839073181, 0.684860348701477, 0.7039607763290405, 0.6680088043212891, 0.66469806432724, 0.6621572971343994, 0.6623951196670532, 0.6678095459938049, 0.6229754090309143, 0.650108277797699, 0.6142903566360474, 0.6549471020698547, 0.6289895176887512, 0.6043770909309387, 0.5946732759475708, 0.6097227334976196], "testRumorAcc": [0.32142857142857145, 0.35714285714285715, 0.2857142857142857, 0.32142857142857145, 0.2857142857142857, 0.32142857142857145, 0.32142857142857145, 0.39285714285714285, 0.42857142857142855, 0.39285714285714285, 0.4642857142857143, 0.4642857142857143, 0.4642857142857143, 0.5, 0.5, 0.5, 0.4642857142857143, 0.4642857142857143, 0.4642857142857143, 0.4642857142857143, 0.4642857142857143, 0.4642857142857143, 0.4642857142857143, 0.42857142857142855],