{"epoch": 155, "macroF1Rumor": 0.5954911433172302, "accRumor": 0.6071428571428571, "loss": 1.1187669038772583, "trainRumorAcc": [0.28308823529411764, 0.46691176470588236, 0.46691176470588236, 0.46691176470588236, 0.46691176470588236, 0.46691176470588236, 0.46691176470588236, 0.46691176470588236, 0.4632352941176471, 0.4742647058823529, 0.46691176470588236, 0.46691176470588236, 0.4852941176470588, 0.48161764705882354, 0.47794117647058826, 0.5, 0.49264705882352944, 0.5330882352941176, 0.5183823529411765, 0.5404411764705882, 0.5294117647058824, 0.5477941176470589, 0.5588235294117647, 0.5477941176470589, 0.5404411764705882, 0.5367647058823529, 0.5514705882352942, 0.5551470588235294, 0.5551470588235294, 0.5514705882352942, 0.5514705882352942, 0.5514705882352942, 0.5625, 0.5882352941176471, 0.5735294117647058, 0.5551470588235294, 0.5698529411764706, 0.5735294117647058, 0.5845588235294118, 0.5772058823529411, 0.5882352941176471, 0.5955882352941176, 0.5919117647058824, 0.5882352941176471, 0.5882352941176471, 0.5992647058823529, 0.6066176470588235, 0.5882352941176471, 0.6029411764705882, 0.6066176470588235, 0.6102941176470589, 0.6176470588235294, 0.6286764705882353, 0.5919117647058824, 0.6029411764705882, 0.625, 0.6286764705882353, 0.6213235294117647, 0.625, 0.6654411764705882, 0.6323529411764706, 0.6323529411764706, 0.6176470588235294, 0.6360294117647058, 0.6213235294117647, 0.6580882352941176, 0.6397058823529411, 0.6580882352941176, 0.6213235294117647, 0.6654411764705882, 0.6580882352941176, 0.6691176470588235, 0.6544117647058824, 0.6397058823529411, 0.6580882352941176, 0.6654411764705882, 0.6764705882352942, 0.6580882352941176, 0.6948529411764706, 0.6617647058823529, 0.6838235294117647, 0.6617647058823529, 0.6580882352941176, 0.6507352941176471, 0.7242647058823529, 0.6948529411764706, 0.7095588235294118, 0.7169117647058824, 0.7058823529411765, 0.7058823529411765, 0.7132352941176471, 0.6948529411764706, 0.7095588235294118, 0.7169117647058824, 0.7095588235294118, 0.7169117647058824, 0.7279411764705882, 0.7463235294117647, 0.6911764705882353, 0.7463235294117647, 0.7279411764705882, 0.7169117647058824, 0.7316176470588235, 0.7242647058823529, 0.7389705882352942, 0.7169117647058824, 0.7426470588235294, 0.7610294117647058, 0.7610294117647058, 0.75, 0.7352941176470589, 0.7647058823529411, 0.75, 0.75, 0.7683823529411765, 0.75, 0.7720588235294118, 0.7683823529411765, 0.7573529411764706, 0.7720588235294118, 0.75, 0.7720588235294118, 0.7647058823529411, 0.7720588235294118, 0.7720588235294118, 0.7941176470588235, 0.7647058823529411, 0.7757352941176471, 0.7941176470588235, 0.7757352941176471, 0.7904411764705882, 0.8051470588235294, 0.7463235294117647, 0.7610294117647058, 0.8088235294117647, 0.7757352941176471, 0.8125, 0.7794117647058824, 0.8125, 0.8235294117647058, 0.8272058823529411, 0.8014705882352942, 0.8235294117647058, 0.7977941176470589, 0.8014705882352942, 0.8088235294117647, 0.8051470588235294, 0.8088235294117647, 0.8051470588235294, 0.8161764705882353, 0.8419117647058824, 0.7941176470588235, 0.8235294117647058, 0.8235294117647058, 0.8198529411764706, 0.8198529411764706, 0.7904411764705882, 0.8382352941176471, 0.8088235294117647, 0.7830882352941176, 0.8272058823529411, 0.8345588235294118, 0.8308823529411765, 0.8345588235294118, 0.8161764705882353, 0.8272058823529411, 0.8492647058823529, 0.875, 0.8161764705882353, 0.8272058823529411, 0.8639705882352942, 0.8602941176470589, 0.8602941176470589, 0.8639705882352942, 0.8492647058823529, 0.8419117647058824, 0.8308823529411765, 0.8786764705882353, 0.8786764705882353, 0.8492647058823529, 0.8455882352941176, 0.8529411764705882, 0.8933823529411765, 0.8566176470588235, 0.8676470588235294, 0.8602941176470589, 0.8786764705882353, 0.8676470588235294, 0.8786764705882353, 0.8492647058823529, 0.8676470588235294, 0.875, 0.8492647058823529, 0.8713235294117647, 0.875, 0.8676470588235294, 0.8602941176470589, 0.8860294117647058, 0.9044117647058824, 0.9080882352941176, 0.8823529411764706, 0.9007352941176471, 0.8676470588235294, 0.8786764705882353, 0.9044117647058824],