{"epoch": 60, "macroF1Rumor": 0.42424242424242425, "accRumor": 0.5, "loss": 1.7483574151992798, "trainRumorAcc": [0.4227941176470588, 0.46691176470588236, 0.47058823529411764, 0.46691176470588236, 0.4632352941176471, 0.47058823529411764, 0.5294117647058824, 0.5036764705882353, 0.5257352941176471, 0.5404411764705882, 0.5367647058823529, 0.5330882352941176, 0.5294117647058824, 0.5441176470588235, 0.5404411764705882, 0.5294117647058824, 0.5551470588235294, 0.5441176470588235, 0.5477941176470589, 0.5404411764705882, 0.5367647058823529, 0.5698529411764706, 0.5551470588235294, 0.5551470588235294, 0.5625, 0.5477941176470589, 0.5661764705882353, 0.5441176470588235, 0.5698529411764706, 0.5882352941176471, 0.5404411764705882, 0.5625, 0.5514705882352942, 0.5514705882352942, 0.5441176470588235, 0.5698529411764706, 0.5808823529411765, 0.5772058823529411, 0.5808823529411765, 0.5735294117647058, 0.5588235294117647, 0.5882352941176471, 0.5808823529411765, 0.5808823529411765, 0.6029411764705882, 0.5772058823529411, 0.5882352941176471, 0.5772058823529411, 0.6029411764705882, 0.5955882352941176, 0.5882352941176471, 0.5955882352941176, 0.6066176470588235, 0.6029411764705882, 0.6029411764705882, 0.6176470588235294, 0.6066176470588235, 0.6102941176470589, 0.6139705882352942, 0.6139705882352942, 0.6286764705882353, 0.6286764705882353, 0.6433823529411765, 0.6397058823529411, 0.6433823529411765, 0.6470588235294118, 0.6544117647058824, 0.6580882352941176, 0.6580882352941176, 0.6580882352941176, 0.6691176470588235, 0.6544117647058824, 0.6470588235294118, 0.6727941176470589, 0.6727941176470589, 0.6727941176470589, 0.6838235294117647, 0.6764705882352942, 0.6764705882352942, 0.6875, 0.6838235294117647, 0.7022058823529411, 0.6727941176470589, 0.7205882352941176, 0.7316176470588235, 0.7169117647058824, 0.7169117647058824, 0.6985294117647058, 0.7279411764705882, 0.7536764705882353, 0.7389705882352942, 0.7205882352941176, 0.7205882352941176, 0.7095588235294118, 0.7279411764705882, 0.7205882352941176, 0.7352941176470589, 0.7205882352941176, 0.7352941176470589, 0.7426470588235294, 0.7316176470588235, 0.7573529411764706, 0.7463235294117647, 0.7242647058823529, 0.7389705882352942, 0.7610294117647058, 0.7352941176470589, 0.7536764705882353, 0.7279411764705882, 0.7536764705882353], "trainRumorF1": [0.28059141564603335, 0.230149732530505, 0.2196747627024009, 0.21845975399690118, 0.2172404315261458, 0.2257266542980829, 0.3587566137566138, 0.30137444505260597, 0.3366715607856887, 0.3755665791265441, 0.3621560006513597, 0.3573250827769636, 0.3723557766110958, 0.375384054574806, 0.37511627906976747, 0.36252148101859083, 0.3972636089200506, 0.3844892695956526, 0.38498840396373596, 0.384072876873347, 0.38139484630760095, 0.407808236737534, 0.39830549503752116, 0.39617004603780986, 0.40385276917784657, 0.3885984023238926, 0.40866991998751495, 0.39074574503389753, 0.40514905149051494, 0.4259818007662835, 0.38921151571849677, 0.4032768526633557, 0.40150760915943673, 0.39696543038252924, 0.39074574503389753, 0.4138170498084291, 0.42351390629504765, 0.4189416919447253, 0.4140056022408964, 0.41795231416549794, 0.4007889546351085, 0.425152872068949, 0.4253223942819651, 0.4213404985818779, 0.43955938697318014, 0.4216673498606878, 0.4277298850574713, 0.4211551357182424, 0.4387455292483226, 0.44616919227333446, 0.441124050577034, 0.4307692307692308, 0.45515633128743177, 0.45252258206653456, 0.4530466266460815, 0.4613477574938021, 0.46481481481481485, 0.4594269704161167, 0.4626399938747243, 0.4588717884157409, 0.48287155882092586, 0.474728138431562, 0.5041886501021691, 0.48170531847814924, 0.4818197154457644, 0.48870320406329754, 0.5106283668569003, 0.5064618925378419, 0.5352567660762645, 0.4966738833502064, 0.5266066416733247, 0.5510111485610578, 0.5068177689581957, 0.5565012329718212, 0.5708211253850201, 0.5703044139555077, 0.5879240943070732, 0.5503407477765753, 0.5416753953616893, 0.5600055146551962, 0.6208231496284863, 0.5868700265251989, 0.5721246226056689, 0.6305595037510471, 0.6471655384276032, 0.6460404488690491, 0.6257200687675201, 0.6142386630084885, 0.6502433577645442, 0.6641711056255684, 0.6633568477521995, 0.6306559784820654, 0.6084307992202729, 0.6294470025064062, 0.6429069152140997, 0.6476323043751194, 0.6426091526828036, 0.6433489960701678, 0.6582796250239734, 0.647933647933648, 0.6531967571858494, 0.6843934222773812, 0.6763899836564197, 0.6590333921484027, 0.6571673714530858, 0.6967963338931081, 0.6702460376292846, 0.6846684600109256, 0.6769167067039407, 0.6646243701328447], "trainLoss": [1.0767635107040405, 1.0337203741073608, 1.0244625806808472, 1.0225123167037964, 1.014925479888916, 1.0138071775436401, 1.0105315446853638, 1.0107804536819458, 1.0017035007476807, 1.0000489950180054, 0.9962510466575623, 0.9954810738563538, 0.9894639253616333, 0.9898020625114441, 0.9862315058708191, 0.9865280389785767, 0.9743624329566956, 0.9793620705604553, 0.9768324494361877, 0.9756340980529785, 0.9722330570220947, 0.957650899887085, 0.9589824676513672, 0.9621418118476868, 0.9527490139007568, 0.9621959328651428, 0.9542095065116882, 0.9562202095985413, 0.9500329494476318, 0.94094318151474, 0.9414349794387817, 0.9449802041053772, 0.9368829131126404, 0.9354901313781738, 0.9387269020080566, 0.9203507900238037, 0.9182327389717102, 0.923807680606842, 0.9140984416007996, 0.9129319787025452, 0.9147462844848633, 0.9120010733604431, 0.9054122567176819, 0.9080777764320374, 0.9071477055549622, 0.8903688192367554, 0.8805355429649353, 0.8992292881011963, 0.8698943853378296, 0.8681398630142212, 0.8866064548492432, 0.8785280585289001, 0.8721034526824951, 0.8643062114715576, 0.8588396310806274, 0.8525825142860413, 0.8610091805458069, 0.8427591323852539, 0.8489536046981812, 0.8405782580375671, 0.8455985188484192, 0.8248142600059509, 0.8249159455299377, 0.8308731913566589, 0.8136952519416809, 0.8038861155509949, 0.8179833292961121, 0.8056246638298035, 0.8029709458351135, 0.8083189129829407, 0.8049981594085693, 0.78471839427948, 0.8005353212356567, 0.791908860206604, 0.7866760492324829, 0.7817761898040771, 0.7583599090576172, 0.7654883861541748, 0.7456525564193726, 0.761846661567688, 0.7534019947052002, 0.7502670884132385, 0.7628056406974792, 0.743639349937439, 0.7179401516914368, 0.7369677424430847, 0.7385938167572021, 0.7077137231826782, 0.7271057963371277, 0.6975724697113037, 0.7099332809448242, 0.7032083868980408, 0.6952803730964661, 0.7156884074211121, 0.697847306728363, 0.6933526396751404, 0.6791112422943115, 0.6721599102020264, 0.6804441809654236, 0.6793912053108215, 0.6529926061630249, 0.6759023070335388, 0.6411413550376892, 0.65031898021698, 0.6670425534248352, 0.6152917146682739, 0.655593991279602, 0.6319668292999268, 0.6543272137641907, 0.636666476726532], "testRumorAcc": [0.32142857142857145, 0.35714285714285715, 0.42857142857142855, 0.39285714285714285, 0.39285714285714285, 0.39285714285714285, 0.39285714285714285, 0.42857142857142855, 0.42857142857142855, 0.4642857142857143, 0.5, 0.5, 0.5, 0.5, 0.5, 0.5, 0.5, 0.5, 0.5, 0.4642857142857143, 0.5, 0.5], "testRumorF1": [0.22645502645502646, 0.2828282828282828, 0.3643892339544514, 0.3333333333333333, 0.3333333333333333, 0.33264320220841964, 0.3333333333333333, 0.3636363636363636, 0.3643892339544514, 0.39393939393939387, 0.4222222222222222, 0.42424242424242425, 0.4222222222222222, 0.4222222222222222, 0.4222222222222222, 0.42424242424242425, 0.4222222222222222, 0.4222222222222222, 0.4222222222222222, 0.3936092955700799, 0.4222222222222222, 0.4222222222222222], "testLoss": [1.424443006515503, 1.4485366344451904, 1.4807686805725098, 1.5168490409851074, 1.5519928932189941, 1.5748534202575684, 1.5877114534378052, 1.6612409353256226, 1.6633893251419067, 1.6789532899856567, 1.7178453207015991, 1.7483574151992798, 1.623773217201233, 1.6876693964004517, 1.6306174993515015, 1.7475205659866333, 1.6519474983215332, 1.6953275203704834, 1.6595572233200073, 1.5696829557418823, 1.6624729633331299, 1.6583493947982788]}