{"epoch": 85, "macroF1Rumor": 0.3988095238095239, "accRumor": 0.4642857142857143, "loss": 1.5245589017868042, "trainRumorAcc": [0.40808823529411764, 0.4632352941176471, 0.47058823529411764, 0.4632352941176471, 0.4632352941176471, 0.46691176470588236, 0.45588235294117646, 0.47794117647058826, 0.47794117647058826, 0.4852941176470588, 0.4852941176470588, 0.4963235294117647, 0.5110294117647058, 0.5147058823529411, 0.5257352941176471, 0.5441176470588235, 0.5294117647058824, 0.5367647058823529, 0.5367647058823529, 0.5588235294117647, 0.5661764705882353, 0.5441176470588235, 0.5367647058823529, 0.5772058823529411, 0.5588235294117647, 0.5404411764705882, 0.5477941176470589, 0.5588235294117647, 0.5514705882352942, 0.5625, 0.5514705882352942, 0.5661764705882353, 0.5735294117647058, 0.5661764705882353, 0.5514705882352942, 0.5772058823529411, 0.5735294117647058, 0.5845588235294118, 0.5808823529411765, 0.5551470588235294, 0.5772058823529411, 0.5845588235294118, 0.5808823529411765, 0.5698529411764706, 0.5735294117647058, 0.5661764705882353, 0.5845588235294118, 0.5808823529411765, 0.5882352941176471, 0.5808823529411765, 0.5919117647058824, 0.5808823529411765, 0.5882352941176471, 0.5845588235294118, 0.5955882352941176, 0.5845588235294118, 0.5808823529411765, 0.6029411764705882, 0.5882352941176471, 0.5919117647058824, 0.6102941176470589, 0.6139705882352942, 0.5919117647058824, 0.6029411764705882, 0.6102941176470589, 0.6102941176470589, 0.6139705882352942, 0.6029411764705882, 0.6544117647058824, 0.6286764705882353, 0.6213235294117647, 0.625, 0.6139705882352942, 0.625, 0.6397058823529411, 0.6470588235294118, 0.6507352941176471, 0.6286764705882353, 0.6323529411764706, 0.6507352941176471, 0.6580882352941176, 0.6360294117647058, 0.6433823529411765, 0.6544117647058824, 0.6691176470588235, 0.6507352941176471, 0.6617647058823529, 0.6470588235294118, 0.6654411764705882, 0.6617647058823529, 0.6727941176470589, 0.6617647058823529, 0.6764705882352942, 0.6801470588235294, 0.6691176470588235, 0.6948529411764706, 0.6948529411764706, 0.6691176470588235, 0.6801470588235294, 0.6875, 0.7132352941176471, 0.6801470588235294, 0.6801470588235294, 0.6985294117647058, 0.7058823529411765, 0.6985294117647058, 0.6875, 0.6985294117647058, 0.7058823529411765, 0.7169117647058824, 0.7169117647058824, 0.7279411764705882, 0.7095588235294118, 0.7058823529411765, 0.7279411764705882, 0.7279411764705882, 0.7205882352941176, 0.6985294117647058, 0.7352941176470589, 0.7610294117647058, 0.7647058823529411, 0.7389705882352942, 0.7426470588235294, 0.7426470588235294, 0.7279411764705882, 0.7316176470588235, 0.7316176470588235, 0.7904411764705882, 0.7610294117647058, 0.7573529411764706, 0.7426470588235294, 0.7352941176470589, 0.7757352941176471, 0.7757352941176471, 0.7683823529411765], "trainRumorF1": [0.29908176219651633, 0.2235490724644984, 0.2196747627024009, 0.21105527638190955, 0.21105527638190955, 0.21219715956558063, 0.21525205955710078, 0.24014309827929356, 0.2511993859144119, 0.25909934113733774, 0.2948010121923165, 0.30055734519609345, 0.30848058660896743, 0.3292202045945276, 0.3622698091692025, 0.36469571856227273, 0.3560317460317461, 0.3790138067061144, 0.35360908353609083, 0.39332999709623806, 0.4026895090724878, 0.3774288704919593, 0.37390219560878246, 0.41409165547096577, 0.3918474687705457, 0.3766073940124573, 0.39846103926204063, 0.3899641577060932, 0.39785995093257664, 0.39864910503208373, 0.39017043784895683, 0.40408210067652783, 0.4096489960999567, 0.4051164772897797, 0.39640804597701157, 0.417103090351498, 0.40984697272122417, 0.4212883552506193, 0.4132544961813254, 0.3977510958643034, 0.4178876678876679, 0.422979797979798, 0.4155953584669459, 0.4069428007889546, 0.41537082916029733, 0.4038162207694702, 0.424090515947964, 0.4179011792804896, 0.4224158799322198, 0.4219605904953547, 0.4258685930512556, 0.4211574391322428, 0.4242337164750958, 0.4234303627407076, 0.43404104741684363, 0.4256438317476568, 0.4219605904953547, 0.4385172690480792, 0.42994277815847576, 0.42962120134641824, 0.44465483234714, 0.4475574712643679, 0.43191790516631284, 0.4512197308922162, 0.44569473932531256, 0.4539387684898521, 0.44889649856730146, 0.4417080573951435, 0.48132729574447364, 0.4722020838367929, 0.46689984477994256, 0.4690446317783239, 0.4611005692599621, 0.4583929065245147, 0.48198716984604784, 0.47539830333126415, 0.4891092557065699, 0.47405983513506283, 0.47613928612380624, 0.5008502065047516, 0.5082469712450737, 0.47746875982170106, 0.48693504884600114, 0.4943553178847297, 0.5271326610782315, 0.5027780170557327, 0.5000597138080037, 0.4867744380928965, 0.5329957832384545, 0.49837668072962193, 0.5211783086545895, 0.5109889142462433, 0.522289831059527, 0.5249299202371879, 0.5183910913901271, 0.538034188034188, 0.5669707629351952, 0.53670354337021, 0.5543956586301864, 0.5423443612039868, 0.5792236748758489, 0.5456757303751839, 0.5143409705735719, 0.5680383760093904, 0.5750930497307308, 0.559540083342187, 0.5593685006023801, 0.5605917018808518, 0.5846182847373391, 0.600388085527129, 0.6008659090894957, 0.6245176457605441, 0.6029502493530532, 0.5748747547478904, 0.6239171374764595, 0.6397999580853623, 0.6190453216113027, 0.6077439898402738, 0.6299103502995185, 0.6642315825111524, 0.6816442727778144, 0.6418689883010037, 0.6617054325847963, 0.6673493688973564, 0.6313501301352078, 0.6186982546673964, 0.6528181461115475, 0.717162471395881, 0.6711452169943759, 0.6858026633113138, 0.6497796833604741, 0.642933723196881, 0.6898550724637681, 0.6760081094185098, 0.6818418714541691],