{"epoch": 90, "macroF1Rumor": 0.4918617614269789, "accRumor": 0.5357142857142857, "loss": 1.6471655368804932, "trainRumorAcc": [0.45588235294117646, 0.45955882352941174, 0.45955882352941174, 0.48161764705882354, 0.4742647058823529, 0.4852941176470588, 0.49264705882352944, 0.5147058823529411, 0.5220588235294118, 0.5257352941176471, 0.5477941176470589, 0.5404411764705882, 0.5441176470588235, 0.5477941176470589, 0.5551470588235294, 0.5477941176470589, 0.5551470588235294, 0.5514705882352942, 0.5661764705882353, 0.5735294117647058, 0.5551470588235294, 0.5588235294117647, 0.5441176470588235, 0.5661764705882353, 0.5661764705882353, 0.5735294117647058, 0.5808823529411765, 0.5808823529411765, 0.5661764705882353, 0.5845588235294118, 0.5808823529411765, 0.5698529411764706, 0.5808823529411765, 0.5955882352941176, 0.5882352941176471, 0.5992647058823529, 0.6139705882352942, 0.5698529411764706, 0.5882352941176471, 0.5955882352941176, 0.5808823529411765, 0.6139705882352942, 0.5955882352941176, 0.6139705882352942, 0.5992647058823529, 0.6213235294117647, 0.6102941176470589, 0.625, 0.5992647058823529, 0.6176470588235294, 0.5845588235294118, 0.6102941176470589, 0.6213235294117647, 0.6286764705882353, 0.6176470588235294, 0.6433823529411765, 0.625, 0.6102941176470589, 0.6102941176470589, 0.6286764705882353, 0.6433823529411765, 0.6213235294117647, 0.6433823529411765, 0.6176470588235294, 0.6580882352941176, 0.6360294117647058, 0.6360294117647058, 0.6580882352941176, 0.6507352941176471, 0.6360294117647058, 0.6764705882352942, 0.6580882352941176, 0.6911764705882353, 0.6544117647058824, 0.6433823529411765, 0.6691176470588235, 0.6654411764705882, 0.6654411764705882, 0.6654411764705882, 0.6838235294117647, 0.6764705882352942, 0.6838235294117647, 0.6764705882352942, 0.6838235294117647, 0.7095588235294118, 0.6911764705882353, 0.6911764705882353, 0.6911764705882353, 0.6875, 0.7132352941176471, 0.7205882352941176, 0.7022058823529411, 0.7132352941176471, 0.7095588235294118, 0.6985294117647058, 0.7242647058823529, 0.7205882352941176, 0.7205882352941176, 0.7169117647058824, 0.7205882352941176, 0.6985294117647058, 0.7316176470588235, 0.7169117647058824, 0.7205882352941176, 0.7205882352941176, 0.7389705882352942, 0.7463235294117647, 0.7794117647058824, 0.7794117647058824, 0.7720588235294118, 0.7352941176470589, 0.75, 0.7463235294117647, 0.7536764705882353, 0.7426470588235294, 0.7610294117647058, 0.7610294117647058, 0.7720588235294118, 0.7683823529411765, 0.75, 0.7389705882352942, 0.7941176470588235, 0.7977941176470589, 0.7720588235294118, 0.7647058823529411, 0.7794117647058824, 0.7794117647058824, 0.7904411764705882, 0.7573529411764706, 0.7757352941176471, 0.7794117647058824, 0.7941176470588235, 0.8272058823529411, 0.7867647058823529, 0.7683823529411765, 0.8014705882352942, 0.8088235294117647, 0.7830882352941176, 0.7977941176470589, 0.7904411764705882], "trainRumorF1": [0.21525205955710078, 0.21601670715594767, 0.21601670715594767, 0.24128201849720834, 0.23901869739031112, 0.2536687110471035, 0.2954545454545454, 0.3292202045945276, 0.3306088527551942, 0.3453280753642239, 0.3908481262327417, 0.3644727964178372, 0.38690335305719925, 0.379431313426061, 0.3953403447268478, 0.38504621257785815, 0.394596420128335, 0.3939915147345488, 0.39856630824372763, 0.41077031715329587, 0.39617004603780986, 0.4023227969348659, 0.3894746978670134, 0.403585837055709, 0.40994642772483764, 0.4162374425968502, 0.42155067155067155, 0.4173483299250171, 0.4073137849679811, 0.422979797979798, 0.4200670498084291, 0.41252348453472115, 0.4200670498084291, 0.4343434343434343, 0.4294997662459093, 0.4364286413948477, 0.4461389494069232, 0.41472657096504023, 0.42676767676767674, 0.43338872853435956, 0.41994575525611805, 0.4490468974086525, 0.43336651969847817, 0.4467061143984221, 0.43761250423283254, 0.45726495726495725, 0.4462759462759463, 0.4578806937297504, 0.4375736673111649, 0.45501035015598124, 0.4280336542631624, 0.4442523664607831, 0.45524368105013263, 0.45904628330995795, 0.4621105508471522, 0.4728827701293284, 0.4583929065245147, 0.45850663497722316, 0.44491093034782353, 0.4837898765792504, 0.47343720221078706, 0.4559727363534873, 0.48489170898514006, 0.46474355650950677, 0.516494363205891, 0.48765109267506745, 0.4779164190928897, 0.51635132316946, 0.4992435101130753, 0.4881589311002012, 0.5311723795330353, 0.5163449881237034, 0.5604878506426495, 0.4907375812872438, 0.514683081211347, 0.5460659951084027, 0.5417868118566199, 0.5321363518084828, 0.5408896317147548, 0.5638634764250527, 0.5582196348374088, 0.5616357103915705, 0.550554620344026, 0.5642766113603631, 0.5848941307986271, 0.5777656486265759, 0.5864439129279312, 0.5621685515302537, 0.5838885624580833, 0.626822565171269, 0.6005951414813613, 0.5874443935460885, 0.611083313989976, 0.6092046432980279, 0.5765159004778381, 0.6200128700128701, 0.6226853128005342, 0.6016781511131793, 0.5898053195628497, 0.6216157288821649, 0.6105634360592447, 0.6250743457573353, 0.6205761959725874, 0.6090779455267552, 0.6343224151734791, 0.637347879088411, 0.6426454915497591, 0.6879101904391898, 0.6745799968597895, 0.6885307346326837, 0.6520928680893653, 0.6727513227513228, 0.650505824429972, 0.6491186654506182, 0.6620043418334961, 0.6683481503679286, 0.6892492878549393, 0.6916594611376098, 0.660782737367029, 0.6748556790830599, 0.6492244662141219, 0.7130923176697825, 0.7447355330396267, 0.6847668902077949, 0.6840403684797277, 0.6951225723105207, 0.7031348863963186, 0.7236278832023513, 0.6853774442099216, 0.6996356498316713, 0.7199754901960785, 0.7188216284197372, 0.7808437397004431, 0.7098175264699256, 0.7112016908212561, 0.7538241937785118, 0.7556515488660694, 0.7094740753779655, 0.7424021055899614, 0.7381256556316509],