{"epoch": 90, "macroF1Rumor": 0.5740740740740741, "accRumor": 0.5714285714285714, "loss": 1.3716740608215332, "trainRumorAcc": [0.4264705882352941, 0.46691176470588236, 0.46691176470588236, 0.4742647058823529, 0.47058823529411764, 0.5, 0.5073529411764706, 0.4852941176470588, 0.5220588235294118, 0.5294117647058824, 0.5661764705882353, 0.5294117647058824, 0.5441176470588235, 0.5661764705882353, 0.5588235294117647, 0.5588235294117647, 0.5661764705882353, 0.5808823529411765, 0.5808823529411765, 0.5514705882352942, 0.5735294117647058, 0.5772058823529411, 0.5808823529411765, 0.5992647058823529, 0.5955882352941176, 0.5882352941176471, 0.5882352941176471, 0.5845588235294118, 0.5808823529411765, 0.5845588235294118, 0.5808823529411765, 0.6139705882352942, 0.5955882352941176, 0.5919117647058824, 0.6029411764705882, 0.6176470588235294, 0.625, 0.6029411764705882, 0.5992647058823529, 0.6139705882352942, 0.6029411764705882, 0.6433823529411765, 0.625, 0.6286764705882353, 0.6176470588235294, 0.6544117647058824, 0.6360294117647058, 0.6286764705882353, 0.625, 0.6213235294117647, 0.6433823529411765, 0.6507352941176471, 0.6580882352941176, 0.6580882352941176, 0.6654411764705882, 0.6544117647058824, 0.6838235294117647, 0.6544117647058824, 0.6875, 0.6470588235294118, 0.6875, 0.6727941176470589, 0.6654411764705882, 0.6948529411764706, 0.7022058823529411, 0.6948529411764706, 0.6654411764705882, 0.6875, 0.6764705882352942, 0.7242647058823529, 0.6507352941176471, 0.7095588235294118, 0.7095588235294118, 0.7169117647058824, 0.7058823529411765, 0.7095588235294118, 0.7242647058823529, 0.7058823529411765, 0.7205882352941176, 0.7022058823529411, 0.7463235294117647, 0.6948529411764706, 0.7169117647058824, 0.7169117647058824, 0.7058823529411765, 0.7389705882352942, 0.7242647058823529, 0.7463235294117647, 0.7169117647058824, 0.7279411764705882, 0.7573529411764706, 0.7352941176470589, 0.7720588235294118, 0.7279411764705882, 0.7573529411764706, 0.7536764705882353, 0.7720588235294118, 0.7683823529411765, 0.7720588235294118, 0.7757352941176471, 0.7169117647058824, 0.7830882352941176, 0.7867647058823529, 0.7573529411764706, 0.7794117647058824, 0.8014705882352942, 0.7830882352941176, 0.8014705882352942, 0.7683823529411765, 0.7941176470588235, 0.7830882352941176, 0.7867647058823529, 0.7536764705882353, 0.7720588235294118, 0.7941176470588235, 0.7830882352941176, 0.8088235294117647, 0.7720588235294118, 0.7941176470588235, 0.7904411764705882, 0.8088235294117647, 0.8088235294117647, 0.7977941176470589, 0.8051470588235294, 0.7683823529411765, 0.8088235294117647, 0.8051470588235294, 0.7977941176470589, 0.8198529411764706, 0.8125, 0.8014705882352942, 0.8088235294117647, 0.8308823529411765, 0.8125, 0.8272058823529411, 0.8529411764705882, 0.8272058823529411, 0.8492647058823529, 0.8272058823529411, 0.8198529411764706], "trainRumorF1": [0.3143022391142692, 0.21219715956558063, 0.21845975399690118, 0.2270118673556831, 0.2370281445911698, 0.30883877934876663, 0.30992843374027873, 0.25350140056022413, 0.3312515065851467, 0.34127551942186085, 0.3946779149091288, 0.35630956293131777, 0.3818476861955123, 0.3930645128885139, 0.3918474687705457, 0.39930859869510177, 0.40339857824520403, 0.4152195608782436, 0.41962083893118374, 0.3858516901995163, 0.41088757396449704, 0.41530334014996595, 0.4196766425868592, 0.43594907531174437, 0.43239155096969367, 0.4279764981256721, 0.4261437908496732, 0.4217107030900134, 0.418851125234104, 0.4222222222222222, 0.4204072746956619, 0.4448256146369354, 0.4292936588184313, 0.42798558763570854, 0.4371375365788774, 0.4516594516594517, 0.45433646060300487, 0.44047619047619047, 0.43643987040213444, 0.44889649856730146, 0.43874226132290656, 0.4822955814993514, 0.4578792384617627, 0.46105213493748537, 0.4603164227166825, 0.4916845308546946, 0.46629266012155207, 0.4607611038479205, 0.469009483230229, 0.4564642564642565, 0.48607935040572614, 0.4912614792794372, 0.5049714904516212, 0.5247532928692348, 0.5445945506287809, 0.5101965450467115, 0.5713969938107869, 0.5221158230734154, 0.5744113605130554, 0.5401547592216963, 0.5667155290884104, 0.559996946098641, 0.5568256749289713, 0.5867600009622093, 0.5999225031483096, 0.5786443296201298, 0.5689761790246456, 0.6034327690115159, 0.581352657004831, 0.6436067092585902, 0.5710543080108298, 0.6263337488151164, 0.6283751894080533, 0.6441385224050397, 0.6145586439704086, 0.6327470385945134, 0.6364098652428173, 0.6382708977452697, 0.664836003051106, 0.6292038610879191, 0.696761617304911, 0.5995949455050837, 0.65954318105638, 0.6618924360080529, 0.6343637309770745, 0.6865643107896627, 0.6813444787403921, 0.6829559524681476, 0.6463103724292675, 0.6758929698346586, 0.7043411287623772, 0.6529146536515433, 0.7185637394791028, 0.675496343306913, 0.701359279142356, 0.699027118950069, 0.7315328853540524, 0.7146311682897047, 0.7170169953503288, 0.7236997077680521, 0.6543099625409349, 0.7248693291246483, 0.7430121369352963, 0.7099779053267424, 0.7230373230373232, 0.7581267984776757, 0.7363514378705579, 0.7587064630506504, 0.7106937923839332, 0.7513976843855946, 0.7342446171714464, 0.7326403561459917, 0.6929424501841831, 0.7204378477185983, 0.7442567140507288, 0.7308760488674406, 0.7599765999765999, 0.7354291472305317, 0.7455868205868205, 0.7472858367167311, 0.7517930649152214, 0.7710885057312759, 0.7541004763802691, 0.7587003022552894, 0.725738620299689, 0.7679059713215312, 0.7597449416122727, 0.7528024606971976, 0.7879168024329314, 0.7719400293405844, 0.752700885612278, 0.7765759018527435, 0.7961927384084847, 0.7701514839494187, 0.7905479253770819, 0.8120766488413548, 0.7887384792626727, 0.8224953578113429, 0.7901208124141884, 0.7888367642753608],