{"epoch": 50, "macroF1Rumor": 0.4278812974465149, "accRumor": 0.5, "loss": 1.451339840888977, "trainRumorAcc": [0.22426470588235295, 0.45955882352941174, 0.46691176470588236, 0.46691176470588236, 0.46691176470588236, 0.47058823529411764, 0.46691176470588236, 0.46691176470588236, 0.47794117647058826, 0.46691176470588236, 0.47058823529411764, 0.5110294117647058, 0.48161764705882354, 0.49264705882352944, 0.4963235294117647, 0.5367647058823529, 0.5147058823529411, 0.5441176470588235, 0.5404411764705882, 0.5551470588235294, 0.5367647058823529, 0.5845588235294118, 0.5845588235294118, 0.5845588235294118, 0.5551470588235294, 0.5588235294117647, 0.5661764705882353, 0.5625, 0.5919117647058824, 0.5661764705882353, 0.5625, 0.5992647058823529, 0.5845588235294118, 0.5955882352941176, 0.6102941176470589, 0.5882352941176471, 0.6029411764705882, 0.5955882352941176, 0.5919117647058824, 0.5735294117647058, 0.6029411764705882, 0.5955882352941176, 0.6139705882352942, 0.5992647058823529, 0.6360294117647058, 0.6102941176470589, 0.5882352941176471, 0.6213235294117647, 0.6323529411764706, 0.6470588235294118, 0.6397058823529411, 0.6139705882352942, 0.6066176470588235, 0.6360294117647058, 0.6433823529411765, 0.6286764705882353, 0.6139705882352942, 0.6470588235294118, 0.6397058823529411, 0.6433823529411765, 0.6580882352941176, 0.6507352941176471, 0.6433823529411765, 0.6544117647058824, 0.6654411764705882, 0.6433823529411765, 0.6507352941176471, 0.6654411764705882, 0.6470588235294118, 0.6801470588235294, 0.6323529411764706, 0.6433823529411765, 0.6911764705882353, 0.6580882352941176, 0.6801470588235294, 0.6801470588235294, 0.6617647058823529, 0.6727941176470589, 0.6507352941176471, 0.6764705882352942, 0.6764705882352942, 0.6875, 0.6654411764705882, 0.6801470588235294, 0.6875, 0.6985294117647058, 0.6727941176470589, 0.6801470588235294, 0.6948529411764706, 0.7169117647058824, 0.7095588235294118, 0.6727941176470589, 0.7132352941176471, 0.7058823529411765, 0.7132352941176471, 0.7205882352941176, 0.7058823529411765, 0.7169117647058824, 0.7242647058823529, 0.7205882352941176], "trainRumorF1": [0.17053422974047572, 0.21043771043771042, 0.21219715956558063, 0.21219715956558063, 0.21219715956558063, 0.2196747627024009, 0.21219715956558063, 0.21219715956558063, 0.23421287707001992, 0.21219715956558063, 0.2196747627024009, 0.29769252154573256, 0.24128201849720834, 0.2713804058873111, 0.27308116048475944, 0.3539959016393443, 0.30340523290914934, 0.35962680237489403, 0.34790528233151186, 0.36501017146178444, 0.34325609031491383, 0.4072083808283124, 0.4094842435910427, 0.4048743585025251, 0.39447731755424065, 0.39368223427646215, 0.4019534929842828, 0.40041283519544385, 0.4204601358301548, 0.39956810355292327, 0.4056874211672974, 0.4285459638400815, 0.4198839730876874, 0.43042903320599474, 0.44390729244874166, 0.43015056222603393, 0.4393991514734548, 0.43313927451858486, 0.42981321839080455, 0.4183819325328759, 0.4410472183263206, 0.4357293881304212, 0.4487475742648157, 0.43823711980136565, 0.4665877712031558, 0.44727530077848554, 0.4320264487181702, 0.4568058504364237, 0.46321839080459765, 0.476409530549658, 0.4704490479620942, 0.4493515597616544, 0.44609730181678825, 0.46468802037417967, 0.4723451261382296, 0.4605463502015226, 0.44996064025190236, 0.4770062960007094, 0.47058268459542346, 0.4728296708192981, 0.4855876357085289, 0.4785326728001887, 0.4935195532776582, 0.48260073260073266, 0.4908042919216104, 0.47445115017930556, 0.4791226981171115, 0.501532747930633, 0.4759872943630588, 0.514488526675722, 0.4772738559332556, 0.48497880927745024, 0.5314970026834434, 0.5045212087557364, 0.5130735309655284, 0.5332384945592493, 0.49931214483126957, 0.5083689574229625, 0.5030036121901262, 0.521082621082621, 0.5210349893424707, 0.5204923141228578, 0.5324880750623325, 0.5321903397136261, 0.5399044205495819, 0.5380595143253372, 0.5176148396487379, 0.5438902347858311, 0.5453640933040101, 0.5816147675680173, 0.5836325787145459, 0.5291371401439524, 0.5796993501866067, 0.5442125564504438, 0.6109699976030992, 0.5937297996121524, 0.5833392152759777, 0.590913766500943, 0.5870283632578713, 0.5837583902904182], "trainLoss": [1.1323436498641968, 1.0726591348648071, 1.043244481086731, 1.0295069217681885, 1.023271918296814, 1.0202988386154175, 1.0185959339141846, 1.016310214996338, 1.0183610916137695, 1.014580249786377, 1.0130882263183594, 1.0098857879638672, 1.0064456462860107, 1.005079984664917, 1.000959038734436, 1.0000064373016357, 1.0008337497711182, 0.997243344783783, 0.9937869906425476, 0.9872317910194397, 0.9875013828277588, 0.9865086674690247, 0.9798597693443298, 0.9737317562103271, 0.9763929843902588, 0.9686205387115479, 0.9673530459403992, 0.9621683955192566, 0.958254337310791, 0.9456414580345154, 0.9398828744888306, 0.9348183870315552, 0.92900550365448, 0.9102931618690491, 0.9084089398384094, 0.9071248173713684, 0.8950437903404236, 0.8901658654212952, 0.8849274516105652, 0.889870822429657, 0.8723490238189697, 0.8623151183128357, 0.8639726042747498, 0.8585782051086426, 0.8478845953941345, 0.8303953409194946, 0.8611533045768738, 0.857863187789917, 0.8353124260902405, 0.845192551612854, 0.8328372240066528, 0.840305507183075, 0.8461127877235413, 0.8334664106369019, 0.812779426574707, 0.8183712363243103, 0.8095487356185913, 0.7992609143257141, 0.8072144389152527, 0.7940236330032349, 0.7764554619789124, 0.7904688715934753, 0.804033637046814, 0.7972065806388855, 0.7802892327308655, 0.7945845723152161, 0.7804500460624695, 0.7742761373519897, 0.7901796102523804, 0.7624755501747131, 0.7896495461463928, 0.7891230583190918, 0.7605012655258179, 0.7816996574401855, 0.7546116709709167, 0.7720971703529358, 0.7480080723762512, 0.7757619023323059, 0.759426474571228, 0.76877361536026, 0.7439687252044678, 0.7277299165725708, 0.7632660269737244, 0.7462218403816223, 0.7334409952163696, 0.7291926145553589, 0.7356184720993042, 0.7127902507781982, 0.7295960187911987, 0.719719409942627, 0.7301332950592041, 0.7299371361732483, 0.7032298445701599, 0.7130117416381836, 0.6994243264198303, 0.6898629665374756, 0.6858670711517334, 0.6906242370605469, 0.6856144666671753, 0.6774142980575562], "testRumorAcc": [0.2857142857142857, 0.2857142857142857, 0.35714285714285715, 0.42857142857142855, 0.39285714285714285, 0.4642857142857143, 0.4642857142857143, 0.4642857142857143, 0.4642857142857143, 0.5, 0.5, 0.5, 0.5, 0.5, 0.5, 0.5, 0.5, 0.5, 0.5, 0.5], "testRumorF1": [0.14814814814814817, 0.14814814814814817, 0.273015873015873, 0.3543936092955701, 0.3333333333333333, 0.4000000000000001, 0.4000000000000001, 0.4000000000000001, 0.4000000000000001, 0.4278812974465149, 0.4278812974465149, 0.4278812974465149, 0.4278812974465149, 0.42236024844720504, 0.42236024844720504, 0.42236024844720504, 0.42236024844720504, 0.42236024844720504, 0.42236024844720504, 0.42236024844720504], "testLoss": [1.2751789093017578, 1.3428398370742798, 1.3541384935379028, 1.367620825767517, 1.3810362815856934, 1.389548659324646, 1.4223123788833618, 1.4319549798965454, 1.4486764669418335, 1.451339840888977, 1.4061352014541626, 1.4027190208435059, 1.4290502071380615, 1.3570300340652466, 1.3581792116165161, 1.333992600440979, 1.2872796058654785, 1.323272943496704, 1.2571163177490234, 1.2493594884872437]}