{"epoch": 130, "macroF1Rumor": 0.5238746438746439, "accRumor": 0.5714285714285714, "loss": 1.255705714225769, "trainRumorAcc": [0.3639705882352941, 0.4485294117647059, 0.4852941176470588, 0.4742647058823529, 0.47794117647058826, 0.4889705882352941, 0.47794117647058826, 0.4963235294117647, 0.5147058823529411, 0.5110294117647058, 0.5110294117647058, 0.5073529411764706, 0.5110294117647058, 0.5367647058823529, 0.5477941176470589, 0.5330882352941176, 0.5441176470588235, 0.5257352941176471, 0.5514705882352942, 0.5441176470588235, 0.5147058823529411, 0.5588235294117647, 0.5477941176470589, 0.5551470588235294, 0.5404411764705882, 0.5625, 0.5330882352941176, 0.5294117647058824, 0.5477941176470589, 0.5404411764705882, 0.5625, 0.5625, 0.5477941176470589, 0.5514705882352942, 0.5551470588235294, 0.5514705882352942, 0.5477941176470589, 0.5772058823529411, 0.5588235294117647, 0.5625, 0.5625, 0.6029411764705882, 0.5772058823529411, 0.5661764705882353, 0.5845588235294118, 0.5919117647058824, 0.5919117647058824, 0.5955882352941176, 0.6139705882352942, 0.5882352941176471, 0.5992647058823529, 0.6176470588235294, 0.6397058823529411, 0.6066176470588235, 0.5919117647058824, 0.6176470588235294, 0.6102941176470589, 0.6286764705882353, 0.625, 0.6323529411764706, 0.625, 0.6470588235294118, 0.6286764705882353, 0.6470588235294118, 0.6507352941176471, 0.6323529411764706, 0.6323529411764706, 0.6470588235294118, 0.6617647058823529, 0.6433823529411765, 0.6544117647058824, 0.6544117647058824, 0.6507352941176471, 0.6764705882352942, 0.6580882352941176, 0.6544117647058824, 0.6507352941176471, 0.6544117647058824, 0.6764705882352942, 0.6875, 0.6580882352941176, 0.6691176470588235, 0.6875, 0.6727941176470589, 0.6801470588235294, 0.6911764705882353, 0.6764705882352942, 0.6875, 0.6948529411764706, 0.6801470588235294, 0.6654411764705882, 0.7132352941176471, 0.7022058823529411, 0.7095588235294118, 0.7022058823529411, 0.7242647058823529, 0.7169117647058824, 0.7058823529411765, 0.7022058823529411, 0.7058823529411765, 0.7022058823529411, 0.6875, 0.7205882352941176, 0.6911764705882353, 0.7169117647058824, 0.7132352941176471, 0.7095588235294118, 0.7132352941176471, 0.7132352941176471, 0.7242647058823529, 0.7242647058823529, 0.7132352941176471, 0.7352941176470589, 0.7536764705882353, 0.7389705882352942, 0.7316176470588235, 0.7205882352941176, 0.7573529411764706, 0.7647058823529411, 0.7316176470588235, 0.75, 0.7536764705882353, 0.7463235294117647, 0.7573529411764706, 0.7610294117647058, 0.7426470588235294, 0.7536764705882353, 0.7573529411764706, 0.7463235294117647, 0.7757352941176471, 0.7757352941176471, 0.7536764705882353, 0.7794117647058824, 0.7757352941176471, 0.7904411764705882, 0.7610294117647058, 0.7720588235294118, 0.7904411764705882, 0.7794117647058824, 0.7941176470588235, 0.8198529411764706, 0.7830882352941176, 0.7794117647058824, 0.7977941176470589, 0.7757352941176471, 0.7794117647058824, 0.7977941176470589, 0.8161764705882353, 0.7977941176470589, 0.8014705882352942, 0.8198529411764706, 0.8272058823529411, 0.8455882352941176, 0.8272058823529411, 0.8198529411764706, 0.8308823529411765, 0.8345588235294118, 0.8345588235294118, 0.8161764705882353, 0.8014705882352942, 0.8382352941176471, 0.8272058823529411, 0.8382352941176471, 0.8235294117647058, 0.8382352941176471, 0.8492647058823529, 0.8492647058823529, 0.8492647058823529, 0.8198529411764706, 0.8345588235294118, 0.8529411764705882, 0.8455882352941176, 0.8529411764705882, 0.8639705882352942, 0.8492647058823529, 0.8676470588235294, 0.8455882352941176, 0.8676470588235294, 0.875, 0.8419117647058824], "trainRumorF1": [0.2306725794530673, 0.3218280600830936, 0.2883159033537685, 0.23286024805012148, 0.24526477257569693, 0.27414909249771635, 0.2504273504273504, 0.27308116048475944, 0.3209477174868352, 0.29769252154573256, 0.3159514472455649, 0.313903743315508, 0.3159514472455649, 0.36131288673661555, 0.3742051565151608, 0.3569291046036411, 0.36753527682344506, 0.35566316922249125, 0.39392136447022663, 0.3894253640514275, 0.36085728936914235, 0.3984108331934419, 0.38060428849902533, 0.39836836037953355, 0.390271654103257, 0.40163224035822614, 0.37802429229111567, 0.38036465638148664, 0.38504621257785815, 0.39112998348667133, 0.4028402366863905, 0.4052433915932399, 0.3919275312464167, 0.3994679436020217, 0.3992970292262507, 0.39785995093257664, 0.3928554496752478, 0.41798371647509586, 0.4066889632107023, 0.4032768526633557, 0.40704896721074685, 0.43957456755493224, 0.417095483133219, 0.409119360585488, 0.4252136752136752, 0.4280651340996169, 0.42770324504070634, 0.4334365325077399, 0.4482085000952926, 0.4282142014626091, 0.43643987040213444, 0.4496408045977011, 0.46797399744296175, 0.440410474168436, 0.43312295465170636, 0.44717079610696636, 0.44558508141890485, 0.4605662285136502, 0.4578792384617627, 0.4613643003213555, 0.45673682639199886, 0.47463510848126234, 0.4620761477768167, 0.4749327202409595, 0.4791226981171115, 0.4642060732294259, 0.4643558740110465, 0.4763349222398768, 0.4856108252334667, 0.4719196320503509, 0.4913482360290426, 0.49192570911011096, 0.4786991985837091, 0.5096663226694187, 0.48574195110142826, 0.48205403791610685, 0.490234361405194, 0.48228128460686603, 0.49789397240377636, 0.5063315518320574, 0.4970285465085596, 0.5038775258531085, 0.5090077276821695, 0.5087104577037774, 0.5249484684393074, 0.5216374269005849, 0.5118902666133937, 0.5307454270230295, 0.5254049292673044, 0.5126152419240243, 0.5127471111869595, 0.5409576670849069, 0.5313108891355285, 0.5359607609636969, 0.5304020177273346, 0.5599432825239277, 0.5629080801111878, 0.5356418943375465, 0.5518555518555518, 0.5661268802502188, 0.5512393371086793, 0.5416990416990417, 0.577548125633232, 0.5351808685142019, 0.5728440092365784, 0.5708638810933181, 0.5690349346315178, 0.5894141142597479, 0.5700287366954033, 0.6060879782624661, 0.5964876730834178, 0.5624304926936506, 0.6134698566134011, 0.6348208579846998, 0.6014492034056653, 0.5950860433390496, 0.5762410276512206, 0.6463278440166288, 0.6392509201125786, 0.6029635000113284, 0.6264955068483536, 0.6496765446040809, 0.6600039557689831, 0.6459754493771546, 0.6644028099861342, 0.643556616194865, 0.6601105088500047, 0.655220781113378, 0.6465976913641274, 0.6623631858747684, 0.6822050290135397, 0.6360251136609656, 0.7102677630191861, 0.7088178254647142, 0.6952274704483096, 0.6623510974120731, 0.6607442241850844, 0.7105343245945828, 0.6950331593924978, 0.7092803030303031, 0.7544355212534186, 0.7134044960131917, 0.6949220680076107, 0.735895494131011, 0.7066236279681125, 0.7018831231993764, 0.7174784421161231, 0.741426789839606, 0.7115988042244915, 0.7271252204585538, 0.7509739286784537, 0.7660430287012566, 0.7869281204108636, 0.7575825322304196, 0.7466643408272305, 0.7552768487551097, 0.78227380184827, 0.778138273989546, 0.7501072825949766, 0.7377769289533994, 0.7774153466090891, 0.7737119695882582, 0.7836173166729773, 0.7549721815336091, 0.7857086740420073, 0.805161767599412, 0.8036241705009642, 0.7888804745677143, 0.7568833725901789, 0.7777407323971866, 0.8088057773526215, 0.7982302336112367, 0.8063029029459289, 0.8030750923469766, 0.7994699123430467, 0.8147619047619047, 0.8030602653776199, 0.8287341500107458, 0.8269468010400652, 0.7943627450980392],