{"epoch": 110, "macroF1Rumor": 0.7337586390217968, "accRumor": 0.7142857142857143, "loss": 0.8903295397758484, "trainRumorAcc": [0.44485294117647056, 0.4632352941176471, 0.46691176470588236, 0.46691176470588236, 0.46691176470588236, 0.49264705882352944, 0.5036764705882353, 0.5257352941176471, 0.5183823529411765, 0.5441176470588235, 0.5330882352941176, 0.5588235294117647, 0.5661764705882353, 0.5772058823529411, 0.5588235294117647, 0.5735294117647058, 0.5845588235294118, 0.5661764705882353, 0.5698529411764706, 0.5772058823529411, 0.5919117647058824, 0.5661764705882353, 0.5955882352941176, 0.5808823529411765, 0.5845588235294118, 0.5772058823529411, 0.5919117647058824, 0.5955882352941176, 0.5919117647058824, 0.5551470588235294, 0.5772058823529411, 0.5698529411764706, 0.5882352941176471, 0.5882352941176471, 0.6102941176470589, 0.6102941176470589, 0.6029411764705882, 0.6213235294117647, 0.6286764705882353, 0.6066176470588235, 0.6323529411764706, 0.6213235294117647, 0.625, 0.6617647058823529, 0.6617647058823529, 0.6544117647058824, 0.6470588235294118, 0.6323529411764706, 0.6617647058823529, 0.6580882352941176, 0.6691176470588235, 0.6617647058823529, 0.7022058823529411, 0.6801470588235294, 0.6801470588235294, 0.6654411764705882, 0.6691176470588235, 0.6911764705882353, 0.7058823529411765, 0.7095588235294118, 0.7242647058823529, 0.6801470588235294, 0.6801470588235294, 0.7022058823529411, 0.6948529411764706, 0.7058823529411765, 0.7205882352941176, 0.7095588235294118, 0.7426470588235294, 0.6875, 0.7132352941176471, 0.7132352941176471, 0.6948529411764706, 0.7279411764705882, 0.7279411764705882, 0.7169117647058824, 0.7463235294117647, 0.6948529411764706, 0.7316176470588235, 0.7867647058823529, 0.7352941176470589, 0.7463235294117647, 0.7536764705882353, 0.7352941176470589, 0.7389705882352942, 0.7389705882352942, 0.7463235294117647, 0.7389705882352942, 0.7573529411764706, 0.7463235294117647, 0.7352941176470589, 0.7536764705882353, 0.7610294117647058, 0.7536764705882353, 0.7794117647058824, 0.7536764705882353, 0.7830882352941176, 0.7757352941176471, 0.7904411764705882, 0.7720588235294118, 0.7830882352941176, 0.7794117647058824, 0.7941176470588235, 0.7720588235294118, 0.7647058823529411, 0.7463235294117647, 0.7647058823529411, 0.7610294117647058, 0.7977941176470589, 0.8051470588235294, 0.7977941176470589, 0.7683823529411765, 0.7830882352941176, 0.8272058823529411, 0.8088235294117647, 0.8419117647058824, 0.8308823529411765, 0.8051470588235294, 0.7977941176470589, 0.7941176470588235, 0.8272058823529411, 0.7867647058823529, 0.7757352941176471, 0.8125, 0.8125, 0.8235294117647058, 0.8566176470588235, 0.8235294117647058, 0.8382352941176471, 0.8235294117647058, 0.8308823529411765, 0.8235294117647058, 0.8382352941176471, 0.8198529411764706, 0.8382352941176471, 0.8345588235294118, 0.8419117647058824, 0.8455882352941176, 0.8602941176470589, 0.8566176470588235, 0.8455882352941176, 0.8529411764705882, 0.8382352941176471, 0.8566176470588235, 0.8676470588235294, 0.8602941176470589, 0.8786764705882353, 0.8639705882352942, 0.8345588235294118, 0.875, 0.8676470588235294, 0.8529411764705882, 0.8639705882352942, 0.8860294117647058, 0.8897058823529411, 0.8566176470588235, 0.8786764705882353, 0.8455882352941176, 0.8823529411764706, 0.8713235294117647], "trainRumorF1": [0.24220410531488487, 0.21105527638190955, 0.21219715956558063, 0.21219715956558063, 0.21219715956558063, 0.2713804058873111, 0.30137444505260597, 0.3297197250132205, 0.32302436125965533, 0.361525704809287, 0.3406486867618544, 0.3880315762668704, 0.38997039738085437, 0.40953354757035737, 0.39085350660303214, 0.40641884120144983, 0.41639729650308555, 0.40027605244996556, 0.4099119271533065, 0.41463992793817855, 0.42090202941266774, 0.4063255593981851, 0.42798029556650247, 0.41764567114885587, 0.4209838843485782, 0.41273946360153263, 0.42596435222133544, 0.43014846743295015, 0.42717267009719845, 0.3977510958643034, 0.4270066093595506, 0.41042051865547813, 0.4242979242979243, 0.44439357933522183, 0.4406989237630478, 0.4549752649597851, 0.4355295439094322, 0.4727813255500552, 0.49955982268622096, 0.44542959544174116, 0.5035143015665026, 0.46856738223017297, 0.4862948889809804, 0.5241804090405826, 0.5429037435923989, 0.5478131156768927, 0.5398848588950559, 0.5359310242088312, 0.5525669622706854, 0.5802396045856407, 0.5784859202291376, 0.5570039904518295, 0.6138111569494838, 0.5955860752056404, 0.5909134941393006, 0.5783430388132411, 0.586013986013986, 0.6399047120484106, 0.6274452652562105, 0.6301060414329684, 0.652093869293391, 0.6002736812880308, 0.6140215125722371, 0.633228221054308, 0.6284609954557201, 0.6278287435468447, 0.6490571631021069, 0.6269258838224356, 0.6848966137249026, 0.616859245891504, 0.6285000636375208, 0.6434140163242331, 0.6411357378970335, 0.6586042034588644, 0.662310405643739, 0.6336432008700916, 0.6934320772008311, 0.6315717315899463, 0.6728006992270593, 0.7354918252479229, 0.6597349898787305, 0.6819602881687871, 0.682839477667462, 0.6667651138855327, 0.6579719729254214, 0.664757969797955, 0.6871169057731051, 0.6779984721161192, 0.7028442201608877, 0.6713857523138791, 0.6688184744163914, 0.6961113101065819, 0.7078194783724431, 0.7028444174973046, 0.720544487930579, 0.6934143870314083, 0.7223484242521195, 0.726456401538852, 0.7411574681394448, 0.7075793171342909, 0.7343553565775789, 0.71889338731444, 0.748704613174104, 0.7151683831003203, 0.7144171898008214, 0.6897497998438272, 0.7052913543594724, 0.7064338874863507, 0.7482386577936316, 0.7491460719308821, 0.7580661894387384, 0.7088369070825212, 0.7302475917302923, 0.7873851294903926, 0.7574100102481077, 0.7950977786917289, 0.7959682957780613, 0.7648818816033498, 0.7576379948944615, 0.7363684463684463, 0.7846362088378225, 0.735001092635636, 0.733073279465032, 0.7617886178861788, 0.7663942585838996, 0.7823416170279639, 0.8180334230500846, 0.7854294834073361, 0.793615517367996, 0.7733361219771178, 0.792648495979858, 0.7786882937681282, 0.8018527241325168, 0.7841037844728698, 0.808405786334479, 0.8016984117446774, 0.800294471403094, 0.8019273557166057, 0.8293064652302795, 0.8410018231501089, 0.8149734584976599, 0.8157933930530431, 0.7999469666136333, 0.8270807833537331, 0.8486384500577285, 0.8297104130437464, 0.8498047075752905, 0.8293989070064134, 0.7983009695757505, 0.844731744016345, 0.8290814506197707, 0.8170606696922486, 0.837847614675853, 0.8680350624628773, 0.8653908509188123, 0.8297645823961614, 0.8568994682584251, 0.8136642136642136, 0.8582999820342572, 0.8545001165730687],