{"epoch": 135, "macroF1Rumor": 0.6378446115288221, "accRumor": 0.6428571428571429, "loss": 1.267960786819458, "trainRumorAcc": [0.4632352941176471, 0.46691176470588236, 0.46691176470588236, 0.46691176470588236, 0.4742647058823529, 0.46691176470588236, 0.48161764705882354, 0.4889705882352941, 0.5110294117647058, 0.4889705882352941, 0.5294117647058824, 0.5441176470588235, 0.5477941176470589, 0.5220588235294118, 0.5367647058823529, 0.5514705882352942, 0.5404411764705882, 0.5735294117647058, 0.5625, 0.5661764705882353, 0.5625, 0.5735294117647058, 0.5661764705882353, 0.5661764705882353, 0.5919117647058824, 0.5808823529411765, 0.5992647058823529, 0.5845588235294118, 0.5845588235294118, 0.5772058823529411, 0.5955882352941176, 0.5919117647058824, 0.6066176470588235, 0.6102941176470589, 0.5955882352941176, 0.6029411764705882, 0.5955882352941176, 0.5919117647058824, 0.6066176470588235, 0.5992647058823529, 0.6102941176470589, 0.6139705882352942, 0.5992647058823529, 0.6213235294117647, 0.625, 0.6360294117647058, 0.6286764705882353, 0.6102941176470589, 0.6360294117647058, 0.6360294117647058, 0.6470588235294118, 0.6397058823529411, 0.6139705882352942, 0.6544117647058824, 0.6617647058823529, 0.6470588235294118, 0.6323529411764706, 0.6764705882352942, 0.6544117647058824, 0.6654411764705882, 0.6544117647058824, 0.6654411764705882, 0.6727941176470589, 0.6838235294117647, 0.6654411764705882, 0.6764705882352942, 0.6948529411764706, 0.6727941176470589, 0.6764705882352942, 0.6691176470588235, 0.6875, 0.6838235294117647, 0.6838235294117647, 0.7132352941176471, 0.6838235294117647, 0.7022058823529411, 0.7058823529411765, 0.7022058823529411, 0.6801470588235294, 0.7022058823529411, 0.7169117647058824, 0.7095588235294118, 0.7095588235294118, 0.7022058823529411, 0.7058823529411765, 0.7022058823529411, 0.7132352941176471, 0.7169117647058824, 0.7169117647058824, 0.7132352941176471, 0.7279411764705882, 0.7279411764705882, 0.7352941176470589, 0.7279411764705882, 0.7316176470588235, 0.7205882352941176, 0.7426470588235294, 0.7463235294117647, 0.7205882352941176, 0.7352941176470589, 0.7573529411764706, 0.7536764705882353, 0.7169117647058824, 0.75, 0.7573529411764706, 0.7463235294117647, 0.7573529411764706, 0.7463235294117647, 0.7610294117647058, 0.7830882352941176, 0.7610294117647058, 0.7573529411764706, 0.7683823529411765, 0.75, 0.7794117647058824, 0.7794117647058824, 0.7830882352941176, 0.7867647058823529, 0.7904411764705882, 0.7941176470588235, 0.8125, 0.7867647058823529, 0.8088235294117647, 0.8125, 0.8161764705882353, 0.8088235294117647, 0.8492647058823529, 0.8088235294117647, 0.8308823529411765, 0.8308823529411765, 0.8161764705882353, 0.8198529411764706, 0.8345588235294118, 0.8235294117647058, 0.8345588235294118, 0.8308823529411765, 0.8272058823529411, 0.8529411764705882, 0.8676470588235294, 0.8602941176470589, 0.8529411764705882, 0.875, 0.875, 0.875, 0.8860294117647058, 0.9007352941176471, 0.8823529411764706, 0.8529411764705882, 0.8970588235294118, 0.8897058823529411, 0.8933823529411765, 0.9007352941176471, 0.8933823529411765, 0.9117647058823529, 0.9264705882352942, 0.9301470588235294, 0.9264705882352942, 0.9301470588235294, 0.9375, 0.9264705882352942, 0.9154411764705882, 0.9558823529411765, 0.9448529411764706, 0.9485294117647058, 0.9338235294117647, 0.9411764705882353, 0.9448529411764706, 0.9448529411764706, 0.9227941176470589, 0.9338235294117647, 0.9595588235294118, 0.9411764705882353, 0.9595588235294118, 0.9595588235294118, 0.9742647058823529, 0.9522058823529411, 0.9595588235294118, 0.9705882352941176, 0.9485294117647058, 0.9779411764705882, 0.9669117647058824, 0.9595588235294118, 0.9705882352941176, 0.9448529411764706, 0.9522058823529411], "trainRumorF1": [0.21105527638190955, 0.21219715956558063, 0.21219715956558063, 0.21219715956558063, 0.2270118673556831, 0.21219715956558063, 0.2469654528478058, 0.2552020808323329, 0.2975378787878788, 0.2650910977112105, 0.33452484742807326, 0.3542520491803279, 0.3638042474607572, 0.3457905878521413, 0.35919774195299353, 0.3760683760683761, 0.360684973148242, 0.407169253510717, 0.3938198553583168, 0.3947635750292296, 0.400556765916243, 0.4056409483624674, 0.4029980276134122, 0.39943741209563993, 0.42391217046935914, 0.41740093408445283, 0.43047800959937305, 0.4203582667634955, 0.4244039270687237, 0.4132791327913279, 0.4292936588184313, 0.4218362896100927, 0.43862208056470925, 0.4427613412228797, 0.4293748174116272, 0.43538806115493234, 0.42800215001946135, 0.43165030388031794, 0.43881656804733726, 0.4359513791491352, 0.4429783334811268, 0.44481262327416166, 0.4363736463256784, 0.4535576586049772, 0.45515099796140895, 0.46529671413379914, 0.45848595848595847, 0.44591072010426847, 0.46530669618540577, 0.46363328521271097, 0.4743516806523491, 0.46906319247654865, 0.45167805644971565, 0.48123910023351363, 0.4870316500897072, 0.4759872943630588, 0.46470343593863056, 0.4994073863366994, 0.48062069364831217, 0.49053724053724057, 0.4814661515820456, 0.4893533848417954, 0.49441431418903264, 0.515636888766276, 0.48953653106658573, 0.49906903132709585, 0.5227604687099011, 0.49548480193641486, 0.5102000396118044, 0.4902858199553875, 0.5297982440839583, 0.5036693432666233, 0.5277142563670079, 0.5379300165260983, 0.5164316239316239, 0.5401135621906066, 0.5441399820431662, 0.5397927519838847, 0.5114226407500329, 0.5288055026838675, 0.5707442838027029, 0.5559594829729058, 0.5667431259254958, 0.5396058311024062, 0.5646876055386693, 0.5590324751212947, 0.5778221778221778, 0.5635804004477055, 0.5812240332374561, 0.5401023052535993, 0.5799222673457626, 0.598249181680097, 0.6197440171017591, 0.6004550708325013, 0.5821352596021226, 0.5920186453576864, 0.6254096409805753, 0.6137205880476383, 0.609127055898624, 0.6365657374060735, 0.6201588515161993, 0.6345041417645526, 0.6050858291951383, 0.6634618724937084, 0.6627652898759343, 0.6040344030908421, 0.6510906555216552, 0.6489359985802559, 0.6489341171845684, 0.7052135841720771, 0.672441610229961, 0.6448378010878011, 0.6794500693365412, 0.6369880355524076, 0.697617099143518, 0.694330027968472, 0.7019387422613228, 0.7091737616590845, 0.6840956453003737, 0.7352477024527188, 0.7359344704065202, 0.7087787539736176, 0.7368870895186684, 0.744649446494465, 0.7528877936200592, 0.7299693629081291, 0.7907951834586843, 0.7441750841750842, 0.7709321209410384, 0.7704620808134292, 0.7488793925604998, 0.7487609394677458, 0.7714064933378086, 0.757157725423408, 0.7723558659231173, 0.7662589522238644, 0.775156953328595, 0.803637834989461, 0.828490346098293, 0.8169511341313377, 0.8162132291345775, 0.839837938568424, 0.8451938241416594, 0.8372895207134071, 0.84614313561682, 0.8792891390768013, 0.8488005050505051, 0.8122491731362699, 0.869670158687907, 0.8615830833967598, 0.8631679638574554, 0.8757172072683265, 0.8676556272069265, 0.8819938076257662, 0.9105195420984895, 0.9130443832978813, 0.908091339545606, 0.9121953691037138, 0.9213588588588588, 0.9065032577438035, 0.8912902010480529, 0.9430450532504396, 0.9272205753184014, 0.9363438503842482, 0.9147873776093262, 0.9313036326105086, 0.9260264002189343, 0.9292197730794222, 0.9067226256405431, 0.9179969336219336, 0.9482756452371816, 0.9254776666652899, 0.9474538442580179, 0.948313492063492, 0.9663573406459506, 0.9374711002311981, 0.9480647295773346, 0.9646457101359062, 0.9326448641560926, 0.9731202635227403, 0.9588636770497673, 0.945629032578605, 0.960563238453276, 0.9300608848279271, 0.9386929640966334],