{"epoch": 135, "macroF1Rumor": 0.6126984126984127, "accRumor": 0.6071428571428571, "loss": 1.6120864152908325, "trainRumorAcc": [0.4117647058823529, 0.46691176470588236, 0.46691176470588236, 0.46691176470588236, 0.46691176470588236, 0.47794117647058826, 0.46691176470588236, 0.4632352941176471, 0.5294117647058824, 0.5294117647058824, 0.5220588235294118, 0.5183823529411765, 0.5330882352941176, 0.5735294117647058, 0.5294117647058824, 0.5625, 0.5367647058823529, 0.5588235294117647, 0.5772058823529411, 0.5661764705882353, 0.5551470588235294, 0.5661764705882353, 0.5551470588235294, 0.5625, 0.5698529411764706, 0.5588235294117647, 0.5845588235294118, 0.5625, 0.5845588235294118, 0.5698529411764706, 0.5735294117647058, 0.5845588235294118, 0.5808823529411765, 0.5845588235294118, 0.5772058823529411, 0.5882352941176471, 0.5992647058823529, 0.5992647058823529, 0.5808823529411765, 0.5882352941176471, 0.6066176470588235, 0.5919117647058824, 0.5845588235294118, 0.6029411764705882, 0.6139705882352942, 0.6286764705882353, 0.625, 0.6102941176470589, 0.6286764705882353, 0.6544117647058824, 0.6470588235294118, 0.6654411764705882, 0.6617647058823529, 0.6838235294117647, 0.6727941176470589, 0.6801470588235294, 0.6801470588235294, 0.6654411764705882, 0.6985294117647058, 0.6911764705882353, 0.6985294117647058, 0.7132352941176471, 0.7095588235294118, 0.7095588235294118, 0.7132352941176471, 0.7022058823529411, 0.7169117647058824, 0.7242647058823529, 0.7352941176470589, 0.7095588235294118, 0.7242647058823529, 0.7279411764705882, 0.7389705882352942, 0.7279411764705882, 0.75, 0.75, 0.7316176470588235, 0.75, 0.7426470588235294, 0.7426470588235294, 0.7647058823529411, 0.7647058823529411, 0.7536764705882353, 0.7720588235294118, 0.7536764705882353, 0.7573529411764706, 0.7573529411764706, 0.7941176470588235, 0.7757352941176471, 0.7573529411764706, 0.8014705882352942, 0.7683823529411765, 0.7904411764705882, 0.7904411764705882, 0.7941176470588235, 0.7941176470588235, 0.7941176470588235, 0.8161764705882353, 0.8014705882352942, 0.8198529411764706, 0.8088235294117647, 0.7941176470588235, 0.8198529411764706, 0.8272058823529411, 0.8198529411764706, 0.8235294117647058, 0.8419117647058824, 0.8161764705882353, 0.8345588235294118, 0.8492647058823529, 0.8419117647058824, 0.8419117647058824, 0.8308823529411765, 0.8455882352941176, 0.8566176470588235, 0.8676470588235294, 0.8786764705882353, 0.8713235294117647, 0.8419117647058824, 0.875, 0.8713235294117647, 0.8566176470588235, 0.8676470588235294, 0.8713235294117647, 0.875, 0.8492647058823529, 0.8860294117647058, 0.8713235294117647, 0.875, 0.875, 0.8823529411764706, 0.8860294117647058, 0.8897058823529411, 0.9007352941176471, 0.9044117647058824, 0.9007352941176471, 0.9117647058823529, 0.8970588235294118, 0.9007352941176471, 0.8970588235294118, 0.9080882352941176, 0.9117647058823529, 0.8970588235294118, 0.9264705882352942, 0.9191176470588235, 0.9117647058823529, 0.9154411764705882, 0.8933823529411765, 0.9191176470588235, 0.9154411764705882, 0.9227941176470589, 0.9375, 0.9191176470588235, 0.9375, 0.9264705882352942, 0.9338235294117647, 0.9154411764705882, 0.9301470588235294, 0.9485294117647058, 0.9301470588235294, 0.9411764705882353, 0.9375, 0.9375, 0.9375, 0.9338235294117647, 0.9669117647058824, 0.9338235294117647, 0.9632352941176471, 0.9522058823529411, 0.9485294117647058, 0.9632352941176471, 0.9558823529411765, 0.9558823529411765, 0.9485294117647058, 0.9558823529411765, 0.9595588235294118, 0.9558823529411765, 0.9742647058823529, 0.9558823529411765, 0.9595588235294118, 0.9595588235294118, 0.9742647058823529, 0.9705882352941176, 0.9705882352941176, 0.9779411764705882], "trainRumorF1": [0.3037789732350402, 0.21219715956558063, 0.21219715956558063, 0.21219715956558063, 0.21219715956558063, 0.23421287707001992, 0.21219715956558063, 0.2172404315261458, 0.3293054327537086, 0.3428571428571428, 0.3187134502923976, 0.3227350275851373, 0.3454007285974499, 0.4024994449202271, 0.37133720065446973, 0.38729172062505396, 0.38325510832977766, 0.38762965077552575, 0.40680052018904433, 0.4010840108401084, 0.3960596531351248, 0.4029980276134122, 0.39184017286527856, 0.40401253918495295, 0.4095197255574614, 0.3991860695442349, 0.41893491124260357, 0.40509770003353757, 0.42088316194074626, 0.40897004183698576, 0.4100447196422428, 0.4218016973274999, 0.4204072746956619, 0.4209838843485782, 0.4182773492430527, 0.42338479130931955, 0.43136554221459883, 0.4313640521931725, 0.42182322838060554, 0.42789598108747046, 0.43862208056470925, 0.42905003280554155, 0.4244039270687237, 0.4352400211854206, 0.4585567428389445, 0.4815014213110518, 0.48620554061311205, 0.46674607243943983, 0.4797594533568131, 0.49886039886039885, 0.5244751928962456, 0.537298861746474, 0.5459709055246812, 0.57896332948111, 0.553838336950658, 0.5748999847304931, 0.5570642464691408, 0.5391894028112489, 0.5966884149350293, 0.5603381938965353, 0.6256700121985096, 0.639739143710877, 0.631303789185742, 0.627885027885028, 0.6288035635861723, 0.6198226483940771, 0.6382317898298205, 0.6314522836261967, 0.6628523576049813, 0.6237706007442849, 0.6554261452448981, 0.6587603964340853, 0.6598902245495178, 0.6616569142364452, 0.6893610633477989, 0.6822421276202789, 0.6754569973029668, 0.6841473341473342, 0.673980925546183, 0.6922221245547777, 0.6999872212638171, 0.7107204137055234, 0.6835705591574136, 0.7209362322265548, 0.6926533530349978, 0.7101592565510092, 0.7005640106677434, 0.7440643095798283, 0.7311595635604121, 0.7130543274180848, 0.7609424569479257, 0.7147833607288275, 0.7394881330824391, 0.7472023007522406, 0.7452951374852903, 0.7484196339289596, 0.7588615630206185, 0.7749663210917824, 0.7612555975827138, 0.7766138179295474, 0.7699315950557909, 0.7613124074589787, 0.7799063656271238, 0.8005418758466809, 0.7811311228611295, 0.7914230019493177, 0.8070664841719365, 0.7848202026262968, 0.8105902555764629, 0.8201019144401442, 0.8113153253504132, 0.809108828716672, 0.8021252958113209, 0.8100399359401389, 0.8277160925569738, 0.8383101064086972, 0.8567747762105878, 0.845419069615103, 0.8077710706701033, 0.8541666666666666, 0.8435417669934537, 0.8266613423846129, 0.8442369430741524, 0.8447376995764092, 0.8516451088493073, 0.8167007931932488, 0.8570927590635188, 0.8508701438241898, 0.8481673383227788, 0.8518808777429467, 0.8560289158214145, 0.8576809923792682, 0.8693955273555206, 0.8766534982364891, 0.8805274269538336, 0.8784977703455964, 0.8887779554179395, 0.8717178279465108, 0.8761750777495051, 0.8677529834932085, 0.8852088105930361, 0.8913313113583445, 0.8708387170873174, 0.908701687833306, 0.9029273195939863, 0.8896650731823742, 0.8946047606741896, 0.8713006576103033, 0.9013546541114404, 0.8957932499599167, 0.9044127016633672, 0.921819876341153, 0.9017572433888613, 0.9236547992114543, 0.908701687833306, 0.9175720048785064, 0.8943707130971225, 0.9113293326059283, 0.9363503246304737, 0.9187863208650437, 0.9282582772166105, 0.9245914170522499, 0.9214148971327552, 0.9196481401970774, 0.915367748701082, 0.9593687129290845, 0.9180200739379195, 0.9535256530868751, 0.9395662411615481, 0.9313418681839734, 0.951775107058986, 0.9483553279712423, 0.9450434121016827, 0.9382273310445655, 0.9483326655846875, 0.950967707064824, 0.9470752043507463, 0.9700654515975994, 0.9474986142343979, 0.9544946860142836, 0.9469995240038079, 0.9682705648048694, 0.9661027196630911, 0.9628536935433202, 0.9725282368053739],