{"epoch": 145, "macroF1Rumor": 0.6126385336743393, "accRumor": 0.6071428571428571, "loss": 1.0383151769638062, "trainRumorAcc": [0.4852941176470588, 0.48161764705882354, 0.4632352941176471, 0.4632352941176471, 0.47794117647058826, 0.47794117647058826, 0.47794117647058826, 0.48161764705882354, 0.4852941176470588, 0.4889705882352941, 0.5147058823529411, 0.5110294117647058, 0.5625, 0.5367647058823529, 0.5441176470588235, 0.5330882352941176, 0.5404411764705882, 0.5625, 0.5477941176470589, 0.5404411764705882, 0.5661764705882353, 0.5588235294117647, 0.5735294117647058, 0.5735294117647058, 0.5698529411764706, 0.5772058823529411, 0.5808823529411765, 0.5661764705882353, 0.5772058823529411, 0.5735294117647058, 0.5661764705882353, 0.5919117647058824, 0.5735294117647058, 0.5625, 0.5919117647058824, 0.5735294117647058, 0.5772058823529411, 0.5919117647058824, 0.5698529411764706, 0.5992647058823529, 0.5919117647058824, 0.5882352941176471, 0.5955882352941176, 0.6066176470588235, 0.5955882352941176, 0.6213235294117647, 0.6066176470588235, 0.6102941176470589, 0.625, 0.6176470588235294, 0.6176470588235294, 0.6286764705882353, 0.625, 0.6176470588235294, 0.6323529411764706, 0.6066176470588235, 0.6360294117647058, 0.6433823529411765, 0.6360294117647058, 0.6433823529411765, 0.6286764705882353, 0.6654411764705882, 0.6397058823529411, 0.6433823529411765, 0.6470588235294118, 0.6544117647058824, 0.6764705882352942, 0.6580882352941176, 0.6507352941176471, 0.6727941176470589, 0.6764705882352942, 0.6691176470588235, 0.6801470588235294, 0.6764705882352942, 0.6727941176470589, 0.6875, 0.6801470588235294, 0.6948529411764706, 0.6875, 0.6948529411764706, 0.7095588235294118, 0.6838235294117647, 0.7022058823529411, 0.7279411764705882, 0.7205882352941176, 0.7352941176470589, 0.7279411764705882, 0.7132352941176471, 0.7279411764705882, 0.7389705882352942, 0.7536764705882353, 0.7205882352941176, 0.7536764705882353, 0.7536764705882353, 0.7683823529411765, 0.7683823529411765, 0.7647058823529411, 0.7683823529411765, 0.7720588235294118, 0.7830882352941176, 0.7610294117647058, 0.7573529411764706, 0.7941176470588235, 0.7867647058823529, 0.7794117647058824, 0.8014705882352942, 0.7867647058823529, 0.8235294117647058, 0.7941176470588235, 0.8051470588235294, 0.7904411764705882, 0.8088235294117647, 0.7830882352941176, 0.8125, 0.7904411764705882, 0.8125, 0.8125, 0.8125, 0.8088235294117647, 0.8161764705882353, 0.8235294117647058, 0.8455882352941176, 0.8198529411764706, 0.8161764705882353, 0.8235294117647058, 0.8161764705882353, 0.8345588235294118, 0.8382352941176471, 0.8161764705882353, 0.8529411764705882, 0.8419117647058824, 0.8455882352941176, 0.8419117647058824, 0.8492647058823529, 0.8419117647058824, 0.8639705882352942, 0.8602941176470589, 0.8566176470588235, 0.8455882352941176, 0.8676470588235294, 0.8713235294117647, 0.8566176470588235, 0.8713235294117647, 0.8786764705882353, 0.8713235294117647, 0.8860294117647058, 0.8713235294117647, 0.8860294117647058, 0.875, 0.8823529411764706, 0.9007352941176471, 0.8897058823529411, 0.8676470588235294, 0.9080882352941176, 0.9007352941176471, 0.8897058823529411, 0.8933823529411765, 0.9044117647058824, 0.9007352941176471, 0.9044117647058824, 0.9301470588235294, 0.9080882352941176, 0.9227941176470589, 0.9301470588235294, 0.9080882352941176, 0.9191176470588235, 0.9117647058823529, 0.9264705882352942, 0.9448529411764706, 0.9448529411764706, 0.9301470588235294, 0.9301470588235294, 0.9338235294117647, 0.9375, 0.9558823529411765, 0.9301470588235294, 0.9264705882352942, 0.9375, 0.9301470588235294, 0.9411764705882353, 0.9595588235294118, 0.9669117647058824, 0.9522058823529411, 0.9375, 0.9558823529411765, 0.9411764705882353, 0.9485294117647058, 0.9558823529411765, 0.9669117647058824, 0.9705882352941176, 0.9669117647058824, 0.9779411764705882, 0.9705882352941176, 0.9705882352941176, 0.9595588235294118], "trainRumorF1": [0.3369580924855491, 0.2927330006017486, 0.2353994754685601, 0.21105527638190955, 0.23489001692047376, 0.23421287707001992, 0.23421287707001992, 0.2569551556698086, 0.2586689517280777, 0.2601412029564886, 0.3035984848484848, 0.30546845361144015, 0.3816748110436388, 0.3398692810457516, 0.3505941770647653, 0.3461870255348516, 0.3516483516483517, 0.39521080507797773, 0.37599710173566514, 0.3553714912746451, 0.3889703088530641, 0.3927680162974281, 0.4073719453049218, 0.40155945419103317, 0.4006459948320414, 0.4093619950561657, 0.4078947368421053, 0.403585837055709, 0.40631163708086787, 0.40613128201251203, 0.39856630824372763, 0.4200321478802491, 0.41133508618171194, 0.40385276917784657, 0.43044354253398137, 0.40921409214092136, 0.4093619950561657, 0.42770324504070634, 0.4102638586298717, 0.43282051282051287, 0.4287179487179487, 0.4247731755424063, 0.43051916804790674, 0.4393563151231863, 0.4319426222338843, 0.45409281494187165, 0.44202372306947474, 0.44458632615057203, 0.4578806937297504, 0.4534987530166628, 0.4487573964497041, 0.4595726853791369, 0.4584564860426929, 0.4525797398196036, 0.46147030651340987, 0.44558991981672397, 0.46581196581196577, 0.4720663861617578, 0.46638695301758876, 0.47161172161172166, 0.4605463502015226, 0.5122775774949687, 0.4801231594368436, 0.48337755674213373, 0.4849901771478813, 0.5036178826772332, 0.5082913960756471, 0.49558775004542227, 0.5099423353899843, 0.5170956869312189, 0.5198865650478554, 0.503438802918816, 0.5116272726318992, 0.5198865650478554, 0.5178183436621239, 0.5175433684843583, 0.5318248409178288, 0.534829041017966, 0.5565897065897066, 0.5348475634396036, 0.5638874937217478, 0.5248857886218835, 0.5506299138012692, 0.5886046638334969, 0.5901899557637262, 0.6269779413533473, 0.5959316583924462, 0.5672779109699994, 0.603764068848026, 0.6223826096650309, 0.6551517516316726, 0.5985555046571996, 0.6414324023019675, 0.6570243753039452, 0.6593821320157948, 0.6654557783590042, 0.6630207638611, 0.6736027744431105, 0.6766174143270941, 0.6937256891594791, 0.6660024941896717, 0.6565927340383862, 0.7126510710501007, 0.7216077828981056, 0.6945840876875359, 0.7291634884312229, 0.6985687406302068, 0.760248896569836, 0.7115332727894917, 0.7349125934265253, 0.7295169757710962, 0.735781533041807, 0.7075810714108587, 0.7520506308031812, 0.7129710472176226, 0.757743660270736, 0.7485335124656497, 0.7542736770241015, 0.7485708517553954, 0.7541089753031865, 0.7686859661963773, 0.8031145431145431, 0.7674709631000102, 0.7646422658202763, 0.7608254812440717, 0.7585053122003642, 0.7885672542544405, 0.7965790978505836, 0.7560732323232323, 0.806221412439029, 0.799661123190535, 0.8056973692482852, 0.8057641496314837, 0.812806248093327, 0.799661123190535, 0.8260670368537761, 0.8219023864976635, 0.8133382862456223, 0.8071746880570411, 0.8277409147832778, 0.8362881106407413, 0.8204243153009756, 0.8341428770089596, 0.8426093069978245, 0.8380418724822168, 0.8576829514577367, 0.8382734151551356, 0.8637936137936139, 0.8493095150426416, 0.852394407256663, 0.8802713102458748, 0.8673699555497462, 0.8345537604158294, 0.882683670235326, 0.8859778849926633, 0.8674819436297599, 0.8676280201356127, 0.884836027499071, 0.8784619332342075, 0.8827623162195652, 0.9208168898721308, 0.8877738037654277, 0.9130145249239975, 0.9171998039898649, 0.8857323232323231, 0.9006280114774512, 0.8947820883304755, 0.9170539587206253, 0.9342579993402605, 0.9346791479658446, 0.9134611497255524, 0.9174983803357746, 0.9187432984339678, 0.9240817047285611, 0.945818963362823, 0.9172686733556299, 0.9063388749590405, 0.9276753560551136, 0.9210458578879632, 0.9321011840784593, 0.9499294947913856, 0.9629792546661395, 0.9474682990414864, 0.9250089854968989, 0.945957959200621, 0.9306557953769427, 0.9421921921921922, 0.9502367777118597, 0.9621576262083781, 0.9654111980813832, 0.960888412892697, 0.974618468226028, 0.9669936665548885, 0.9637326687299401, 0.9513599891200871],