{"epoch": 115, "macroF1Rumor": 0.5514088250930356, "accRumor": 0.5714285714285714, "loss": 1.5586808919906616, "trainRumorAcc": [0.4264705882352941, 0.46691176470588236, 0.46691176470588236, 0.47058823529411764, 0.46691176470588236, 0.47794117647058826, 0.5220588235294118, 0.5183823529411765, 0.5147058823529411, 0.5551470588235294, 0.5330882352941176, 0.5477941176470589, 0.5257352941176471, 0.5477941176470589, 0.5404411764705882, 0.5441176470588235, 0.5294117647058824, 0.5404411764705882, 0.5625, 0.5367647058823529, 0.5404411764705882, 0.5404411764705882, 0.5551470588235294, 0.5661764705882353, 0.5477941176470589, 0.5808823529411765, 0.5625, 0.5588235294117647, 0.5772058823529411, 0.5625, 0.5477941176470589, 0.5661764705882353, 0.5698529411764706, 0.5625, 0.5625, 0.5514705882352942, 0.5661764705882353, 0.5882352941176471, 0.6029411764705882, 0.5955882352941176, 0.5955882352941176, 0.6066176470588235, 0.5882352941176471, 0.6286764705882353, 0.6323529411764706, 0.6323529411764706, 0.6580882352941176, 0.625, 0.6397058823529411, 0.6544117647058824, 0.6507352941176471, 0.6507352941176471, 0.6470588235294118, 0.6544117647058824, 0.6691176470588235, 0.6580882352941176, 0.6727941176470589, 0.6691176470588235, 0.6764705882352942, 0.6911764705882353, 0.6654411764705882, 0.6875, 0.6875, 0.6801470588235294, 0.6801470588235294, 0.6764705882352942, 0.6985294117647058, 0.7058823529411765, 0.7169117647058824, 0.6875, 0.7095588235294118, 0.7316176470588235, 0.7316176470588235, 0.7132352941176471, 0.7279411764705882, 0.7316176470588235, 0.7389705882352942, 0.7279411764705882, 0.7647058823529411, 0.7463235294117647, 0.7536764705882353, 0.7647058823529411, 0.7941176470588235, 0.7610294117647058, 0.7757352941176471, 0.7683823529411765, 0.7904411764705882, 0.8014705882352942, 0.7867647058823529, 0.7867647058823529, 0.8014705882352942, 0.8014705882352942, 0.8051470588235294, 0.7977941176470589, 0.8198529411764706, 0.8198529411764706, 0.8161764705882353, 0.8419117647058824, 0.8345588235294118, 0.8125, 0.8492647058823529, 0.8419117647058824, 0.8455882352941176, 0.8566176470588235, 0.8345588235294118, 0.8161764705882353, 0.8272058823529411, 0.8786764705882353, 0.8566176470588235, 0.8529411764705882, 0.8676470588235294, 0.8492647058823529, 0.8713235294117647, 0.8713235294117647, 0.8786764705882353, 0.8529411764705882, 0.8713235294117647, 0.875, 0.8823529411764706, 0.8823529411764706, 0.8639705882352942, 0.9007352941176471, 0.8860294117647058, 0.8933823529411765, 0.9044117647058824, 0.8823529411764706, 0.8897058823529411, 0.9080882352941176, 0.8860294117647058, 0.9117647058823529, 0.9080882352941176, 0.9007352941176471, 0.9191176470588235, 0.9154411764705882, 0.9227941176470589, 0.9080882352941176, 0.9301470588235294, 0.9264705882352942, 0.9117647058823529, 0.9117647058823529, 0.9044117647058824, 0.9080882352941176, 0.9080882352941176, 0.9338235294117647, 0.9301470588235294, 0.9485294117647058, 0.9522058823529411, 0.9301470588235294, 0.9338235294117647, 0.9301470588235294, 0.9522058823529411, 0.9448529411764706, 0.9558823529411765, 0.9522058823529411, 0.9485294117647058, 0.9375, 0.9448529411764706, 0.9558823529411765, 0.9522058823529411, 0.9632352941176471, 0.9448529411764706, 0.9522058823529411, 0.9558823529411765, 0.9558823529411765, 0.9705882352941176], "trainRumorF1": [0.32234313493560435, 0.21845975399690118, 0.21219715956558063, 0.23150592216582064, 0.21219715956558063, 0.23421287707001992, 0.3187134502923976, 0.31666857863944015, 0.33452051180583037, 0.3858379535064682, 0.34308220415537494, 0.38104248321845297, 0.3619665463157827, 0.38463030758158895, 0.3780688622754491, 0.38123318654041216, 0.37644638102154443, 0.39090352488410735, 0.39128839804606796, 0.38700367732625796, 0.387082037495827, 0.3888888888888889, 0.3956858779912369, 0.40289421157684635, 0.39257662835249046, 0.4200208600009481, 0.40509770003353757, 0.4045832240006997, 0.41533054070971165, 0.40581714995122814, 0.3943680119949162, 0.407041056990263, 0.4124641825381416, 0.40783410138248843, 0.4081868276043033, 0.39542106023400264, 0.4110835837154956, 0.4279764981256721, 0.43654523736637074, 0.43265199161425577, 0.4345910313123427, 0.4390777071628136, 0.4296219931271477, 0.45882669055082853, 0.46229963310467176, 0.4621489621489621, 0.4822221829970758, 0.45673682639199886, 0.46849665765893894, 0.48065581505071947, 0.47763007432818744, 0.4770357696626209, 0.4860639886416489, 0.49236428685780315, 0.4908778746131042, 0.49618128001438677, 0.5063852044429301, 0.4923684337233376, 0.5093694155410645, 0.5211349564518574, 0.49120360437674315, 0.5293631100082713, 0.5279904798447413, 0.5334521347502091, 0.5155667943359237, 0.5099765894238073, 0.5263371118891623, 0.5442770018241716, 0.5703222703222702, 0.5487021453123148, 0.5736589658294423, 0.5927020183494397, 0.6239752243630262, 0.5952390663620386, 0.6281381239364433, 0.6178111640662536, 0.6433189655172414, 0.6340963015793105, 0.6834570874305973, 0.6679279216153405, 0.6601200417292371, 0.6823687961441816, 0.7287762416794675, 0.6781816544226484, 0.6941248660953169, 0.6951327211601184, 0.74269985199549, 0.734610700159649, 0.7143665772698031, 0.7286469568159709, 0.7511158051203818, 0.7388074951561568, 0.7494947045031936, 0.7324721377912867, 0.7656045751633987, 0.7841071604433322, 0.770412383315609, 0.8006440201851595, 0.7897937292804258, 0.7687112646462241, 0.8082336828294222, 0.7947930945427816, 0.8048579123562134, 0.8248013890871034, 0.7977257794840868, 0.7731040901853506, 0.7961309523809524, 0.8548446345710635, 0.8259045521591659, 0.8204238194051436, 0.8275556123909219, 0.8143939393939394, 0.8454792448935274, 0.8418856150814914, 0.8499248544226056, 0.8254763012211916, 0.842421841589037, 0.8459776191734955, 0.8597043238757102, 0.8550094832137342, 0.8280983860401406, 0.8748451820747688, 0.8623471518808721, 0.8673925263577597, 0.8829958312057317, 0.853201252615535, 0.8639018608606355, 0.8906970012151323, 0.8586409065869206, 0.891283326426302, 0.8928815325358515, 0.8849070326654491, 0.9036447708418333, 0.8973967782725824, 0.9032936507936506, 0.8847955097955098, 0.915397151952318, 0.9092909167348422, 0.8904496371645828, 0.8901137357830272, 0.8836681614012415, 0.8849888668975754, 0.8861351094250942, 0.9184027777777777, 0.9108379981444997, 0.9369620744948813, 0.9420052837889082, 0.9161929603528552, 0.9204821711111563, 0.9125230848353086, 0.940017940165757, 0.9340670603342377, 0.9463905686234465, 0.9434687529712183, 0.936986143117453, 0.92498718108388, 0.9296728657098577, 0.9422354869494741, 0.9378712020555421, 0.9539930555555555, 0.9310245860002032, 0.9393043825288793, 0.9470392805870976, 0.9439835542319172, 0.9636080444841303],