{"epoch": 130, "macroF1Rumor": 0.6102693602693602, "accRumor": 0.6071428571428571, "loss": 1.432517647743225, "trainRumorAcc": [0.4411764705882353, 0.46691176470588236, 0.4632352941176471, 0.46691176470588236, 0.4889705882352941, 0.4742647058823529, 0.5, 0.4963235294117647, 0.5257352941176471, 0.5183823529411765, 0.5514705882352942, 0.5330882352941176, 0.5257352941176471, 0.5514705882352942, 0.5441176470588235, 0.5625, 0.5404411764705882, 0.5661764705882353, 0.5625, 0.5698529411764706, 0.5551470588235294, 0.5588235294117647, 0.5698529411764706, 0.5735294117647058, 0.5698529411764706, 0.5919117647058824, 0.5845588235294118, 0.5625, 0.5955882352941176, 0.5882352941176471, 0.5845588235294118, 0.5845588235294118, 0.5882352941176471, 0.6139705882352942, 0.6139705882352942, 0.6029411764705882, 0.6176470588235294, 0.6139705882352942, 0.6323529411764706, 0.6397058823529411, 0.6433823529411765, 0.6323529411764706, 0.6507352941176471, 0.6433823529411765, 0.6580882352941176, 0.6875, 0.6727941176470589, 0.6764705882352942, 0.6617647058823529, 0.6801470588235294, 0.6838235294117647, 0.6727941176470589, 0.7095588235294118, 0.6948529411764706, 0.6875, 0.7095588235294118, 0.7463235294117647, 0.7058823529411765, 0.7242647058823529, 0.7463235294117647, 0.7058823529411765, 0.7352941176470589, 0.7242647058823529, 0.7242647058823529, 0.7389705882352942, 0.7463235294117647, 0.7573529411764706, 0.7389705882352942, 0.7426470588235294, 0.7205882352941176, 0.7573529411764706, 0.7536764705882353, 0.7683823529411765, 0.7647058823529411, 0.7830882352941176, 0.7536764705882353, 0.7830882352941176, 0.7647058823529411, 0.7573529411764706, 0.7720588235294118, 0.7757352941176471, 0.7941176470588235, 0.7647058823529411, 0.7867647058823529, 0.8161764705882353, 0.7977941176470589, 0.7977941176470589, 0.8272058823529411, 0.7941176470588235, 0.7941176470588235, 0.8235294117647058, 0.8125, 0.8161764705882353, 0.8308823529411765, 0.8198529411764706, 0.8419117647058824, 0.8345588235294118, 0.8308823529411765, 0.8602941176470589, 0.8235294117647058, 0.8272058823529411, 0.8455882352941176, 0.8382352941176471, 0.8455882352941176, 0.8382352941176471, 0.8639705882352942, 0.8345588235294118, 0.8639705882352942, 0.8529411764705882, 0.8529411764705882, 0.8676470588235294, 0.8823529411764706, 0.8786764705882353, 0.8676470588235294, 0.8786764705882353, 0.8713235294117647, 0.8639705882352942, 0.8823529411764706, 0.8676470588235294, 0.8786764705882353, 0.8676470588235294, 0.875, 0.8676470588235294, 0.8970588235294118, 0.8860294117647058, 0.8823529411764706, 0.8970588235294118, 0.8933823529411765, 0.8860294117647058, 0.9044117647058824, 0.9227941176470589, 0.9080882352941176, 0.8823529411764706, 0.9080882352941176, 0.8970588235294118, 0.9007352941176471, 0.9191176470588235, 0.9264705882352942, 0.9117647058823529, 0.9191176470588235, 0.9301470588235294, 0.9191176470588235, 0.9191176470588235, 0.9522058823529411, 0.9448529411764706, 0.9154411764705882, 0.9191176470588235, 0.9411764705882353, 0.9264705882352942, 0.9227941176470589, 0.9558823529411765, 0.9264705882352942, 0.9522058823529411, 0.9448529411764706, 0.9448529411764706, 0.9522058823529411, 0.9411764705882353, 0.9485294117647058, 0.9338235294117647, 0.9522058823529411, 0.9301470588235294, 0.9448529411764706, 0.9558823529411765, 0.9522058823529411, 0.9779411764705882, 0.9595588235294118, 0.9595588235294118, 0.9779411764705882, 0.9632352941176471, 0.9632352941176471, 0.9742647058823529, 0.9558823529411765, 0.9669117647058824, 0.9595588235294118, 0.9705882352941176, 0.9669117647058824, 0.9632352941176471, 0.9742647058823529, 0.9816176470588235, 0.9779411764705882], "trainRumorF1": [0.2340392279440494, 0.21219715956558063, 0.21105527638190955, 0.21219715956558063, 0.2601412029564886, 0.23844674543790256, 0.2837906991620291, 0.30119140989729226, 0.34678274457279984, 0.3161410747617644, 0.3834366925064599, 0.3672014260249554, 0.34601990049751247, 0.39251997095134356, 0.3736419461502125, 0.39128839804606796, 0.3836828796668154, 0.4026895090724878, 0.4053268534400611, 0.40883629191321497, 0.39124974884468555, 0.39662276258020945, 0.4102638586298717, 0.41282360638419197, 0.4031790731875215, 0.4272232654436901, 0.41947132745919397, 0.4057321988356471, 0.44231081642676345, 0.4375413086582948, 0.4354249065418927, 0.43441993643099724, 0.43637391854622387, 0.4771554765567266, 0.4807364114526503, 0.4589526717047861, 0.4922959628231194, 0.47166788696882445, 0.5048324514991182, 0.5096632164013618, 0.5497954665051581, 0.5397063446694574, 0.561038961038961, 0.5482271817697032, 0.5429369785838049, 0.5978142076502732, 0.599540871953896, 0.59646481858494, 0.5909006401824081, 0.5920545606473215, 0.6064979757085021, 0.5975673068490748, 0.6470465005806273, 0.6345288301867229, 0.6113572043804602, 0.6439251806378332, 0.6888434518192303, 0.6448168461770599, 0.6539063171465406, 0.6813463353255741, 0.647139600026057, 0.6723167514032488, 0.6686798668542603, 0.6819668174005583, 0.6896735718769617, 0.6941641122503467, 0.7008596879383396, 0.6880517503805175, 0.7030714401721303, 0.6688778301890056, 0.6879338062729067, 0.6986074356860873, 0.7215787413554774, 0.7166147600930209, 0.754094514833831, 0.6942443322555638, 0.745349845786019, 0.7255539647627423, 0.7055177626606198, 0.7303506711800387, 0.725840464378073, 0.7448662130201665, 0.7179997867007946, 0.7380116959064327, 0.7851466440845204, 0.7580115566723741, 0.7605054603091509, 0.7933515482695811, 0.7502060831174755, 0.7540372670807454, 0.7855578305266907, 0.7782503302552889, 0.7729304364078948, 0.7977504777504777, 0.780383022774327, 0.8090369570407369, 0.80086218884717, 0.7971014492753623, 0.8293833168123518, 0.7834106555225809, 0.7852591105489345, 0.8064273761348802, 0.7965749857155556, 0.8008197010917572, 0.8025309576491596, 0.831967958382727, 0.8077223146990589, 0.8308285643232763, 0.8167648219251903, 0.8219496991603857, 0.8379704186330285, 0.8431588534256941, 0.8518837378822993, 0.8376835581463554, 0.85183263608518, 0.8415382031782456, 0.8320392385703551, 0.860606778912835, 0.8349413839609917, 0.8544419244317908, 0.8377671711005045, 0.8451170121135485, 0.8388131029440612, 0.8763513692990145, 0.858213716108453, 0.8534048876329102, 0.8710972982271866, 0.8672846998157174, 0.8642919638905187, 0.8783824092773803, 0.9041288917614314, 0.884558697211734, 0.8558165334740427, 0.8857324306240715, 0.8712017264977067, 0.8784977703455964, 0.9028308906474587, 0.9114543114543113, 0.8884999036258484, 0.8981754959533624, 0.9122232750452236, 0.8983595837902243, 0.8948026749750887, 0.9441215819179639, 0.9326874833340351, 0.8919660033881759, 0.9002943211266284, 0.924044963661233, 0.9081012140817317, 0.8999932263090158, 0.9463117252590938, 0.908701687833306, 0.9358884648006786, 0.9319475998929367, 0.9293195001969523, 0.9367567818654775, 0.9245156997506907, 0.937031448982533, 0.9155172224213649, 0.939236111111111, 0.9093846964463439, 0.9336832279163757, 0.9453403372773018, 0.9368161577608142, 0.971779336734694, 0.9522847817217462, 0.9491156991156992, 0.9726656445406445, 0.9591003428320457, 0.9528495332246766, 0.9655010817545563, 0.9448786225364038, 0.959418381914582, 0.9503630146216562, 0.9618863049095606, 0.9588920012449424, 0.9502785419134052, 0.9697697673215666, 0.9749781006549, 0.972225870677883],