{"epoch": 150, "macroF1Rumor": 0.5695611577964518, "accRumor": 0.5714285714285714, "loss": 1.2730436325073242, "trainRumorAcc": [0.36764705882352944, 0.45588235294117646, 0.4632352941176471, 0.4632352941176471, 0.46691176470588236, 0.46691176470588236, 0.4632352941176471, 0.46691176470588236, 0.46691176470588236, 0.46691176470588236, 0.46691176470588236, 0.46691176470588236, 0.47058823529411764, 0.46691176470588236, 0.46691176470588236, 0.46691176470588236, 0.46691176470588236, 0.46691176470588236, 0.47794117647058826, 0.47058823529411764, 0.5147058823529411, 0.5, 0.4852941176470588, 0.49264705882352944, 0.4963235294117647, 0.5183823529411765, 0.5110294117647058, 0.5735294117647058, 0.5367647058823529, 0.5514705882352942, 0.5808823529411765, 0.5551470588235294, 0.5808823529411765, 0.5772058823529411, 0.5625, 0.5661764705882353, 0.5772058823529411, 0.5661764705882353, 0.5919117647058824, 0.5955882352941176, 0.5845588235294118, 0.5772058823529411, 0.5625, 0.5919117647058824, 0.5808823529411765, 0.6066176470588235, 0.5882352941176471, 0.6066176470588235, 0.6102941176470589, 0.5992647058823529, 0.5919117647058824, 0.6102941176470589, 0.5955882352941176, 0.6066176470588235, 0.6102941176470589, 0.6139705882352942, 0.6323529411764706, 0.5955882352941176, 0.6029411764705882, 0.6286764705882353, 0.6286764705882353, 0.6286764705882353, 0.6286764705882353, 0.625, 0.6360294117647058, 0.6286764705882353, 0.6544117647058824, 0.6580882352941176, 0.6764705882352942, 0.6691176470588235, 0.6544117647058824, 0.6691176470588235, 0.6838235294117647, 0.6727941176470589, 0.6691176470588235, 0.6801470588235294, 0.6727941176470589, 0.6838235294117647, 0.6801470588235294, 0.6875, 0.6801470588235294, 0.6985294117647058, 0.6875, 0.7095588235294118, 0.7242647058823529, 0.6875, 0.7463235294117647, 0.7132352941176471, 0.7169117647058824, 0.7279411764705882, 0.7389705882352942, 0.7205882352941176, 0.7830882352941176, 0.7169117647058824, 0.7316176470588235, 0.7463235294117647, 0.7389705882352942, 0.7683823529411765, 0.7352941176470589, 0.7536764705882353, 0.7426470588235294, 0.7536764705882353, 0.7536764705882353, 0.7683823529411765, 0.7389705882352942, 0.7610294117647058, 0.7647058823529411, 0.7720588235294118, 0.7683823529411765, 0.7536764705882353, 0.7757352941176471, 0.7941176470588235, 0.7941176470588235, 0.7830882352941176, 0.7757352941176471, 0.7830882352941176, 0.7683823529411765, 0.7867647058823529, 0.8014705882352942, 0.8125, 0.8125, 0.7647058823529411, 0.8198529411764706, 0.7941176470588235, 0.7904411764705882, 0.7720588235294118, 0.7867647058823529, 0.8235294117647058, 0.8308823529411765, 0.8125, 0.8198529411764706, 0.8345588235294118, 0.8272058823529411, 0.7977941176470589, 0.8014705882352942, 0.8455882352941176, 0.8455882352941176, 0.8419117647058824, 0.8382352941176471, 0.8235294117647058, 0.8492647058823529, 0.8492647058823529, 0.8308823529411765, 0.8455882352941176, 0.8198529411764706, 0.8308823529411765, 0.8419117647058824, 0.8566176470588235, 0.8786764705882353, 0.8529411764705882, 0.8235294117647058, 0.8492647058823529, 0.8529411764705882, 0.8676470588235294, 0.8860294117647058, 0.875, 0.8786764705882353, 0.8786764705882353, 0.875, 0.8713235294117647, 0.8602941176470589, 0.8382352941176471, 0.8970588235294118, 0.8713235294117647, 0.875, 0.8860294117647058, 0.875, 0.9264705882352942, 0.8933823529411765, 0.9117647058823529, 0.8786764705882353, 0.9007352941176471, 0.8970588235294118, 0.8933823529411765, 0.8933823529411765, 0.8823529411764706, 0.9007352941176471, 0.9044117647058824, 0.9154411764705882, 0.9007352941176471, 0.9044117647058824, 0.9117647058823529, 0.9154411764705882, 0.9007352941176471, 0.9191176470588235, 0.9227941176470589, 0.9007352941176471, 0.9264705882352942, 0.9080882352941176, 0.9485294117647058, 0.9080882352941176, 0.9411764705882353, 0.9411764705882353, 0.9448529411764706, 0.9375, 0.9301470588235294, 0.8933823529411765, 0.9007352941176471, 0.9301470588235294, 0.9301470588235294], "trainRumorF1": [0.22638242894056848, 0.23801169590643276, 0.2172404315261458, 0.21105527638190955, 0.21219715956558063, 0.21273031825795644, 0.21105527638190955, 0.21219715956558063, 0.21219715956558063, 0.21219715956558063, 0.21219715956558063, 0.21219715956558063, 0.2196747627024009, 0.21219715956558063, 0.21273031825795644, 0.21219715956558063, 0.21219715956558063, 0.21219715956558063, 0.23421287707001992, 0.2196747627024009, 0.3035984848484848, 0.27935955951604724, 0.25350140056022413, 0.26666666666666666, 0.27763690663060364, 0.3094112389151553, 0.30526315789473685, 0.39968121940275525, 0.3424408014571949, 0.36220381872555785, 0.40896640826873387, 0.3693603766238363, 0.4030069448704056, 0.3998919174519539, 0.3860102232983589, 0.3896980367050789, 0.40317706984373647, 0.4003944773175543, 0.42540656344337324, 0.4230019493177388, 0.41433404524750045, 0.41530334014996595, 0.39745328511151296, 0.42820140401839746, 0.41304890219560875, 0.44063274251953494, 0.42084320345189913, 0.43966494210396645, 0.4419540124643679, 0.4330109606705352, 0.4405405886664005, 0.45290381602180835, 0.43313927451858486, 0.4506376157192636, 0.44521325731499956, 0.4682067459354526, 0.4816983839084512, 0.431296739676628, 0.45017160751132823, 0.47170065405359524, 0.45819002515021107, 0.4920312839345629, 0.5013340279751193, 0.46708898944193056, 0.4769537221050855, 0.4912258575001725, 0.510256505377555, 0.5153920153920154, 0.5296743032834201, 0.5414402928966037, 0.5391831534142619, 0.5600420899586517, 0.5526995317104267, 0.5451896734074951, 0.5598387650064482, 0.5740386217724693, 0.5448698710381639, 0.5703144616188095, 0.561119603209073, 0.5888824995207974, 0.5672963428939579, 0.6121640034683513, 0.5663964724645839, 0.6298281298281299, 0.6496922871095058, 0.6029392403776862, 0.6677426360262181, 0.6238262921177412, 0.6640702338282983, 0.6552477607528261, 0.6788561467597017, 0.6490837057932611, 0.7216758608656516, 0.6537745099323234, 0.6558666247247561, 0.6896307221056214, 0.6834317035186217, 0.7106025768947117, 0.6765297906602253, 0.7022320305884165, 0.6781845152878411, 0.6907206119162641, 0.6972605310066612, 0.720676320732114, 0.6736875966845951, 0.7055605900068115, 0.7049625315491165, 0.7285412391189912, 0.7160493827160493, 0.6856416212513774, 0.7234026095236059, 0.7515680037932576, 0.7629430647686225, 0.7277202563810824, 0.7359684561062075, 0.7442617723516599, 0.7174128497039218, 0.7616303938678438, 0.7676436401418743, 0.7792443956295471, 0.7761703576726173, 0.7101768666899541, 0.774291719209752, 0.7525950656331961, 0.7470168567203768, 0.7353822512485594, 0.7554000716791412, 0.7882389234030335, 0.8016349586689376, 0.774678950879086, 0.7779908890227906, 0.8044462869545269, 0.7906049998462646, 0.7611444341190055, 0.7599063606257852, 0.8255957788417763, 0.8190131124913734, 0.8061631351105035, 0.8213889384301369, 0.7940973904202631, 0.8246363772679562, 0.824249160387617, 0.796825396825397, 0.8224432516679956, 0.7821572804482771, 0.8149118618671077, 0.8114101989964059, 0.8388315427595455, 0.8528586650828864, 0.8262911438443353, 0.8006371780065914, 0.8215397610264575, 0.8290834280764443, 0.8541778710450741, 0.8597071203007042, 0.8549273987345342, 0.8556228240835552, 0.8501138896806536, 0.8601419601419602, 0.850290818525426, 0.8411227872039434, 0.8127632880972576, 0.8741325289383806, 0.8476487715394411, 0.861133254931056, 0.8698397013614404, 0.844731744016345, 0.9138831138831138, 0.8737924217384357, 0.8926991442329747, 0.8561154799479306, 0.8918890892134826, 0.8824365126886136, 0.8782016649208888, 0.8687807781046057, 0.8621418561500662, 0.8884518193451644, 0.8885179550747502, 0.8938359948719787, 0.8870676133455361, 0.8952398287839974, 0.8960690767978615, 0.8984526305281021, 0.8875992022366851, 0.9083813522410015, 0.9045303478674751, 0.8822219516484706, 0.9157636566332218, 0.8927067709753658, 0.9379020413586817, 0.8883082497212932, 0.929746317512275, 0.9266656840567266, 0.9329606221176442, 0.9255161352622904, 0.9217698328297407, 0.8790417388595927, 0.8896520390070921, 0.9112856671614712, 