{"epoch": 70, "macroF1Rumor": 0.4407017543859649, "accRumor": 0.5, "loss": 1.8672161102294922, "trainRumorAcc": [0.4411764705882353, 0.46691176470588236, 0.46691176470588236, 0.46691176470588236, 0.46691176470588236, 0.46691176470588236, 0.46691176470588236, 0.46691176470588236, 0.46691176470588236, 0.47058823529411764, 0.46691176470588236, 0.47794117647058826, 0.4889705882352941, 0.5073529411764706, 0.5257352941176471, 0.5110294117647058, 0.5330882352941176, 0.5257352941176471, 0.5404411764705882, 0.5514705882352942, 0.5441176470588235, 0.5367647058823529, 0.5183823529411765, 0.5551470588235294, 0.5661764705882353, 0.5588235294117647, 0.5588235294117647, 0.5625, 0.5441176470588235, 0.5330882352941176, 0.5514705882352942, 0.5551470588235294, 0.5441176470588235, 0.5735294117647058, 0.5661764705882353, 0.5735294117647058, 0.5735294117647058, 0.5772058823529411, 0.5514705882352942, 0.5735294117647058, 0.5845588235294118, 0.5625, 0.5882352941176471, 0.5808823529411765, 0.5808823529411765, 0.5808823529411765, 0.5992647058823529, 0.6029411764705882, 0.6139705882352942, 0.5808823529411765, 0.5992647058823529, 0.6213235294117647, 0.5845588235294118, 0.6029411764705882, 0.5845588235294118, 0.5992647058823529, 0.6213235294117647, 0.5955882352941176, 0.6176470588235294, 0.5992647058823529, 0.6102941176470589, 0.6213235294117647, 0.6360294117647058, 0.6397058823529411, 0.6139705882352942, 0.6066176470588235, 0.6470588235294118, 0.6213235294117647, 0.6286764705882353, 0.6544117647058824, 0.6323529411764706, 0.6580882352941176, 0.6691176470588235, 0.6286764705882353, 0.6470588235294118, 0.6470588235294118, 0.6580882352941176, 0.6360294117647058, 0.6617647058823529, 0.6727941176470589, 0.6544117647058824, 0.6654411764705882, 0.6727941176470589, 0.6911764705882353, 0.6544117647058824, 0.6801470588235294, 0.6801470588235294, 0.6838235294117647, 0.6838235294117647, 0.6838235294117647, 0.6985294117647058, 0.6948529411764706, 0.6985294117647058, 0.6838235294117647, 0.6801470588235294, 0.6654411764705882, 0.7205882352941176, 0.7205882352941176, 0.7205882352941176, 0.7279411764705882, 0.7279411764705882, 0.7132352941176471, 0.7169117647058824, 0.7205882352941176, 0.7573529411764706, 0.7463235294117647, 0.7389705882352942, 0.7316176470588235, 0.7242647058823529, 0.7132352941176471, 0.7205882352941176, 0.7205882352941176, 0.7242647058823529, 0.7279411764705882, 0.7316176470588235, 0.7683823529411765, 0.7757352941176471, 0.7610294117647058, 0.7426470588235294, 0.7720588235294118], "trainRumorF1": [0.2061855670103093, 0.21219715956558063, 0.21219715956558063, 0.21219715956558063, 0.21219715956558063, 0.21219715956558063, 0.21219715956558063, 0.21219715956558063, 0.21219715956558063, 0.2196747627024009, 0.21219715956558063, 0.23986463620981383, 0.2601412029564886, 0.29169065438495495, 0.3275370861577758, 0.3016645888708552, 0.3466088527551942, 0.35062150572653744, 0.35967385295743504, 0.38093023255813946, 0.37182539682539684, 0.370671834625323, 0.36654563059791806, 0.3929785661492979, 0.39943741209563993, 0.39323387582881253, 0.4041514041514042, 0.40201811718839586, 0.3901238990894163, 0.384294156578169, 0.3939632170764247, 0.40083784912831916, 0.3916149158867605, 0.4145941079907507, 0.40550820935047427, 0.4145740136757621, 0.4177007395901365, 0.41983066504274563, 0.39660076802730765, 0.41372145096283025, 0.4233010618546436, 0.40781440781440775, 0.42926343114077786, 0.4211418650966457, 0.42238735550837464, 0.4211574391322428, 0.43458362821420143, 0.43955938697318014, 0.44944623079671314, 0.42517754868270324, 0.4361641896673744, 0.45327255726975224, 0.4280336542631624, 0.4378113026819923, 0.4252136752136752, 0.4369923321379632, 0.45527501839587936, 0.435273492286115, 0.45425492382014127, 0.43835005574136005, 0.4444206213074138, 0.45569301260022915, 0.466741144160499, 0.4699158485273492, 0.4500083516205023, 0.44413919413919417, 0.48550069899266446, 0.4653612286665508, 0.4633071469630197, 0.5130464537789732, 0.4646624379901487, 0.5256595895628711, 0.5038057810820432, 0.48285453814569146, 0.485401367754309, 0.4969318354469974, 0.5261215327881995, 0.47918271703331333, 0.49819791601411595, 0.5462700153611774, 0.5207803312214598, 0.540005227419415, 0.5280512505240725, 0.5324020767022873, 0.532852684404039, 0.5433702100368767, 0.5756390369060779, 0.5552227655911471, 0.5713425996011655, 0.5792426405096814, 0.5836611731348573, 0.587686703096539, 0.5975114536329426, 0.5649152239937161, 0.5676052988076649, 0.5658060509271582, 0.6259255104663177, 0.634667562488767, 0.6374200105073681, 0.6546649176102365, 0.6490286204571919, 0.6174738105286125, 0.6195057575847541, 0.6362377039499215, 0.6766101639245546, 0.6672067282985296, 0.67413442498421, 0.6587706494909323, 0.6642546062625049, 0.6311012795006284, 0.6646392492131238, 0.6569884238448818, 0.6437817179462102, 0.6544694462767767, 0.662855724632309, 0.7103424588848778, 0.6990739118756496, 0.6951579608756359, 0.6837099542334096, 0.717992588514706], "trainLoss": [1.0745795965194702, 1.0391016006469727, 1.0312434434890747, 1.0282337665557861, 1.0260460376739502, 1.023013710975647, 1.0228755474090576, 1.0232678651809692, 1.0183956623077393, 1.0174717903137207, 1.0156230926513672, 1.012837529182434, 1.0127936601638794, 1.007353663444519, 1.005661129951477, 1.003284215927124, 1.0023640394210815, 0.9952772855758667, 0.9896872043609619, 0.9914284944534302, 0.9897758364677429, 0.9760776162147522, 0.9778648018836975, 0.9753611087799072, 0.9671981930732727, 0.966546893119812, 0.9620732665061951, 0.9598137140274048, 0.9527794122695923, 0.9511671662330627, 0.9479012489318848, 0.9378970861434937, 0.9356077909469604, 0.9343803524971008, 0.9274148941040039, 0.9243240356445312, 0.9190252423286438, 0.919681191444397, 0.9234862327575684, 0.9143801927566528, 0.9196118712425232, 0.8985212445259094, 0.8953174352645874, 0.9062298536300659, 0.9005728363990784, 0.8950687050819397, 0.8875434398651123, 0.8790113925933838, 0.8691011071205139, 0.8747344017028809, 0.8632020354270935, 0.8532716631889343, 0.8795643448829651, 0.867088258266449, 0.8673485517501831, 0.8563185334205627, 0.8514233231544495, 0.8499838709831238, 0.8539019823074341, 0.8471173048019409, 0.8486193418502808, 0.852563202381134, 0.8272446990013123, 0.8311534523963928, 0.8307162523269653, 0.8451757431030273, 0.8166813850402832, 0.8118398785591125, 0.8272989392280579, 0.8062332272529602, 0.8148778080940247, 0.7997587323188782, 0.78775554895401, 0.8090481758117676, 0.7731564044952393, 0.7819890379905701, 0.7581312656402588, 0.7831942439079285, 0.7707927823066711, 0.7759511470794678, 0.7759326696395874, 0.7774906158447266, 0.7495377063751221, 0.7233481407165527, 0.7524846196174622, 0.758794367313385, 0.7383857369422913, 0.7435483336448669, 0.7469012141227722, 0.73334801197052, 0.7117447257041931, 0.7052329182624817, 0.7074315547943115, 0.7190746068954468, 0.7122480869293213, 0.7186339497566223, 0.6714303493499756, 0.7059148550033569, 0.6949969530105591, 0.6743850708007812, 0.6794869303703308, 0.6718644499778748, 0.6812264323234558, 0.7020035982131958, 0.6600260734558105, 0.6564657092094421, 0.6675639152526855, 0.6544631719589233, 0.6601669788360596, 0.6631202697753906, 0.6559693813323975, 0.6811847686767578, 0.6428842544555664, 0.633398175239563, 0.6437821984291077, 0.6158784031867981, 0.5939832329750061, 0.6187915802001953, 0.615871012210846, 0.5844324231147766], "testRumorAcc": [0.2857142857142857, 0.2857142857142857, 0.25, 0.2857142857142857, 0.39285714285714285, 0.39285714285714285, 0.42857142857142855, 0.42857142857142855, 0.42857142857142855, 0.42857142857142855, 0.4642857142857143, 0.4642857142857143, 0.5, 0.5, 0.4642857142857143, 0.5, 0.5, 0.5, 0.5, 0.5, 0.5, 0.5, 0.5, 0.5],