{"epoch": 110, "macroF1Rumor": 0.521164021164021, "accRumor": 0.5357142857142857, "loss": 1.5549856424331665, "trainRumorAcc": [0.45955882352941174, 0.46691176470588236, 0.46691176470588236, 0.46691176470588236, 0.46691176470588236, 0.46691176470588236, 0.47058823529411764, 0.46691176470588236, 0.46691176470588236, 0.47058823529411764, 0.46691176470588236, 0.4889705882352941, 0.5036764705882353, 0.49264705882352944, 0.4963235294117647, 0.5294117647058824, 0.5330882352941176, 0.5257352941176471, 0.5294117647058824, 0.5404411764705882, 0.5477941176470589, 0.5551470588235294, 0.5367647058823529, 0.5441176470588235, 0.5514705882352942, 0.5294117647058824, 0.5441176470588235, 0.5294117647058824, 0.5551470588235294, 0.5514705882352942, 0.5441176470588235, 0.5257352941176471, 0.5772058823529411, 0.5514705882352942, 0.5625, 0.5698529411764706, 0.5772058823529411, 0.5477941176470589, 0.5477941176470589, 0.5735294117647058, 0.5698529411764706, 0.5551470588235294, 0.5477941176470589, 0.5514705882352942, 0.5735294117647058, 0.5625, 0.5698529411764706, 0.5625, 0.5772058823529411, 0.5477941176470589, 0.5551470588235294, 0.5845588235294118, 0.5735294117647058, 0.5845588235294118, 0.5698529411764706, 0.5772058823529411, 0.5845588235294118, 0.5625, 0.5772058823529411, 0.5882352941176471, 0.5845588235294118, 0.5845588235294118, 0.5955882352941176, 0.5845588235294118, 0.5955882352941176, 0.5845588235294118, 0.5992647058823529, 0.6139705882352942, 0.5992647058823529, 0.6029411764705882, 0.6102941176470589, 0.6029411764705882, 0.5845588235294118, 0.6029411764705882, 0.6176470588235294, 0.625, 0.6360294117647058, 0.6102941176470589, 0.6286764705882353, 0.6323529411764706, 0.6176470588235294, 0.6102941176470589, 0.6360294117647058, 0.6139705882352942, 0.6360294117647058, 0.6691176470588235, 0.6470588235294118, 0.625, 0.6654411764705882, 0.6544117647058824, 0.6580882352941176, 0.6580882352941176, 0.6875, 0.6433823529411765, 0.6580882352941176, 0.6801470588235294, 0.6801470588235294, 0.6875, 0.6654411764705882, 0.6911764705882353, 0.6838235294117647, 0.7169117647058824, 0.6691176470588235, 0.6801470588235294, 0.6801470588235294, 0.6838235294117647, 0.7058823529411765, 0.6875, 0.7095588235294118, 0.7316176470588235, 0.7022058823529411, 0.7132352941176471, 0.7242647058823529, 0.7573529411764706, 0.7169117647058824, 0.7352941176470589, 0.7610294117647058, 0.7279411764705882, 0.7389705882352942, 0.7279411764705882, 0.7426470588235294, 0.7536764705882353, 0.7352941176470589, 0.75, 0.7757352941176471, 0.7610294117647058, 0.7757352941176471, 0.7647058823529411, 0.7426470588235294, 0.7720588235294118, 0.7573529411764706, 0.7683823529411765, 0.7757352941176471, 0.8051470588235294, 0.7941176470588235, 0.8088235294117647, 0.7830882352941176, 0.7977941176470589, 0.8014705882352942, 0.8161764705882353, 0.7977941176470589, 0.8088235294117647, 0.8161764705882353, 0.7757352941176471, 0.8014705882352942, 0.8051470588235294, 0.8198529411764706, 0.7867647058823529, 0.8235294117647058, 0.8088235294117647, 0.8161764705882353, 0.8051470588235294, 0.8419117647058824, 0.8125, 0.8235294117647058, 0.8125, 0.8419117647058824, 0.8235294117647058, 0.8455882352941176, 0.8308823529411765], "trainRumorF1": [0.24959114959114959, 0.21219715956558063, 0.21219715956558063, 0.21219715956558063, 0.21219715956558063, 0.21219715956558063, 0.2196747627024009, 0.21219715956558063, 0.21273031825795644, 0.2196747627024009, 0.21219715956558063, 0.26501815807728407, 0.293785838942907, 0.2801358763400648, 0.2940002294367328, 0.3550511703313406, 0.35984733340088493, 0.34068653222018946, 0.3550511703313406, 0.36719576719576724, 0.38214922332569395, 0.3798175410861904, 0.36895276779669844, 0.37408688206040247, 0.3958261667239995, 0.3793568470892965, 0.3774288704919593, 0.3680715917269001, 0.3899924769489987, 0.39289940828402364, 0.3865033311841823, 0.37338759536371763, 0.4098603576451678, 0.39251997095134356, 0.40401253918495295, 0.41165794685347756, 0.4112342941611235, 0.3943247126436782, 0.39553529686769523, 0.412404214559387, 0.4069428007889546, 0.39418650210598494, 0.3953762679877329, 0.3974994102382638, 0.4157509157509158, 0.4009467455621302, 0.40514905149051494, 0.40581714995122814, 0.4132791327913279, 0.3946886446886448, 0.40278167367928935, 0.4217107030900134, 0.4145740136757621, 0.4234303627407076, 0.41285647498831235, 0.4139433551198257, 0.42083085732807524, 0.40581714995122814, 0.4162755416488882, 0.427511496705068, 0.42333954065797635, 0.4217107030900134, 0.43290473234607313, 0.4253505652412757, 0.4309605488850772, 0.42470692748523753, 0.4484628710087382, 0.4597229175723388, 0.4561855284440037, 0.4492647495952189, 0.4447496947496947, 0.44935363170657294, 0.423766178353008, 0.43914982944109154, 0.4610779412334635, 0.4840053536313406, 0.47557758699430885, 0.45735575528082323, 0.46847997759874455, 0.49313892634526296, 0.4541071272025949, 0.4468285337850555, 0.5070793639550945, 0.4472488759097019, 0.47575415825244827, 0.5135183666140215, 0.5184943358175025, 0.47809445313402454, 0.5284256934530159, 0.532804789658151, 0.5240746907413574, 0.5337232378934573, 0.5641296687808316, 0.529907814500812, 0.5492223434643054, 0.5682465058861298, 0.5822076978939724, 0.5884991739738215, 0.5570871385083714, 0.612350738716859, 0.5913296903460837, 0.631083333098086, 0.5806336963097398, 0.5729447685969425, 0.5812572668785366, 0.5555104800540906, 0.5906974396017072, 0.5717142504016809, 0.6272216368106779, 0.6438354911857216, 0.6120843152657763, 0.6313756271739465, 0.6480509745127435, 0.6847489093103128, 0.6375649305730782, 0.6804861804861805, 0.6955850490215885, 0.6422879312152668, 0.677039270853142, 0.6575747880339146, 0.6570511302189197, 0.7163428923835955, 0.6762610752232695, 0.6832662039670802, 0.7165312600583803, 0.7071785937639596, 0.7280753954040007, 0.7192487999841402, 0.6839666932193622, 0.7240029342789921, 0.6836998689714128, 0.720735669528893, 0.7320402776035171, 0.7650388050388051, 0.7476061849600887, 0.7717959517959518, 0.739471859006651, 0.7512293733658858, 0.7583391902628719, 0.7825520297430409, 0.7380585622578506, 0.7704898186152329, 0.7741007189703982, 0.7273263611557965, 0.760006901311249, 0.7636374889273129, 0.7843228923172822, 0.7415279684380428, 0.7954857593155467, 0.7813178029005368, 0.7832691441668514, 0.7622298845939279, 0.8178718127567232, 0.7778293355742707, 0.7969045494666372, 0.7828429699684495, 0.8035739118342372, 0.7903721063599685, 0.8141331134497038, 0.8096812527552565],