{"epoch": 180, "macroF1Rumor": 0.6311612364243943, "accRumor": 0.6428571428571429, "loss": 1.3812013864517212, "trainRumorAcc": [0.3492647058823529, 0.4227941176470588, 0.48161764705882354, 0.4742647058823529, 0.46691176470588236, 0.48161764705882354, 0.46691176470588236, 0.5294117647058824, 0.5, 0.5330882352941176, 0.5330882352941176, 0.5514705882352942, 0.5441176470588235, 0.5625, 0.5661764705882353, 0.5808823529411765, 0.5588235294117647, 0.5808823529411765, 0.5698529411764706, 0.5772058823529411, 0.5551470588235294, 0.5735294117647058, 0.5735294117647058, 0.5735294117647058, 0.5882352941176471, 0.5625, 0.5698529411764706, 0.5845588235294118, 0.5698529411764706, 0.5625, 0.5845588235294118, 0.5845588235294118, 0.5808823529411765, 0.5845588235294118, 0.5845588235294118, 0.5735294117647058, 0.5735294117647058, 0.6102941176470589, 0.5808823529411765, 0.6176470588235294, 0.5882352941176471, 0.6102941176470589, 0.6213235294117647, 0.6139705882352942, 0.6176470588235294, 0.6176470588235294, 0.6360294117647058, 0.6323529411764706, 0.6360294117647058, 0.6433823529411765, 0.6580882352941176, 0.6397058823529411, 0.6360294117647058, 0.6433823529411765, 0.6507352941176471, 0.6507352941176471, 0.6397058823529411, 0.6433823529411765, 0.6580882352941176, 0.6470588235294118, 0.6544117647058824, 0.6801470588235294, 0.6801470588235294, 0.6470588235294118, 0.6691176470588235, 0.6801470588235294, 0.6911764705882353, 0.6727941176470589, 0.6691176470588235, 0.6948529411764706, 0.6875, 0.6948529411764706, 0.7058823529411765, 0.6985294117647058, 0.7095588235294118, 0.6911764705882353, 0.6948529411764706, 0.6985294117647058, 0.7058823529411765, 0.7169117647058824, 0.7242647058823529, 0.7242647058823529, 0.7279411764705882, 0.7389705882352942, 0.7316176470588235, 0.7426470588235294, 0.7573529411764706, 0.75, 0.7426470588235294, 0.7647058823529411, 0.7426470588235294, 0.7683823529411765, 0.7573529411764706, 0.7683823529411765, 0.7720588235294118, 0.7830882352941176, 0.7720588235294118, 0.7536764705882353, 0.8051470588235294, 0.7389705882352942, 0.7867647058823529, 0.7904411764705882, 0.7794117647058824, 0.7830882352941176, 0.7977941176470589, 0.7794117647058824, 0.8125, 0.8014705882352942, 0.7977941176470589, 0.7977941176470589, 0.8125, 0.8125, 0.8198529411764706, 0.8198529411764706, 0.8198529411764706, 0.8198529411764706, 0.8419117647058824, 0.8051470588235294, 0.8125, 0.8308823529411765, 0.8382352941176471, 0.8419117647058824, 0.8419117647058824, 0.8345588235294118, 0.8382352941176471, 0.8308823529411765, 0.8529411764705882, 0.8639705882352942, 0.8382352941176471, 0.8235294117647058, 0.8602941176470589, 0.8419117647058824, 0.8308823529411765, 0.8492647058823529, 0.8419117647058824, 0.8713235294117647, 0.8639705882352942, 0.8492647058823529, 0.8492647058823529, 0.8566176470588235, 0.8860294117647058, 0.8676470588235294, 0.8639705882352942, 0.875, 0.8823529411764706, 0.8860294117647058, 0.8860294117647058, 0.8933823529411765, 0.875, 0.875, 0.8823529411764706, 0.8676470588235294, 0.8823529411764706, 0.8897058823529411, 0.8823529411764706, 0.9044117647058824, 0.9117647058823529, 0.8676470588235294, 0.8970588235294118, 0.8897058823529411, 0.9117647058823529, 0.9080882352941176, 0.9080882352941176, 0.9080882352941176, 0.9044117647058824, 0.9080882352941176, 0.9080882352941176, 0.9080882352941176, 0.9080882352941176, 0.9117647058823529, 0.9117647058823529, 0.9117647058823529, 0.9191176470588235, 0.9375, 0.9264705882352942, 0.9301470588235294, 0.9375, 0.9264705882352942, 0.9301470588235294, 0.9117647058823529, 0.9154411764705882, 0.9411764705882353, 0.9117647058823529, 0.9448529411764706, 0.9522058823529411, 0.9522058823529411, 0.9411764705882353, 0.9191176470588235, 0.9522058823529411, 0.9448529411764706, 0.9227941176470589, 0.9375, 0.9485294117647058, 0.9558823529411765, 0.9485294117647058, 0.9485294117647058, 0.9448529411764706, 0.9448529411764706, 0.9742647058823529, 0.9558823529411765, 0.9522058823529411, 0.9705882352941176, 0.9375, 0.9632352941176471, 0.9522058823529411, 0.9669117647058824, 0.9558823529411765, 0.9522058823529411, 0.9632352941176471, 0.9632352941176471, 0.9448529411764706, 0.9669117647058824, 0.9742647058823529, 0.9522058823529411, 0.9705882352941176, 0.9705882352941176, 0.9742647058823529, 0.9779411764705882, 0.9742647058823529, 0.9669117647058824, 0.9632352941176471, 0.9889705882352942, 0.9742647058823529, 0.9742647058823529, 0.9779411764705882, 0.9705882352941176, 0.9632352941176471, 0.9852941176470589, 0.9705882352941176, 0.9852941176470589],