{"epoch": 85, "macroF1Rumor": 0.7207729468599032, "accRumor": 0.7142857142857143, "loss": 0.8672052025794983, "trainRumorAcc": [0.41911764705882354, 0.46691176470588236, 0.47058823529411764, 0.4852941176470588, 0.5, 0.49264705882352944, 0.5110294117647058, 0.5036764705882353, 0.5220588235294118, 0.5294117647058824, 0.5441176470588235, 0.5514705882352942, 0.5404411764705882, 0.5588235294117647, 0.5551470588235294, 0.5551470588235294, 0.5441176470588235, 0.5698529411764706, 0.5772058823529411, 0.5808823529411765, 0.5661764705882353, 0.5808823529411765, 0.6029411764705882, 0.6176470588235294, 0.6029411764705882, 0.6139705882352942, 0.6102941176470589, 0.6102941176470589, 0.6029411764705882, 0.625, 0.6213235294117647, 0.6360294117647058, 0.6360294117647058, 0.6617647058823529, 0.6360294117647058, 0.6470588235294118, 0.6801470588235294, 0.6838235294117647, 0.6801470588235294, 0.6727941176470589, 0.7022058823529411, 0.6948529411764706, 0.7022058823529411, 0.7132352941176471, 0.7022058823529411, 0.7132352941176471, 0.7242647058823529, 0.7279411764705882, 0.75, 0.7536764705882353, 0.7352941176470589, 0.7573529411764706, 0.7610294117647058, 0.7536764705882353, 0.7647058823529411, 0.7757352941176471, 0.7757352941176471, 0.7904411764705882, 0.7977941176470589, 0.8125, 0.8125, 0.8125, 0.8125, 0.8345588235294118, 0.8382352941176471, 0.8382352941176471, 0.8345588235294118, 0.8566176470588235, 0.8786764705882353, 0.8933823529411765, 0.8639705882352942, 0.8639705882352942, 0.8602941176470589, 0.8860294117647058, 0.9044117647058824, 0.8897058823529411, 0.8897058823529411, 0.9007352941176471, 0.9227941176470589, 0.9044117647058824, 0.9117647058823529, 0.9191176470588235, 0.9411764705882353, 0.9448529411764706, 0.9485294117647058, 0.9338235294117647, 0.9558823529411765, 0.9411764705882353, 0.9632352941176471, 0.9595588235294118, 0.9448529411764706, 0.9669117647058824, 0.9779411764705882, 0.9448529411764706, 0.9705882352941176, 0.9669117647058824, 0.9705882352941176, 0.9742647058823529, 0.9889705882352942, 0.9816176470588235, 0.9852941176470589, 0.9742647058823529, 0.9926470588235294, 0.9889705882352942, 0.9852941176470589, 0.9852941176470589, 0.9852941176470589, 0.9889705882352942, 0.9852941176470589, 0.9852941176470589, 0.9963235294117647, 0.9889705882352942, 0.9889705882352942, 0.9926470588235294, 0.9963235294117647, 0.9963235294117647, 0.9852941176470589, 0.9926470588235294, 0.9963235294117647, 0.9963235294117647, 1.0, 1.0, 1.0, 1.0, 0.9963235294117647, 0.9963235294117647, 1.0, 0.9889705882352942, 1.0, 1.0, 0.9963235294117647, 0.9963235294117647, 0.9926470588235294, 0.9926470588235294, 0.9963235294117647], "trainRumorF1": [0.29810984796603207, 0.21219715956558063, 0.22612624131611478, 0.27251461988304093, 0.2955103644758817, 0.2954545454545454, 0.34485620724313454, 0.332563170125704, 0.3568895789009641, 0.3614388044716468, 0.37935568704799477, 0.3885419544994013, 0.3773612970400119, 0.39239021956087833, 0.3967432950191571, 0.3925823585398054, 0.3841218532667255, 0.40585495675316036, 0.4118857087049143, 0.4161815196297955, 0.40072355289421163, 0.4132544961813254, 0.4334344455679138, 0.44902319902319904, 0.4339699805282402, 0.4434462946732885, 0.4421066257156137, 0.4432234432234432, 0.4329783037475345, 0.4546599272856256, 0.45048289605579867, 0.46428571428571425, 0.46078711644749376, 0.48563814036126746, 0.4648200093501636, 0.47323692887975216, 0.4996616831118093, 0.5025219394151432, 0.5109922756981581, 0.49443264920971935, 0.5195360195360195, 0.5425342012322468, 0.5304020177273346, 0.5406292383055077, 0.5282647084158842, 0.5358557527579383, 0.5682144652732889, 0.5686923283014488, 0.6456940811779521, 0.6319838348848957, 0.5947217107239271, 0.6205127354552642, 0.6478474765415022, 0.6250520592388605, 0.6631173857468572, 0.6790402509019854, 0.6832110098363969, 0.6967080934065527, 0.7015635948212996, 0.7209405019647773, 0.7475412384447578, 0.7411907273457906, 0.7401973700815224, 0.7721100481181975, 0.7784724757019262, 0.7928063389701747, 0.7842903113682488, 0.8105284546324665, 0.8363002959752054, 0.8569446993436062, 0.8212731426051989, 0.8236766247379453, 0.8206527642011513, 0.8395703723635396, 0.8779779447882895, 0.8609021375332254, 0.8599674318660325, 0.8778794121115019, 0.8939523992022543, 0.8769455428856548, 0.8886943363597061, 0.898359513123895, 0.9267070249050741, 0.9345679895552018, 0.9322961464946413, 0.9138670935545935, 0.9432863203761036, 0.926533547967257, 0.9508200354609929, 0.9458319893650274, 0.9318306401639735, 0.9564701957483511, 0.9708777787875831, 0.9267326038159373, 0.9641533687943262, 0.958403186754632, 0.9615146667367456, 0.9650489160076358, 0.985977421271539, 0.9779085509048211, 0.9796491228070175, 0.96595116094621, 0.9907086614173228, 0.985977421271539, 0.9805164007092199, 0.9809814296088805, 0.9809814296088805, 0.9857106695546444, 0.9820387158887386, 0.9800684718331777, 0.9948877959349164, 0.9848080046099849, 0.9848080046099849, 0.9898245614035087, 0.995325807090513, 0.9949360015366615, 0.9800684718331777, 0.9918733749805186, 0.995325807090513, 0.995325807090513, 1.0, 1.0, 1.0, 1.0, 0.9949360015366615, 0.9949360015366615, 1.0, 0.9872932810807912, 1.0, 1.0, 0.9949360015366615, 0.9953821469103432, 0.9899179529968016, 0.9899179529968016, 0.9948877959349164],