{"epoch": 100, "macroF1Rumor": 0.6056644880174292, "accRumor": 0.6071428571428571, "loss": 1.4020425081253052, "trainRumorAcc": [0.45588235294117646, 0.46691176470588236, 0.4522058823529412, 0.47058823529411764, 0.5073529411764706, 0.5257352941176471, 0.5477941176470589, 0.5330882352941176, 0.5588235294117647, 0.5588235294117647, 0.5772058823529411, 0.5588235294117647, 0.5955882352941176, 0.5772058823529411, 0.5955882352941176, 0.6066176470588235, 0.6176470588235294, 0.6176470588235294, 0.6139705882352942, 0.6139705882352942, 0.6213235294117647, 0.6176470588235294, 0.6397058823529411, 0.6323529411764706, 0.6507352941176471, 0.6470588235294118, 0.6433823529411765, 0.6397058823529411, 0.6544117647058824, 0.6654411764705882, 0.6838235294117647, 0.6654411764705882, 0.6875, 0.6727941176470589, 0.6985294117647058, 0.6875, 0.7058823529411765, 0.7095588235294118, 0.7169117647058824, 0.7316176470588235, 0.7316176470588235, 0.7463235294117647, 0.7205882352941176, 0.7536764705882353, 0.7683823529411765, 0.7794117647058824, 0.7867647058823529, 0.7610294117647058, 0.7977941176470589, 0.7977941176470589, 0.8125, 0.7867647058823529, 0.8125, 0.8382352941176471, 0.8382352941176471, 0.8308823529411765, 0.8455882352941176, 0.8492647058823529, 0.8345588235294118, 0.8455882352941176, 0.8676470588235294, 0.8786764705882353, 0.8713235294117647, 0.8602941176470589, 0.875, 0.875, 0.8786764705882353, 0.8933823529411765, 0.9007352941176471, 0.8970588235294118, 0.9007352941176471, 0.8970588235294118, 0.9117647058823529, 0.9191176470588235, 0.9227941176470589, 0.9227941176470589, 0.9154411764705882, 0.9117647058823529, 0.9411764705882353, 0.9411764705882353, 0.9522058823529411, 0.9485294117647058, 0.9301470588235294, 0.9301470588235294, 0.9411764705882353, 0.9558823529411765, 0.9227941176470589, 0.9669117647058824, 0.9632352941176471, 0.9375, 0.9669117647058824, 0.9705882352941176, 0.9779411764705882, 0.9632352941176471, 0.9705882352941176, 0.9779411764705882, 0.9779411764705882, 0.9889705882352942, 0.9742647058823529, 0.9963235294117647, 0.9779411764705882, 0.9852941176470589, 0.9742647058823529, 0.9816176470588235, 0.9926470588235294, 0.9852941176470589, 0.9963235294117647, 0.9852941176470589, 0.9742647058823529, 0.9963235294117647, 0.9926470588235294, 0.9963235294117647, 0.9963235294117647, 0.9889705882352942, 0.9963235294117647, 1.0, 0.9926470588235294, 0.9889705882352942, 0.9963235294117647, 1.0, 0.9963235294117647, 0.9963235294117647, 0.9926470588235294, 0.9926470588235294, 0.9963235294117647, 0.9889705882352942, 0.9963235294117647, 1.0, 1.0, 0.9926470588235294, 1.0, 1.0, 0.9963235294117647, 1.0, 0.9963235294117647, 0.9926470588235294, 1.0, 1.0, 1.0, 0.9926470588235294, 1.0, 1.0, 1.0, 1.0, 1.0, 0.9963235294117647, 0.9963235294117647, 1.0, 1.0, 0.9963235294117647], "trainRumorF1": [0.20875420875420878, 0.21219715956558063, 0.21925359421945223, 0.2257266542980829, 0.31888428728186613, 0.3303624480095068, 0.36471586089906705, 0.3457844336215467, 0.38566890590011976, 0.38522841487533643, 0.40762507534659437, 0.39663519728879204, 0.42745155321842443, 0.41170401398748285, 0.4220162748643761, 0.44302754882818124, 0.44407820444737434, 0.44662933150859246, 0.4415230304800857, 0.446026180458158, 0.4530412933200587, 0.4484060528574601, 0.46794951375956967, 0.4610060209548192, 0.4772400686042739, 0.4732484076433121, 0.46946839080459773, 0.46618671755283775, 0.4789833822091887, 0.48877482519144283, 0.5131709249356308, 0.499504852446029, 0.5259339476091527, 0.5132074193963444, 0.5653811193351513, 0.5258601266350523, 0.5600865144769663, 0.5896333955676377, 0.612075905692927, 0.5906788964833375, 0.6270933014354068, 0.6403812878506983, 0.6380191547427042, 0.6756647607711437, 0.7020430243965001, 0.7104500381388252, 0.728407494342226, 0.6811640112981182, 0.7459864205490684, 0.7343358742082781, 0.7562605672722208, 0.7428698752228163, 0.7614896004966928, 0.8005202821869489, 0.8024131813799711, 0.7853850149482943, 0.8077158255938004, 0.801675272267785, 0.8012549173511245, 0.815614865710134, 0.8369936838312837, 0.8586208728451137, 0.8414690787034327, 0.8349362609445176, 0.8469924812030075, 0.8452377615189827, 0.8515530574957646, 0.8737285838212969, 0.8857518215788635, 0.8759868802972252, 0.8756010504189448, 0.8749218678640062, 0.8946794153961006, 0.9045882104946631, 0.9026247433146645, 0.9125732875732875, 0.8964844543791912, 0.8919853032756259, 0.9288643482191868, 0.928935705807759, 0.941123670212766, 0.9370014520703603, 0.9097222222222223, 0.9147987155388471, 0.9297233478041171, 0.9436282943787112, 0.9052770390070921, 0.9570660856935366, 0.9554248451567364, 0.9235379153857414, 0.9584743200842271, 0.9624188048095427, 0.9726656445406445, 0.9544224681551853, 0.9641533687943262, 0.9732640753669889, 0.973553963899895, 0.9848080046099849, 0.9701578282271259, 0.9948877959349164, 0.9739267558875402, 0.9816996217769461, 0.9678202869280348, 0.9787821272061779, 0.9902624753605146, 0.982003817941318, 0.9948877959349164, 0.9823547541994144, 0.9729247643162314, 0.995325807090513, 0.992311329620651, 0.9969291420271812, 0.9949360015366615, 0.9855291172848991, 0.9969291420271812, 1.0, 0.9918463811337329, 0.9852727149145121, 0.9949360015366615, 1.0, 0.9949360015366615, 0.9949360015366615, 0.9902706095785995, 0.9918463811337329, 0.9949360015366615, 0.9871998894874983, 0.9969291420271812, 1.0, 1.0, 0.992311329620651, 1.0, 1.0, 0.9949360015366615, 1.0, 0.9949360015366615, 0.9907086614173228, 1.0, 1.0, 1.0, 0.9923089666234137, 1.0, 1.0, 1.0, 1.0, 1.0, 0.9949360015366615, 0.9949360015366615, 1.0, 1.0, 0.9953821469103432],