{"epoch": 95, "macroF1Rumor": 0.5999782063855291, "accRumor": 0.5714285714285714, "loss": 1.9983974695205688, "trainRumorAcc": [0.46691176470588236, 0.46691176470588236, 0.46691176470588236, 0.46691176470588236, 0.46691176470588236, 0.46691176470588236, 0.48161764705882354, 0.4742647058823529, 0.4889705882352941, 0.5514705882352942, 0.5036764705882353, 0.5477941176470589, 0.5588235294117647, 0.5845588235294118, 0.5735294117647058, 0.5845588235294118, 0.5698529411764706, 0.5919117647058824, 0.5992647058823529, 0.5808823529411765, 0.5955882352941176, 0.5919117647058824, 0.6066176470588235, 0.5992647058823529, 0.6066176470588235, 0.6102941176470589, 0.6213235294117647, 0.6323529411764706, 0.6323529411764706, 0.6360294117647058, 0.6360294117647058, 0.6286764705882353, 0.6544117647058824, 0.6470588235294118, 0.6544117647058824, 0.6580882352941176, 0.6507352941176471, 0.6727941176470589, 0.6433823529411765, 0.6617647058823529, 0.6764705882352942, 0.6838235294117647, 0.6875, 0.6875, 0.6801470588235294, 0.6948529411764706, 0.6838235294117647, 0.7095588235294118, 0.6948529411764706, 0.6911764705882353, 0.6948529411764706, 0.7169117647058824, 0.7132352941176471, 0.7279411764705882, 0.7352941176470589, 0.7352941176470589, 0.7426470588235294, 0.7279411764705882, 0.7536764705882353, 0.7536764705882353, 0.7610294117647058, 0.7683823529411765, 0.7683823529411765, 0.7683823529411765, 0.7647058823529411, 0.7977941176470589, 0.7941176470588235, 0.7904411764705882, 0.7977941176470589, 0.7794117647058824, 0.8088235294117647, 0.8382352941176471, 0.8125, 0.8198529411764706, 0.8308823529411765, 0.8419117647058824, 0.8492647058823529, 0.8786764705882353, 0.8566176470588235, 0.8566176470588235, 0.875, 0.8823529411764706, 0.875, 0.9044117647058824, 0.8897058823529411, 0.8933823529411765, 0.9044117647058824, 0.8860294117647058, 0.9117647058823529, 0.9117647058823529, 0.9227941176470589, 0.9117647058823529, 0.9191176470588235, 0.9264705882352942, 0.9338235294117647, 0.9375, 0.9338235294117647, 0.9264705882352942, 0.9485294117647058, 0.9375, 0.9338235294117647, 0.9522058823529411, 0.9448529411764706, 0.9411764705882353, 0.9632352941176471, 0.9595588235294118, 0.9595588235294118, 0.9522058823529411, 0.9558823529411765, 0.9705882352941176, 0.9485294117647058, 0.9669117647058824, 0.9595588235294118, 0.9742647058823529, 0.9742647058823529, 0.9558823529411765, 0.9742647058823529, 0.9779411764705882, 0.9669117647058824, 0.9889705882352942, 0.9779411764705882, 0.9963235294117647, 0.9816176470588235, 0.9779411764705882, 0.9926470588235294, 0.9926470588235294, 0.9889705882352942, 0.9852941176470589, 0.9926470588235294, 0.9889705882352942, 0.9926470588235294, 0.9926470588235294, 0.9889705882352942, 0.9963235294117647, 0.9963235294117647, 1.0, 1.0, 0.9852941176470589, 0.9926470588235294, 0.9926470588235294, 0.9963235294117647, 0.9926470588235294, 0.9963235294117647, 0.9963235294117647, 0.9926470588235294], "trainRumorF1": [0.21219715956558063, 0.21219715956558063, 0.21219715956558063, 0.21219715956558063, 0.21219715956558063, 0.21219715956558063, 0.24674375834530016, 0.23286024805012148, 0.26501815807728407, 0.3651655259713789, 0.2855900891110628, 0.36471586089906705, 0.38032643224887724, 0.4081865000435309, 0.4006878306878307, 0.42131658389327103, 0.4065556239469283, 0.4234056541748849, 0.435266335573084, 0.4205307354786043, 0.4310992344359382, 0.431456998452568, 0.4421755232624445, 0.4378730108528221, 0.4461899634617761, 0.4478023114894623, 0.45659930031514734, 0.46444219750589827, 0.46485709363322575, 0.46755288736420814, 0.46845954234489273, 0.4633071469630197, 0.48246567692645853, 0.4780547537829092, 0.4820222679059851, 0.4855876357085289, 0.4798786451835843, 0.4983716475095785, 0.47456140350877196, 0.48813084929589784, 0.5025452637103123, 0.5181717679280241, 0.5197943441125289, 0.5200640314957188, 0.516035015791272, 0.5465718390385806, 0.5256141222242917, 0.5483161999291032, 0.5259115685320969, 0.5336677676305681, 0.5364501779159445, 0.5630665555018614, 0.5612253045848942, 0.5819473265002411, 0.607500359439395, 0.5971379680689989, 0.6267486348215298, 0.6082122554761105, 0.6372416424233616, 0.6720402467685077, 0.6652156217373609, 0.6731674225063967, 0.6704173484897438, 0.6610560948241112, 0.6780063114574825, 0.7193698296182768, 0.7207485441340052, 0.7217912613073905, 0.7217507253797577, 0.7021580278581278, 0.7365236714717684, 0.7978847343649434, 0.7623879843493627, 0.7626897257936056, 0.7843991725174145, 0.794316429017179, 0.8173575290654006, 0.8413270504812518, 0.8285438843353589, 0.8204408503978088, 0.8450221048267252, 0.8524668732741324, 0.8447677251295745, 0.8817954685676935, 0.860365456783787, 0.8616208632552073, 0.8843389532691478, 0.8627402559986831, 0.8913326427072542, 0.8872732206065539, 0.8971880404747231, 0.8861273662084185, 0.9031468240621191, 0.9108636027410482, 0.9163933507134248, 0.9214003389707811, 0.918303855052289, 0.9122484020127839, 0.9364319039686445, 0.9226850911061438, 0.9153800577092851, 0.9451633233145839, 0.9255228392000311, 0.9247292019221843, 0.956201320086409, 0.9504057917781878, 0.9489021388960746, 0.9479370447112383, 0.9452691203408987, 0.9619587163741242, 0.9365457179435347, 0.9626763479661635, 0.9474726562588421, 0.9654860532347946, 0.9681673221110163, 0.9492419665234514, 0.9679282596835789, 0.9721817339997653, 0.954251593395225, 0.985531154801988, 0.973553963899895, 0.995325807090513, 0.9764853375726273, 0.970874731471536, 0.9901448886710007, 0.9901448886710007, 0.9871998894874983, 0.9807398388091365, 0.990593112244898, 0.985531154801988, 0.9922631240189058, 0.9902624753605146, 0.9870843403150733, 0.9949360015366615, 0.995325807090513, 1.0, 1.0, 0.9840401081898728, 0.9918170351606884, 0.990593112244898, 0.995325807090513, 0.9938497340425533, 0.9953821469103432, 0.995325807090513, 0.9907086614173228],