{"epoch": 175, "macroF1Rumor": 0.8312399355877617, "accRumor": 0.8214285714285714, "loss": 0.4688071012496948, "trainRumorAcc": [0.40808823529411764, 0.46691176470588236, 0.46691176470588236, 0.46691176470588236, 0.47058823529411764, 0.4963235294117647, 0.4742647058823529, 0.47794117647058826, 0.5147058823529411, 0.5220588235294118, 0.5441176470588235, 0.5551470588235294, 0.5404411764705882, 0.5514705882352942, 0.5404411764705882, 0.5625, 0.5367647058823529, 0.5514705882352942, 0.5514705882352942, 0.5772058823529411, 0.5772058823529411, 0.5808823529411765, 0.5698529411764706, 0.5661764705882353, 0.5955882352941176, 0.5845588235294118, 0.5845588235294118, 0.5955882352941176, 0.5772058823529411, 0.6029411764705882, 0.5992647058823529, 0.6213235294117647, 0.625, 0.6139705882352942, 0.6139705882352942, 0.6470588235294118, 0.6470588235294118, 0.6433823529411765, 0.6544117647058824, 0.6507352941176471, 0.6544117647058824, 0.6544117647058824, 0.6654411764705882, 0.6470588235294118, 0.6617647058823529, 0.6801470588235294, 0.6580882352941176, 0.6764705882352942, 0.6727941176470589, 0.6764705882352942, 0.6838235294117647, 0.6911764705882353, 0.6948529411764706, 0.6801470588235294, 0.6801470588235294, 0.6911764705882353, 0.7022058823529411, 0.7058823529411765, 0.7058823529411765, 0.6948529411764706, 0.7169117647058824, 0.7095588235294118, 0.7169117647058824, 0.7279411764705882, 0.7279411764705882, 0.7463235294117647, 0.7169117647058824, 0.7683823529411765, 0.7426470588235294, 0.7573529411764706, 0.7205882352941176, 0.75, 0.7610294117647058, 0.7610294117647058, 0.7647058823529411, 0.7720588235294118, 0.7536764705882353, 0.7683823529411765, 0.7610294117647058, 0.7867647058823529, 0.7610294117647058, 0.7867647058823529, 0.7757352941176471, 0.7977941176470589, 0.8014705882352942, 0.7941176470588235, 0.8014705882352942, 0.7977941176470589, 0.8125, 0.8272058823529411, 0.8125, 0.7977941176470589, 0.8272058823529411, 0.8382352941176471, 0.8455882352941176, 0.8272058823529411, 0.8492647058823529, 0.8198529411764706, 0.8235294117647058, 0.8419117647058824, 0.8492647058823529, 0.8566176470588235, 0.8602941176470589, 0.8529411764705882, 0.8713235294117647, 0.8823529411764706, 0.8786764705882353, 0.8786764705882353, 0.8897058823529411, 0.8676470588235294, 0.8713235294117647, 0.8639705882352942, 0.8970588235294118, 0.8933823529411765, 0.8786764705882353, 0.8823529411764706, 0.8897058823529411, 0.9080882352941176, 0.8933823529411765, 0.8786764705882353, 0.9227941176470589, 0.9080882352941176, 0.9080882352941176, 0.9044117647058824, 0.9007352941176471, 0.9007352941176471, 0.9007352941176471, 0.9044117647058824, 0.9301470588235294, 0.9117647058823529, 0.9154411764705882, 0.9411764705882353, 0.9375, 0.9154411764705882, 0.9632352941176471, 0.9411764705882353, 0.9264705882352942, 0.9375, 0.9227941176470589, 0.9522058823529411, 0.9301470588235294, 0.9411764705882353, 0.9154411764705882, 0.9595588235294118, 0.9448529411764706, 0.9375, 0.9448529411764706, 0.9411764705882353, 0.9558823529411765, 0.9411764705882353, 0.9558823529411765, 0.9632352941176471, 0.9595588235294118, 0.9705882352941176, 0.9669117647058824, 0.9448529411764706, 0.9669117647058824, 0.9632352941176471, 0.9632352941176471, 0.9522058823529411, 0.9558823529411765, 0.9705882352941176, 0.9816176470588235, 0.9595588235294118, 0.9816176470588235, 0.9632352941176471, 0.9779411764705882, 0.9742647058823529, 0.9705882352941176, 0.9485294117647058, 0.9705882352941176, 0.9632352941176471, 0.9595588235294118, 0.9705882352941176, 0.9889705882352942, 0.9852941176470589, 0.9816176470588235, 0.9926470588235294, 0.9816176470588235, 0.9742647058823529, 0.9742647058823529, 0.9779411764705882, 0.9779411764705882, 0.9742647058823529, 0.9742647058823529, 0.9779411764705882, 0.9742647058823529, 0.9742647058823529, 0.9522058823529411, 0.9705882352941176, 0.9742647058823529, 0.9816176470588235, 0.9816176470588235, 0.9852941176470589, 0.9816176470588235, 0.9742647058823529, 0.9852941176470589, 0.9779411764705882, 0.9742647058823529, 0.9742647058823529, 0.9779411764705882, 0.9816176470588235, 0.9742647058823529, 0.9779411764705882, 0.9742647058823529, 0.9705882352941176, 0.9742647058823529, 0.9852941176470589, 0.9816176470588235, 0.9779411764705882, 0.9889705882352942, 0.9889705882352942, 0.9926470588235294, 0.9852941176470589, 0.9889705882352942, 1.0, 0.9816176470588235, 0.9889705882352942, 0.9926470588235294, 0.9742647058823529, 0.9852941176470589, 0.9889705882352942, 0.9963235294117647, 0.9889705882352942, 0.9926470588235294],