{"epoch": 90, "macroF1Rumor": 0.674447556800498, "accRumor": 0.6785714285714286, "loss": 1.089011549949646, "trainRumorAcc": [0.4338235294117647, 0.46691176470588236, 0.46691176470588236, 0.4852941176470588, 0.49264705882352944, 0.5147058823529411, 0.4852941176470588, 0.5257352941176471, 0.5257352941176471, 0.5551470588235294, 0.5404411764705882, 0.5294117647058824, 0.5735294117647058, 0.5588235294117647, 0.5698529411764706, 0.5735294117647058, 0.5772058823529411, 0.5698529411764706, 0.5735294117647058, 0.5735294117647058, 0.5845588235294118, 0.5919117647058824, 0.6029411764705882, 0.5955882352941176, 0.6066176470588235, 0.6102941176470589, 0.5919117647058824, 0.6433823529411765, 0.6323529411764706, 0.6360294117647058, 0.6102941176470589, 0.6286764705882353, 0.6323529411764706, 0.6433823529411765, 0.6580882352941176, 0.6507352941176471, 0.6544117647058824, 0.6617647058823529, 0.6838235294117647, 0.6617647058823529, 0.6654411764705882, 0.6801470588235294, 0.6911764705882353, 0.6948529411764706, 0.7095588235294118, 0.7205882352941176, 0.75, 0.7169117647058824, 0.7316176470588235, 0.7426470588235294, 0.7573529411764706, 0.7426470588235294, 0.7536764705882353, 0.7720588235294118, 0.7683823529411765, 0.7904411764705882, 0.7904411764705882, 0.7830882352941176, 0.8088235294117647, 0.8161764705882353, 0.8088235294117647, 0.8125, 0.8051470588235294, 0.7941176470588235, 0.8455882352941176, 0.8272058823529411, 0.8345588235294118, 0.8382352941176471, 0.8455882352941176, 0.8529411764705882, 0.8639705882352942, 0.8529411764705882, 0.8823529411764706, 0.8823529411764706, 0.8933823529411765, 0.9044117647058824, 0.9154411764705882, 0.9044117647058824, 0.9191176470588235, 0.9191176470588235, 0.8860294117647058, 0.9117647058823529, 0.9117647058823529, 0.8970588235294118, 0.9191176470588235, 0.9301470588235294, 0.9448529411764706, 0.9448529411764706, 0.9411764705882353, 0.9595588235294118, 0.9485294117647058, 0.9301470588235294, 0.9595588235294118, 0.9595588235294118, 0.9705882352941176, 0.9669117647058824, 0.9742647058823529, 0.9522058823529411, 0.9522058823529411, 0.9632352941176471, 0.9742647058823529, 0.9632352941176471, 0.9816176470588235, 0.9742647058823529, 0.9852941176470589, 0.9926470588235294, 0.9816176470588235, 0.9852941176470589, 0.9742647058823529, 0.9816176470588235, 1.0, 0.9926470588235294, 0.9816176470588235, 0.9926470588235294, 1.0, 0.9926470588235294, 0.9852941176470589, 0.9889705882352942, 0.9852941176470589, 0.9963235294117647, 1.0, 0.9963235294117647, 0.9963235294117647, 0.9926470588235294, 0.9963235294117647, 0.9926470588235294, 0.9926470588235294, 1.0, 0.9963235294117647, 1.0, 0.9963235294117647, 1.0, 0.9963235294117647, 0.9926470588235294, 0.9852941176470589, 0.9926470588235294, 1.0, 1.0, 0.9963235294117647, 1.0], "trainRumorF1": [0.2343486901535682, 0.21219715956558063, 0.21219715956558063, 0.24844011118669118, 0.2714450201496834, 0.32613274134790526, 0.2536687110471035, 0.341025641025641, 0.3561118983887052, 0.3815927908146928, 0.36680169943681457, 0.3692300064455352, 0.4024994449202271, 0.39882662835249044, 0.407366832213458, 0.41282360638419197, 0.4093619950561657, 0.41250182221056003, 0.4153823416393248, 0.41884673332420214, 0.4193933197000681, 0.4300795475473335, 0.4368448637316562, 0.4274698201527469, 0.4437462179397664, 0.4432234432234432, 0.4299036826528751, 0.47006591587597174, 0.4621489621489621, 0.46531361082444683, 0.44548183502006083, 0.4599771297884505, 0.46050072418787497, 0.4716739085454169, 0.4824818573452454, 0.4870868049030049, 0.5031236945428365, 0.48534798534798534, 0.5133415825877277, 0.5183163767021763, 0.5407892333634907, 0.5405023523096839, 0.5752489315707706, 0.5531322098097343, 0.6127479605740475, 0.6275670214322289, 0.6531895003833016, 0.617606002847457, 0.6296463332773955, 0.6617403312496605, 0.666408738872507, 0.6653017135562429, 0.6576823116710196, 0.6752240906888544, 0.6999192950311914, 0.7266913946362518, 0.7261887319030175, 0.7220086691023265, 0.7513946737346965, 0.7641476880607314, 0.7496656646507532, 0.7653578552749093, 0.7407989970064355, 0.7445036468693758, 0.7946723464371558, 0.7792676381130349, 0.7968919503510699, 0.795770202020202, 0.8036691490385427, 0.814957942053219, 0.8235624025097709, 0.8157331621462579, 0.850722315124489, 0.8545377056401499, 0.8668710516536603, 0.8784240450907118, 0.8916343174141832, 0.8805829778537143, 0.9061772508256185, 0.8964283128941637, 0.8660705818600555, 0.8878276773013615, 0.8957057024283915, 0.8697537132815691, 0.9036298009225131, 0.9131460907456709, 0.929702634965793, 0.9313234728832046, 0.9248973719218713, 0.9472586453350926, 0.936267207244541, 0.9157096744862702, 0.9503814693378317, 0.9540533230925892, 0.9644629390765257, 0.9584189923267189, 0.9697749261403062, 0.9418189670849246, 0.9388831556014218, 0.9544502998567848, 0.9680836077120908, 0.9602406007191108, 0.9766290354525649, 0.9696114915929157, 0.9809814296088805, 0.9899179529968016, 0.9772373871014374, 0.9807573333683729, 0.9667015154511976, 0.9772373871014374, 1.0, 0.9922631240189058, 0.9772125019484664, 0.9898245614035087, 1.0, 0.9922631240189058, 0.9824686493417144, 0.9852727149145121, 0.9829044453688885, 0.9969291420271812, 1.0, 0.995325807090513, 0.995325807090513, 0.9918463811337329, 0.995325807090513, 0.9922631240189058, 0.9902706095785995, 1.0, 0.9969372762452662, 1.0, 0.9953821469103432, 1.0, 0.995325807090513, 0.993866556154165, 0.9812118669748678, 0.993866556154165, 1.0, 1.0, 0.995325807090513, 1.0],