{"epoch": 100, "macroF1Rumor": 0.8247743541861189, "accRumor": 0.8214285714285714, "loss": 0.627810001373291, "trainRumorAcc": [0.35294117647058826, 0.4522058823529412, 0.46691176470588236, 0.46691176470588236, 0.46691176470588236, 0.46691176470588236, 0.46691176470588236, 0.46691176470588236, 0.46691176470588236, 0.46691176470588236, 0.4963235294117647, 0.4742647058823529, 0.5036764705882353, 0.49264705882352944, 0.5220588235294118, 0.5294117647058824, 0.5441176470588235, 0.5441176470588235, 0.5257352941176471, 0.5551470588235294, 0.5551470588235294, 0.5514705882352942, 0.5698529411764706, 0.5257352941176471, 0.5845588235294118, 0.5477941176470589, 0.5772058823529411, 0.5661764705882353, 0.5808823529411765, 0.5661764705882353, 0.5808823529411765, 0.6213235294117647, 0.5955882352941176, 0.6213235294117647, 0.5992647058823529, 0.625, 0.6360294117647058, 0.625, 0.6433823529411765, 0.6470588235294118, 0.6433823529411765, 0.6470588235294118, 0.6433823529411765, 0.6544117647058824, 0.6764705882352942, 0.6580882352941176, 0.6764705882352942, 0.6691176470588235, 0.6801470588235294, 0.6875, 0.6727941176470589, 0.6948529411764706, 0.6985294117647058, 0.6948529411764706, 0.7095588235294118, 0.7095588235294118, 0.7095588235294118, 0.7242647058823529, 0.7022058823529411, 0.7536764705882353, 0.7279411764705882, 0.7757352941176471, 0.7463235294117647, 0.7647058823529411, 0.7610294117647058, 0.7536764705882353, 0.7463235294117647, 0.7757352941176471, 0.7794117647058824, 0.7867647058823529, 0.7757352941176471, 0.7941176470588235, 0.8051470588235294, 0.7941176470588235, 0.7867647058823529, 0.7904411764705882, 0.8125, 0.8014705882352942, 0.8198529411764706, 0.8051470588235294, 0.8272058823529411, 0.8308823529411765, 0.8345588235294118, 0.8382352941176471, 0.8419117647058824, 0.8676470588235294, 0.8639705882352942, 0.8455882352941176, 0.8602941176470589, 0.8602941176470589, 0.8602941176470589, 0.8860294117647058, 0.8860294117647058, 0.8933823529411765, 0.8933823529411765, 0.9117647058823529, 0.8970588235294118, 0.8823529411764706, 0.9191176470588235, 0.9117647058823529, 0.9080882352941176, 0.9044117647058824, 0.9448529411764706, 0.9191176470588235, 0.9301470588235294, 0.9375, 0.9154411764705882, 0.9375, 0.9301470588235294, 0.9558823529411765, 0.9411764705882353, 0.9522058823529411, 0.9411764705882353, 0.9632352941176471, 0.9669117647058824, 0.9485294117647058, 0.9705882352941176, 0.9595588235294118, 0.9705882352941176, 0.9595588235294118, 0.9595588235294118, 0.9595588235294118, 0.9595588235294118, 0.9742647058823529, 0.9816176470588235, 0.9669117647058824, 0.9779411764705882, 0.9779411764705882, 0.9816176470588235, 0.9926470588235294, 0.9779411764705882, 0.9816176470588235, 0.9852941176470589, 0.9889705882352942, 0.9852941176470589, 0.9779411764705882, 0.9889705882352942, 0.9926470588235294, 0.9963235294117647, 0.9926470588235294, 0.9889705882352942, 1.0, 1.0, 0.9742647058823529, 0.9926470588235294, 0.9889705882352942, 0.9889705882352942, 0.9963235294117647, 0.9852941176470589, 0.9963235294117647], "trainRumorF1": [0.19059802606692114, 0.23083964646464647, 0.21219715956558063, 0.21219715956558063, 0.21219715956558063, 0.21219715956558063, 0.21219715956558063, 0.21219715956558063, 0.21219715956558063, 0.21219715956558063, 0.27309861894573045, 0.2270118673556831, 0.2976608187134503, 0.2667319541355531, 0.325109243697479, 0.33846850597886036, 0.3695070361737029, 0.38209788435309416, 0.36124687737590966, 0.382505022560353, 0.3868206264254021, 0.39660076802730765, 0.39764704368029147, 0.37821411874707805, 0.41999104343931926, 0.3941355561467294, 0.40962813312821655, 0.40999860354699064, 0.4173483299250171, 0.4099511599511599, 0.4175004764627406, 0.4536447275300779, 0.4292936588184313, 0.45240422659777496, 0.435546225837488, 0.45791523482245133, 0.4632293670826493, 0.4578792384617627, 0.4715589375783551, 0.47465437788018433, 0.4817763042068172, 0.4859788227516535, 0.48228065673997195, 0.47902353885169763, 0.520196174345286, 0.49415887212584847, 0.51893480262136, 0.512983393418176, 0.5399655914427414, 0.5464295671165095, 0.5245210795589362, 0.5517137183803851, 0.590270521305004, 0.5609431910933028, 0.5910581655438922, 0.589412360207564, 0.5805883990557053, 0.6228631195451997, 0.5746216708832218, 0.6452372104546018, 0.6101264248023585, 0.7045569641710653, 0.6581229113711727, 0.6812632505742299, 0.6921192244087059, 0.6750559575745988, 0.6618440779610194, 0.7171849693948191, 0.7180955729171767, 0.7125545189618417, 0.7062476334721697, 0.7330073818425845, 0.7395290451848816, 0.7277608915906789, 0.7254681172206946, 0.7366657384201245, 0.7568816152597081, 0.7463458110516935, 0.7602673638124342, 0.7467938173485938, 0.7733299040266038, 0.7833472570314676, 0.7822424966571209, 0.7814755241056189, 0.7934336478503855, 0.8257282382589203, 0.8202078561810167, 0.8025346117315918, 0.8207462059226301, 0.818508976638242, 0.8217792543373937, 0.8477431091331397, 0.8521816253775016, 0.8613189236094815, 0.8654196752699858, 0.8879663546330212, 0.8620494062765055, 0.8544745164798871, 0.8973095059503039, 0.8851458063456937, 0.880579827948249, 0.8786056795015362, 0.9337587878303041, 0.8971333084236309, 0.9146383607046645, 0.919786057773714, 0.8911061437377228, 0.9216151162940367, 0.9115690308335797, 0.9478369817447082, 0.9264119368286035, 0.9383594120436225, 0.9253428003503807, 0.9535387488328664, 0.9584743200842271, 0.9362568280788611, 0.9610219845513962, 0.9492992181292425, 0.9631554161604173, 0.9483832894158981, 0.9492992181292425, 0.9467429735051915, 0.9473822351153474, 0.9653904573881582, 0.9769703014184398, 0.9570471400711957, 0.9710315295421679, 0.9736651347868125, 0.9755826726279677, 0.9898245614035087, 0.9697538589904046, 0.9744389796745817, 0.9800684718331777, 0.9852727149145121, 0.9801135415157723, 0.9715528624201594, 0.984663387804749, 0.9918733749805186, 0.9949360015366615, 0.9902624753605146, 0.9852727149145121, 1.0, 1.0, 0.9642145715444146, 0.9898245614035087, 0.9848080046099849, 0.984663387804749, 0.9949360015366615, 0.9798359059936032, 0.9949360015366615],