{"epoch": 125, "macroF1Rumor": 0.6024083546462063, "accRumor": 0.6071428571428571, "loss": 1.95357346534729, "trainRumorAcc": [0.46691176470588236, 0.46691176470588236, 0.4632352941176471, 0.46691176470588236, 0.5147058823529411, 0.4742647058823529, 0.5147058823529411, 0.5220588235294118, 0.5367647058823529, 0.5330882352941176, 0.5110294117647058, 0.5441176470588235, 0.5661764705882353, 0.5661764705882353, 0.5404411764705882, 0.5661764705882353, 0.5514705882352942, 0.5698529411764706, 0.5735294117647058, 0.5882352941176471, 0.5698529411764706, 0.5919117647058824, 0.6102941176470589, 0.5955882352941176, 0.5919117647058824, 0.5808823529411765, 0.5955882352941176, 0.5698529411764706, 0.6213235294117647, 0.6286764705882353, 0.6176470588235294, 0.6360294117647058, 0.6323529411764706, 0.6507352941176471, 0.6360294117647058, 0.6286764705882353, 0.6470588235294118, 0.6507352941176471, 0.6764705882352942, 0.6654411764705882, 0.6727941176470589, 0.6764705882352942, 0.7022058823529411, 0.7132352941176471, 0.7095588235294118, 0.7132352941176471, 0.6801470588235294, 0.7389705882352942, 0.7205882352941176, 0.6948529411764706, 0.7536764705882353, 0.7426470588235294, 0.7389705882352942, 0.7389705882352942, 0.7573529411764706, 0.7426470588235294, 0.7647058823529411, 0.7830882352941176, 0.8014705882352942, 0.7977941176470589, 0.7683823529411765, 0.7720588235294118, 0.7830882352941176, 0.7941176470588235, 0.7867647058823529, 0.8051470588235294, 0.7867647058823529, 0.8125, 0.7941176470588235, 0.8345588235294118, 0.8161764705882353, 0.8161764705882353, 0.8308823529411765, 0.8345588235294118, 0.8235294117647058, 0.8419117647058824, 0.8529411764705882, 0.8272058823529411, 0.8713235294117647, 0.8602941176470589, 0.8933823529411765, 0.875, 0.8676470588235294, 0.8897058823529411, 0.8492647058823529, 0.8786764705882353, 0.9007352941176471, 0.8860294117647058, 0.8823529411764706, 0.9154411764705882, 0.9044117647058824, 0.8970588235294118, 0.9007352941176471, 0.8970588235294118, 0.8860294117647058, 0.9044117647058824, 0.8970588235294118, 0.9154411764705882, 0.9117647058823529, 0.9264705882352942, 0.9191176470588235, 0.9191176470588235, 0.9264705882352942, 0.9154411764705882, 0.9411764705882353, 0.9411764705882353, 0.9375, 0.9375, 0.9522058823529411, 0.9558823529411765, 0.9411764705882353, 0.9338235294117647, 0.9448529411764706, 0.9595588235294118, 0.9595588235294118, 0.9669117647058824, 0.9669117647058824, 0.9669117647058824, 0.9448529411764706, 0.9669117647058824, 0.9669117647058824, 0.9926470588235294, 0.9595588235294118, 0.9705882352941176, 0.9852941176470589, 0.9816176470588235, 0.9816176470588235, 0.9669117647058824, 0.9779411764705882, 0.9889705882352942, 0.9779411764705882, 0.9779411764705882, 0.9816176470588235, 0.9779411764705882, 0.9779411764705882, 0.9742647058823529, 0.9742647058823529, 0.9926470588235294, 0.9742647058823529, 0.9926470588235294, 0.9779411764705882, 0.9852941176470589, 0.9779411764705882, 0.9926470588235294, 0.9926470588235294, 0.9852941176470589, 0.9889705882352942, 0.9852941176470589, 0.9926470588235294, 1.0, 0.9926470588235294, 1.0, 0.9816176470588235, 0.9889705882352942, 0.9963235294117647, 0.9779411764705882, 0.9926470588235294, 0.9963235294117647, 1.0, 0.9963235294117647, 0.9926470588235294, 0.9926470588235294, 0.9889705882352942, 0.9889705882352942, 0.9926470588235294, 1.0, 0.9963235294117647, 0.9926470588235294, 0.9926470588235294, 0.9963235294117647, 0.9926470588235294, 1.0, 0.9889705882352942, 0.9926470588235294, 0.9963235294117647], "trainRumorF1": [0.21273031825795644, 0.21219715956558063, 0.2172404315261458, 0.21219715956558063, 0.3367017197940629, 0.23286024805012148, 0.31087147719016484, 0.3388499849290966, 0.35509827199577887, 0.3807471264367816, 0.3323659480375898, 0.3770542635658914, 0.40878094128583947, 0.3947635750292296, 0.38379315325725843, 0.39990675814448706, 0.39258396775638155, 0.41258276230953833, 0.40941182198850906, 0.42380056724884313, 0.4151848472851003, 0.4300795475473335, 0.44675736961451246, 0.42976722852883836, 0.427960927960928, 0.4334283420970728, 0.4345910313123427, 0.4248469703411067, 0.4517999064983637, 0.47065559472124313, 0.46048179350196167, 0.4863055298928009, 0.47108271523340917, 0.4988295478416313, 0.498364164030084, 0.5007646674313341, 0.5334728768894039, 0.5191747672367827, 0.5652262022540927, 0.5198155092891935, 0.5525920194470765, 0.5724902063052344, 0.6138296136625344, 0.6241870227852425, 0.6329069178192247, 0.6328403980985413, 0.5959177264876746, 0.6856646025198802, 0.6483526871615877, 0.6227568922305764, 0.695569602930668, 0.6918084551437863, 0.6956145562956708, 0.6786647469738175, 0.7060102976889203, 0.7040134998527433, 0.7154777938111271, 0.7351675939855609, 0.7666474580612114, 0.7635968918032807, 0.7177634563402354, 0.7404761094290834, 0.7496484528840442, 0.761138256975057, 0.7262398888009421, 0.7742947111368164, 0.7383850732991979, 0.7859469956848234, 0.759543066476473, 0.816813839862167, 0.7927907199693222, 0.7729723655183985, 0.8026057282311508, 0.8031123560535326, 0.7879426637177778, 0.8104893214382264, 0.8299685454450042, 0.8025358571806661, 0.8503997200117889, 0.8315293168762414, 0.8780023829137718, 0.8525312505572495, 0.8437112246589531, 0.8728773652625836, 0.8196066686632725, 0.8585465803430089, 0.8912947673606668, 0.8616853284888292, 0.8714762356369233, 0.9027932404200341, 0.8919657872011636, 0.8772377768311626, 0.8884943869547534, 0.8828093645484949, 0.8719157652059947, 0.8987499404166072, 0.8772167343595916, 0.9038766392851997, 0.8994282118328686, 0.910965400216579, 0.909999284999285, 0.9143697268697268, 0.9160343732219891, 0.9039807196875259, 0.9355663336511489, 0.927335107022607, 0.9273771050358935, 0.9312613291258631, 0.9413490871824206, 0.9487760097919217, 0.9290434721229607, 0.9236061832140262, 0.9362010820344154, 0.9544185887227958, 0.9549441730510623, 0.9620313310509389, 0.9598309571925435, 0.9692592209368899, 0.938189812007277, 0.9615996684624948, 0.9630068041526375, 0.9898245614035087, 0.955204260181763, 0.9651084403923194, 0.9861480507067348, 0.9830945108240802, 0.9811555031369273, 0.9650278261391817, 0.9763454983269225, 0.9852457210677263, 0.9764708636070115, 0.9763217070113336, 0.9798542702567471, 0.9764938507580735, 0.9784417737256527, 0.9713123768025729, 0.9711713639560967, 0.993866556154165, 0.9748584631220908, 0.9902624753605146, 0.9779790434692396, 0.9841207594148771, 0.9763454983269225, 0.9922651615359949, 0.993866556154165, 0.9836369680851064, 0.9867351384998444, 0.9841207594148771, 0.992311329620651, 1.0, 0.9907086614173228, 1.0, 0.9810664456416632, 0.9867351384998444, 0.9953821469103432, 0.9764938507580735, 0.9898245614035087, 0.9969291420271812, 1.0, 0.9969372762452662, 0.9922631240189058, 0.990382860800593, 0.9867351384998444, 0.9888185652272532, 0.9907086614173228, 1.0, 0.995325807090513, 0.9918463811337329, 0.993866556154165, 0.9949360015366615, 0.9922651615359949, 1.0, 0.9876480962755472, 0.993866556154165, 0.9949360015366615],