{"epoch": 160, "macroF1Rumor": 0.6159147869674185, "accRumor": 0.6071428571428571, "loss": 2.1674273014068604, "trainRumorAcc": [0.46691176470588236, 0.46691176470588236, 0.46691176470588236, 0.47058823529411764, 0.5110294117647058, 0.4742647058823529, 0.48161764705882354, 0.5404411764705882, 0.5220588235294118, 0.5477941176470589, 0.5404411764705882, 0.5514705882352942, 0.5404411764705882, 0.5404411764705882, 0.5588235294117647, 0.5404411764705882, 0.5588235294117647, 0.5588235294117647, 0.5551470588235294, 0.5661764705882353, 0.5588235294117647, 0.5698529411764706, 0.5551470588235294, 0.5955882352941176, 0.5955882352941176, 0.5882352941176471, 0.5845588235294118, 0.5919117647058824, 0.5955882352941176, 0.5992647058823529, 0.5808823529411765, 0.5992647058823529, 0.6102941176470589, 0.6029411764705882, 0.6286764705882353, 0.625, 0.6323529411764706, 0.6213235294117647, 0.6213235294117647, 0.6433823529411765, 0.6433823529411765, 0.6470588235294118, 0.6654411764705882, 0.6507352941176471, 0.6654411764705882, 0.6470588235294118, 0.6764705882352942, 0.6654411764705882, 0.6580882352941176, 0.6764705882352942, 0.6764705882352942, 0.7132352941176471, 0.6691176470588235, 0.6985294117647058, 0.6911764705882353, 0.7095588235294118, 0.6985294117647058, 0.7095588235294118, 0.7095588235294118, 0.7352941176470589, 0.7058823529411765, 0.7316176470588235, 0.7279411764705882, 0.7463235294117647, 0.7536764705882353, 0.7720588235294118, 0.7683823529411765, 0.75, 0.7830882352941176, 0.8014705882352942, 0.7647058823529411, 0.7867647058823529, 0.7610294117647058, 0.7794117647058824, 0.8088235294117647, 0.7977941176470589, 0.8198529411764706, 0.8382352941176471, 0.8235294117647058, 0.8455882352941176, 0.8492647058823529, 0.8492647058823529, 0.8382352941176471, 0.8602941176470589, 0.8639705882352942, 0.8897058823529411, 0.8713235294117647, 0.8823529411764706, 0.875, 0.9080882352941176, 0.875, 0.8970588235294118, 0.9007352941176471, 0.9117647058823529, 0.8970588235294118, 0.9154411764705882, 0.9301470588235294, 0.9375, 0.9007352941176471, 0.9338235294117647, 0.9191176470588235, 0.9117647058823529, 0.9485294117647058, 0.9448529411764706, 0.9411764705882353, 0.9375, 0.9595588235294118, 0.9595588235294118, 0.9485294117647058, 0.9485294117647058, 0.9485294117647058, 0.9448529411764706, 0.9522058823529411, 0.9595588235294118, 0.9669117647058824, 0.9669117647058824, 0.9632352941176471, 0.9632352941176471, 0.9742647058823529, 0.9926470588235294, 0.9889705882352942, 0.9852941176470589, 0.9816176470588235, 0.9926470588235294, 0.9852941176470589, 0.9779411764705882, 0.9779411764705882, 0.9852941176470589, 0.9742647058823529, 0.9889705882352942, 0.9816176470588235, 0.9963235294117647, 0.9963235294117647, 0.9852941176470589, 0.9926470588235294, 0.9926470588235294, 0.9926470588235294, 0.9926470588235294, 0.9926470588235294, 0.9852941176470589, 0.9889705882352942, 0.9963235294117647, 1.0, 0.9963235294117647, 0.9963235294117647, 0.9963235294117647, 0.9963235294117647, 1.0, 1.0, 0.9926470588235294, 0.9963235294117647, 0.9963235294117647, 1.0, 0.9926470588235294, 0.9963235294117647, 1.0, 0.9963235294117647, 1.0, 1.0, 0.9963235294117647, 0.9963235294117647, 0.9963235294117647, 0.9889705882352942, 1.0, 1.0, 1.0, 0.9963235294117647, 0.9926470588235294, 1.0, 1.0, 0.9963235294117647, 0.9963235294117647, 0.9963235294117647, 1.0, 0.9926470588235294, 1.0, 1.0, 1.0, 0.9963235294117647, 1.0, 1.0, 1.0, 1.0, 0.9926470588235294, 1.0, 1.0, 1.0, 1.0, 0.9963235294117647, 1.0, 1.0, 0.9963235294117647, 1.0, 0.9963235294117647, 1.0, 1.0, 1.0, 1.0, 1.0, 1.0, 1.0, 0.9963235294117647, 1.0, 1.0, 1.0, 1.0, 1.0, 1.0, 1.0, 1.0], "trainRumorF1": [0.21219715956558063, 0.21219715956558063, 0.21219715956558063, 0.2196747627024009, 0.3152065338739056, 0.23844674543790256, 0.25196368120908136, 0.3584752635847526, 0.325109243697479, 0.3722634092111519, 0.36564670269691063, 0.39175471686596225, 0.3665214307427298, 0.3801057890096973, 0.3991860695442349, 0.37910774192352603, 0.39738533450189895, 0.39882662835249044, 0.3925823585398054, 0.4079335520676302, 0.3954620703086961, 0.4117278419107527, 0.3967432950191571, 0.43123129454899, 0.4284003831417625, 0.42088974854932304, 0.4263157894736842, 0.4299036826528751, 0.43123129454899, 0.43502113446247526, 0.4211418650966457, 0.435546225837488, 0.44491093034782353, 0.43797802809066894, 0.4596293405036575, 0.4557017543859649, 0.46047358834244084, 0.45327255726975224, 0.4543410744912622, 0.47108032080779266, 0.4710701484895033, 0.48573741068102544, 0.48979423577494313, 0.4758726185509665, 0.48855252017348333, 0.4736769759450172, 0.5091268476201397, 0.4986007151976408, 0.4807017543859649, 0.49777177262598965, 0.5200041360118506, 0.5673328912885606, 0.49190057254573377, 0.5135152258681366, 0.5290975648181092, 0.5334067402103266, 0.5354299349575764, 0.544213810184893, 0.582504873294347, 0.593868718141164, 0.5434921260057872, 0.5909481327300486, 0.5961514275974595, 0.6196862894519591, 0.6324143692564745, 0.6729678297893703, 0.6646536063239554, 0.6238622833411268, 0.6848132650180432, 0.7217903914716369, 0.6697542731308329, 0.7027399723645457, 0.6821332827998307, 0.690363649408018, 0.7445960849186656, 0.7206043277207104, 0.7669929800479235, 0.7874341523986913, 0.7623309331893825, 0.8126461762499448, 0.810739750445633, 0.800727971283908, 0.806721348826612, 0.8115091561019336, 0.8258820817495306, 0.8618710803662246, 0.8423156404482425, 0.8525962329302527, 0.849284139506468, 0.8799060881597622, 0.8443260541079445, 0.8685386413777207, 0.8814949004306598, 0.8905369484316852, 0.8751829716741998, 0.8953456862800063, 0.9124142486748134, 0.9217328231149015, 0.8736998862583695, 0.9180372583881357, 0.9017572433888613, 0.8859346377057004, 0.9364879589783143, 0.9327768058483804, 0.9306374043216148, 0.9196536110353604, 0.9517800172178053, 0.9479243166054672, 0.9318640294590388, 0.9396107070031158, 0.9416846299631304, 0.9267153694549203, 0.9391452962764052, 0.9480889343776133, 0.9594065136917292, 0.9593687129290845, 0.9544171007032864, 0.9515184304186861, 0.9700614778739779, 0.9902624753605146, 0.9871998894874983, 0.9803195762275047, 0.9772125019484664, 0.9901448886710007, 0.9841207594148771, 0.9737469857052768, 0.9731337995681071, 0.9802976636848966, 0.9672600892208735, 0.9857106695546444, 0.9753047091547318, 0.9953821469103432, 0.9949360015366615, 0.9800684718331777, 0.9899179529968016, 0.9907086614173228, 0.9897250566893424, 0.9907086614173228, 0.990818549642079, 0.9827925936751818, 0.9849113098847786, 0.9949360015366615, 1.0, 0.9949360015366615, 0.9949360015366615, 0.995325807090513, 0.9949360015366615, 1.0, 1.0, 0.9898245614035087, 0.995325807090513, 0.9969372762452662, 1.0, 0.993866556154165, 0.9953821469103432, 1.0, 0.9948877959349164, 1.0, 1.0, 0.9969372762452662, 0.9953821469103432, 0.9949360015366615, 0.9848080046099849, 1.0, 1.0, 1.0, 0.9969291420271812, 0.9898245614035087, 1.0, 1.0, 0.995325807090513, 0.9949360015366615, 0.9948877959349164, 1.0, 0.9907086614173228, 1.0, 1.0, 1.0, 0.9949360015366615, 1.0, 1.0, 1.0, 1.0, 0.9902624753605146, 1.0, 1.0, 1.0, 1.0, 0.9948877959349164, 1.0, 1.0, 0.9969372762452662, 1.0, 0.9953821469103432, 1.0, 1.0, 1.0, 1.0, 1.0, 1.0, 1.0, 0.995325807090513, 1.0, 1.0, 1.0, 1.0, 1.0, 1.0, 1.0, 1.0],