{"epoch": 100, "macroF1Rumor": 0.5542060278902384, "accRumor": 0.6071428571428571, "loss": 2.3678157329559326, "trainRumorAcc": [0.3713235294117647, 0.4632352941176471, 0.48161764705882354, 0.47058823529411764, 0.47058823529411764, 0.47794117647058826, 0.5110294117647058, 0.4963235294117647, 0.5, 0.5183823529411765, 0.5183823529411765, 0.5257352941176471, 0.5147058823529411, 0.5441176470588235, 0.5330882352941176, 0.5441176470588235, 0.5294117647058824, 0.5477941176470589, 0.5551470588235294, 0.5441176470588235, 0.5477941176470589, 0.5367647058823529, 0.5661764705882353, 0.5514705882352942, 0.5514705882352942, 0.5735294117647058, 0.5514705882352942, 0.5625, 0.5882352941176471, 0.5808823529411765, 0.5882352941176471, 0.5919117647058824, 0.5882352941176471, 0.5661764705882353, 0.5919117647058824, 0.5919117647058824, 0.5919117647058824, 0.5808823529411765, 0.6213235294117647, 0.6139705882352942, 0.625, 0.6397058823529411, 0.6286764705882353, 0.6102941176470589, 0.6433823529411765, 0.6397058823529411, 0.6066176470588235, 0.6470588235294118, 0.6507352941176471, 0.6470588235294118, 0.6617647058823529, 0.6691176470588235, 0.6654411764705882, 0.6727941176470589, 0.6911764705882353, 0.6801470588235294, 0.6948529411764706, 0.6948529411764706, 0.6911764705882353, 0.7205882352941176, 0.7095588235294118, 0.7169117647058824, 0.7205882352941176, 0.7352941176470589, 0.7242647058823529, 0.7352941176470589, 0.75, 0.7536764705882353, 0.7720588235294118, 0.7683823529411765, 0.7830882352941176, 0.7904411764705882, 0.8088235294117647, 0.8051470588235294, 0.8198529411764706, 0.8088235294117647, 0.8639705882352942, 0.8308823529411765, 0.8382352941176471, 0.8492647058823529, 0.8529411764705882, 0.8382352941176471, 0.8676470588235294, 0.8492647058823529, 0.8602941176470589, 0.8639705882352942, 0.8786764705882353, 0.8786764705882353, 0.8897058823529411, 0.8860294117647058, 0.9044117647058824, 0.9080882352941176, 0.9117647058823529, 0.9117647058823529, 0.9264705882352942, 0.9154411764705882, 0.9117647058823529, 0.9338235294117647, 0.9191176470588235, 0.9448529411764706, 0.9411764705882353, 0.9448529411764706, 0.9375, 0.9411764705882353, 0.9522058823529411, 0.9558823529411765, 0.9522058823529411, 0.9485294117647058, 0.9632352941176471, 0.9595588235294118, 0.9816176470588235, 0.9669117647058824, 0.9705882352941176, 0.9779411764705882, 0.9705882352941176, 0.9669117647058824, 0.9705882352941176, 0.9889705882352942, 0.9963235294117647, 0.9779411764705882, 0.9742647058823529, 0.9816176470588235, 0.9852941176470589, 0.9926470588235294, 0.9889705882352942, 0.9926470588235294, 0.9926470588235294, 0.9926470588235294, 0.9926470588235294, 0.9816176470588235, 1.0, 0.9963235294117647, 0.9963235294117647, 1.0, 0.9963235294117647, 1.0, 0.9926470588235294, 0.9963235294117647, 1.0, 0.9963235294117647, 1.0, 0.9963235294117647, 1.0, 1.0, 0.9963235294117647, 1.0, 1.0, 0.9963235294117647, 1.0, 1.0], "trainRumorF1": [0.2669292531434631, 0.2126582278481013, 0.24743589743589745, 0.22694177814728037, 0.22013901512200615, 0.23454801176320164, 0.30848058660896743, 0.3038554652213189, 0.28362627773622534, 0.3509560723514212, 0.33636723387415907, 0.36124687737590966, 0.35698348951361, 0.38319772147362824, 0.3781676413255361, 0.38398647094299276, 0.3771215748869379, 0.3897159808822721, 0.3899924769489987, 0.3901238990894163, 0.39553529686769523, 0.38283045977011493, 0.4051164772897797, 0.3959188487850908, 0.3959188487850908, 0.40831619159565086, 0.3943036274070757, 0.4092096219931271, 0.4238617566091059, 0.42080679405520166, 0.42844341363133204, 0.4300795475473335, 0.4219084766247323, 0.4110835837154956, 0.42820140401839746, 0.43208640088087663, 0.42932975070906104, 0.4218151340996168, 0.45415151783866864, 0.44729282305969426, 0.4583333333333333, 0.46799806342289996, 0.46160030741036334, 0.4468209443665265, 0.4711252653927813, 0.4713407661520869, 0.44568590937306024, 0.47762290807376856, 0.4810129597865447, 0.4770062960007094, 0.5106888619541811, 0.5146933990864626, 0.5037612703585845, 0.5290056903264451, 0.532657488357814, 0.5345844380839638, 0.5360482974680013, 0.5474268053495018, 0.543995395189417, 0.5771436043280703, 0.5683343857689825, 0.5826567785584179, 0.5954262687660694, 0.6368305812689133, 0.6057321012696266, 0.6226791722670114, 0.6498785285450485, 0.6652408500495058, 0.6594029016161286, 0.7043559603233436, 0.6891462891462892, 0.7076230708414618, 0.7222531807800993, 0.7246203698599089, 0.7475588247945971, 0.7209580748514726, 0.8154984808165461, 0.7673740893253088, 0.7836173166729773, 0.7988565928290082, 0.8105506927138514, 0.7883308314258155, 0.8195208451235616, 0.7947804501184189, 0.8152962605429512, 0.8167052311601107, 0.8388212098886428, 0.8428754052917827, 0.8582017199903378, 0.852650143878214, 0.8733304103716423, 0.8798313667931099, 0.8804945921646543, 0.875461080999699, 0.9081370454049135, 0.891897541181765, 0.8838793844676543, 0.9149517572541424, 0.8971802283688524, 0.9350809456072614, 0.9262758924254152, 0.9274369505183419, 0.9193390452876375, 0.9253883481207111, 0.9420906866787618, 0.9436641010762964, 0.9375505030778638, 0.9345529089170427, 0.9528736370841635, 0.9472464946149156, 0.9755429809964662, 0.9563399346208371, 0.961946329187389, 0.9730001642282344, 0.9618935881507925, 0.9588755422088755, 0.9613979034956075, 0.9876480962755472, 0.995325807090513, 0.970874731471536, 0.9682705648048694, 0.979696865413564, 0.9811862244897959, 0.990593112244898, 0.9861464407310296, 0.9922651615359949, 0.9907086614173228, 0.9907086614173228, 0.990593112244898, 0.9795586607779638, 1.0, 0.9953821469103432, 0.9949360015366615, 1.0, 0.9969372762452662, 1.0, 0.9922651615359949, 0.995325807090513, 1.0, 0.995325807090513, 1.0, 0.9949360015366615, 1.0, 1.0, 0.9953821469103432, 1.0, 1.0, 0.9948877959349164, 1.0, 1.0],