{"epoch": 105, "macroF1Rumor": 0.536231884057971, "accRumor": 0.5357142857142857, "loss": 1.5605976581573486, "trainRumorAcc": [0.34558823529411764, 0.46691176470588236, 0.46691176470588236, 0.46691176470588236, 0.46691176470588236, 0.46691176470588236, 0.46691176470588236, 0.46691176470588236, 0.46691176470588236, 0.4742647058823529, 0.47058823529411764, 0.5110294117647058, 0.5514705882352942, 0.5698529411764706, 0.5110294117647058, 0.5772058823529411, 0.5661764705882353, 0.5661764705882353, 0.5698529411764706, 0.5919117647058824, 0.5735294117647058, 0.5882352941176471, 0.5661764705882353, 0.5772058823529411, 0.5882352941176471, 0.5882352941176471, 0.6139705882352942, 0.6102941176470589, 0.6323529411764706, 0.6360294117647058, 0.6360294117647058, 0.6176470588235294, 0.6507352941176471, 0.6397058823529411, 0.6544117647058824, 0.6617647058823529, 0.6727941176470589, 0.6911764705882353, 0.6911764705882353, 0.6764705882352942, 0.6875, 0.6985294117647058, 0.7169117647058824, 0.7169117647058824, 0.7058823529411765, 0.6985294117647058, 0.7095588235294118, 0.7022058823529411, 0.7242647058823529, 0.7426470588235294, 0.7242647058823529, 0.7389705882352942, 0.7352941176470589, 0.75, 0.7426470588235294, 0.7536764705882353, 0.7720588235294118, 0.7720588235294118, 0.7757352941176471, 0.7904411764705882, 0.7794117647058824, 0.7977941176470589, 0.8198529411764706, 0.7941176470588235, 0.8051470588235294, 0.8125, 0.8125, 0.8308823529411765, 0.8272058823529411, 0.8492647058823529, 0.8272058823529411, 0.8566176470588235, 0.8566176470588235, 0.8676470588235294, 0.8602941176470589, 0.8823529411764706, 0.8676470588235294, 0.8823529411764706, 0.8897058823529411, 0.8860294117647058, 0.9007352941176471, 0.9117647058823529, 0.9007352941176471, 0.9044117647058824, 0.9264705882352942, 0.9007352941176471, 0.9117647058823529, 0.9191176470588235, 0.9191176470588235, 0.9338235294117647, 0.9264705882352942, 0.9191176470588235, 0.9338235294117647, 0.9227941176470589, 0.9191176470588235, 0.9264705882352942, 0.9485294117647058, 0.9485294117647058, 0.9448529411764706, 0.9485294117647058, 0.9522058823529411, 0.9558823529411765, 0.9485294117647058, 0.9742647058823529, 0.9485294117647058, 0.9558823529411765, 0.9632352941176471, 0.9632352941176471, 0.9742647058823529, 0.9558823529411765, 0.9705882352941176, 0.9595588235294118, 0.9485294117647058, 0.9742647058823529, 0.9779411764705882, 0.9705882352941176, 0.9705882352941176, 0.9889705882352942, 0.9926470588235294, 0.9852941176470589, 0.9852941176470589, 0.9816176470588235, 0.9705882352941176, 0.9889705882352942, 0.9742647058823529, 0.9816176470588235, 0.9889705882352942, 0.9926470588235294, 0.9889705882352942, 0.9852941176470589, 0.9963235294117647, 0.9926470588235294, 0.9889705882352942, 0.9889705882352942, 0.9963235294117647, 1.0, 0.9889705882352942, 0.9963235294117647, 1.0, 0.9852941176470589, 1.0, 0.9926470588235294, 0.9963235294117647, 0.9852941176470589, 1.0, 0.9963235294117647, 1.0, 1.0, 0.9963235294117647, 1.0, 0.9963235294117647, 0.9963235294117647, 1.0, 1.0, 1.0], "trainRumorF1": [0.25368306010928965, 0.22483925549915396, 0.21219715956558063, 0.21219715956558063, 0.21219715956558063, 0.21219715956558063, 0.21219715956558063, 0.21219715956558063, 0.21219715956558063, 0.22741015598158457, 0.2257266542980829, 0.3016645888708552, 0.36522940851299057, 0.3849266142083822, 0.3152065338739056, 0.40543320619221945, 0.39323203264276385, 0.39943741209563993, 0.4069428007889546, 0.42291609100119737, 0.41200179131213616, 0.4209861932938856, 0.4061024033437827, 0.41352496509220477, 0.42694404910418826, 0.4242402692836486, 0.446026180458158, 0.44548183502006083, 0.4611968209443665, 0.46400363398915484, 0.4618055555555556, 0.45068747677443327, 0.4763364629239318, 0.46686104394822925, 0.4775241743245538, 0.48331238653819303, 0.4935463080701632, 0.5084864579063372, 0.5190358119992183, 0.49497523000707716, 0.5054748498167205, 0.525489056220093, 0.5388911895534719, 0.5374025371587933, 0.5167570574329022, 0.5344981601490763, 0.533135407502639, 0.5479538407129878, 0.5733530717986677, 0.5783573652215982, 0.5845163711417581, 0.6117532426043065, 0.5816241754894443, 0.6288055509909379, 0.6048365190917626, 0.6144243363035752, 0.6740546329678266, 0.6451303033697486, 0.6575057077625571, 0.699070238424008, 0.6946817346218936, 0.7085919613228331, 0.7372618061309031, 0.7046206300718936, 0.7443110566044254, 0.7392360146872782, 0.742052213079832, 0.7766500763337875, 0.7581003791530107, 0.7897484742823417, 0.7743924448279559, 0.8133961263388426, 0.8226426049795615, 0.8282312925170068, 0.8202180529884849, 0.8466263356640701, 0.8288527584221707, 0.8542977871268039, 0.8591169353626827, 0.8587238897626435, 0.8669801622387828, 0.8870347984232673, 0.8696419655182542, 0.8818831845628009, 0.9006404970036835, 0.8723989691983443, 0.8851043991130197, 0.8888564588480156, 0.898023817945997, 0.9137980085348506, 0.9055404405249607, 0.8899923870557224, 0.9107392527457718, 0.8986545172112184, 0.8922780281397026, 0.9049860788758749, 0.9305715585203153, 0.9324654328002814, 0.9261199874686716, 0.9331009963040334, 0.9387473822029663, 0.9456171623354286, 0.9334505180780863, 0.9671291870743941, 0.9307553346101082, 0.9452918289540624, 0.9539406028368794, 0.9538918597742126, 0.9671291870743941, 0.9439673395342619, 0.9589002267573696, 0.947692450296617, 0.9312547560225578, 0.9683239063624107, 0.9705390517410978, 0.9605934225542069, 0.9614811307519641, 0.9848080046099849, 0.9902624753605146, 0.9798359059936032, 0.9796491228070175, 0.9768254414626742, 0.9623550966593039, 0.9849436685530346, 0.9642145715444146, 0.9749061142550577, 0.9848080046099849, 0.9898245614035087, 0.9849436685530346, 0.9821833326939743, 0.9949360015366615, 0.9898245614035087, 0.9849436685530346, 0.9866544872748401, 0.9949360015366615, 1.0, 0.9871998894874983, 0.9949360015366615, 1.0, 0.9796491228070175, 1.0, 0.9918170351606884, 0.9948877959349164, 0.9805332228208316, 1.0, 0.9953821469103432, 1.0, 1.0, 0.9949360015366615, 1.0, 0.9949360015366615, 0.9948877959349164, 1.0, 1.0, 1.0],