{"epoch": 125, "macroF1Rumor": 0.7652173913043478, "accRumor": 0.75, "loss": 1.1701960563659668, "trainRumorAcc": [0.4338235294117647, 0.46691176470588236, 0.46691176470588236, 0.46691176470588236, 0.5110294117647058, 0.47058823529411764, 0.5330882352941176, 0.5036764705882353, 0.5625, 0.5367647058823529, 0.5625, 0.5404411764705882, 0.5441176470588235, 0.5588235294117647, 0.5698529411764706, 0.5845588235294118, 0.5808823529411765, 0.5735294117647058, 0.5588235294117647, 0.5919117647058824, 0.5955882352941176, 0.5882352941176471, 0.5955882352941176, 0.5955882352941176, 0.6102941176470589, 0.6102941176470589, 0.5992647058823529, 0.6139705882352942, 0.6323529411764706, 0.6213235294117647, 0.6397058823529411, 0.6102941176470589, 0.6176470588235294, 0.6470588235294118, 0.6286764705882353, 0.6617647058823529, 0.6433823529411765, 0.6507352941176471, 0.6654411764705882, 0.6727941176470589, 0.6764705882352942, 0.6801470588235294, 0.6764705882352942, 0.6838235294117647, 0.6985294117647058, 0.6727941176470589, 0.7022058823529411, 0.7169117647058824, 0.7242647058823529, 0.7205882352941176, 0.7242647058823529, 0.7205882352941176, 0.7205882352941176, 0.7463235294117647, 0.75, 0.7536764705882353, 0.7720588235294118, 0.7720588235294118, 0.7977941176470589, 0.8125, 0.8088235294117647, 0.8345588235294118, 0.8051470588235294, 0.8125, 0.8639705882352942, 0.8345588235294118, 0.8382352941176471, 0.8529411764705882, 0.8713235294117647, 0.8345588235294118, 0.8602941176470589, 0.8455882352941176, 0.8786764705882353, 0.8639705882352942, 0.8933823529411765, 0.9044117647058824, 0.9007352941176471, 0.8933823529411765, 0.9154411764705882, 0.9117647058823529, 0.9117647058823529, 0.9154411764705882, 0.9191176470588235, 0.9191176470588235, 0.9411764705882353, 0.9375, 0.9080882352941176, 0.9522058823529411, 0.9411764705882353, 0.9632352941176471, 0.9522058823529411, 0.9632352941176471, 0.9705882352941176, 0.9669117647058824, 0.9632352941176471, 0.9485294117647058, 0.9705882352941176, 0.9485294117647058, 0.9705882352941176, 0.9742647058823529, 0.9558823529411765, 0.9779411764705882, 0.9852941176470589, 0.9779411764705882, 0.9779411764705882, 0.9669117647058824, 0.9852941176470589, 0.9669117647058824, 0.9816176470588235, 0.9705882352941176, 0.9926470588235294, 0.9816176470588235, 0.9816176470588235, 0.9889705882352942, 0.9816176470588235, 0.9926470588235294, 0.9889705882352942, 0.9852941176470589, 0.9963235294117647, 0.9852941176470589, 0.9852941176470589, 0.9889705882352942, 0.9852941176470589, 0.9963235294117647, 0.9926470588235294, 1.0, 1.0, 0.9852941176470589, 1.0, 0.9926470588235294, 1.0, 1.0, 0.9963235294117647, 0.9963235294117647, 0.9926470588235294, 0.9963235294117647, 0.9963235294117647, 1.0, 0.9963235294117647, 1.0, 1.0, 1.0, 0.9926470588235294, 1.0, 1.0, 1.0, 0.9963235294117647, 1.0, 1.0, 1.0, 0.9963235294117647, 0.9963235294117647, 1.0, 1.0, 0.9963235294117647, 1.0, 1.0, 1.0, 1.0, 1.0, 1.0, 1.0, 1.0, 1.0, 1.0, 1.0, 1.0, 1.0, 1.0, 1.0, 1.0, 1.0, 0.9926470588235294, 0.9963235294117647, 1.0], "trainRumorF1": [0.3087159015302728, 0.21219715956558063, 0.21219715956558063, 0.21219715956558063, 0.3183667538506248, 0.2257266542980829, 0.355541799924344, 0.2976608187134503, 0.39117199391172, 0.3677974501058702, 0.3932748538011695, 0.39406272994849156, 0.38018843901196836, 0.39820256636301304, 0.41032088122605365, 0.4225465908618344, 0.41600733860795786, 0.4145740136757621, 0.4007889546351085, 0.4327015979189892, 0.43404104741684363, 0.427511496705068, 0.43313927451858486, 0.4346764346764347, 0.4478023114894623, 0.44780314294877394, 0.43889668069191207, 0.4510149886827424, 0.4665325519694452, 0.45524368105013263, 0.47058268459542346, 0.44829359513791484, 0.4545885825734015, 0.4770062960007094, 0.4744773330207504, 0.48806322245812694, 0.47406101866731176, 0.4787661447855623, 0.4896449026345933, 0.4974955538062334, 0.511013995180679, 0.5123786888492771, 0.5229114971050455, 0.5277142563670079, 0.5504271650266083, 0.5290447495801639, 0.5798678445737269, 0.5635466407291714, 0.5972834060645488, 0.5662220066188483, 0.5888366866627736, 0.5941424599750743, 0.5832831236340009, 0.6225547053847312, 0.6627280395396338, 0.6436553574851448, 0.7036484245439469, 0.6771966771966772, 0.724690794463111, 0.7447506824669454, 0.7491702228544334, 0.7865305154778839, 0.7582973143797084, 0.7432927627273918, 0.8336313248703737, 0.7773302899282312, 0.7926661710407092, 0.8097648760469576, 0.8381480718037745, 0.7822233211793903, 0.8216843033509701, 0.8011735704671596, 0.8403763473518673, 0.8191164845384794, 0.8619966060771717, 0.8832247998914665, 0.8697986487536671, 0.8637358484552534, 0.8899817642312068, 0.8868681543958297, 0.8911828495161829, 0.8918026418026418, 0.8971352654102159, 0.902548605167083, 0.9276189048118874, 0.919455528424619, 0.8921867800768924, 0.9362744468007627, 0.9281246054827617, 0.9562977103007811, 0.9422845888139652, 0.9516162712382835, 0.9642012636808112, 0.9574652777777777, 0.9586764824039853, 0.9385196208112875, 0.9629020739066293, 0.9417325333143447, 0.9610130260491573, 0.9689720418239336, 0.9496528226280997, 0.9728367636900209, 0.9827984264610778, 0.9739267558875402, 0.9726800372387213, 0.9602596598208818, 0.9820387158887386, 0.964181320019266, 0.9786559958333041, 0.964124668986233, 0.990818549642079, 0.9776845301141978, 0.9795586607779638, 0.9854276397884888, 0.9793996512746513, 0.9898245614035087, 0.9858820910600846, 0.9822179051612466, 0.9953821469103432, 0.9820387158887386, 0.9824686493417144, 0.9892383288672116, 0.9840401081898728, 0.995325807090513, 0.9902624753605146, 1.0, 1.0, 0.984220477826616, 1.0, 0.9907086614173228, 1.0, 1.0, 0.995325807090513, 0.9949360015366615, 0.9907086614173228, 0.9969291420271812, 0.995325807090513, 1.0, 0.9948877959349164, 1.0, 1.0, 1.0, 0.990382860800593, 1.0, 1.0, 1.0, 0.9949360015366615, 1.0, 1.0, 1.0, 0.9969291420271812, 0.995325807090513, 1.0, 1.0, 0.995325807090513, 1.0, 1.0, 1.0, 1.0, 1.0, 1.0, 1.0, 1.0, 1.0, 1.0, 1.0, 1.0, 1.0, 1.0, 1.0, 1.0, 1.0, 0.9902624753605146, 0.9948877959349164, 1.0],