{"epoch": 165, "macroF1Rumor": 0.6166666666666667, "accRumor": 0.6071428571428571, "loss": 2.8376383781433105, "trainRumorAcc": [0.39705882352941174, 0.45955882352941174, 0.47058823529411764, 0.47058823529411764, 0.4852941176470588, 0.49264705882352944, 0.5147058823529411, 0.5257352941176471, 0.5294117647058824, 0.5330882352941176, 0.5514705882352942, 0.5588235294117647, 0.5698529411764706, 0.5698529411764706, 0.5882352941176471, 0.5698529411764706, 0.5992647058823529, 0.6102941176470589, 0.5845588235294118, 0.6102941176470589, 0.6029411764705882, 0.5992647058823529, 0.6102941176470589, 0.6139705882352942, 0.6139705882352942, 0.6176470588235294, 0.6176470588235294, 0.6286764705882353, 0.6360294117647058, 0.6176470588235294, 0.6397058823529411, 0.6139705882352942, 0.6507352941176471, 0.6433823529411765, 0.6544117647058824, 0.6580882352941176, 0.6691176470588235, 0.6617647058823529, 0.6838235294117647, 0.6801470588235294, 0.6911764705882353, 0.6727941176470589, 0.6875, 0.6985294117647058, 0.7058823529411765, 0.7132352941176471, 0.7169117647058824, 0.7205882352941176, 0.7426470588235294, 0.7610294117647058, 0.7647058823529411, 0.7683823529411765, 0.7647058823529411, 0.7904411764705882, 0.7794117647058824, 0.7757352941176471, 0.8051470588235294, 0.7977941176470589, 0.8125, 0.8198529411764706, 0.8125, 0.8051470588235294, 0.8382352941176471, 0.8235294117647058, 0.8198529411764706, 0.8272058823529411, 0.8382352941176471, 0.8492647058823529, 0.8529411764705882, 0.8602941176470589, 0.8639705882352942, 0.8786764705882353, 0.8897058823529411, 0.875, 0.8897058823529411, 0.8897058823529411, 0.8786764705882353, 0.9007352941176471, 0.9191176470588235, 0.9227941176470589, 0.9338235294117647, 0.9301470588235294, 0.9485294117647058, 0.9301470588235294, 0.9375, 0.9375, 0.9485294117647058, 0.9448529411764706, 0.9485294117647058, 0.9558823529411765, 0.9595588235294118, 0.9522058823529411, 0.9632352941176471, 0.9705882352941176, 0.9705882352941176, 0.9485294117647058, 0.9852941176470589, 0.9705882352941176, 0.9705882352941176, 0.9816176470588235, 0.9852941176470589, 0.9705882352941176, 0.9779411764705882, 0.9926470588235294, 0.9852941176470589, 0.9742647058823529, 0.9816176470588235, 0.9852941176470589, 0.9852941176470589, 0.9852941176470589, 0.9963235294117647, 0.9926470588235294, 1.0, 0.9926470588235294, 0.9963235294117647, 0.9926470588235294, 0.9816176470588235, 0.9926470588235294, 0.9963235294117647, 0.9926470588235294, 0.9926470588235294, 0.9963235294117647, 0.9963235294117647, 0.9963235294117647, 1.0, 1.0, 0.9963235294117647, 0.9963235294117647, 1.0, 1.0, 0.9963235294117647, 0.9852941176470589, 1.0, 0.9963235294117647, 1.0, 1.0, 1.0, 0.9963235294117647, 1.0, 1.0, 1.0, 1.0, 1.0, 1.0, 1.0, 0.9963235294117647, 1.0, 0.9963235294117647, 1.0, 1.0, 1.0, 0.9963235294117647, 0.9926470588235294, 1.0, 1.0, 1.0, 1.0, 1.0, 1.0, 1.0, 1.0, 1.0, 1.0, 0.9963235294117647, 1.0, 1.0, 1.0, 1.0, 0.9926470588235294, 1.0, 1.0, 1.0, 1.0, 1.0, 1.0, 1.0, 1.0, 1.0, 1.0, 1.0, 1.0, 1.0, 1.0, 1.0, 1.0, 1.0, 1.0, 1.0, 1.0, 0.9963235294117647, 1.0, 1.0, 1.0, 1.0, 0.9963235294117647, 1.0, 1.0, 1.0, 1.0, 1.0, 1.0, 1.0, 1.0, 1.0, 1.0, 1.0, 1.0, 1.0, 1.0, 1.0, 1.0, 1.0, 1.0, 1.0, 1.0], "trainRumorF1": [0.29143718856543405, 0.21601670715594767, 0.2257266542980829, 0.2196747627024009, 0.25350140056022413, 0.2842697760125117, 0.3209477174868352, 0.32720278879673037, 0.3461538461538461, 0.34308220415537494, 0.36930074222891895, 0.4015389746521822, 0.3971194625784992, 0.40236686390532544, 0.42336157366832206, 0.41290261101581854, 0.4341805858145728, 0.4447496947496947, 0.4235752780644421, 0.4435271184497191, 0.4370455968029274, 0.43223180076628354, 0.44332456909144025, 0.44530825496342735, 0.44427499394819653, 0.45203511572226657, 0.44857478695268876, 0.45938697318007654, 0.4646942800788955, 0.4515215852795471, 0.4713407661520869, 0.44800290486565, 0.47965833449704415, 0.47005084064130037, 0.4816455733441594, 0.484794061302682, 0.4931865828092243, 0.4871001031991744, 0.5066466552315609, 0.5021907650825751, 0.5225953635445192, 0.4958363592350521, 0.5200640314957188, 0.528817587641117, 0.5552063742441709, 0.5406070983594006, 0.563890172696961, 0.5773990798937342, 0.6030269091434597, 0.6497206703910615, 0.6374490174267705, 0.6699911037850477, 0.6607014253337902, 0.6813628432495137, 0.6836135722915828, 0.6759281275410308, 0.7186671241069135, 0.7040421832529175, 0.7381985079570367, 0.7497987117552335, 0.7357712072276051, 0.722096813972298, 0.7651829519052198, 0.7682832312813336, 0.7602648572105677, 0.768365024667179, 0.7894115760782427, 0.7992650249116954, 0.7963691455212792, 0.8178304904051172, 0.8079563151268138, 0.8377421215291916, 0.860654190754316, 0.8352545593401368, 0.8589015151515151, 0.8570430097278615, 0.8349686318348697, 0.872079543427858, 0.8957024058624374, 0.9021608927670751, 0.9141992365114645, 0.9055959229988254, 0.9358565193671576, 0.9104296406868754, 0.9245905789173349, 0.9185598352265019, 0.9332452350408098, 0.9292758639232307, 0.9323035593196884, 0.9432919906604118, 0.9509147199549677, 0.9421328912833263, 0.9568023470250626, 0.9665341410133076, 0.9633213585887042, 0.9337103442366601, 0.9829269881353214, 0.9637326687299401, 0.9614678437164339, 0.9766290354525649, 0.9809688967986259, 0.9642012636808112, 0.970486111111111, 0.9922631240189058, 0.9829044453688885, 0.9668658991535963, 0.9755826726279677, 0.9840152230369018, 0.9814173228346457, 0.9829269881353214, 0.9949360015366615, 0.990593112244898, 1.0, 0.9907086614173228, 0.9953821469103432, 0.990593112244898, 0.9781326614523623, 0.9902706095785995, 0.9953821469103432, 0.992311329620651, 0.9907086614173228, 0.9953821469103432, 0.995325807090513, 0.9949360015366615, 1.0, 1.0, 0.9953821469103432, 0.9953821469103432, 1.0, 1.0, 0.9948877959349164, 0.9812118669748678, 1.0, 0.9949360015366615, 1.0, 1.0, 1.0, 0.9969291420271812, 1.0, 1.0, 1.0, 1.0, 1.0, 1.0, 1.0, 0.9953821469103432, 1.0, 0.995325807090513, 1.0, 1.0, 1.0, 0.9953821469103432, 0.992311329620651, 1.0, 1.0, 1.0, 1.0, 1.0, 1.0, 1.0, 1.0, 1.0, 1.0, 0.9953821469103432, 1.0, 1.0, 1.0, 1.0, 0.9898245614035087, 1.0, 1.0, 1.0, 1.0, 1.0, 1.0, 1.0, 1.0, 1.0, 1.0, 1.0, 1.0, 1.0, 1.0, 1.0, 1.0, 1.0, 1.0, 1.0, 1.0, 0.995325807090513, 1.0, 1.0, 1.0, 1.0, 0.995325807090513, 1.0, 1.0, 1.0, 1.0, 1.0, 1.0, 1.0, 1.0, 1.0, 1.0, 1.0, 1.0, 1.0, 1.0, 1.0, 1.0, 1.0, 1.0, 1.0, 1.0],