{"epoch": 90, "macroF1Rumor": 0.5961779448621555, "accRumor": 0.6071428571428571, "loss": 1.452187418937683, "trainRumorAcc": [0.3382352941176471, 0.4338235294117647, 0.4632352941176471, 0.46691176470588236, 0.4632352941176471, 0.46691176470588236, 0.46691176470588236, 0.46691176470588236, 0.46691176470588236, 0.46691176470588236, 0.46691176470588236, 0.47058823529411764, 0.46691176470588236, 0.49264705882352944, 0.48161764705882354, 0.5147058823529411, 0.5073529411764706, 0.5073529411764706, 0.5404411764705882, 0.5294117647058824, 0.5551470588235294, 0.5625, 0.5661764705882353, 0.5588235294117647, 0.5735294117647058, 0.6176470588235294, 0.5845588235294118, 0.5919117647058824, 0.5955882352941176, 0.6102941176470589, 0.6213235294117647, 0.6066176470588235, 0.6176470588235294, 0.6323529411764706, 0.5992647058823529, 0.6360294117647058, 0.6286764705882353, 0.6213235294117647, 0.6470588235294118, 0.6323529411764706, 0.6433823529411765, 0.6323529411764706, 0.6654411764705882, 0.6691176470588235, 0.6727941176470589, 0.6764705882352942, 0.6727941176470589, 0.6727941176470589, 0.6875, 0.6911764705882353, 0.6985294117647058, 0.6948529411764706, 0.6911764705882353, 0.7169117647058824, 0.7058823529411765, 0.7205882352941176, 0.7352941176470589, 0.75, 0.7316176470588235, 0.75, 0.7536764705882353, 0.7426470588235294, 0.7904411764705882, 0.7904411764705882, 0.7867647058823529, 0.7683823529411765, 0.7977941176470589, 0.7977941176470589, 0.7904411764705882, 0.8235294117647058, 0.7941176470588235, 0.8014705882352942, 0.8308823529411765, 0.8308823529411765, 0.8198529411764706, 0.7977941176470589, 0.8198529411764706, 0.8125, 0.8272058823529411, 0.8382352941176471, 0.8235294117647058, 0.8492647058823529, 0.8639705882352942, 0.8235294117647058, 0.8235294117647058, 0.8492647058823529, 0.8639705882352942, 0.8345588235294118, 0.8345588235294118, 0.8602941176470589, 0.8602941176470589, 0.8786764705882353, 0.8933823529411765, 0.8676470588235294, 0.8676470588235294, 0.8897058823529411, 0.8860294117647058, 0.8933823529411765, 0.8786764705882353, 0.8786764705882353, 0.9044117647058824, 0.8823529411764706, 0.9080882352941176, 0.9080882352941176, 0.9080882352941176, 0.9007352941176471, 0.8970588235294118, 0.8970588235294118, 0.9191176470588235, 0.9080882352941176, 0.9264705882352942, 0.9264705882352942, 0.9338235294117647, 0.9154411764705882, 0.9227941176470589, 0.9448529411764706, 0.9227941176470589, 0.9485294117647058, 0.9301470588235294, 0.9558823529411765, 0.9191176470588235, 0.9301470588235294, 0.9338235294117647, 0.9485294117647058, 0.9301470588235294, 0.9558823529411765, 0.9558823529411765, 0.9558823529411765, 0.9595588235294118, 0.9558823529411765, 0.9632352941176471, 0.9375, 0.9375, 0.9485294117647058, 0.9558823529411765, 0.9669117647058824, 0.9558823529411765, 0.9485294117647058, 0.9522058823529411, 0.9705882352941176], "trainRumorF1": [0.20066451014666745, 0.3139792081397921, 0.21770447086902786, 0.21219715956558063, 0.21105527638190955, 0.21219715956558063, 0.21219715956558063, 0.21219715956558063, 0.21219715956558063, 0.21219715956558063, 0.21219715956558063, 0.2196747627024009, 0.21219715956558063, 0.26666666666666666, 0.24155668358714041, 0.30340523290914934, 0.2958017676767677, 0.29956874859669086, 0.37511627906976747, 0.3355416214299958, 0.37645107794361526, 0.3836254939710204, 0.3990578049401579, 0.390312226437117, 0.4056674123788218, 0.4484060528574601, 0.4177371776572462, 0.4250946593837217, 0.43364463601532566, 0.4425262023704574, 0.45403633875353394, 0.43629650489689925, 0.45199637888317135, 0.4605289421157685, 0.4393723753799659, 0.46340929009640663, 0.46231242952554424, 0.4546198661466609, 0.4750478927203065, 0.46457664199599685, 0.4729645593869732, 0.4608310462708845, 0.5117319591895862, 0.5142625831043915, 0.5275505628870226, 0.5671338602917549, 0.5374221395466013, 0.5634322114363176, 0.5805721464380899, 0.5762891790914086, 0.6258913745842214, 0.6110868933449578, 0.6001587043950296, 0.6352252649385185, 0.6429650205935574, 0.6595153977506919, 0.6589443355612509, 0.70272114413603, 0.6752752752752752, 0.7117871283427676, 0.691216744913928, 0.7039228608639708, 0.747975004567263, 0.7414125777902868, 0.7416632898232173, 0.7166030182840725, 0.7532803659564223, 0.7565698092458656, 0.7430212674338925, 0.783595040995596, 0.7513823683358174, 0.7555916963034258, 0.7893187616412646, 0.8014986560079009, 0.7813642885091953, 0.7524053035460366, 0.7834960589770832, 0.7771014284145016, 0.7884836323908347, 0.8018803026828709, 0.7748901346514304, 0.8148605277186091, 0.8335205728898778, 0.7702247443651252, 0.7976047067314562, 0.8221675728287984, 0.8365587089912264, 0.7972589083150486, 0.8052277157540315, 0.8363729926470239, 0.8294554847926451, 0.8503956095900361, 0.8748893510371674, 0.8385805023077725, 0.8372799052710665, 0.8704049432920953, 0.865904046783149, 0.8706449883866357, 0.8539558319455605, 0.8622047042432438, 0.8826447080289336, 0.860908232239407, 0.8937481108557587, 0.8849248942272198, 0.8909898925643199, 0.8866539568293955, 0.866332347691734, 0.8723350952453118, 0.9079255718035245, 0.8873899103048014, 0.9105520570232325, 0.9118654300945969, 0.9206757925217645, 0.8974192237350133, 0.9092428906564392, 0.9325881836155054, 0.9083757612059498, 0.9436595687474169, 0.9181828605977213, 0.9473253281247188, 0.9062664282351353, 0.9204996670831901, 0.9264823269302553, 0.9417153753679063, 0.9204954239153965, 0.9487895842916543, 0.9454949006551749, 0.9483553279712423, 0.9545918009459676, 0.9492592209368899, 0.957589675696565, 0.9235915823022123, 0.9306405993851051, 0.9399419026870007, 0.9526830763066935, 0.9583333333333334, 0.9500945516979339, 0.9358414681320681, 0.9439503732981994, 0.9665649639265502],