{"epoch": 40, "macroF1Stance": 0.4498803252644341, "accStance": 0.72018779342723, "loss": 0.8453707098960876, "trainStanceAcc": [0.5878303353320009, 0.661114812347324, 0.661114812347324, 0.6608927381745503, 0.6657783699755718, 0.6731068176771041, 0.6748834110592938, 0.6850988230068843, 0.6877637130801688, 0.692871419053964, 0.6917610481900955, 0.6950921607817011, 0.6950921607817011, 0.6948700866089274, 0.6926493448811903, 0.6993115700644015, 0.7006440151010438, 0.6995336442371752, 0.7021985343104596, 0.6979791250277593, 0.7001998667554963, 0.701976460137686, 0.7108594270486343, 0.7055296469020653, 0.7064179435931601, 0.7086386853208971, 0.7137463912946924, 0.7157450588496558, 0.714856762158561, 0.7179658005773929, 0.717077503886298, 0.718632023095714, 0.7166333555407506, 0.7181878747501665, 0.7175216522318454, 0.717077503886298, 0.7179658005773929, 0.7237397290695092, 0.7275149900066622, 0.7201865423051299, 0.7241838774150566, 0.7250721741061514, 0.7241838774150566, 0.7272929158338886, 0.7297357317343993, 0.7268487674883412, 0.7266266933155674, 0.7321785476349101, 0.7288474350433045, 0.7335109926715523, 0.729957805907173, 0.733733066844326, 0.7366200310903842, 0.7372862536087053, 0.7392849211636686, 0.7350655118809682, 0.7377304019542528, 0.7441705529646903, 0.7435043304463691, 0.7450588496557851, 0.7410615145458583, 0.7439484787919165, 0.746613368865201, 0.7481678880746169, 0.746613368865201, 0.7479458139018432, 0.7512769264934488, 0.7528314457028648, 0.7532755940484122, 0.7514990006662225, 0.7559404841216967, 0.7559404841216967, 0.7566067066400177, 0.7619364867865868, 0.7637130801687764, 0.763268931823229, 0.7668221185876083, 0.765489673550966, 0.7666000444148345, 0.7672662669331557, 0.7717077503886298, 0.770819453697535, 0.773040195425272, 0.7734843437708194, 0.7781479013990673, 0.7817010881634466, 0.7790361980901621, 0.784365978236731, 0.7850322007550522, 0.7852542749278258, 0.7876970908283366, 0.7941372418387741, 0.7932489451476793, 0.7979125027759272, 0.7954696868754164, 0.7992449478125694, 0.8061292471685543, 0.8027981345769487, 0.8061292471685543, 0.8061292471685543, 0.8090162114146124, 0.8083499888962914, 0.8136797690428603, 0.8110148789695758, 0.8187874750166556, 0.8159005107705973, 0.8201199200532978, 0.8178991783255607, 0.8218965134354874, 0.8205640683988452, 0.8292249611370197, 0.8298911836553409, 0.8285587386186987, 0.8334443704197202, 0.8338885187652676, 0.8349988896291362, 0.8378858538751943, 0.8376637797024206, 0.8389962247390629, 0.843437708194537, 0.844992227403953, 0.8454363757495004, 0.8498778592049745, 0.8514323784143905, 0.8487674883411059, 0.8565400843881856, 0.8598711969797912, 0.8607594936708861, 0.8594270486342438, 0.8643126804352653, 0.8612036420164335, 0.8678658671996446, 0.8687541638907396, 0.8723073506551188, 0.869864534754608, 0.8720852764823451, 0.8738618698645347, 0.8745280923828559, 0.8816344659116144, 0.8840772818121253], "trainStanceF1": [0.21095000382204368, 0.19899732620320856, 0.19899732620320856, 0.21494714993753825, 0.26144955903348827, 0.28584494160686647, 0.2957331436699858, 0.3143005836555892, 0.31499822351485185, 0.3234069523858169, 0.32250283327381385, 0.3237376241884095, 0.3286030225803872, 0.3259265555933356, 0.32706955677774185, 0.3310446455888013, 0.3341635485177441, 0.33664357376704335, 0.3477778900462237, 0.3547112496382465, 0.36576868138825147, 0.3827744940001594, 0.4023719322414409, 0.4014967845678436, 0.41287851439278683, 0.4203997204955536, 0.4293366092115075, 0.43832298989510443, 0.4401567988425562, 0.45099215760260664, 0.4462276418342279, 0.448385592724725, 0.4440953555839486, 0.4451896079420393, 0.453420208833091, 0.4458802722205464, 0.45183116717521454, 0.457091044667408, 0.4605759723346031, 0.4519527069061362, 0.4589646192586858, 0.45813780480657296, 0.45958042903848695, 0.4619404265326301, 0.46883758633178513, 0.4583828217841215, 0.4614367728880981, 0.47172399129795956, 0.4646263039286295, 0.4740087485415455, 0.46975525256554373, 0.47168896680084127, 0.47877156626044787, 0.48277207306376557, 0.48630290587303926, 0.47698694431988875, 0.48324621748603397, 0.4934124564900517, 0.48731847766103753, 0.489322669372767, 0.4897394626146775, 0.49937953287422493, 0.49947473442530543, 0.4992795262928835, 0.5038263620166956, 0.500077039872688, 0.5079667078243864, 0.5150495043812777, 0.5163556326753118, 0.5185967851762937, 0.5206540559633085, 0.5283570576669117, 0.5280170492711881, 0.5360209972479106, 0.5435178384470841, 0.5495987090841113, 0.5542247489941143, 0.5573227725083307, 0.56352344687847, 0.5635610075565183, 0.5727572687750498, 0.5729184512795238, 0.5809745806500768, 0.5796782809418786, 0.5912602867423462, 0.6001433255384521, 0.5966245283598834, 0.602023960992095, 0.6075510931858956, 0.6143404892242206, 0.6178948703495099, 0.6270398828126366, 0.6280195632771728, 0.6359126796621261, 0.633415499134731, 0.6417428813761432, 0.6547360066171168, 0.6523640735317551, 0.654826237276334, 0.6566808273437561, 0.6578737152550304, 0.660905225962838, 0.673949571735152, 0.6630132564351158, 0.6833821479109985, 0.6785165326663641, 0.6838017172706661, 0.6824010141575236, 0.6848662270551393, 0.6875775684473805, 0.6976741446500052, 0.7036214737737381, 0.7017414383224039, 0.7085578315216834, 0.70994856088743, 0.714834464703347, 0.7132378579665621, 0.7182537128061238, 0.7198366319525099, 0.7328390211662696, 0.7334640994459196, 0.7312473696108104, 0.7375961833472979, 0.7462578033961871, 0.7412905552674226, 0.7542254328584508, 0.7582985481991029, 0.7634018077287321, 0.7570937485435475, 0.7671326024180609, 0.7630132835046644, 0.7744587893859113, 0.7796733830828249, 0.7843856248091138, 0.7811932695947048, 0.7844612863870295, 0.787204400334667, 0.7876801154919995, 0.8015416410107219, 0.804483710251666], "trainLoss": [], "testStanceAcc": [0.6779342723004694, 0.6995305164319249, 0.7014084507042253, 0.7051643192488263, 0.711737089201878, 0.7126760563380282, 0.7107981220657277, 0.72018779342723, 0.7183098591549296, 0.7192488262910798, 0.7183098591549296, 0.7164319248826291, 0.6985915492957746, 0.692018779342723, 0.7023474178403756, 0.704225352112676, 0.6666666666666666, 0.6694835680751173, 0.6572769953051644, 0.6826291079812207, 0.6488262910798122, 0.6704225352112676, 0.672300469483568, 0.6291079812206573, 0.644131455399061, 0.6338028169014085, 0.6375586854460094, 0.6103286384976526], "testStanceF1": [0.28013937282229967, 0.32117336314416606, 0.3275782688766114, 0.35189669087974174, 0.41838246321553324, 0.4259329837185194, 0.42259750385906125, 0.4498803252644341, 0.4436437679177613, 0.4435053552645684, 0.4250788760585966, 0.4363654499488075, 0.4341251999874746, 0.4302115847874064, 0.4277453001293598, 0.4304674821764134, 0.4246413358067084, 0.4173939793988023, 0.41911016850532984, 0.3983630189653134, 0.43082211944600146, 0.4279903371660226, 0.4047461883108706, 0.4218085234691729, 0.4142107774226471, 0.4210392828034916, 0.3992084847777999, 0.42162455925260617], "testLoss": [0.9830920100212097, 0.9299373626708984, 0.9162282347679138, 0.8860679268836975, 0.8508968353271484, 0.8440084457397461, 0.8485025763511658, 0.8453707098960876, 0.8506708145141602, 0.8546116948127747, 0.873789370059967, 0.8779346942901611, 0.9008747339248657, 0.9229558706283569, 0.9503777027130127, 0.9900267124176025, 1.0270885229110718, 1.0541784763336182, 1.0988867282867432, 1.1429587602615356, 1.2233211994171143, 1.2307758331298828, 1.311673641204834, 1.3845349550247192, 1.423750877380371, 1.494861125946045, 1.5272023677825928, 1.6443254947662354]}