{"epoch": 85, "macroF1Stance": 0.457266520219362, "accStance": 0.6619718309859155, "loss": 1.119391679763794, "trainStanceAcc": [0.633133466577837, 0.661114812347324, 0.6719964468132357, 0.6862091938707529, 0.6930934932267377, 0.6942038640906063, 0.6935376415722851, 0.6973129025094381, 0.6979791250277593, 0.7006440151010438, 0.6999777925827226, 0.7024206084832334, 0.70042194092827, 0.7048634243837442, 0.7068620919387075, 0.7044192760381968, 0.7108594270486343, 0.7128580946035976, 0.7130801687763713, 0.7099711303575394, 0.7153009105041084, 0.7097490561847657, 0.7157450588496558, 0.7130801687763713, 0.7206306906506773, 0.7195203197868087, 0.7153009105041084, 0.7199644681323563, 0.7177437264046191, 0.7190761714412613, 0.7228514323784144, 0.7212969131689985, 0.7204086164779037, 0.7250721741061514, 0.7212969131689985, 0.7237397290695092, 0.722407284032867, 0.7301798800799467, 0.7279591383522096, 0.72618254497002, 0.729957805907173, 0.7272929158338886, 0.7292915833888519, 0.7319564734621363, 0.7348434377081945, 0.7339551410170997, 0.7355096602265156, 0.7366200310903842, 0.735953808572063, 0.7379524761270264, 0.7428381079280479, 0.7403952920275372, 0.7432822562735953, 0.7468354430379747, 0.7446147013102377, 0.7450588496557851, 0.7506107039751277, 0.7481678880746169, 0.7510548523206751, 0.7532755940484122, 0.7534976682211859, 0.7537197423939596, 0.7508327781479014, 0.760159893404397, 0.7626027093049078, 0.7603819675771708, 0.7637130801687764, 0.761714412613813, 0.7688207861425717, 0.7728181212524984, 0.7681545636242505, 0.7710415278703087, 0.7717077503886298, 0.7765933821896513, 0.7799244947812569, 0.7797024206084833, 0.7752609371530091, 0.7801465689540307, 0.7819231623362203, 0.7825893848545414, 0.787475016655563, 0.7881412391738841, 0.7905840550743949, 0.7885853875194315, 0.7883633133466578, 0.7961359093937375, 0.7932489451476793, 0.797246280257606, 0.8010215411947591, 0.8052409504774595, 0.807905840550744, 0.8087941372418388, 0.8110148789695758, 0.8125693981789918, 0.8083499888962914, 0.8099045081057074, 0.8167888074616922, 0.8136797690428603, 0.817677104152787, 0.8225627359538086, 0.8225627359538086, 0.8223406617810348, 0.8241172551632245, 0.8301132578281146, 0.8292249611370197, 0.8376637797024206, 0.8334443704197202, 0.8338885187652676, 0.8367754830113258, 0.8374417055296469, 0.8392182989118365, 0.8389962247390629, 0.8407728181212525, 0.843437708194537, 0.8447701532311792, 0.8489895625138796, 0.8514323784143905, 0.8536531201421275, 0.8498778592049745, 0.8589829002886964, 0.8583166777703753, 0.8567621585609594, 0.8592049744614702, 0.8612036420164335, 0.8596491228070176, 0.8649789029535865, 0.8658671996446813, 0.8640906062624917, 0.8725294248278925, 0.869864534754608, 0.8763046857650455, 0.8729735731734399, 0.8756384632467245, 0.8834110592938041, 0.8816344659116144, 0.8831889851210304, 0.8860759493670886, 0.8889629136131468, 0.8867421718854097, 0.891849877859205, 0.8887408394403731, 0.8885187652675994, 0.8885187652675994, 0.8894070619586942, 0.8951809904508106, 0.8980679546968687, 0.8974017321785477, 0.9005107705973795, 0.9018432156340218, 0.8985121030424161, 0.8996224739062847, 0.903175660670664, 0.9020652898067955, 0.9080612924716855, 0.9093937375083277, 0.908505440817233, 0.908505440817233, 0.9149455918276704, 0.9096158116811015, 0.9138352209638019, 0.9147235176548968, 0.9180546302465024, 0.9162780368643126, 0.9162780368643126, 0.9242727070841661, 0.9204974461470131, 0.9178325560737286, 0.9207195203197868, 0.9231623362202975, 0.9244947812569398, 0.9253830779480346, 0.9267155229846769, 0.9300466355762825, 0.9276038196757717, 0.9260493004663558, 0.928936264712414, 0.9293804130579614, 0.9324894514767933, 0.9338218965134355, 0.9355984898956251, 0.9375971574505885, 0.9369309349322674, 0.9429269375971574, 0.9398178991783256, 0.9364867865867199], "trainStanceF1": [0.2110624725908102, 0.19899732620320856, 0.26687920550504185, 0.3124508713385243, 0.32163318108614725, 0.32438730834719154, 0.3248053520915042, 0.329160575048733, 0.33009276063039283, 0.3336561334552449, 0.335256638209795, 0.34095088283484787, 0.3456841342129442, 0.3603581688386145, 0.3757539796461584, 0.39284761808857993, 0.40342808320934553, 0.408461593523866, 0.41579078138741904, 0.4140570974737605, 0.42354164087300794, 0.424001293863863, 0.42490493259139694, 0.4278950624978345, 0.43285079884615163, 0.43429672987381807, 0.42815353520801613, 0.4342460164312565, 0.4362875963018181, 0.4324175772483825, 0.43979114867273233, 0.43818194571674396, 0.4423090140796937, 0.4484787646206476, 0.4451368757229234, 0.4458462953551905, 0.4464418307890229, 0.4576185413636601, 0.45966469764836393, 0.4529413943806091, 0.4668012338143097, 0.4579005892445777, 0.4663207608052814, 0.46720729367117914, 0.4766204903827683, 0.4683897311947225, 0.4712035666008285, 0.48027474887760335, 0.47971806417460044, 0.48356022706410917, 0.4917924042764885, 0.49164566527003206, 0.4986279710347571, 0.5024511627366727, 0.5047564995721437, 0.5097432446527049, 0.5143602167398765, 0.5203027139588932, 0.5185096515252389, 0.5343226292855132, 0.5278232678276562, 0.5333948564400857, 0.529053344870935, 0.5430635029283726, 0.5472463371732965, 0.5525197099729904, 0.5610274040376239, 0.56091156159882, 0.5744507684706092, 0.581333500828656, 0.5786931310753476, 0.5802180089497999, 0.5815155651240325, 0.5858221668349949, 0.6042427993428061, 0.5932239948738541, 0.5901800275789051, 0.5999918828871412, 0.6025511774641418, 0.6069940081658234, 0.6155886946573356, 0.6093607112690946, 0.6208868945276695, 0.6210985399410722, 0.6179834078138993, 0.6321971549857233, 0.6306500276428733, 0.638722466412511, 0.6512031451076477, 0.6538177171625124, 0.6561857579083294, 0.6623108347244715, 0.6660499104554031, 0.6664006448181038, 0.6607027653460698, 0.664232558192386, 0.6801820057251193, 0.6708642383137139, 0.6835282525125486, 0.6865380799215516, 0.6913354130486206, 0.6859410412616618, 0.6904463033154263, 0.7054743303277337, 0.7034252688501124, 0.7131555285668429, 0.7072658203594143, 0.7091910269206219, 0.7175783138526467, 0.7197471512665392, 0.7212995002077236, 0.721943393648971, 0.7233876155362073, 0.7303351060436325, 0.7318407975339053, 0.7403962375324848, 0.7418653146711846, 0.7468421207854096, 0.7401147299479761, 0.7526487594770065, 0.7531415951101303, 0.7509114460878641, 0.7530283381129254, 0.762017528440341, 0.7587623769268602, 0.7666995359461775, 0.7695986055538468, 0.762150081847802, 0.7809028844192079, 0.779889920069262, 0.7885595750625495, 0.7803405372928582, 0.7839308908767517, 0.7971672768095153, 0.7930648693552602, 0.8006162145566438, 0.8038776363892464, 0.808682492970487, 0.8040898719620443, 0.8076151261268141, 0.8056464572801761, 0.8095008745109383, 0.8065114697125507, 0.8093162197042042, 0.824583381335434, 0.8241412831073824, 0.821932092706099, 0.8290323301960035, 0.8340094162112571, 0.8240126326452996, 0.826370729201571, 0.8345791658647786, 0.8341269292918915, 0.8409019694443266, 0.8444521380505746, 0.8442014284547628, 0.8444868119461564, 0.854053361889201, 0.8430632581684477, 0.8515626869169284, 0.8548149954008879, 0.858169374585851, 0.8590944337472973, 0.8570630715919757, 0.8726068410119265, 0.8646561471838485, 0.8612510387422883, 0.8639086341748616, 0.8694362932144605, 0.8725981057681476, 0.8734880259384199, 0.8763783359995743, 0.8814900736615835, 0.8763436458574387, 0.8749272093829088, 0.8803427746952834, 0.8831356627344219, 0.885905014667175, 0.8871292932123268, 0.8882417775174618, 0.8940497554286858, 0.8936994142035788, 0.906561793592366, 0.900579810193146, 0.8948458672677518], "trainLoss": [],