{"epoch": 125, "macroF1Stance": 0.45775483297555386, "accStance": 0.6431924882629108, "loss": 1.6179022789001465, "trainStanceAcc": [0.6042638241172552, 0.661114812347324, 0.6668887408394404, 0.6742171885409727, 0.6848767488341105, 0.6926493448811903, 0.6895403064623584, 0.6935376415722851, 0.6955363091272485, 0.6984232733733067, 0.6946480124361537, 0.6964246058183433, 0.698201199200533, 0.6997557184099489, 0.7026426826560072, 0.6984232733733067, 0.7017543859649122, 0.7048634243837442, 0.7064179435931601, 0.7081945369753497, 0.7104152787030868, 0.7097490561847657, 0.7126360204308239, 0.7090828336664446, 0.7135243171219188, 0.7141905396402398, 0.7141905396402398, 0.7104152787030868, 0.7119697979125028, 0.713302242949145, 0.7153009105041084, 0.7188540972684877, 0.7153009105041084, 0.7161892071952032, 0.7179658005773929, 0.7181878747501665, 0.7164112813679769, 0.7192982456140351, 0.7219631356873195, 0.7177437264046191, 0.7230735065511881, 0.7228514323784144, 0.7212969131689985, 0.7244059515878304, 0.7232955807239618, 0.7250721741061514, 0.7255163224516988, 0.729957805907173, 0.7292915833888519, 0.7281812125249834, 0.7264046191427936, 0.7281812125249834, 0.735287586053742, 0.7366200310903842, 0.7343992893626471, 0.7377304019542528, 0.7370641794359316, 0.7421718854097269, 0.7406173662003109, 0.7397290695092161, 0.7463912946924273, 0.7472795913835221, 0.7448367754830113, 0.7506107039751277, 0.75194314901177, 0.7559404841216967, 0.754163890739507, 0.7612702642682656, 0.7626027093049078, 0.7559404841216967, 0.7630468576504552, 0.7637130801687764, 0.7679324894514767, 0.7679324894514767, 0.7737064179435932, 0.7697090828336665, 0.7710415278703087, 0.7777037530535199, 0.7785920497446147, 0.784365978236731, 0.7797024206084833, 0.7801465689540307, 0.7865867199644682, 0.7848101265822784, 0.7852542749278258, 0.7888074616922052, 0.7990228736397957, 0.7959138352209638, 0.7976904286031534, 0.8003553186764379, 0.7963579835665112, 0.8081279147235176, 0.8081279147235176, 0.8052409504774595, 0.8092382855873862, 0.8134576948700866, 0.8161225849433711, 0.8181212524983345, 0.8145680657339551, 0.8270042194092827, 0.8198978458805241, 0.8232289584721297, 0.8243393293359982, 0.8296691094825672, 0.8287808127914723, 0.8323339995558516, 0.8243393293359982, 0.8363313346657784, 0.8409948922940262, 0.8414390406395736, 0.8412169664667999, 0.843437708194537, 0.8489895625138796, 0.8496557850322007, 0.8487674883411059, 0.8496557850322007, 0.8520986009327115, 0.8552076393515434, 0.8574283810792804, 0.8565400843881856, 0.8616477903619809, 0.8634243837441705, 0.8652009771263602, 0.8638685320897179, 0.8685320897179658, 0.8696424605818344, 0.8729735731734399, 0.8778592049744615, 0.8718632023095714, 0.8785254274927826, 0.8751943149011769, 0.8765267599378193, 0.8791916500111037, 0.884299355984899, 0.8825227626027093, 0.8862980235398623, 0.8807461692205196, 0.8845214301576727, 0.8858538751943149, 0.8894070619586942, 0.8954030646235843, 0.8929602487230736, 0.8905174328225627, 0.8945147679324894, 0.9000666222518321, 0.8985121030424161, 0.9002886964246058, 0.9013990672884743, 0.9027315123251166, 0.9038418831889852, 0.9062846990894959, 0.9076171441261381, 0.9051743282256274, 0.908505440817233, 0.9138352209638019, 0.9102820341994226, 0.916055962691539, 0.9109482567177437, 0.9116144792360649, 0.9184987785920498, 0.9200532978014657, 0.9213857428381079, 0.9187208527648234, 0.9218298911836553, 0.9200532978014657, 0.9184987785920498, 0.9276038196757717, 0.9262713746391295, 0.9256051521208084, 0.9291583388851876, 0.927381745502998, 0.9302687097490562, 0.9344881190317567, 0.9300466355762825, 0.9307128580946036, 0.9322673773040195, 0.929602487230735, 0.9333777481678881, 0.9335998223406617, 0.9298245614035088, 0.9349322673773041, 0.9344881190317567, 0.9373750832778148, 0.9331556739951143, 0.938707528314457, 0.9353764157228515, 0.9449256051521208, 0.9389296024872308, 0.9389296024872308, 0.941816566733289, 0.9395958250055518, 0.94248278925161, 0.9411503442149678, 0.9451476793248945, 0.941816566733289, 0.9420386409060626, 0.9462580501887631, 0.9431490117699312, 0.9495891627803686, 0.9460359760159893, 0.9493670886075949, 0.947812569398179, 0.9502553852986898, 0.9467021985343105, 0.9493670886075949, 0.9498112369531424, 0.9522540528536532, 0.9513657561625583, 0.9522540528536532, 0.9540306462358428, 0.9504774594714634, 0.9560293137908061, 0.9571396846546747, 0.953142349544748, 0.9558072396180324, 0.9562513879635799, 0.9586942038640907, 0.9578059071729957, 0.9540306462358428, 0.9558072396180324, 0.9593604263824117, 0.9604707972462803, 0.9626915389740173, 0.9584721296913169, 0.9582500555185431],