{"epoch": 95, "macroF1Stance": 0.47606850871375533, "accStance": 0.6676056338028169, "loss": 1.2948729991912842, "trainStanceAcc": [0.6326893182322896, 0.6613368865200977, 0.6691094825671774, 0.6877637130801688, 0.6873195647346214, 0.6946480124361537, 0.6964246058183433, 0.6977570508549855, 0.6962025316455697, 0.6990894958916278, 0.7006440151010438, 0.7033089051743282, 0.7084166111481235, 0.7048634243837442, 0.709526982011992, 0.7099711303575394, 0.7093049078392183, 0.7128580946035976, 0.7110815012214079, 0.7141905396402398, 0.7139684654674662, 0.7130801687763713, 0.7184099489229403, 0.7177437264046191, 0.7164112813679769, 0.715522984676882, 0.7181878747501665, 0.7175216522318454, 0.7201865423051299, 0.7226293582056407, 0.7221852098600933, 0.7204086164779037, 0.7199644681323563, 0.7232955807239618, 0.7217410615145459, 0.7250721741061514, 0.7244059515878304, 0.7237397290695092, 0.7266266933155674, 0.7210748389962247, 0.7321785476349101, 0.7279591383522096, 0.7292915833888519, 0.7310681767710415, 0.7292915833888519, 0.7332889184987786, 0.7363979569176105, 0.7346213635354208, 0.7370641794359316, 0.7383966244725738, 0.7386186986453476, 0.7372862536087053, 0.7397290695092161, 0.7381745502998002, 0.739062846990895, 0.7406173662003109, 0.7443926271374639, 0.7477237397290695, 0.750388629802354, 0.7457250721741061, 0.7461692205196535, 0.752609371530091, 0.7512769264934488, 0.7512769264934488, 0.7514990006662225, 0.754163890739507, 0.7612702642682656, 0.7581612258494337, 0.7590495225405285, 0.7612702642682656, 0.7646013768598712, 0.7668221185876083, 0.7668221185876083, 0.7741505662891406, 0.7737064179435932, 0.7794803464357095, 0.7797024206084833, 0.7856984232733734, 0.7830335332000888, 0.7852542749278258, 0.785920497446147, 0.7901399067288475, 0.7892516100377526, 0.7970242060848324, 0.7941372418387741, 0.7992449478125694, 0.8012436153675327, 0.8047968021319121, 0.8039085054408173, 0.8112369531423496, 0.8087941372418388, 0.8130135465245392, 0.8170108816344659, 0.8152342882522763, 0.8185654008438819, 0.8241172551632245, 0.8234510326449034, 0.8261159227181879, 0.8252276260270931, 0.8296691094825672, 0.8312236286919831, 0.8354430379746836, 0.8365534088385521, 0.8338885187652676, 0.8385520763935155, 0.8345547412835888, 0.8436597823673107, 0.8452143015767266, 0.8467688207861426, 0.8492116366866533, 0.8514323784143905, 0.8509882300688429, 0.8556517876970908, 0.858538751943149, 0.8598711969797912, 0.8592049744614702, 0.8638685320897179, 0.8643126804352653, 0.867643793026871, 0.866089273817455, 0.8696424605818344, 0.8652009771263602, 0.8685320897179658, 0.8760826115922719, 0.8718632023095714, 0.87896957583833, 0.880524095047746, 0.8836331334665778, 0.8816344659116144, 0.8847435043304464, 0.8829669109482567, 0.8900732844770153, 0.8887408394403731, 0.8878525427492783, 0.8936264712413946, 0.894070619586942, 0.8965134354874528, 0.8911836553408838, 0.8982900288696425, 0.9011769931157007, 0.9018432156340218, 0.8989562513879635, 0.9065067732622696, 0.9056184765711748, 0.9073950699533644, 0.9073950699533644, 0.9082833666444593, 0.9111703308905175, 0.9129469242727071, 0.9142793693093493, 0.9153897401732178, 0.9207195203197868, 0.9191650011103709, 0.919831223628692, 0.9200532978014657, 0.9224961137019765, 0.9238285587386187, 0.9249389296024872, 0.9269375971574506, 0.9269375971574506, 0.9251610037752609, 0.9309349322673773, 0.9271596713302243, 0.9331556739951143, 0.9329335998223407, 0.9367088607594937, 0.9367088607594937, 0.9373750832778148, 0.9378192316233622, 0.9391516766600044, 0.9411503442149678, 0.9384854541416833, 0.940262047523873, 0.9420386409060626, 0.940262047523873, 0.9444814568065734, 0.941816566733289, 0.941816566733289, 0.9462580501887631, 0.9482567177437264, 0.9462580501887631, 0.9469242727070841, 0.9520319786808794, 0.9493670886075949, 0.9438152342882523, 0.9511436819897846, 0.9540306462358428, 0.9513657561625583, 0.9546968687541639, 0.9542527204086165, 0.951587830335332, 0.9520319786808794, 0.953808572063069, 0.9562513879635799, 0.9564734621363535], "trainStanceF1": [0.23140416701078054, 0.1996481534063167, 0.2690708297712164, 0.3130153546676177, 0.3146377566818467, 0.3274539501693549, 0.3287825155519471, 0.33103253094489293, 0.32884098722503047, 0.3330162926862035, 0.3324461399077302, 0.3403720773633122, 0.3639114240245719, 0.37419133665800275, 0.3914709626926105, 0.4014141126229127, 0.4192158976200161, 0.4152511174656609, 0.4202195385408374, 0.42469191416415975, 0.42753097195254963, 0.42830935208157583, 0.43514035085977765, 0.4344826015792586, 0.44103883657759024, 0.4374761150580296, 0.44408729240312, 0.4400649723029462, 0.44551134223838473, 0.4543901199765339, 0.451649768341358, 0.4503601639703456, 0.44934241833928035, 0.45571559204046985, 0.44851497228154735, 0.4555712841884008, 0.455107430630727, 0.45288934683450377, 0.4650531543028958, 0.45910541479303024, 0.47275983067868776, 0.4663495969559298, 0.47039758578849644, 0.47600930797004026, 0.47130832001078304, 0.4798080773133251, 0.4890554711848426, 0.4874707430467363, 0.49244216116106687, 0.4999695966189469, 0.4975633579524208, 0.5029745985503575, 0.4984819663436133, 0.5025519594257347, 0.5027877449044893, 0.5072631431948539, 0.5227655594529068, 0.5321626700855993, 0.535015067594942, 0.5246809083701056, 0.5243018507201409, 0.5397784889705909, 0.5420722169862996, 0.53959125770767, 0.5489084066857122, 0.5520533634536673, 0.5631433030344322, 0.5562139717642735, 0.5637216019546905, 0.573971694086785, 0.5751049582381326, 0.5855754251456093, 0.5859679171147163, 0.5978418236112261, 0.5986711006622142, 0.6094905288074592, 0.6096460372226244, 0.6195325587352312, 0.6171558285114851, 0.6213460436692413, 0.6270774098795545, 0.6317858237027626, 0.6227160102046985, 0.6379900543265253, 0.6354197349679453, 0.6466232617081933, 0.646199332881931, 0.6595406029758868, 0.6591601048160556, 0.6701074618475883, 0.663309635455491, 0.6738241450067287, 0.671214513868244, 0.6791453357099839, 0.6810406826347944, 0.6904938206289611, 0.690268419701939, 0.6950251212337789, 0.6929490628951172, 0.7071190961221568, 0.7042747287530812, 0.7106795333908272, 0.70921672232422, 0.7104142527271866, 0.7163786230626978, 0.7122617090548752, 0.7256768363946396, 0.7229763774663279, 0.7326635644111568, 0.7333156350951044, 0.7387692882305722, 0.7449180540382565, 0.7465650154790943, 0.7503908304323241, 0.7515918650852619, 0.7546583682142114, 0.7622203013795725, 0.7655000402867866, 0.7675499729077578, 0.7652932009357153, 0.7714425780494123, 0.765614306254107, 0.7715852905556269, 0.7813679445010092, 0.7800839187668412, 0.787812847741735, 0.7912545663115306, 0.7959641048491488, 0.794824809099884, 0.7975488671971989, 0.7925907242408962, 0.8079290450534238, 0.8064674389107997, 0.8067102590909558, 0.8158334187293551, 0.8155970314833519, 0.8217624543498792, 0.8115398954524529, 0.8247551129734199, 0.8307843658934083, 0.834685362216504, 0.8280385770973389, 0.8404334685575165, 0.8382995897667556, 0.8403627057119359, 0.8414123429340755, 0.8415956835556335, 0.8464907573502563, 0.8507510539359109, 0.8506352619218304, 0.8583147555124662, 0.866354558401596, 0.8618217544315265, 0.8659808044673205, 0.8653848370511676, 0.8671072172531159, 0.8717764881981035, 0.8740422236741362, 0.8749868517334776, 0.8735824828653024, 0.8739647493734553, 0.8817660785596981, 0.8860219880529323, 0.8863912102014291, 0.8872876686239941, 0.893293143813372, 0.8949015022169549, 0.8952957419160205, 0.8975168992002944, 0.8970189185603851, 0.9017742378217881, 0.8963312988152415, 0.9002372538552681, 0.903505390159163, 0.9001646419628233, 0.9100835631710471, 0.9047332708540669, 0.9051967292100704, 0.9103870728321258, 0.9120511879620306, 0.9079543326623276, 0.9116296189108251, 0.9170706175679136, 0.9150439226746749, 0.9128870895327872, 0.9172315911147997, 0.9218499484660774, 0.9167900335947763, 0.9254731143709661, 0.9251258094843156, 0.9216446542667304, 0.9233573525294541, 0.9251156647443399, 0.9271319367666698, 0.9278131453979679], "trainLoss": [],