{"epoch": 40, "macroF1Stance": 0.4664756011519904, "accStance": 0.7107981220657277, "loss": 0.8573766946792603, "trainStanceAcc": [0.6289140572951366, 0.6615589606928715, 0.6773262269598046, 0.6864312680435265, 0.6859871196979791, 0.6937597157450589, 0.692871419053964, 0.6948700866089274, 0.6984232733733067, 0.6970908283366645, 0.7008660892738174, 0.6973129025094381, 0.6973129025094381, 0.7033089051743282, 0.7037530535198756, 0.7055296469020653, 0.7110815012214079, 0.7070841661114813, 0.713302242949145, 0.7130801687763713, 0.7113035753941817, 0.7168554297135243, 0.714856762158561, 0.717077503886298, 0.7157450588496558, 0.7177437264046191, 0.7188540972684877, 0.7199644681323563, 0.7192982456140351, 0.7195203197868087, 0.7197423939595825, 0.7197423939595825, 0.7232955807239618, 0.7210748389962247, 0.7259604707972462, 0.7192982456140351, 0.7268487674883412, 0.7257383966244726, 0.7248500999333778, 0.7266266933155674, 0.7241838774150566, 0.7286253608705308, 0.7290695092160782, 0.7301798800799467, 0.7355096602265156, 0.7328447701532311, 0.733733066844326, 0.735953808572063, 0.7348434377081945, 0.735953808572063, 0.7383966244725738, 0.7388407728181212, 0.7388407728181212, 0.7443926271374639, 0.746613368865201, 0.7483899622473906, 0.7528314457028648, 0.7481678880746169, 0.7521652231845436, 0.7581612258494337, 0.7586053741949811, 0.7592715967133022, 0.7606040417499444, 0.7630468576504552, 0.765489673550966, 0.7677104152787031, 0.7670441927603819, 0.7757050854985565, 0.7712636020430824, 0.7803686431268043, 0.7770375305351988, 0.7785920497446147, 0.7785920497446147, 0.7883633133466578, 0.7928047968021319, 0.7905840550743949, 0.7932489451476793, 0.7930268709749057, 0.797246280257606, 0.7956917610481901, 0.7996890961581168, 0.8052409504774595, 0.8056850988230069, 0.806351321341328, 0.813901843215634, 0.8161225849433711, 0.8150122140795025, 0.8156784365978237, 0.8236731068176771, 0.8241172551632245, 0.8250055518543193, 0.8307794803464357, 0.8298911836553409, 0.835887186320231, 0.8349988896291362, 0.8323339995558516, 0.8363313346657784, 0.8387741505662891, 0.8405507439484788, 0.8421052631578947, 0.8432156340217632, 0.8458805240950478, 0.8492116366866533, 0.8485454141683322, 0.8527648234510327, 0.8523206751054853, 0.8589829002886964, 0.8567621585609594, 0.8609815678436598, 0.8658671996446813, 0.8634243837441705, 0.8652009771263602, 0.8680879413724184, 0.8645347546080391, 0.8645347546080391, 0.8758605374194981, 0.8738618698645347, 0.8703086831001554, 0.8771929824561403, 0.8767488341105929, 0.8814123917388408, 0.8771929824561403, 0.8845214301576727, 0.8854097268487675, 0.8869642460581835, 0.8851876526759938, 0.8954030646235843, 0.8898512103042416, 0.8949589162780368, 0.893404397068621, 0.8907395069953364, 0.8958472129691317, 0.8976238063513213, 0.8960692871419054, 0.8969575838330002, 0.9005107705973795, 0.9000666222518321, 0.9013990672884743, 0.9045081057073062, 0.90473017988008], "trainStanceF1": [0.20196782203789473, 0.2009025897798328, 0.2876682615629984, 0.3130552385819495, 0.3162715634221002, 0.32202737058473524, 0.3255836011214854, 0.3286690199335548, 0.3298058218054084, 0.33279044947466335, 0.33191075978080353, 0.33312275886328524, 0.3422088355368351, 0.35745511175655553, 0.37541613669775814, 0.38405536190928447, 0.40739325271454047, 0.40786962433005913, 0.4209877766901843, 0.4171714185094707, 0.4246074519978808, 0.43896474205208724, 0.4317961037486985, 0.4371113393341469, 0.4365950782402346, 0.4356056719918094, 0.44253915182942233, 0.44433561627463114, 0.4433965483996297, 0.4458098376496987, 0.4472996456838346, 0.4421578854354886, 0.44890701923063225, 0.4516959465190731, 0.4535064963767258, 0.4483636348313686, 0.45634885588573937, 0.4539798043462589, 0.4573230247658331, 0.4623483205872547, 0.4611003979180313, 0.46442203559644646, 0.4713446202405842, 0.46385447035501204, 0.4772958396636264, 0.48091399338437324, 0.4791816236524219, 0.48570416409415984, 0.48795666512643987, 0.4890226635129189, 0.48811155858706223, 0.5030661027281386, 0.5061740903227233, 0.5107161624749748, 0.5246453024152744, 0.5226992960309788, 0.5404621594227903, 0.5347933135666474, 0.5374196989535595, 0.5535605536559604, 0.5525716074130311, 0.5582590616732543, 0.5704887021107955, 0.5682582460906938, 0.5728823824478749, 0.580036405390355, 0.5808669571413435, 0.6010148525023034, 0.5903911324857862, 0.6057672682159048, 0.601457557406735, 0.6050288592031916, 0.6112795457576321, 0.6244735121634597, 0.6367016070900193, 0.6317544959502047, 0.6384893698623608, 0.6406481103551269, 0.6486889678490657, 0.646537731685049, 0.6511918488571278, 0.6634842287808246, 0.6583100053258507, 0.666945900093776, 0.6801126225101362, 0.6864118146064655, 0.6816650773460002, 0.6810870307343587, 0.6962791845211984, 0.7004503142530247, 0.7005156492596925, 0.7130274403166534, 0.7116080937842767, 0.721154059193889, 0.7192219545506567, 0.721275174525007, 0.7209823504508871, 0.72622581340935, 0.7286075228098644, 0.7325489730875409, 0.7351963822993982, 0.7430146265516503, 0.7475443804280588, 0.7490020485983444, 0.7493059027695244, 0.7488796974986063, 0.7626811358903198, 0.7575188459583471, 0.7672664715976072, 0.773653046039001, 0.7705832633507654, 0.7735182951261559, 0.7782286239416625, 0.7743353950146896, 0.7722754173857026, 0.7944637962454486, 0.7847936190130309, 0.7857821058886119, 0.7954077921457232, 0.7947963852396774, 0.8042028726079853, 0.7987352758819345, 0.8107433870932127, 0.8066873437502323, 0.8120583956902551, 0.8101332722801773, 0.8267943343953285, 0.8201832330723196, 0.8223545982454892, 0.8248201023784534, 0.8222999227345689, 0.828874264716189, 0.8333652858773383, 0.8322824049071179, 0.8310192002355876, 0.8391866389965406, 0.8402508862942807, 0.8439634192576895, 0.844507790029739, 0.8448797170235697], "trainLoss": [], "testStanceAcc": [0.6929577464788732, 0.7023474178403756, 0.7089201877934272, 0.707981220657277, 0.7126760563380282, 0.7164319248826291, 0.7164319248826291, 0.7107981220657277, 0.7211267605633803, 0.7061032863849765, 0.7014084507042253, 0.6854460093896714, 0.6788732394366197, 0.6525821596244131, 0.6169014084507042, 0.6544600938967137, 0.6253521126760564, 0.6356807511737089, 0.6338028169014085, 0.6431924882629108, 0.6234741784037559, 0.6065727699530516, 0.6272300469483568, 0.5953051643192488, 0.6384976525821596, 0.6093896713615023, 0.6018779342723005, 0.5924882629107981], "testStanceF1": [0.30735438682723026, 0.3251742786302059, 0.3724274021647086, 0.41819104578896915, 0.41942418476824694, 0.43971825396825404, 0.4511277438792652, 0.4664756011519904, 0.4560079221765265, 0.42966209524042775, 0.43372300178685363, 0.43008229150954896, 0.4249196640846691, 0.4210141176500647, 0.42537556241699603, 0.4130163721719527, 0.409478994845337, 0.4096463049293295, 0.41258099474575477, 0.41452729659717324, 0.4025526461418186, 0.40447055919730807, 0.4025711450770201, 0.4158890833610623, 0.39900275200726304, 0.4034479959722632, 0.4029687005639746, 0.4007197285125934], "testLoss": [0.9421192407608032, 0.9113632440567017, 0.864777147769928, 0.8417747020721436, 0.8417697548866272, 0.8403163552284241, 0.8489611744880676, 0.8573766946792603, 0.875486433506012, 0.8867818117141724, 0.9237815737724304, 0.9717752933502197, 1.0182397365570068, 1.084311842918396, 1.1761757135391235, 1.2074127197265625, 1.2618674039840698, 1.3342101573944092, 1.391776442527771, 1.4454314708709717, 1.520827054977417, 1.5662673711776733, 1.6318169832229614, 1.7081317901611328, 1.7668545246124268, 1.8126273155212402, 1.8658746480941772, 1.9380247592926025]}