{"epoch": 45, "macroF1Stance": 0.4609322941930061, "accStance": 0.7211267605633803, "loss": 0.8133307695388794, "trainStanceAcc": [0.3635354208305574, 0.661114812347324, 0.661114812347324, 0.661114812347324, 0.661114812347324, 0.661114812347324, 0.661114812347324, 0.661114812347324, 0.661114812347324, 0.661114812347324, 0.6624472573839663, 0.6699977792582723, 0.679324894514768, 0.6824339329335998, 0.6824339329335998, 0.6895403064623584, 0.6857650455252055, 0.6935376415722851, 0.6935376415722851, 0.6950921607817011, 0.6946480124361537, 0.7008660892738174, 0.6997557184099489, 0.7008660892738174, 0.7017543859649122, 0.6984232733733067, 0.7055296469020653, 0.7081945369753497, 0.7073062402842549, 0.7130801687763713, 0.7135243171219188, 0.7177437264046191, 0.7204086164779037, 0.7177437264046191, 0.7175216522318454, 0.7172995780590717, 0.7232955807239618, 0.7230735065511881, 0.7221852098600933, 0.7237397290695092, 0.7235176548967355, 0.7275149900066622, 0.7235176548967355, 0.724628025760604, 0.7250721741061514, 0.7241838774150566, 0.7190761714412613, 0.7286253608705308, 0.7295136575616256, 0.7255163224516988, 0.7279591383522096, 0.7295136575616256, 0.7304019542527204, 0.7312902509438153, 0.7324006218076837, 0.7288474350433045, 0.7339551410170997, 0.735287586053742, 0.7368421052631579, 0.733733066844326, 0.7386186986453476, 0.7350655118809682, 0.7377304019542528, 0.7386186986453476, 0.7419498112369531, 0.7408394403730846, 0.7439484787919165, 0.7495003331112592, 0.7439484787919165, 0.7479458139018432, 0.7501665556295802, 0.7508327781479014, 0.7483899622473906, 0.75194314901177, 0.7523872973573174, 0.7570508549855651, 0.7546080390850544, 0.7532755940484122, 0.7570508549855651, 0.7614923384410394, 0.7641572285143238, 0.7626027093049078, 0.7643793026870975, 0.7663779702420609, 0.7637130801687764, 0.7672662669331557, 0.7710415278703087, 0.7681545636242505, 0.7710415278703087, 0.7741505662891406, 0.7777037530535199, 0.7777037530535199, 0.7765933821896513, 0.7850322007550522, 0.7850322007550522, 0.7863646457916944, 0.7890295358649789, 0.7932489451476793, 0.7905840550743949, 0.7923606484565845, 0.7952476127026427, 0.7939151676660005, 0.7992449478125694, 0.8030202087497224, 0.8032422829224961, 0.8081279147235176, 0.8052409504774595, 0.8081279147235176, 0.8094603597601598, 0.8161225849433711, 0.8147901399067289, 0.8185654008438819, 0.8234510326449034, 0.8232289584721297, 0.8234510326449034, 0.8290028869642461, 0.8285587386186987, 0.8323339995558516, 0.8332222962469464, 0.8381079280479681, 0.8365534088385521, 0.8365534088385521, 0.8389962247390629, 0.8423273373306684, 0.8447701532311792, 0.8452143015767266, 0.8509882300688429, 0.8500999333777481, 0.8536531201421275, 0.8543193426604486, 0.860093271152565, 0.856318010215412, 0.8603153453253387, 0.8554297135243171, 0.8614257161892072, 0.8663113479902287, 0.8667554963357762, 0.8727514990006662, 0.8727514990006662, 0.8751943149011769, 0.8711969797912503, 0.8729735731734399, 0.8783033533200089, 0.8798578725294248, 0.87896957583833], "trainStanceF1": [0.17665609974104804, 0.19899732620320856, 0.19899732620320856, 0.19899732620320856, 0.19899732620320856, 0.19899732620320856, 0.19899732620320856, 0.19899732620320856, 0.19899732620320856, 0.1996071268739091, 0.21901745797263003, 0.2607705695825287, 0.297195844757704, 0.30851716609278, 0.3138495420770564, 0.31981174822870323, 0.31965307683323346, 0.32719439040436193, 0.3294457582008029, 0.33095171730310635, 0.3278260869565217, 0.3357721394370609, 0.33602410154197937, 0.33713718570349266, 0.33613068406074076, 0.337869100823028, 0.3616060937984125, 0.389525159878113, 0.4118960316716771, 0.43583761095600637, 0.4356830575233481, 0.44198056581123013, 0.4461465247423438, 0.4512461973766235, 0.4544021837302927, 0.44604060629569087, 0.45794907771487386, 0.4542181581720591, 0.45630871476506607, 0.46036363057692536, 0.4572215699382278, 0.46694763802727574, 0.45857524323663235, 0.46195093260797493, 0.4633015480161244, 0.4599494837323507, 0.4556781475484195, 0.467704916205009, 0.46943513236844886, 0.4653771163669521, 0.46821639028459106, 0.46993794323945726, 0.4716690155735661, 0.47151273034114904, 0.47113946723146827, 0.46986558730193556, 0.4750613611472361, 0.47688147689801375, 0.4755480941157649, 0.4760250902187836, 0.480729880112018, 0.4758909792808127, 0.48232584869209694, 0.47807161634790063, 0.4874046424570331, 0.48138620073766136, 0.48893592628102456, 0.4960510531466825, 0.4881733822522467, 0.49372975660952306, 0.4935560263445193, 0.4963184331561372, 0.49544087808523213, 0.4990913542178283, 0.5006639534992603, 0.506099816197929, 0.5039965946205782, 0.5029156835344792, 0.5050612993028313, 0.5097336105190556, 0.5146200769605958, 0.5119095225472239, 0.5149385469607062, 0.5182526089458683, 0.5157554407355471, 0.5283232265526858, 0.526152650034982, 0.5335566723457306, 0.5383513722085269, 0.5477850999859823, 0.5610533300453884, 0.5544158965230914, 0.5553886785136103, 0.5812322506998877, 0.5814124144115698, 0.577800908392283, 0.581348869660689, 0.6040339303660235, 0.6047005881016272, 0.6100670163115373, 0.6113584487279602, 0.6091412045666642, 0.6178881843562256, 0.6296933305679044, 0.6318965806632426, 0.6461298855135209, 0.6402485870457241, 0.6469548237615163, 0.6467034839929358, 0.6591012434394355, 0.6575338869092021, 0.6684431284560096, 0.6790981264663849, 0.6771814768941964, 0.6813100688113802, 0.69144634050757, 0.6957828178977873, 0.6992283049457975, 0.6990458477111884, 0.7100240157109879, 0.7021153618663489, 0.7053391904063653, 0.7117260394288437, 0.7167236079373699, 0.7218237841834715, 0.7209284495893746, 0.735872481920144, 0.7325165242305965, 0.7386346754533097, 0.7467141560200786, 0.747217879932981, 0.738590621476605, 0.7507774592668724, 0.7467953971599852, 0.7519335062439596, 0.7648791096144992, 0.76033607167847, 0.7727434704004281, 0.779072176988946, 0.7811693469793837, 0.7728477714807886, 0.7730523875292834, 0.7853287377817098, 0.7860118567982332, 0.79002619882983], "trainLoss": [], "testStanceAcc": [0.6647887323943662, 0.6638497652582159, 0.6873239436619718, 0.6995305164319249, 0.7023474178403756, 0.7107981220657277, 0.711737089201878, 0.7248826291079812, 0.7211267605633803, 0.7211267605633803, 0.7173708920187793, 0.72018779342723, 0.7145539906103286, 0.7136150234741784, 0.7154929577464789, 0.7061032863849765, 0.6957746478873239, 0.6685446009389672, 0.6732394366197183, 0.6600938967136151, 0.6572769953051644, 0.6497652582159624, 0.6366197183098592, 0.6375586854460094, 0.6431924882629108, 0.6525821596244131, 0.6356807511737089, 0.6206572769953052, 0.6197183098591549], "testStanceF1": [0.1996615905245347, 0.19949209932279907, 0.3088380351154074, 0.32402370261161106, 0.329829673026515, 0.3863849239137944, 0.3945387603235021, 0.4567451480867948, 0.4609322941930061, 0.4601924538584736, 0.45504029225087483, 0.43930650269192695, 0.4469825748457202, 0.4534664056920779, 0.4310377204137941, 0.443073986440638, 0.42278319594521074, 0.4058875787433371, 0.4163677502450849, 0.4265252516754696, 0.43788525217295016, 0.43553851919652675, 0.42342829669774174, 0.41993511243893455, 0.4250948828594877, 0.40936855899081626, 0.4122875915166785, 0.4083827616346859, 0.4073629194680707], "testLoss": [1.0201529264450073, 0.9899834394454956, 0.9486527442932129, 0.9326488375663757, 0.908270537853241, 0.8386399149894714, 0.8302464485168457, 0.8145654797554016, 0.8133307695388794, 0.8112085461616516, 0.8167144060134888, 0.8242401480674744, 0.8278536796569824, 0.8444182276725769, 0.8685885667800903, 0.8993474841117859, 0.9517819285392761, 1.0024534463882446, 1.0435296297073364, 1.1025360822677612, 1.1531651020050049, 1.2068226337432861, 1.2576724290847778, 1.2975623607635498, 1.3436752557754517, 1.3882538080215454, 1.4355794191360474, 1.4949207305908203, 1.5528820753097534]}