{"epoch": 20, "macroF1Stance": 0.4537946513891217, "accStance": 0.7173708920187793, "loss": 0.8328139185905457, "trainStanceAcc": [0.6322451698867422, 0.6622251832111925, 0.6704419276038197, 0.6824339329335998, 0.6888740839440373, 0.6930934932267377, 0.6946480124361537, 0.6986453475460804, 0.6959804574727959, 0.7015323117921386, 0.6988674217188541, 0.7081945369753497, 0.7050854985565179, 0.7075283144570287, 0.7084166111481235, 0.7106373528758605, 0.714856762158561, 0.715522984676882, 0.7181878747501665, 0.7168554297135243, 0.7195203197868087, 0.7279591383522096, 0.7264046191427936, 0.72618254497002, 0.7272929158338886, 0.7295136575616256, 0.7295136575616256, 0.729957805907173, 0.7317343992893627, 0.7363979569176105, 0.7326226959804575, 0.737508327781479, 0.7437264046191427, 0.7397290695092161, 0.741283588718632, 0.7483899622473906, 0.7461692205196535, 0.7492782589384854, 0.7486120364201644, 0.7497224072840328, 0.760159893404397, 0.7599378192316234, 0.7626027093049078, 0.7674883411059293, 0.7681545636242505, 0.7701532311792139, 0.7792582722629359, 0.7812569398178992, 0.7817010881634466, 0.782145236508994, 0.7914723517654897, 0.7890295358649789, 0.7930268709749057, 0.8010215411947591, 0.802576060404175, 0.8047968021319121, 0.8110148789695758, 0.8076837663779702, 0.8156784365978237, 0.8216744392627138, 0.8263379968909615, 0.8274483677548301, 0.8298911836553409, 0.8290028869642461, 0.8347768154563624, 0.8381079280479681, 0.8421052631578947, 0.8463246724405952, 0.8487674883411059, 0.8534310459693538, 0.8580946035976016, 0.854763491005996, 0.8545414168332223, 0.8640906062624917, 0.8674217188540972, 0.8718632023095714, 0.8738618698645347, 0.8774150566289141, 0.8774150566289141, 0.8838552076393515, 0.8869642460581835, 0.8869642460581835, 0.891849877859205, 0.8947368421052632, 0.8987341772151899, 0.894070619586942, 0.8982900288696425, 0.9040639573617588, 0.906950921607817, 0.905396402398401, 0.9107261825449701, 0.9147235176548968, 0.9138352209638019, 0.9136131467910282, 0.914501443482123, 0.9196091494559183, 0.925827226293582, 0.9253830779480346, 0.9249389296024872, 0.9211636686653342, 0.9300466355762825, 0.9302687097490562, 0.9300466355762825, 0.9335998223406617, 0.9347101932045303, 0.9355984898956251, 0.9353764157228515, 0.9407061958694204, 0.9351543415500777, 0.941816566733289, 0.9369309349322674, 0.9467021985343105, 0.9471463468798579, 0.9455918276704419, 0.9475904952254053, 0.9411503442149678, 0.9455918276704419, 0.9502553852986898, 0.9526982011992006, 0.9493670886075949], "trainStanceF1": [0.2091969607882892, 0.20342952783726245, 0.28233579909454654, 0.3049944535784659, 0.31820483731670784, 0.32046621842628104, 0.32511758994967643, 0.332371006103085, 0.3259569787873704, 0.33902284445774544, 0.35417029069338846, 0.39905053654444295, 0.399815639048297, 0.4149006827505989, 0.41864623332518014, 0.42931138497997046, 0.42919889363574715, 0.43840260173975953, 0.4468996238994079, 0.4346200072087, 0.44725271131040834, 0.4603671951028455, 0.45804887988742005, 0.45591518475468024, 0.460375999788735, 0.4661699073680977, 0.4615041968933402, 0.4626221180945098, 0.46150350990023736, 0.4720228745581589, 0.46780506252949616, 0.4737907813667875, 0.4810786141952652, 0.48134842133686073, 0.484973309909834, 0.49825689729718625, 0.49977150990941704, 0.499892341871888, 0.5061024715697537, 0.5240647407499148, 0.533126377590756, 0.5416955347288688, 0.543962271833692, 0.5603520883950658, 0.570225670186148, 0.5683158993084908, 0.5872407828051869, 0.5959898013799094, 0.5989756943759121, 0.5972397380561791, 0.6178307873348723, 0.6141428184184206, 0.6199908705965462, 0.6379061471775263, 0.646635465328703, 0.6501361176515551, 0.6538201249522761, 0.6556152368175875, 0.6675105641689154, 0.684319288500304, 0.6852157210436758, 0.6896146863585433, 0.6987756650829077, 0.6973061592156058, 0.7076734703086369, 0.7104434316191159, 0.7202907678868116, 0.7258751477070144, 0.7278637903112698, 0.741233522284295, 0.7500937978811286, 0.7375576840879812, 0.7446863143811221, 0.7598851057902214, 0.7630858869363021, 0.774997240228072, 0.7778740586938068, 0.7822244679634092, 0.7829644564352628, 0.7985614963232379, 0.7992190347032456, 0.8059764444033909, 0.8059175928683792, 0.8159396774446329, 0.8223816128206431, 0.8165697824542228, 0.8218194671477304, 0.8318335457663747, 0.8343883912760924, 0.8338271408318226, 0.8445617324704462, 0.8496127893141162, 0.8502838716451182, 0.8511361620805229, 0.8551502876148062, 0.8639393656352687, 0.8702879397796511, 0.8742093216630178, 0.8711612555730418, 0.8656609205399235, 0.8808039084351793, 0.8799489799663235, 0.879931386895561, 0.8850022785228785, 0.8910823429885302, 0.8922199794090085, 0.8921390050063762, 0.8948163443243423, 0.8928896596489181, 0.9044721470482375, 0.8946614831382054, 0.9083452542735629, 0.9109017226419651, 0.9087030758370995, 0.9132980528221485, 0.9080490616561784, 0.9106517087535928, 0.9169898328947435, 0.9184205324663924, 0.9115600013685624], "trainLoss": [], "testStanceAcc": [0.6929577464788732, 0.7061032863849765, 0.7098591549295775, 0.7173708920187793, 0.711737089201878, 0.7107981220657277, 0.704225352112676, 0.7051643192488263, 0.6685446009389672, 0.6873239436619718, 0.6488262910798122, 0.6460093896713615, 0.6384976525821596, 0.6281690140845071, 0.6657276995305165, 0.6197183098591549, 0.6056338028169014, 0.6169014084507042, 0.6131455399061033, 0.6056338028169014, 0.5877934272300469, 0.612206572769953, 0.5887323943661972, 0.5633802816901409], "testStanceF1": [0.3079994131947355, 0.3438454349049759, 0.44554360569985574, 0.4537946513891217, 0.4397956426416285, 0.4279152657924073, 0.42325490327559084, 0.4300210299011352, 0.4379851346904856, 0.43489195496686606, 0.4258244165888941, 0.4207674579258162, 0.43841407180850195, 0.43409821453797487, 0.42998980423407807, 0.4189462677543253, 0.4019131850693989, 0.41108103873021207, 0.4016996955317491, 0.40279162128661805, 0.4043686268017185, 0.4029761570443702, 0.4034582786033501, 0.3733351276722525], "testLoss": [0.9372690916061401, 0.8850524425506592, 0.8489082455635071, 0.8328139185905457, 0.8317063450813293, 0.8465446829795837, 0.8750835061073303, 0.937193751335144, 1.0294345617294312, 1.144322395324707, 1.2587635517120361, 1.3608081340789795, 1.5056402683258057, 1.6649272441864014, 1.7553561925888062, 1.9170379638671875, 2.092411994934082, 2.163937568664551, 2.2973527908325195, 2.389181613922119, 2.5615394115448, 2.550851821899414, 2.6734230518341064, 2.7574663162231445]}