{"epoch": 25, "macroF1Stance": 0.45101111433582325, "accStance": 0.7126760563380282, "loss": 0.8269520401954651, "trainStanceAcc": [0.5844992227403953, 0.661114812347324, 0.6608927381745503, 0.6682211858760826, 0.679324894514768, 0.6806573395514102, 0.6873195647346214, 0.6922051965356429, 0.6902065289806796, 0.6957583833000222, 0.6955363091272485, 0.7001998667554963, 0.7033089051743282, 0.7046413502109705, 0.7037530535198756, 0.7086386853208971, 0.7130801687763713, 0.7113035753941817, 0.7168554297135243, 0.7146346879857872, 0.7146346879857872, 0.7197423939595825, 0.7190761714412613, 0.7206306906506773, 0.7190761714412613, 0.724628025760604, 0.7286253608705308, 0.7248500999333778, 0.7244059515878304, 0.7255163224516988, 0.7270708416611148, 0.7244059515878304, 0.7295136575616256, 0.7255163224516988, 0.7290695092160782, 0.7357317343992894, 0.7379524761270264, 0.7343992893626471, 0.7343992893626471, 0.737508327781479, 0.737508327781479, 0.7372862536087053, 0.7443926271374639, 0.7421718854097269, 0.7457250721741061, 0.7486120364201644, 0.7534976682211859, 0.7543859649122807, 0.7566067066400177, 0.759493670886076, 0.7606040417499444, 0.7697090828336665, 0.7737064179435932, 0.7754830113257828, 0.7805907172995781, 0.7794803464357095, 0.7861425716189208, 0.787475016655563, 0.7908061292471685, 0.7923606484565845, 0.7968021319120586, 0.8043526537863647, 0.8072396180324228, 0.8136797690428603, 0.8081279147235176, 0.8136797690428603, 0.8165667332889185, 0.82145236508994, 0.8270042194092827, 0.8272262935820565, 0.835887186320231, 0.8381079280479681, 0.841883188985121, 0.8414390406395736, 0.8485454141683322, 0.8483233399955585, 0.8500999333777481, 0.8540972684876749, 0.8612036420164335, 0.857872529424828, 0.8616477903619809, 0.869198312236287, 0.8687541638907396, 0.8727514990006662, 0.8709749056184766, 0.8774150566289141, 0.8803020208749722, 0.8807461692205196, 0.8816344659116144, 0.8874083944037309, 0.8867421718854097, 0.8927381745502998, 0.894070619586942, 0.8980679546968687, 0.9007328447701533, 0.8978458805240951, 0.8998445480790584, 0.903175660670664, 0.9087275149900067, 0.9073950699533644, 0.9065067732622696, 0.9116144792360649, 0.9129469242727071, 0.9133910726182545, 0.9184987785920498, 0.91672218520986, 0.9178325560737286, 0.9189429269375972, 0.9222740395292027, 0.9251610037752609, 0.9276038196757717, 0.9276038196757717, 0.9251610037752609, 0.9309349322673773, 0.9322673773040195, 0.9253830779480346, 0.9320453031312458, 0.9355984898956251, 0.9360426382411725, 0.9373750832778148, 0.9413724183877415, 0.9391516766600044, 0.94248278925161, 0.9442593826337997, 0.9444814568065734], "trainStanceF1": [0.21634730791961596, 0.19899732620320856, 0.1995660915141844, 0.26317683490591226, 0.304786313140219, 0.3082810867293626, 0.3177244899353622, 0.32323443403219787, 0.32267428993458, 0.3271450535881775, 0.33056157816565024, 0.3460128921204503, 0.3978612062577722, 0.4120939185957956, 0.41832770778497314, 0.427472788408182, 0.4449228735597326, 0.4372420449565587, 0.442919088838322, 0.4422514955440495, 0.4414525273239028, 0.4454905740090417, 0.44643648973272376, 0.45104910166877926, 0.44687418684879576, 0.4558949333368406, 0.46170529534246013, 0.4549280835635224, 0.4495652539821616, 0.4592837374557053, 0.4584088650035423, 0.4575963373347235, 0.46262557173325614, 0.46060947511802575, 0.4622469363636815, 0.4707839526933607, 0.4766466337990357, 0.4684159589078677, 0.4728066393642724, 0.4759839228381564, 0.47310786612078914, 0.4803084811484411, 0.48166525990725506, 0.48229595877488596, 0.4883795718386327, 0.4921936146546687, 0.49702127823366793, 0.501439591058746, 0.5035536999738892, 0.507846267057004, 0.518360599287923, 0.5301122953720208, 0.5405111134411054, 0.5502689505833537, 0.5662250988146703, 0.5701091835320367, 0.5820067391358119, 0.5922387579558357, 0.5879847297929843, 0.5955637904299074, 0.6183041880173221, 0.6291349391517815, 0.6393065733290627, 0.6480210654765284, 0.6387656211297652, 0.6567528759182504, 0.6649188603273345, 0.6666009855192487, 0.6828963994334185, 0.689213204068379, 0.7001869400886, 0.7066418215605522, 0.7155418864996846, 0.7071915974607148, 0.7291282043000326, 0.7251669579403411, 0.729550888514975, 0.7419656571638927, 0.7553196094962367, 0.7482214212840942, 0.7527595137958011, 0.7652750131046975, 0.7675529076449369, 0.771102201512347, 0.7701874445120659, 0.7851515269020479, 0.7846693230105438, 0.7905432223273832, 0.7919687896524232, 0.798094060777191, 0.7952118899670839, 0.8090614483045506, 0.8097349013871006, 0.8209236390545617, 0.8230948213471845, 0.8148638912476464, 0.8252925389242765, 0.8280761582049585, 0.8334197570961162, 0.8370250602736442, 0.8344454991299455, 0.8419543709998563, 0.8481527288438517, 0.8458980242327951, 0.8563357468065355, 0.8555641917396714, 0.8563737504037882, 0.8581197263079381, 0.8653839696973189, 0.8682371789300622, 0.872840598011788, 0.8725088872600273, 0.8692753475413255, 0.8782166037421986, 0.8814819447523468, 0.8758417365811196, 0.881645227570033, 0.8906960568790496, 0.8894056099430169, 0.8899059427728275, 0.8968415608069551, 0.8941402395627841, 0.9013164051293979, 0.9030245687353246, 0.9052021552934437], "trainLoss": [], "testStanceAcc": [0.6901408450704225, 0.6957746478873239, 0.707981220657277, 0.7136150234741784, 0.7126760563380282, 0.7183098591549296, 0.7126760563380282, 0.7145539906103286, 0.7107981220657277, 0.6985915492957746, 0.676056338028169, 0.6638497652582159, 0.6704225352112676, 0.6647887323943662, 0.6713615023474179, 0.6328638497652582, 0.676056338028169, 0.6300469483568075, 0.6422535211267606, 0.6328638497652582, 0.6178403755868545, 0.6300469483568075, 0.6178403755868545, 0.6150234741784038, 0.6084507042253521], "testStanceF1": [0.3113654634690709, 0.3285025403571512, 0.40532121769802926, 0.43839439560380006, 0.45101111433582325, 0.4362113886120536, 0.4340900388213956, 0.4415606778168027, 0.4405188793074482, 0.4297735237652701, 0.43500440356492165, 0.4281824115620411, 0.4450784123092748, 0.4344511255320922, 0.4404031015560215, 0.44363922985145754, 0.43416941449323054, 0.40481752708297647, 0.4252955186814436, 0.4100442014555662, 0.4106520017625148, 0.4157760310922357, 0.412690221937007, 0.413549906579901, 0.407556933699019], "testLoss": [0.9509907364845276, 0.9190730452537537, 0.8468283414840698, 0.8265819549560547, 0.8269520401954651, 0.8292096853256226, 0.8304311037063599, 0.842416524887085, 0.8778133988380432, 0.9554874897003174, 1.0220202207565308, 1.1107178926467896, 1.199945092201233, 1.2743061780929565, 1.369329810142517, 1.4893773794174194, 1.5394115447998047, 1.6274021863937378, 1.7072705030441284, 1.7698014974594116, 1.882265329360962, 1.9151129722595215, 2.004282236099243, 2.0636281967163086, 2.1428639888763428]}