{"epoch": 35, "macroF1Stance": 0.4499493515101279, "accStance": 0.6985915492957746, "loss": 0.9109000563621521, "trainStanceAcc": [0.6522318454363758, 0.6613368865200977, 0.6668887408394404, 0.6826560071063735, 0.6924272707084166, 0.6973129025094381, 0.6942038640906063, 0.6995336442371752, 0.6999777925827226, 0.6993115700644015, 0.6993115700644015, 0.7039751276926494, 0.703530979347102, 0.7084166111481235, 0.709526982011992, 0.7099711303575394, 0.7139684654674662, 0.7139684654674662, 0.7121918720852765, 0.7217410615145459, 0.7235176548967355, 0.7232955807239618, 0.7221852098600933, 0.7237397290695092, 0.7217410615145459, 0.72618254497002, 0.7279591383522096, 0.728403286697757, 0.7308461025982678, 0.7341772151898734, 0.7363979569176105, 0.7372862536087053, 0.7410615145458583, 0.7403952920275372, 0.7461692205196535, 0.7490561847657118, 0.7486120364201644, 0.75194314901177, 0.7608261159227182, 0.7583833000222074, 0.7668221185876083, 0.765489673550966, 0.773040195425272, 0.7770375305351988, 0.7774816788807462, 0.7803686431268043, 0.7870308683100156, 0.7943593160115479, 0.7903619809016211, 0.7932489451476793, 0.8012436153675327, 0.802576060404175, 0.806351321341328, 0.8099045081057074, 0.8174550299800133, 0.8159005107705973, 0.8232289584721297, 0.8223406617810348, 0.8303353320008883, 0.8312236286919831, 0.8323339995558516, 0.8405507439484788, 0.8383300022207417, 0.8385520763935155, 0.8492116366866533, 0.8465467466133688, 0.8532089717965801, 0.8523206751054853, 0.8649789029535865, 0.8640906062624917, 0.869864534754608, 0.8736397956917611, 0.8743060182100821, 0.8791916500111037, 0.8823006884299356, 0.8831889851210304, 0.8838552076393515, 0.8878525427492783, 0.8896291361314679, 0.8938485454141684, 0.8958472129691317, 0.9007328447701533, 0.9045081057073062, 0.9018432156340218, 0.9078392182989118, 0.9076171441261381, 0.9113924050632911, 0.9151676660004442, 0.918276704419276, 0.91672218520986, 0.9249389296024872, 0.923606484565845, 0.9264934488119032, 0.9249389296024872, 0.9267155229846769, 0.9287141905396402, 0.9316011547856984, 0.9318232289584721, 0.9333777481678881, 0.9364867865867199, 0.9391516766600044, 0.9340439706862091, 0.9409282700421941, 0.9389296024872308, 0.9455918276704419, 0.9427048634243838, 0.9422607150788364, 0.9449256051521208, 0.9455918276704419, 0.9489229402620475, 0.9433710859427049, 0.9509216078170108, 0.9504774594714634, 0.9498112369531424, 0.950033311125916, 0.9569176104819009, 0.9540306462358428, 0.9551410170997113, 0.9540306462358428, 0.9571396846546747, 0.9564734621363535, 0.962913613146791, 0.9613590939373751, 0.9622473906284699, 0.9609149455918277, 0.962913613146791, 0.9646902065289806, 0.9640239840106596, 0.96824339329336, 0.9649122807017544, 0.9640239840106596, 0.9662447257383966, 0.9677992449478126, 0.9697979125027759, 0.9662447257383966], "trainStanceF1": [0.198806622002046, 0.20734338490360585, 0.27109187948922586, 0.304416134186121, 0.32348100164296545, 0.32647070648051607, 0.32884741981946897, 0.33154184798628256, 0.3338512578650741, 0.3354331973870145, 0.3553622215078117, 0.38448895541298, 0.40004763105279045, 0.413077363190217, 0.4181195181470316, 0.4236959839640812, 0.4363946847916149, 0.4356160824503771, 0.4277561584156765, 0.4431084768399359, 0.4501260353045252, 0.4505704496691743, 0.45164887929871605, 0.4555441827192863, 0.45173610364485134, 0.4598917815729425, 0.4611776450213622, 0.46410293142733205, 0.4717001500083714, 0.4737291999566231, 0.4780559412979227, 0.4831172411863178, 0.48951969946160506, 0.4908870277474635, 0.50358204571659, 0.5036045302653556, 0.5167885878703483, 0.5256848548520615, 0.5509567754855158, 0.5443755967595834, 0.5619133887943647, 0.5639335788702236, 0.583223720215513, 0.5926661683430015, 0.5905108857490922, 0.5993705594962959, 0.6074825100941909, 0.6295768392968859, 0.6227732300302513, 0.6257408157333291, 0.6369410676703587, 0.6423130452806707, 0.6519377955048841, 0.6587091448510612, 0.6713881534431732, 0.6779391099117865, 0.6761347989240352, 0.6816763505630951, 0.6926595211173119, 0.7027259087939347, 0.6998380909272537, 0.7108681279849843, 0.7159838205995356, 0.707183317369711, 0.7310449073140513, 0.7318568514489366, 0.7417667196901303, 0.739175634974211, 0.762390755968224, 0.7605512822574853, 0.7686114873098749, 0.7823690446926331, 0.7772027633830991, 0.7907978574667595, 0.7941839343578116, 0.7985654350447182, 0.7973399820972518, 0.8068865064183046, 0.8094189840880371, 0.815710612809283, 0.8244707935846057, 0.8287181800932913, 0.8358700526484774, 0.8327618667521237, 0.8398438507051633, 0.8424643356013064, 0.8495159290683395, 0.8525130288166312, 0.8621047974202601, 0.8591904083225472, 0.870524440879103, 0.8669232531066984, 0.87257946182789, 0.8712394263240664, 0.8778689435574183, 0.8770714992238924, 0.88000771397499, 0.8869086667710772, 0.8872447368749559, 0.8939619650149971, 0.8974471004950344, 0.8909068609141801, 0.9021550144360759, 0.8982287816315888, 0.9094660127481715, 0.9030335787031207, 0.906066024768817, 0.9074778429917599, 0.906212081422314, 0.9143936050325671, 0.9057113728461843, 0.9167017177570774, 0.917849169307703, 0.9202860502320153, 0.9192044265002548, 0.9295121586966746, 0.923685711448422, 0.9254664472958911, 0.9252343079313728, 0.9294056568798549, 0.9302687373722753, 0.9405818888814377, 0.9396809426508816, 0.9418772751671736, 0.939733463199892, 0.940766801487367, 0.9425913757095603, 0.9438529958048246, 0.9522723084301513, 0.9441162605738693, 0.9414928686195788, 0.9469119180180285, 0.9509938129950741, 0.9542284971698421, 0.9485305482643449], "trainLoss": [], "testStanceAcc": [0.6957746478873239, 0.7032863849765258, 0.7107981220657277, 0.7126760563380282, 0.7183098591549296, 0.704225352112676, 0.6985915492957746, 0.6976525821596244, 0.6713615023474179, 0.6741784037558686, 0.647887323943662, 0.6469483568075117, 0.6253521126760564, 0.6544600938967137, 0.6300469483568075, 0.6638497652582159, 0.6178403755868545, 0.5661971830985916, 0.6234741784037559, 0.5727699530516432, 0.6178403755868545, 0.5877934272300469, 0.5924882629107981, 0.612206572769953, 0.5859154929577465, 0.5727699530516432, 0.5859154929577465], "testStanceF1": [0.3178611493088225, 0.34156818780847986, 0.4337455540130936, 0.44933445088589324, 0.4403195460145165, 0.44490479377408243, 0.4499493515101279, 0.43943958418823664, 0.4352587679673933, 0.42990644509355763, 0.42231434153368086, 0.43096910817811585, 0.44114233638677425, 0.43265440919335596, 0.44360616566669986, 0.43627279331864177, 0.4352353695158654, 0.4083335985041528, 0.43525990345944676, 0.4119278247064564, 0.42896632728465545, 0.41367721525488144, 0.4117184003762241, 0.4237102387752013, 0.40876411170528815, 0.4040355103704744, 0.40927135439770823], "testLoss": [0.9325000643730164, 0.8858889937400818, 0.8390828967094421, 0.845154881477356, 0.8516249060630798, 0.868023157119751, 0.9109000563621521, 1.0011253356933594, 1.0720446109771729, 1.2168967723846436, 1.3002804517745972, 1.4287742376327515, 1.5946050882339478, 1.696172833442688, 1.881883978843689, 1.9481991529464722, 2.144838809967041, 2.354316473007202, 2.3442039489746094, 2.5056910514831543, 2.595914125442505, 2.732978343963623, 2.745453357696533, 2.8139090538024902, 2.9929261207580566, 3.0611462593078613, 2.9906983375549316]}