{"epoch": 60, "macroF1Stance": 0.4470184999921327, "accStance": 0.6685446009389672, "loss": 1.3966680765151978, "trainStanceAcc": [0.6580057739284921, 0.6622251832111925, 0.6735509660226515, 0.6813235620697313, 0.6817677104152787, 0.6915389740173218, 0.69442593826338, 0.6933155673995114, 0.6986453475460804, 0.7010881634465912, 0.7050854985565179, 0.7048634243837442, 0.7015323117921386, 0.7061958694203864, 0.7079724628025761, 0.7115256495669554, 0.7124139462580502, 0.7099711303575394, 0.713302242949145, 0.7250721741061514, 0.7164112813679769, 0.7210748389962247, 0.7215189873417721, 0.7208527648234511, 0.7232955807239618, 0.7275149900066622, 0.72618254497002, 0.728403286697757, 0.7326226959804575, 0.7272929158338886, 0.7366200310903842, 0.7386186986453476, 0.7366200310903842, 0.7357317343992894, 0.7357317343992894, 0.7423939595825005, 0.7450588496557851, 0.7532755940484122, 0.7499444814568066, 0.7543859649122807, 0.754163890739507, 0.7574950033311126, 0.7683766377970243, 0.7677104152787031, 0.7694870086608927, 0.7741505662891406, 0.7750388629802354, 0.7779258272262936, 0.784365978236731, 0.7879191650011104, 0.7919165001110371, 0.7925827226293582, 0.796580057739285, 0.8003553186764379, 0.797246280257606, 0.8052409504774595, 0.8152342882522763, 0.8152342882522763, 0.8152342882522763, 0.8159005107705973, 0.8241172551632245, 0.8287808127914723, 0.8261159227181879, 0.8245614035087719, 0.8345547412835888, 0.8316677770375306, 0.8367754830113258, 0.8389962247390629, 0.841883188985121, 0.8463246724405952, 0.8465467466133688, 0.857872529424828, 0.856984232733733, 0.8594270486342438, 0.8625360870530757, 0.8596491228070176, 0.8689762380635132, 0.869198312236287, 0.8780812791472352, 0.8798578725294248, 0.8796357983566511, 0.8831889851210304, 0.8838552076393515, 0.8847435043304464, 0.8905174328225627, 0.892516100377526, 0.8949589162780368, 0.8985121030424161, 0.8960692871419054, 0.8976238063513213, 0.8989562513879635, 0.9038418831889852, 0.908505440817233, 0.9049522540528536, 0.9127248500999334, 0.9133910726182545, 0.9162780368643126, 0.9125027759271597, 0.9180546302465024, 0.919831223628692, 0.9213857428381079, 0.9222740395292027, 0.9222740395292027, 0.9251610037752609, 0.9233844103930713, 0.9276038196757717, 0.9282700421940928, 0.9309349322673773, 0.9342660448589829, 0.9313790806129247, 0.9358205640683989, 0.9369309349322674, 0.9344881190317567, 0.9413724183877415, 0.9411503442149678, 0.940262047523873, 0.9453697534976683, 0.9347101932045303, 0.9464801243615367, 0.9460359760159893, 0.9422607150788364, 0.9458139018432157, 0.9484787919165001, 0.947812569398179, 0.9491450144348212, 0.9427048634243838, 0.9484787919165001, 0.9518099045081057, 0.9535864978902954, 0.9551410170997113, 0.9535864978902954, 0.9562513879635799, 0.9573617588274483, 0.9589162780368643, 0.9562513879635799, 0.9580279813457695, 0.9593604263824117, 0.9578059071729957, 0.9571396846546747, 0.9609149455918277, 0.9604707972462803, 0.9624694648012436, 0.9598045747279591, 0.9618032422829225, 0.964468132356207, 0.9651343548745281, 0.9622473906284699, 0.9642460581834332, 0.9640239840106596, 0.9673550966022652, 0.9646902065289806, 0.9640239840106596, 0.9658005773928492, 0.9651343548745281, 0.9658005773928492, 0.9664667999111703, 0.9653564290473018, 0.9673550966022652, 0.9664667999111703, 0.9704641350210971], "trainStanceF1": [0.1984860664523044, 0.21145653200885875, 0.280143403851362, 0.3072009071091457, 0.310238546005301, 0.32392284905536173, 0.32715461159266246, 0.3258967669568029, 0.3320208300122217, 0.3329554195965309, 0.34851575254722456, 0.3647715448705243, 0.3969450548131402, 0.4045660846313677, 0.4141008415401051, 0.4160224815673518, 0.4281488959102272, 0.4193545644553335, 0.42340567729941714, 0.4506458962835662, 0.434957525666235, 0.44080928138214337, 0.44821992200607097, 0.4411236726308529, 0.4533597556300859, 0.4522413869326639, 0.4565680777961917, 0.45972556163747114, 0.46486738676929684, 0.4614272049495614, 0.47594950462691876, 0.4782109741776593, 0.4787199857917653, 0.47441420337957396, 0.4782151929253413, 0.4913214000012949, 0.49416136975365965, 0.5153447398476583, 0.5074484607398786, 0.5277028118372605, 0.528291711196199, 0.5378106294609118, 0.5681173124834507, 0.5688826605275421, 0.5795584003161014, 0.5858796056703799, 0.5905368157399988, 0.5889299865648261, 0.6055901746148826, 0.6140256899597089, 0.619026097386528, 0.6268519830034414, 0.6277333627237606, 0.6406547695327893, 0.6302697440714435, 0.6466935108577123, 0.6614401043594672, 0.661598289111339, 0.664754104169492, 0.6709416617996656, 0.6835019939730164, 0.6948408691198789, 0.6903865116247399, 0.6858514965607991, 0.7057784277716881, 0.6965621611519549, 0.703826510976138, 0.7154844213145908, 0.7142452684807938, 0.7189341239562664, 0.7208773534036514, 0.7414878421296416, 0.744292727785485, 0.7517611092506311, 0.759296044411277, 0.7499398186280596, 0.7681282388689612, 0.7707111085886431, 0.7821710414563162, 0.7852185453162428, 0.7884104370513243, 0.7891422606440316, 0.7959341045793088, 0.7959208792921055, 0.8059945625648834, 0.8124017159796428, 0.8170560009856271, 0.819557807555812, 0.8189885882484385, 0.8236680685693187, 0.8249361271482029, 0.8309555604664481, 0.8416300959717582, 0.8328474198882252, 0.8488828672967474, 0.8516812812710836, 0.8584244041164133, 0.8484747736299241, 0.8561872043497408, 0.862289167591877, 0.8663243537800254, 0.8665187075652017, 0.8655854666501052, 0.8733691652741037, 0.8714668238399883, 0.8793572398664425, 0.8818563502260822, 0.8857525298274601, 0.8886397160109738, 0.8873837145305419, 0.8917782795634922, 0.8897348515398085, 0.8915844531613902, 0.903264707820032, 0.8994962546621217, 0.8984117327148493, 0.9075003181568724, 0.8919854275311878, 0.9102387855890064, 0.912383672856214, 0.9039072021793593, 0.9089667985510841, 0.9153184552195756, 0.9139780867403275, 0.9184555149194314, 0.9047991505495363, 0.9174973527347952, 0.9218138346412534, 0.9254363204240654, 0.926866917203127, 0.9236632584504136, 0.929502372448327, 0.9340193811372199, 0.9339474550075523, 0.9326966292301724, 0.9331569029000977, 0.9377205196727575, 0.9319395128839917, 0.929947685715403, 0.9377734243079209, 0.9368391054469788, 0.9418732789482914, 0.9372440053964943, 0.9394971887311674, 0.9454083703185532, 0.9452854528719031, 0.9430683450201091, 0.9484832642397838, 0.9444472984747341, 0.9494477552865628, 0.9457547413393571, 0.9451886377743546, 0.9467557982391412, 0.9462426592446057, 0.9463684899861604, 0.9470381638590495, 0.9458371778803626, 0.9506909739053315, 0.9500828958673464, 0.9555809112980028], "trainLoss": [], "testStanceAcc": [0.6816901408450704, 0.6985915492957746, 0.7014084507042253, 0.707981220657277, 0.707981220657277, 0.7014084507042253, 0.6976525821596244, 0.6995305164319249, 0.6882629107981221, 0.6826291079812207, 0.6281690140845071, 0.6685446009389672, 0.6591549295774648, 0.6375586854460094, 0.6422535211267606, 0.6356807511737089, 0.6384976525821596, 0.5981220657276995, 0.6253521126760564, 0.612206572769953, 0.5896713615023474, 0.6338028169014085, 0.5690140845070423, 0.5699530516431925, 0.6, 0.5737089201877934, 0.596244131455399, 0.5474178403755868, 0.5868544600938967, 0.5596244131455399, 0.5755868544600939, 0.5821596244131455], "testStanceF1": [0.3115688555154542, 0.3225573424918799, 0.39504271260019197, 0.43319413300401893, 0.4330417098567278, 0.4294500099746631, 0.42911668025949934, 0.4175217312716921, 0.42613896114558325, 0.42813540137105405, 0.427389811064996, 0.4470184999921327, 0.4305231805231805, 0.42277128912461437, 0.4349261694958775, 0.4282094030965299, 0.4350079411919939, 0.42651072951584457, 0.42852220598384283, 0.4220297473907468, 0.40347622464643884, 0.404404337668657, 0.4031148986817028, 0.39359031844643866, 0.39884858818630886, 0.39946465904991163, 0.3840047727023339, 0.3881289453908937, 0.387677032131636, 0.3944212583559841, 0.39001957607966586, 0.3808055835119013],