{"epoch": 45, "macroF1Stance": 0.46381631022050646, "accStance": 0.7145539906103286, "loss": 0.8529059290885925, "trainStanceAcc": [0.661114812347324, 0.661114812347324, 0.661114812347324, 0.661114812347324, 0.661114812347324, 0.661114812347324, 0.6682211858760826, 0.679324894514768, 0.6826560071063735, 0.6835443037974683, 0.691316899844548, 0.69442593826338, 0.7001998667554963, 0.6997557184099489, 0.7053075727292916, 0.7081945369753497, 0.7075283144570287, 0.7081945369753497, 0.7064179435931601, 0.7053075727292916, 0.709526982011992, 0.7086386853208971, 0.711747723739729, 0.7079724628025761, 0.7128580946035976, 0.7119697979125028, 0.7124139462580502, 0.7228514323784144, 0.7135243171219188, 0.722407284032867, 0.7179658005773929, 0.717077503886298, 0.7239618032422829, 0.7212969131689985, 0.7237397290695092, 0.727737064179436, 0.724628025760604, 0.72618254497002, 0.729957805907173, 0.7272929158338886, 0.7297357317343993, 0.7301798800799467, 0.7308461025982678, 0.7341772151898734, 0.7403952920275372, 0.7392849211636686, 0.7341772151898734, 0.7388407728181212, 0.7426160337552743, 0.7441705529646903, 0.7432822562735953, 0.7490561847657118, 0.750388629802354, 0.7490561847657118, 0.7481678880746169, 0.7581612258494337, 0.7486120364201644, 0.75194314901177, 0.7597157450588496, 0.7552742616033755, 0.7614923384410394, 0.7670441927603819, 0.7648234510326449, 0.7621585609593604, 0.7674883411059293, 0.7714856762158561, 0.7741505662891406, 0.7721518987341772, 0.7765933821896513, 0.7810348656451255, 0.7817010881634466, 0.784365978236731, 0.782145236508994, 0.7881412391738841, 0.7865867199644682, 0.7908061292471685, 0.7850322007550522, 0.7976904286031534, 0.7976904286031534, 0.7999111703308905, 0.7992449478125694, 0.8045747279591383, 0.8052409504774595, 0.808572063069065, 0.8090162114146124, 0.807905840550744, 0.8130135465245392, 0.8174550299800133, 0.819231623362203, 0.8196757717077504, 0.826782145236509, 0.8270042194092827, 0.8312236286919831, 0.834332667110815, 0.8338885187652676, 0.8365534088385521, 0.8361092604930047, 0.8432156340217632, 0.8401065956029313, 0.8507661558960693, 0.8481012658227848, 0.8505440817232955, 0.8554297135243171, 0.8607594936708861, 0.8532089717965801, 0.8598711969797912, 0.8627581612258495, 0.8609815678436598, 0.8652009771263602, 0.8700866089273818, 0.8731956473462137, 0.8769709082833667, 0.8723073506551188, 0.8776371308016878, 0.881190317566067, 0.8807461692205196, 0.8851876526759938, 0.8845214301576727, 0.8874083944037309, 0.8869642460581835, 0.8891849877859205, 0.8927381745502998, 0.8936264712413946, 0.895625138796358, 0.8980679546968687, 0.8974017321785477, 0.9000666222518321, 0.9038418831889852, 0.9058405507439484, 0.9020652898067955, 0.905396402398401, 0.9038418831889852, 0.9109482567177437, 0.908505440817233, 0.9131689984454808, 0.9142793693093493, 0.9127248500999334, 0.9165001110370864, 0.9169442593826338, 0.9162780368643126, 0.9184987785920498, 0.9218298911836553, 0.9196091494559183, 0.9262713746391295, 0.9260493004663558], "trainStanceF1": [0.19899732620320856, 0.19899732620320856, 0.19899732620320856, 0.19899732620320856, 0.19899732620320856, 0.19899732620320856, 0.22436316844642284, 0.2815004338203471, 0.30802824696906905, 0.31147517043530043, 0.32241304434705, 0.3272980129442298, 0.3346996467242342, 0.3359106366364448, 0.349272943404817, 0.3886768843526495, 0.40306951903045773, 0.4155449219187269, 0.4171111318862785, 0.4175511685894659, 0.42530806790909637, 0.42002609149633535, 0.42903741065369105, 0.43108185876624056, 0.4322207878190748, 0.43751670541177146, 0.42921771464851083, 0.4502949321215296, 0.43873648397415543, 0.4492415160681866, 0.4417732212959586, 0.44480982370499456, 0.4549425464393384, 0.44789199930671364, 0.45866982301803133, 0.4548520882339261, 0.4578343784038488, 0.459483888326937, 0.4662231487625995, 0.46049920674513173, 0.46419875590522797, 0.4694344327725155, 0.4689167426902501, 0.47056655581251206, 0.48471549196091473, 0.4808562990368319, 0.4715969229328065, 0.48200647129745827, 0.4861866749082422, 0.486908439005031, 0.48780229216060156, 0.4921407050198786, 0.49707140279063833, 0.4928470633401297, 0.4905328192257068, 0.5071436949188186, 0.4885893432590425, 0.4988976125917362, 0.5082794431503931, 0.5034661166523147, 0.5090755064096382, 0.5167531783735361, 0.5179200390228499, 0.5131266011432227, 0.5179757698519967, 0.528490505152367, 0.5245923544637263, 0.5244436327929861, 0.5292750465032637, 0.5337327959972624, 0.5398966773568041, 0.5407480506822613, 0.5364310497065776, 0.5550913355299719, 0.5500654944212453, 0.5625745778554406, 0.5569375256679081, 0.5763031006730505, 0.5778421493111837, 0.593018459072638, 0.5904283553341856, 0.6074412267036989, 0.6133804975417794, 0.6190605756990211, 0.627236051339654, 0.6250575774478953, 0.6348816146243009, 0.6534318255667921, 0.6475144678316151, 0.64830747361398, 0.671524549670793, 0.6745617387133561, 0.6794484418948099, 0.6937782451110244, 0.6906125530766101, 0.6936640850607381, 0.702734141174001, 0.7067569187950727, 0.7118430380377321, 0.7220946441249662, 0.7251733145249089, 0.7288801992824748, 0.7391252017795835, 0.7441380892110572, 0.7361645154047249, 0.7454384703600546, 0.7535270043611787, 0.7457104850006666, 0.7602120764482296, 0.7649677168511472, 0.772556712554875, 0.7820535098590105, 0.7725606339520705, 0.781272619640001, 0.7915416251919033, 0.7879583458492704, 0.7983790164804818, 0.7916500615311163, 0.8026358593807397, 0.7985825876821592, 0.8057229602226079, 0.8105423778517059, 0.8108823146572393, 0.8188700846715946, 0.81974672680153, 0.8175020894172907, 0.8207899847613667, 0.8319109951126411, 0.8353578822927703, 0.8288040884835831, 0.8343115664596936, 0.8298567002202282, 0.8407762006050734, 0.8355615140954615, 0.8474985000965426, 0.8478923381492334, 0.8458801344516016, 0.8535236526988517, 0.8521895752635061, 0.8523538395458545, 0.8575038953791452, 0.8604130636102236, 0.8587049261737683, 0.8681159677791586, 0.8693566515328497], "trainLoss": [], "testStanceAcc": [0.6647887323943662, 0.6910798122065728, 0.7032863849765258, 0.704225352112676, 0.704225352112676, 0.7089201877934272, 0.707981220657277, 0.707981220657277, 0.7145539906103286, 0.7004694835680751, 0.6957746478873239, 0.6713615023474179, 0.672300469483568, 0.6657276995305165, 0.6553990610328638, 0.6281690140845071, 0.6488262910798122, 0.6291079812206573, 0.6422535211267606, 0.6112676056338028, 0.6206572769953052, 0.6394366197183099, 0.6187793427230047, 0.6234741784037559, 0.6291079812206573, 0.6281690140845071, 0.612206572769953, 0.6215962441314554, 0.612206572769953], "testStanceF1": [0.1996615905245347, 0.3124493106244931, 0.3471546984797937, 0.3861934893772952, 0.38813855960528754, 0.40614129826378836, 0.42501154680110775, 0.4320553480731108, 0.46381631022050646, 0.41843326123040653, 0.4432211694952714, 0.4167834068604116, 0.4246473436249387, 0.4075727060292862, 0.4037150531532554, 0.41574786789433243, 0.39969393100728434, 0.4172787712793754, 0.4312252685549076, 0.3959490516916922, 0.42089204297084853, 0.41048965534551607, 0.4015761508498325, 0.41152387478872565, 0.39591733607064983, 0.41456828876417495, 0.39101552851433263, 0.40360851995259583, 0.4028779921170749], "testLoss": [1.003836989402771, 0.9417286515235901, 0.8793724179267883, 0.8476605415344238, 0.8415544033050537, 0.8342268466949463, 0.8385310769081116, 0.8441487550735474, 0.8529059290885925, 0.8789057731628418, 0.9082929491996765, 0.9547271728515625, 0.9983991384506226, 1.0503933429718018, 1.0989989042282104, 1.1846665143966675, 1.2010761499404907, 1.296432614326477, 1.340624451637268, 1.4522614479064941, 1.4937922954559326, 1.5426067113876343, 1.602506399154663, 1.676630973815918, 1.7145357131958008, 1.7799617052078247, 1.8501062393188477, 1.891118049621582, 1.9619961977005005]}