{"epoch": 15, "macroF1Stance": 0.45651716539733833, "accStance": 0.7126760563380282, "loss": 0.8564844131469727, "trainStanceAcc": [0.6175882744836776, 0.6637797024206085, 0.6753275594048412, 0.6850988230068843, 0.692871419053964, 0.6950921607817011, 0.6968687541638907, 0.7015323117921386, 0.7008660892738174, 0.7064179435931601, 0.7064179435931601, 0.7050854985565179, 0.7081945369753497, 0.7079724628025761, 0.7121918720852765, 0.7097490561847657, 0.7106373528758605, 0.7190761714412613, 0.7139684654674662, 0.714856762158561, 0.7201865423051299, 0.7197423939595825, 0.7204086164779037, 0.7239618032422829, 0.7228514323784144, 0.724628025760604, 0.7259604707972462, 0.7244059515878304, 0.7248500999333778, 0.7290695092160782, 0.729957805907173, 0.7317343992893627, 0.7363979569176105, 0.7350655118809682, 0.7415056628914057, 0.7406173662003109, 0.7452809238285587, 0.7448367754830113, 0.7419498112369531, 0.7479458139018432, 0.7532755940484122, 0.7550521874306019, 0.7623806351321342, 0.7626027093049078, 0.7672662669331557, 0.7728181212524984, 0.776149233844104, 0.7774816788807462, 0.7854763491005996, 0.7863646457916944, 0.7865867199644682, 0.7959138352209638, 0.797246280257606, 0.7974683544303798, 0.8010215411947591, 0.8081279147235176, 0.8076837663779702, 0.8145680657339551, 0.8172329558072396, 0.8185654008438819, 0.8196757717077504, 0.8263379968909615, 0.8278925161003775, 0.832778147901399, 0.8307794803464357, 0.835887186320231, 0.8363313346657784, 0.843437708194537, 0.8461025982678214, 0.844992227403953, 0.8500999333777481, 0.8549855651787697, 0.8536531201421275, 0.8647568287808128, 0.8634243837441705, 0.8652009771263602, 0.8736397956917611, 0.8707528314457028, 0.8743060182100821, 0.8803020208749722, 0.8834110592938041, 0.881190317566067, 0.8867421718854097, 0.8867421718854097, 0.890295358649789, 0.8929602487230736, 0.8996224739062847, 0.8998445480790584, 0.8985121030424161, 0.901621141461248, 0.9065067732622696, 0.9096158116811015, 0.906950921607817, 0.91672218520986, 0.9120586275816123, 0.9129469242727071, 0.9140572951365756, 0.923606484565845, 0.918276704419276, 0.9247168554297135, 0.9222740395292027, 0.9238285587386187, 0.9240506329113924, 0.928936264712414, 0.9318232289584721, 0.9307128580946036, 0.9307128580946036, 0.9340439706862091, 0.9362647124139463, 0.9391516766600044, 0.9342660448589829, 0.9378192316233622, 0.9384854541416833, 0.9420386409060626, 0.9413724183877415], "trainStanceF1": [0.20509634873300098, 0.21186831260844421, 0.2954615904984544, 0.31043517317097513, 0.32275395053728423, 0.3288414458267878, 0.32871563686531763, 0.33209502615143893, 0.34334441870436416, 0.36421087844245026, 0.38727584118334857, 0.40218122226947617, 0.4165204648845462, 0.4119923059002992, 0.41749933072535683, 0.4296209381058046, 0.42574585286502575, 0.4387153886873068, 0.43397714821561073, 0.4316662008733291, 0.4369486981342516, 0.4381713215220341, 0.4421372809879046, 0.44811227752268346, 0.4404045730165133, 0.4518126487646008, 0.4499518915441516, 0.4533477154812436, 0.45100144318541185, 0.4579820502073124, 0.46019806258859497, 0.4626332546401086, 0.47598302632243705, 0.4757478607122619, 0.4824644051706618, 0.4833826897132476, 0.49514020876553966, 0.4994220660001023, 0.506946926962869, 0.511100792249422, 0.5225298951770558, 0.5269519765790166, 0.5468894197816414, 0.5539345737578356, 0.5621086028949107, 0.5772120228530582, 0.5841097366719407, 0.591365586921577, 0.6075220228752642, 0.6029676661074974, 0.6094313796741245, 0.6220169670156295, 0.6273101442068679, 0.628330545984493, 0.6302049980800306, 0.651186566961305, 0.6488405382911322, 0.6635574771667452, 0.6699764597601424, 0.6780483088316004, 0.6721386442654219, 0.6819321307657371, 0.6893682675178873, 0.6966589325462962, 0.6995442595299771, 0.7053461411803138, 0.7054904901981082, 0.7172938153600789, 0.7201525000273897, 0.7232073953610577, 0.7334761717783108, 0.7373717227747227, 0.736508920050579, 0.7524189612875194, 0.7569291501787611, 0.7603151922759759, 0.7747381115376097, 0.7697890915824939, 0.7743182393424028, 0.785586741779287, 0.789710569174073, 0.7940355073780406, 0.8005412609511514, 0.8036787515825866, 0.8079268820720735, 0.816475013853223, 0.8202900249574199, 0.8227918912682862, 0.8237685023661027, 0.827609262349936, 0.8355765397131326, 0.8402074926283238, 0.8381322460785106, 0.8552235787582855, 0.8453795235743374, 0.8464690589864226, 0.851442275290631, 0.8640032124795389, 0.8540303586537958, 0.8684212077388763, 0.8677470746407678, 0.8705275114780642, 0.8708479880651088, 0.8778392115168063, 0.8823528562265498, 0.8790143338204757, 0.8830494970002276, 0.8874696037695189, 0.8904378619447814, 0.8952671474369938, 0.8884634239675195, 0.8970458042472111, 0.8955780644198442, 0.903571338964831, 0.8990086839040234], "trainLoss": [], "testStanceAcc": [0.6826291079812207, 0.7014084507042253, 0.7126760563380282, 0.711737089201878, 0.7136150234741784, 0.7164319248826291, 0.7070422535211267, 0.6967136150234742, 0.6751173708920187, 0.6741784037558686, 0.6328638497652582, 0.6197183098591549, 0.6262910798122066, 0.6169014084507042, 0.6169014084507042, 0.631924882629108, 0.6356807511737089, 0.6300469483568075, 0.6187793427230047, 0.5765258215962441, 0.5727699530516432, 0.5981220657276995, 0.612206572769953], "testStanceF1": [0.3223205249069085, 0.3639288427397148, 0.45651716539733833, 0.41584338112691765, 0.4422001121769119, 0.4412989407451393, 0.4476266914539313, 0.44354955721632155, 0.4488319995781429, 0.4366261599830862, 0.4345476453949896, 0.4180601572791505, 0.43669727676526426, 0.4255422818146765, 0.4351587832326159, 0.43721705706720826, 0.4219998810975886, 0.4274461580541057, 0.43473887959021085, 0.41279268931973995, 0.41775301819728494, 0.42340557007025004, 0.43847512275609785], "testLoss": [0.9536559581756592, 0.8802374601364136, 0.8564844131469727, 0.840705931186676, 0.8442200422286987, 0.8613506555557251, 0.9024152159690857, 0.9596338272094727, 1.0269695520401, 1.1505012512207031, 1.2472025156021118, 1.3478437662124634, 1.4661959409713745, 1.5471601486206055, 1.7183343172073364, 1.8138829469680786, 1.8971564769744873, 1.9923053979873657, 2.1092689037323, 2.239666700363159, 2.278207778930664, 2.321397066116333, 2.3530843257904053]}