{"epoch": 35, "macroF1Stance": 0.4591207462029786, "accStance": 0.7107981220657277, "loss": 0.8435956239700317, "trainStanceAcc": [0.487896957583833, 0.661114812347324, 0.661114812347324, 0.661114812347324, 0.661114812347324, 0.661114812347324, 0.6682211858760826, 0.6782145236508994, 0.6837663779702421, 0.690650677326227, 0.6962025316455697, 0.6922051965356429, 0.6979791250277593, 0.6975349766822119, 0.7001998667554963, 0.7026426826560072, 0.7046413502109705, 0.6995336442371752, 0.7006440151010438, 0.7021985343104596, 0.7037530535198756, 0.705751721074839, 0.7079724628025761, 0.7115256495669554, 0.7188540972684877, 0.7164112813679769, 0.715522984676882, 0.714856762158561, 0.7181878747501665, 0.7190761714412613, 0.7204086164779037, 0.72618254497002, 0.7290695092160782, 0.7279591383522096, 0.7321785476349101, 0.7321785476349101, 0.7350655118809682, 0.7372862536087053, 0.7399511436819898, 0.739062846990895, 0.7415056628914057, 0.7417277370641794, 0.7401732178547635, 0.7506107039751277, 0.7501665556295802, 0.7499444814568066, 0.7528314457028648, 0.7530535198756385, 0.7563846324672441, 0.7539418165667333, 0.763268931823229, 0.761714412613813, 0.7701532311792139, 0.7677104152787031, 0.7732622695980458, 0.7683766377970243, 0.7650455252054186, 0.7768154563624251, 0.770819453697535, 0.7779258272262936, 0.7814790139906729, 0.7832556073728625, 0.7805907172995781, 0.7810348656451255, 0.784365978236731, 0.785920497446147, 0.7879191650011104, 0.7912502775927159, 0.7910282034199423, 0.7912502775927159, 0.8003553186764379, 0.798800799467022, 0.8012436153675327, 0.7985787252942482, 0.8014656895403065, 0.8110148789695758, 0.8090162114146124, 0.8103486564512548, 0.8121252498334444, 0.8185654008438819, 0.8165667332889185, 0.8218965134354874, 0.8263379968909615, 0.8232289584721297, 0.8272262935820565, 0.8287808127914723, 0.8345547412835888, 0.8354430379746836, 0.8376637797024206, 0.8383300022207417, 0.8396624472573839, 0.8412169664667999, 0.8427714856762158, 0.8429935598489896, 0.8429935598489896, 0.8536531201421275, 0.84721296913169, 0.8452143015767266, 0.8520986009327115, 0.8596491228070176, 0.8603153453253387, 0.858538751943149, 0.8574283810792804, 0.8589829002886964, 0.8696424605818344, 0.8616477903619809, 0.868310015545192, 0.8669775705085498, 0.8725294248278925, 0.868310015545192, 0.8736397956917611, 0.8731956473462137, 0.8709749056184766, 0.8734177215189873, 0.8778592049744615, 0.8774150566289141, 0.881190317566067, 0.8851876526759938, 0.8807461692205196, 0.8874083944037309, 0.8898512103042416, 0.8871863202309571, 0.8851876526759938, 0.8931823228958472, 0.8914057295136576, 0.8920719520319786, 0.8958472129691317, 0.8958472129691317, 0.9002886964246058, 0.8989562513879635, 0.9009549189429269, 0.9000666222518321, 0.9060626249167222, 0.9033977348434377, 0.905396402398401], "trainStanceF1": [0.238661663111338, 0.19899732620320856, 0.19899732620320856, 0.19899732620320856, 0.19899732620320856, 0.19899732620320856, 0.2434283278909368, 0.2852855052335054, 0.30177493182703546, 0.32219643784885504, 0.3269254003731835, 0.3265561692720469, 0.32973482421454825, 0.33194418979411366, 0.3346388870915562, 0.3372399979541364, 0.3379569342241405, 0.3357372233117426, 0.33567458807432543, 0.339595224419155, 0.34601255461027036, 0.3645093573774148, 0.4000734208389341, 0.4145793632245035, 0.4296439788880765, 0.43237830213213724, 0.43486124770007833, 0.4329608487062121, 0.43921093333888483, 0.43736524814232886, 0.45322660424907, 0.454268893106596, 0.4576978128665924, 0.4624936245011396, 0.46641407444421484, 0.4671131343180761, 0.4718429531538998, 0.4730449616123602, 0.4801553234802758, 0.47315790194252993, 0.4822215700203554, 0.4793537579833701, 0.47976890423589147, 0.4919332029353571, 0.49620422035656464, 0.49164537493235777, 0.4981888021754958, 0.5010692091994471, 0.5008442479635393, 0.4996342965362602, 0.5103651446255789, 0.5108079902540501, 0.521559859730417, 0.5147387782866569, 0.5233600071139625, 0.5175450024971229, 0.5157795188875256, 0.530634194491267, 0.5196254605852666, 0.5289695346789639, 0.5358702252342431, 0.5359278343563232, 0.5339058498957183, 0.5375149291115088, 0.5444903720491849, 0.5494714834164137, 0.5500061272039365, 0.5637261656366915, 0.5634048879993773, 0.5693894803049683, 0.5835001478460553, 0.5897540340310772, 0.5967880076036474, 0.5964593435765424, 0.6014534816764022, 0.614121666524285, 0.6123043330490956, 0.6315905521911163, 0.6279021293803315, 0.6441218217501359, 0.6409533487494148, 0.6492203191545114, 0.6645360586230773, 0.6588258214531615, 0.6593538882581172, 0.6677049121986567, 0.6797331615644624, 0.6887689847890066, 0.6866121357900045, 0.6921398634211977, 0.6950044358130265, 0.7036618896020526, 0.7017967909775056, 0.7069021560568882, 0.7088430210864228, 0.7246612447044718, 0.7167587898381516, 0.716156976091801, 0.7295205729069633, 0.7357831212913822, 0.7354881674327437, 0.7416140099646953, 0.7346882199374205, 0.7384023364084416, 0.7558698777424046, 0.7434335501184971, 0.7591849145199694, 0.7513943751178382, 0.7636950523695397, 0.7575670549195932, 0.7645109290761773, 0.7683161907612744, 0.7642779916980255, 0.7700723955100262, 0.7702760887910296, 0.7762276784845918, 0.7811572927207586, 0.7917020857942307, 0.7771646423957621, 0.7899323530789578, 0.800152565835325, 0.7939383760253176, 0.7948192676574791, 0.8046003655375212, 0.8015344661047226, 0.8066206081473112, 0.8103238344447437, 0.8130166918377972, 0.8210495579213828, 0.8168634436994956, 0.8227251876161581, 0.8178795610630903, 0.8318025664560538, 0.8275777203264959, 0.8315351614890445], "trainLoss": [], "testStanceAcc": [0.6647887323943662, 0.6845070422535211, 0.7051643192488263, 0.6938967136150235, 0.7154929577464789, 0.7061032863849765, 0.7107981220657277, 0.7192488262910798, 0.7107981220657277, 0.6901408450704225, 0.6835680751173709, 0.6835680751173709, 0.6291079812206573, 0.6647887323943662, 0.647887323943662, 0.615962441314554, 0.6375586854460094, 0.6225352112676056, 0.6178403755868545, 0.6178403755868545, 0.612206572769953, 0.5971830985915493, 0.5981220657276995, 0.5971830985915493, 0.596244131455399, 0.5971830985915493, 0.6046948356807512], "testStanceF1": [0.1996615905245347, 0.31293273598796956, 0.33185824535020936, 0.3043048258722119, 0.4242380458162237, 0.44192642938095333, 0.4591207462029786, 0.45572419182131985, 0.4562661654064574, 0.4449135724666429, 0.4306901774382713, 0.43770150826612775, 0.4102005680228412, 0.42234710892883853, 0.4294527235706901, 0.4350316702337449, 0.433161607353744, 0.4380271301529567, 0.4396576209905867, 0.43377269074272795, 0.42518755124124713, 0.419934890334692, 0.419079564847078, 0.41701690055768015, 0.4220883380185706, 0.4133197359547695, 0.42015016233766234], "testLoss": [1.0086562633514404, 0.944310188293457, 0.9289782047271729, 0.9161404371261597, 0.8514067530632019, 0.845905601978302, 0.8435956239700317, 0.8528887629508972, 0.887028157711029, 0.9344432950019836, 0.9979987740516663, 1.0575746297836304, 1.1064525842666626, 1.1783431768417358, 1.2054526805877686, 1.2804228067398071, 1.3461921215057373, 1.3963292837142944, 1.4340506792068481, 1.484290599822998, 1.5364549160003662, 1.5821857452392578, 1.6093318462371826, 1.6388044357299805, 1.657531976699829, 1.715399146080017, 1.7420822381973267]}