{"epoch": 35, "macroF1Stance": 0.458502026022901, "accStance": 0.72018779342723, "loss": 0.8550243377685547, "trainStanceAcc": [0.558294470353098, 0.661114812347324, 0.661114812347324, 0.6620031090384189, 0.6675549633577615, 0.6802131912058628, 0.6824339329335998, 0.6859871196979791, 0.691316899844548, 0.6946480124361537, 0.6979791250277593, 0.6984232733733067, 0.6970908283366645, 0.7010881634465912, 0.7059737952476127, 0.7066400177659338, 0.7059737952476127, 0.7110815012214079, 0.7121918720852765, 0.7150788363313346, 0.7181878747501665, 0.7164112813679769, 0.72618254497002, 0.7217410615145459, 0.7244059515878304, 0.7270708416611148, 0.7241838774150566, 0.7255163224516988, 0.7301798800799467, 0.7295136575616256, 0.7346213635354208, 0.7350655118809682, 0.7408394403730846, 0.7370641794359316, 0.7379524761270264, 0.7448367754830113, 0.739062846990895, 0.7366200310903842, 0.7492782589384854, 0.7477237397290695, 0.7490561847657118, 0.752609371530091, 0.7548301132578281, 0.7552742616033755, 0.7652675993781923, 0.760159893404397, 0.7641572285143238, 0.7694870086608927, 0.7694870086608927, 0.7703753053519876, 0.7790361980901621, 0.7819231623362203, 0.7792582722629359, 0.782145236508994, 0.7832556073728625, 0.7903619809016211, 0.7905840550743949, 0.7921385742838108, 0.797246280257606, 0.8052409504774595, 0.8043526537863647, 0.8081279147235176, 0.8105707306240284, 0.8127914723517655, 0.8127914723517655, 0.811681101487897, 0.8203419942260715, 0.8216744392627138, 0.8227848101265823, 0.8265600710637353, 0.8296691094825672, 0.8314457028647568, 0.8385520763935155, 0.8376637797024206, 0.8409948922940262, 0.8403286697757051, 0.8489895625138796, 0.8496557850322007, 0.8476571174772374, 0.8549855651787697, 0.8594270486342438, 0.8558738618698646, 0.8618698645347546, 0.8589829002886964, 0.8638685320897179, 0.8725294248278925, 0.8687541638907396, 0.8734177215189873, 0.8778592049744615, 0.87896957583833, 0.8818565400843882, 0.881190317566067, 0.8851876526759938, 0.8823006884299356, 0.8914057295136576, 0.8914057295136576, 0.8958472129691317, 0.8922940262047524, 0.8998445480790584, 0.903175660670664, 0.8958472129691317, 0.9027315123251166, 0.9007328447701533, 0.903175660670664, 0.9080612924716855, 0.905396402398401, 0.9076171441261381, 0.9102820341994226, 0.9142793693093493, 0.9196091494559183, 0.9173884077281812, 0.9213857428381079, 0.9229402620475239, 0.9220519653564291, 0.9233844103930713, 0.925827226293582, 0.9247168554297135, 0.9287141905396402, 0.9260493004663558, 0.9284921163668666, 0.9324894514767933, 0.9320453031312458, 0.9369309349322674, 0.9369309349322674, 0.9373750832778148, 0.9380413057961359, 0.9382633799689096, 0.940262047523873, 0.944037308461026, 0.9442593826337997, 0.9395958250055518, 0.9435931601154786, 0.94248278925161, 0.9442593826337997, 0.9487008660892738], "trainStanceF1": [0.20855081059707392, 0.19899732620320856, 0.19899732620320856, 0.2027894237496555, 0.26854731086129524, 0.3022658339712806, 0.314218175172622, 0.3176617878826462, 0.32429972990766004, 0.3244808827717756, 0.3326809843183881, 0.3324854180759098, 0.33912187088989026, 0.3875716601568555, 0.4249231076605313, 0.4287357067976252, 0.4230903679524408, 0.439871537244214, 0.4448675887352218, 0.4428931842275942, 0.45489769417355674, 0.45228569774458527, 0.46138866955302804, 0.4563357292116966, 0.4614650994292364, 0.46086365283755815, 0.4638818872822241, 0.4634532491947163, 0.4666335559691925, 0.4667615388527838, 0.47844561042221295, 0.4707573914919805, 0.4804479266017686, 0.47749742058739164, 0.47535954352464804, 0.490808834676962, 0.4768748033257332, 0.47718308718427627, 0.49589864094311475, 0.4899967765613098, 0.4908086554108658, 0.49386029414417654, 0.5014529423249029, 0.5014756950221659, 0.5222964443073133, 0.5145624703938827, 0.5240871320646544, 0.5336427896801419, 0.5458046999290802, 0.5419589897602402, 0.5576557238162737, 0.5673179519352657, 0.5654713249608166, 0.5658847231175942, 0.5726153937529799, 0.5911136810453722, 0.5996592640039015, 0.5937706929310302, 0.6135770336296265, 0.6272385526994697, 0.6297075287868665, 0.6390928302799728, 0.6425911572209976, 0.6504324303388197, 0.6463259248066817, 0.649307548465494, 0.6653037697402756, 0.6705951506661745, 0.6717063177523754, 0.6785355446625221, 0.6838146547119612, 0.6898236984451928, 0.6948105160843392, 0.7013378681218831, 0.7093658484954655, 0.7087079791248906, 0.7228263362230443, 0.7246159782475702, 0.7206891776812264, 0.7334313307149768, 0.7387286614439279, 0.7380424598004374, 0.7518398622120059, 0.7453791467526595, 0.752253267531905, 0.7662692889987934, 0.7644257610051228, 0.7691252572843515, 0.7821025262357377, 0.7802039467970945, 0.7841325215780587, 0.7859179380239603, 0.7947890714383112, 0.7925534781266105, 0.8056163598192936, 0.8071367965987557, 0.812692833134687, 0.8101747355139728, 0.8189879308587578, 0.8288541534143465, 0.8182663928478664, 0.8260260240916214, 0.8239601595896574, 0.830151083677053, 0.8383750711811264, 0.8333157013961091, 0.8355427574086252, 0.8440808468357275, 0.8468672836334197, 0.8634145265530405, 0.858176623122568, 0.8620199957611081, 0.8659112592031223, 0.8630714987552444, 0.8670341189765941, 0.8762914410046899, 0.8685374977124816, 0.8750278460891314, 0.8704839389394412, 0.8745934374359748, 0.8800626783775285, 0.8782590201614613, 0.890643519843029, 0.8890952039577427, 0.8913513471090513, 0.8912873707156295, 0.8923827510113929, 0.8979944194445378, 0.9012090197821985, 0.9025738788278563, 0.8980423644331973, 0.9028066559360395, 0.9020164748889008, 0.906046545300427, 0.9111435865951112], "trainLoss": [], "testStanceAcc": [0.6807511737089202, 0.6948356807511737, 0.711737089201878, 0.7098591549295775, 0.72018779342723, 0.7286384976525822, 0.72018779342723, 0.7061032863849765, 0.6985915492957746, 0.6910798122065728, 0.644131455399061, 0.6638497652582159, 0.6169014084507042, 0.6591549295774648, 0.6225352112676056, 0.6291079812206573, 0.6225352112676056, 0.6112676056338028, 0.6103286384976526, 0.6169014084507042, 0.6244131455399061, 0.6187793427230047, 0.5896713615023474, 0.6084507042253521, 0.5830985915492958, 0.571830985915493, 0.6018779342723005], "testStanceF1": [0.29069961776827, 0.3225138456633095, 0.3950587433146605, 0.4297653274488378, 0.4052806209266197, 0.44370651065511124, 0.458502026022901, 0.44025742150646163, 0.4247156013001083, 0.41508867100932906, 0.39708762934381825, 0.41698675162439647, 0.40968237638005334, 0.40225559678855183, 0.4130867295671058, 0.40460042972763866, 0.4136976756616423, 0.41724633037597714, 0.4090158314929364, 0.3875939660324794, 0.4087570809483664, 0.4085817993396084, 0.396493928473699, 0.38850955873724513, 0.3868671486285043, 0.3732675166088809, 0.3770081608259786], "testLoss": [0.9682105183601379, 0.9263190031051636, 0.8499441146850586, 0.8391513824462891, 0.8386205434799194, 0.842997133731842, 0.8550243377685547, 0.9040263891220093, 0.9439243674278259, 1.0335936546325684, 1.143701195716858, 1.209119200706482, 1.3296350240707397, 1.3609271049499512, 1.4734874963760376, 1.5577392578125, 1.6393471956253052, 1.7660666704177856, 1.8630870580673218, 1.8933664560317993, 1.9103068113327026, 1.987878680229187, 2.094689130783081, 2.178593158721924, 2.3029983043670654, 2.3757174015045166, 2.326145648956299]}