{"epoch": 40, "macroF1Stance": 0.4593813186484892, "accStance": 0.7164319248826291, "loss": 0.8425139784812927, "trainStanceAcc": [0.5796135909393737, 0.661114812347324, 0.661114812347324, 0.661114812347324, 0.6617810348656451, 0.6704419276038197, 0.6817677104152787, 0.6879857872529425, 0.6888740839440373, 0.6904286031534532, 0.6937597157450589, 0.6986453475460804, 0.6995336442371752, 0.698201199200533, 0.7061958694203864, 0.7090828336664446, 0.7053075727292916, 0.709526982011992, 0.7090828336664446, 0.7113035753941817, 0.7119697979125028, 0.7119697979125028, 0.7221852098600933, 0.7146346879857872, 0.7210748389962247, 0.7168554297135243, 0.7215189873417721, 0.7199644681323563, 0.7239618032422829, 0.7201865423051299, 0.7237397290695092, 0.7252942482789252, 0.72618254497002, 0.7279591383522096, 0.724628025760604, 0.7252942482789252, 0.7279591383522096, 0.7317343992893627, 0.7317343992893627, 0.7330668443260049, 0.733733066844326, 0.7370641794359316, 0.737508327781479, 0.7403952920275372, 0.7386186986453476, 0.7423939595825005, 0.7475016655562958, 0.7477237397290695, 0.7457250721741061, 0.7517210748389962, 0.7521652231845436, 0.7554963357761493, 0.7592715967133022, 0.7570508549855651, 0.7652675993781923, 0.7697090828336665, 0.7721518987341772, 0.7728181212524984, 0.7721518987341772, 0.7765933821896513, 0.7805907172995781, 0.7817010881634466, 0.785920497446147, 0.7919165001110371, 0.7976904286031534, 0.7963579835665112, 0.8034643570952699, 0.8030202087497224, 0.8114590273151232, 0.8123473240062181, 0.8170108816344659, 0.82145236508994, 0.8241172551632245, 0.8323339995558516, 0.8314457028647568, 0.8298911836553409, 0.8312236286919831, 0.8374417055296469, 0.8481012658227848, 0.8463246724405952, 0.8532089717965801, 0.8520986009327115, 0.8505440817232955, 0.8543193426604486, 0.860093271152565, 0.8620919387075283, 0.8616477903619809, 0.8643126804352653, 0.8745280923828559, 0.8727514990006662, 0.8711969797912503, 0.8769709082833667, 0.8756384632467245, 0.8798578725294248, 0.8831889851210304, 0.8840772818121253, 0.8876304685765045, 0.8965134354874528, 0.8942926937597158, 0.8958472129691317, 0.8949589162780368, 0.8967355096602265, 0.8976238063513213, 0.9018432156340218, 0.9040639573617588, 0.9027315123251166, 0.9087275149900067, 0.905396402398401, 0.9098378858538752, 0.9105041083721963, 0.9153897401732178, 0.9122807017543859, 0.9156118143459916, 0.91672218520986, 0.9178325560737286, 0.9224961137019765, 0.9224961137019765, 0.9218298911836553, 0.9253830779480346, 0.9280479680213192, 0.9247168554297135, 0.9282700421940928, 0.9267155229846769, 0.9318232289584721, 0.931157006440151, 0.9362647124139463, 0.9329335998223407, 0.9353764157228515, 0.9375971574505885, 0.9371530091050411, 0.9340439706862091, 0.9389296024872308, 0.9415944925605152, 0.9422607150788364, 0.941816566733289, 0.9409282700421941, 0.9449256051521208, 0.9429269375971574, 0.9495891627803686, 0.9460359760159893], "trainStanceF1": [0.2165924731350598, 0.19899732620320856, 0.19899732620320856, 0.19899732620320856, 0.21139325972809794, 0.26206593821194846, 0.3027032259763829, 0.31617685475444096, 0.3209597434449847, 0.3251047707777574, 0.328420510772957, 0.3324996701877258, 0.334975674687926, 0.34217768037605023, 0.370923252529234, 0.39709936179853406, 0.4117358809735153, 0.4048206866394334, 0.4207819917397983, 0.42349288667138496, 0.4274506124216987, 0.4246370313019896, 0.4459149892557007, 0.4340090180216761, 0.4389461334674465, 0.43598319315380485, 0.44469263189755887, 0.4504688855022848, 0.45121980173647064, 0.44957027928014615, 0.45238237103902335, 0.45962456982665406, 0.45507603290515775, 0.4597357650289017, 0.4530975523699491, 0.4580963308870286, 0.4614001496338449, 0.4677795125435181, 0.4672173744741821, 0.46933861613109384, 0.4709308207213182, 0.4692546323038229, 0.47935363128148756, 0.48179828874135483, 0.4786238012991502, 0.48216381230482286, 0.4895407696093585, 0.48903194876223466, 0.49009410666165787, 0.49956348775021053, 0.5038547422322881, 0.5032518280552389, 0.5103079990099042, 0.5116155735918567, 0.5218623723832941, 0.5268978734571664, 0.5342579428041114, 0.5367119601519343, 0.5369259607653016, 0.547434251910577, 0.5552589228757137, 0.5645691081819159, 0.575719127848056, 0.5941459933092568, 0.604126495008547, 0.6085710019185552, 0.6181182891834459, 0.6205010505220122, 0.6445023013720249, 0.6413232660155065, 0.6624181842440919, 0.6667414155749862, 0.6751389644121617, 0.6922357323765622, 0.6942712071376503, 0.6931840037476752, 0.6973134125627254, 0.7050469261069094, 0.7305732290646985, 0.729194499072178, 0.7351127452823729, 0.742462133380812, 0.7327112899961581, 0.7485264335104254, 0.7536647981870892, 0.7562676784351068, 0.7576317385841236, 0.7605558159528898, 0.7826393901120344, 0.7801999367815177, 0.771651247619006, 0.7826498658798718, 0.7819197659855012, 0.7895325947076106, 0.7973831467619401, 0.7990113295407452, 0.8003044986985581, 0.8156481676110562, 0.8162280500311192, 0.8178259337937639, 0.8174830295526867, 0.8183018759940692, 0.8198405018689344, 0.8312173450615437, 0.8317678694009317, 0.832190468891846, 0.8459014394902501, 0.8350250742723406, 0.8426558750837833, 0.8436658632408427, 0.8487653961214521, 0.8488577717334992, 0.8515197419363395, 0.8544844447838297, 0.8597504016719019, 0.8644212092284033, 0.8620366475784472, 0.8657902212140369, 0.8685993733755467, 0.8731469426847336, 0.8726843165926716, 0.8765599074309203, 0.8739598706424101, 0.8824927538379439, 0.8766149423666725, 0.8906043811856393, 0.884792640347565, 0.8909426808366586, 0.896664309877671, 0.893404400487908, 0.8878265533939771, 0.8929643221315022, 0.9019719355774706, 0.903044372001577, 0.8982321021606536, 0.898930292524632, 0.9037519626434312, 0.9034069078717241, 0.9121057148857079, 0.9102604115034199], "trainLoss": [], "testStanceAcc": [0.6807511737089202, 0.6985915492957746, 0.7107981220657277, 0.7098591549295775, 0.711737089201878, 0.7230046948356808, 0.7192488262910798, 0.7164319248826291, 0.7164319248826291, 0.7107981220657277, 0.6995305164319249, 0.7061032863849765, 0.6816901408450704, 0.6572769953051644, 0.631924882629108, 0.6507042253521127, 0.647887323943662, 0.631924882629108, 0.6225352112676056, 0.6272300469483568, 0.6140845070422535, 0.6197183098591549, 0.6, 0.5943661971830986, 0.5849765258215962, 0.6103286384976526, 0.5943661971830986, 0.571830985915493], "testStanceF1": [0.2846669357107043, 0.32616314409266944, 0.38839043987836047, 0.41650859749041047, 0.4152886671303133, 0.4344523930042129, 0.4471115150842331, 0.4593813186484892, 0.4493318392449676, 0.4340290806754221, 0.43645378616287966, 0.423613576865183, 0.4252313167996927, 0.42977142893534237, 0.42605276308098305, 0.42323085449767817, 0.4200886949660737, 0.41169291853172396, 0.4200243152113945, 0.4208281461040375, 0.41862572923890273, 0.41417207693550284, 0.4053236621022618, 0.3852634592778057, 0.3810837589647067, 0.39012082113113045, 0.38505846462777343, 0.37703080479466533], "testLoss": [0.9872952103614807, 0.9280785322189331, 0.8773969411849976, 0.842519998550415, 0.8322716951370239, 0.8350107669830322, 0.8309891819953918, 0.8425139784812927, 0.8520960211753845, 0.8770320415496826, 0.9204705953598022, 0.9941613078117371, 1.065940022468567, 1.157601237297058, 1.269412875175476, 1.3144603967666626, 1.4013431072235107, 1.4643834829330444, 1.55972158908844, 1.6120933294296265, 1.7019723653793335, 1.7394893169403076, 1.857749342918396, 1.8836491107940674, 1.9911459684371948, 1.9993927478790283, 2.0758066177368164, 2.1727607250213623]}