{"epoch": 230, "macroF1Stance": 0.4454990939162228, "accStance": 0.6713615023474179, "loss": 1.0628714561462402, "trainStanceAcc": [0.5636242504996669, 0.661114812347324, 0.661114812347324, 0.6624472573839663, 0.6795469686875416, 0.6751054852320675, 0.679324894514768, 0.679324894514768, 0.6806573395514102, 0.677770375305352, 0.6822118587608261, 0.6837663779702421, 0.6839884521430157, 0.6875416389073951, 0.6864312680435265, 0.6868754163890739, 0.6904286031534532, 0.6868754163890739, 0.6882078614257162, 0.6908727514990006, 0.6908727514990006, 0.6904286031534532, 0.6937597157450589, 0.6904286031534532, 0.6933155673995114, 0.6937597157450589, 0.6948700866089274, 0.6926493448811903, 0.6973129025094381, 0.6939817899178325, 0.6966466799911171, 0.6970908283366645, 0.6957583833000222, 0.69442593826338, 0.6962025316455697, 0.6997557184099489, 0.6970908283366645, 0.6966466799911171, 0.6973129025094381, 0.6970908283366645, 0.6959804574727959, 0.6984232733733067, 0.6962025316455697, 0.6979791250277593, 0.6950921607817011, 0.6977570508549855, 0.6993115700644015, 0.6995336442371752, 0.7015323117921386, 0.6997557184099489, 0.7021985343104596, 0.6977570508549855, 0.6995336442371752, 0.7001998667554963, 0.7017543859649122, 0.7024206084832334, 0.7028647568287808, 0.7008660892738174, 0.7028647568287808, 0.7017543859649122, 0.7028647568287808, 0.7017543859649122, 0.7017543859649122, 0.704197201865423, 0.7039751276926494, 0.703530979347102, 0.7033089051743282, 0.7037530535198756, 0.7053075727292916, 0.7061958694203864, 0.7050854985565179, 0.7068620919387075, 0.7097490561847657, 0.7084166111481235, 0.7081945369753497, 0.709526982011992, 0.7104152787030868, 0.7110815012214079, 0.7108594270486343, 0.7108594270486343, 0.7130801687763713, 0.7113035753941817, 0.711747723739729, 0.7115256495669554, 0.7110815012214079, 0.7110815012214079, 0.7110815012214079, 0.7164112813679769, 0.714856762158561, 0.7146346879857872, 0.718632023095714, 0.7144126138130136, 0.7192982456140351, 0.7150788363313346, 0.7199644681323563, 0.7230735065511881, 0.7221852098600933, 0.7184099489229403, 0.7150788363313346, 0.7161892071952032, 0.7197423939595825, 0.7208527648234511, 0.7210748389962247, 0.7197423939595825, 0.718632023095714, 0.7179658005773929, 0.7228514323784144, 0.7188540972684877, 0.7215189873417721, 0.7241838774150566, 0.7217410615145459, 0.7235176548967355, 0.7252942482789252, 0.724628025760604, 0.7257383966244726, 0.7226293582056407, 0.7281812125249834, 0.728403286697757, 0.7252942482789252, 0.7275149900066622, 0.72618254497002, 0.7281812125249834, 0.7266266933155674, 0.7250721741061514, 0.7279591383522096, 0.7268487674883412, 0.7286253608705308, 0.7301798800799467, 0.727737064179436, 0.7275149900066622, 0.7306240284254941, 0.7312902509438153, 0.7272929158338886, 0.7308461025982678, 0.733733066844326, 0.7332889184987786, 0.7370641794359316, 0.7324006218076837, 0.7361758827448368, 0.733733066844326, 0.7363979569176105, 0.737508327781479, 0.7381745502998002, 0.7332889184987786, 0.735953808572063, 0.7377304019542528, 0.7381745502998002, 0.7392849211636686, 0.7392849211636686, 0.7415056628914057, 0.7370641794359316, 0.7397290695092161, 0.7403952920275372, 0.7443926271374639, 0.7379524761270264, 0.7432822562735953, 0.7455029980013325, 0.7435043304463691, 0.7450588496557851, 0.7430601821008217, 0.7415056628914057, 0.7457250721741061, 0.7450588496557851, 0.7477237397290695, 0.7439484787919165, 0.7450588496557851, 0.748834110592938, 0.752609371530091, 0.7490561847657118, 0.7523872973573174, 0.752609371530091, 0.7508327781479014, 0.7512769264934488, 0.7497224072840328, 0.752609371530091, 0.7548301132578281, 0.7548301132578281, 0.7532755940484122, 0.7574950033311126, 0.754163890739507, 0.7586053741949811, 0.75793915167666, 0.7603819675771708, 0.7554963357761493, 0.7577170775038863, 0.7608261159227182, 0.7603819675771708, 0.7608261159227182, 0.7621585609593604, 0.7646013768598712, 0.7623806351321342, 0.7648234510326449, 0.7643793026870975, 0.7646013768598712, 0.7592715967133022, 0.7650455252054186, 0.7690428603153453, 0.7639351543415501, 0.7650455252054186, 0.7703753053519876, 0.7699311570064401, 0.7646013768598712, 0.7719298245614035, 0.7705973795247613, 0.7697090828336665, 0.7688207861425717, 0.7723739729069509, 0.7748167888074617, 0.7768154563624251, 0.7728181212524984, 0.7750388629802354, 0.7728181212524984, 0.7790361980901621, 0.7748167888074617, 0.7819231623362203, 0.7743726404619142, 0.7777037530535199, 0.7788141239173884, 0.78369975571841, 0.7801465689540307, 0.7825893848545414, 0.7757050854985565, 0.7794803464357095, 0.7805907172995781, 0.7832556073728625, 0.7805907172995781, 0.78369975571841, 0.7828114590273151, 0.78369975571841, 0.784365978236731, 0.7845880524095048, 0.7963579835665112, 0.787475016655563, 0.7899178325560737, 0.7879191650011104, 0.7910282034199423, 0.7890295358649789, 0.7899178325560737, 0.7894736842105263, 0.7910282034199423, 0.7921385742838108, 0.7970242060848324, 0.7930268709749057, 0.7981345769487008, 0.795025538529869, 0.797246280257606, 0.8007994670219853, 0.7981345769487008, 0.795025538529869, 0.7999111703308905, 0.8005773928492116, 0.8005773928492116, 0.8039085054408173, 0.8036864312680435, 0.8045747279591383, 0.8061292471685543, 0.8045747279591383, 0.8056850988230069, 0.8099045081057074, 0.8056850988230069, 0.8076837663779702, 0.807905840550744, 0.8083499888962914, 0.8092382855873862, 0.8099045081057074, 0.8087941372418388, 0.8125693981789918, 0.8114590273151232, 0.817677104152787, 0.8141239173884077, 0.8147901399067289, 0.8150122140795025, 0.8181212524983345, 0.8147901399067289, 0.8187874750166556, 0.8203419942260715, 0.8163446591161448, 0.813901843215634, 0.8245614035087719, 0.823006884299356, 0.8243393293359982, 0.8225627359538086, 0.8218965134354874, 0.8223406617810348, 0.8243393293359982, 0.8227848101265823, 0.8258938485454141, 0.8281145902731513, 0.8281145902731513, 0.8265600710637353, 0.8278925161003775, 0.8298911836553409, 0.8354430379746836, 0.8312236286919831, 0.8323339995558516, 0.8314457028647568, 0.8341105929380414, 0.8287808127914723, 0.8336664445924938, 0.8354430379746836, 0.8334443704197202, 0.8349988896291362, 0.8372196313568732, 0.8361092604930047, 0.8365534088385521, 0.8372196313568732, 0.8381079280479681, 0.8352209638019098, 0.8392182989118365, 0.8396624472573839, 0.8458805240950478, 0.8454363757495004, 0.8378858538751943, 0.845658449922274, 0.84721296913169, 0.8452143015767266, 0.8458805240950478, 0.8476571174772374, 0.8458805240950478, 0.8454363757495004, 0.8447701532311792, 0.8523206751054853, 0.8498778592049745, 0.8514323784143905, 0.8487674883411059, 0.8518765267599379, 0.856318010215412, 0.8556517876970908, 0.8554297135243171, 0.8518765267599379],