{"epoch": 135, "macroF1Stance": 0.43247470355741846, "accStance": 0.7070422535211267, "loss": 0.9051995277404785, "trainStanceAcc": [0.6373528758605375, 0.661114812347324, 0.661114812347324, 0.661114812347324, 0.6626693315567399, 0.6744392627137464, 0.6804352653786364, 0.6826560071063735, 0.6848767488341105, 0.6870974905618477, 0.6895403064623584, 0.6902065289806796, 0.6899844548079058, 0.6904286031534532, 0.6933155673995114, 0.6975349766822119, 0.6959804574727959, 0.6948700866089274, 0.6975349766822119, 0.6948700866089274, 0.6959804574727959, 0.7010881634465912, 0.6966466799911171, 0.6973129025094381, 0.6962025316455697, 0.6959804574727959, 0.6986453475460804, 0.6953142349544748, 0.6977570508549855, 0.6990894958916278, 0.6959804574727959, 0.6984232733733067, 0.6984232733733067, 0.698201199200533, 0.6984232733733067, 0.7015323117921386, 0.6995336442371752, 0.6997557184099489, 0.7008660892738174, 0.7013102376193648, 0.6966466799911171, 0.7010881634465912, 0.7001998667554963, 0.7015323117921386, 0.7033089051743282, 0.7008660892738174, 0.7030868310015546, 0.7021985343104596, 0.7013102376193648, 0.7017543859649122, 0.7024206084832334, 0.6990894958916278, 0.7030868310015546, 0.701976460137686, 0.7068620919387075, 0.704197201865423, 0.704197201865423, 0.7081945369753497, 0.705751721074839, 0.7048634243837442, 0.7053075727292916, 0.703530979347102, 0.7064179435931601, 0.7028647568287808, 0.7059737952476127, 0.704197201865423, 0.7039751276926494, 0.7070841661114813, 0.7088607594936709, 0.7073062402842549, 0.7073062402842549, 0.7106373528758605, 0.7104152787030868, 0.7084166111481235, 0.7110815012214079, 0.7141905396402398, 0.7121918720852765, 0.714856762158561, 0.7119697979125028, 0.711747723739729, 0.7128580946035976, 0.7130801687763713, 0.715522984676882, 0.7172995780590717, 0.7153009105041084, 0.7153009105041084, 0.715522984676882, 0.7144126138130136, 0.7135243171219188, 0.7135243171219188, 0.7166333555407506, 0.7141905396402398, 0.7166333555407506, 0.7190761714412613, 0.7175216522318454, 0.7201865423051299, 0.7177437264046191, 0.7166333555407506, 0.7153009105041084, 0.7188540972684877, 0.7157450588496558, 0.7199644681323563, 0.7195203197868087, 0.7188540972684877, 0.7188540972684877, 0.7230735065511881, 0.7206306906506773, 0.7208527648234511, 0.7197423939595825, 0.7206306906506773, 0.7215189873417721, 0.7237397290695092, 0.7235176548967355, 0.7206306906506773, 0.7232955807239618, 0.7259604707972462, 0.7239618032422829, 0.7248500999333778, 0.7219631356873195, 0.7244059515878304, 0.7244059515878304, 0.7270708416611148, 0.72618254497002, 0.7255163224516988, 0.7250721741061514, 0.7264046191427936, 0.722407284032867, 0.7272929158338886, 0.7270708416611148, 0.7255163224516988, 0.7301798800799467, 0.7292915833888519, 0.7310681767710415, 0.7288474350433045, 0.7295136575616256, 0.729957805907173, 0.7295136575616256, 0.7312902509438153, 0.7317343992893627, 0.7366200310903842, 0.7326226959804575, 0.7304019542527204, 0.7350655118809682, 0.733733066844326, 0.7370641794359316, 0.7392849211636686, 0.7335109926715523, 0.7386186986453476, 0.7335109926715523, 0.7386186986453476, 0.7383966244725738, 0.7383966244725738, 0.7383966244725738, 0.7406173662003109, 0.7446147013102377, 0.7372862536087053, 0.7377304019542528, 0.7441705529646903, 0.7421718854097269, 0.7397290695092161, 0.7417277370641794, 0.7463912946924273, 0.7472795913835221, 0.7448367754830113, 0.7455029980013325, 0.7448367754830113, 0.7461692205196535, 0.7492782589384854, 0.7472795913835221, 0.7463912946924273, 0.7470575172107484, 0.7499444814568066, 0.7497224072840328, 0.7428381079280479, 0.7497224072840328, 0.7486120364201644, 0.7501665556295802, 0.7490561847657118, 0.7528314457028648, 0.7514990006662225, 0.7481678880746169, 0.7495003331112592, 0.7568287808127915, 0.7554963357761493, 0.754163890739507, 0.7510548523206751, 0.7530535198756385, 0.7550521874306019, 0.7572729291583389, 0.7557184099489229, 0.7590495225405285, 0.7574950033311126, 0.7574950033311126, 0.7568287808127915, 0.7592715967133022, 0.7570508549855651, 0.7581612258494337, 0.7603819675771708, 0.7588274483677548, 0.760159893404397, 0.7648234510326449, 0.7650455252054186, 0.7614923384410394, 0.7621585609593604, 0.761714412613813, 0.7634910059960026, 0.763268931823229, 0.7650455252054186, 0.7668221185876083, 0.7690428603153453, 0.7692649344881191, 0.7697090828336665, 0.7674883411059293, 0.7668221185876083, 0.7710415278703087, 0.7705973795247613, 0.7734843437708194, 0.7717077503886298, 0.7750388629802354, 0.7757050854985565, 0.7717077503886298, 0.7712636020430824, 0.7750388629802354, 0.7757050854985565, 0.7741505662891406, 0.7759271596713302, 0.7810348656451255, 0.7797024206084833, 0.7779258272262936, 0.7803686431268043, 0.7845880524095048, 0.7854763491005996, 0.7850322007550522, 0.7808127914723517, 0.7854763491005996],