{"epoch": 260, "macroF1Stance": 0.48028260312007126, "accStance": 0.6732394366197183, "loss": 1.1453644037246704, "trainStanceAcc": [0.5904952254052853, 0.661114812347324, 0.661114812347324, 0.6622251832111925, 0.664890073284477, 0.6757717077503886, 0.6744392627137464, 0.6759937819231623, 0.6846546746613369, 0.6844326004885631, 0.6857650455252055, 0.6870974905618477, 0.6859871196979791, 0.6886520097712636, 0.6882078614257162, 0.6888740839440373, 0.6899844548079058, 0.6924272707084166, 0.6919831223628692, 0.6904286031534532, 0.6917610481900955, 0.6915389740173218, 0.6930934932267377, 0.6915389740173218, 0.6946480124361537, 0.6917610481900955, 0.692871419053964, 0.6959804574727959, 0.6942038640906063, 0.6946480124361537, 0.6950921607817011, 0.6975349766822119, 0.69442593826338, 0.6975349766822119, 0.6979791250277593, 0.6962025316455697, 0.6957583833000222, 0.6973129025094381, 0.6953142349544748, 0.6964246058183433, 0.7001998667554963, 0.7006440151010438, 0.70042194092827, 0.6964246058183433, 0.70042194092827, 0.6979791250277593, 0.7010881634465912, 0.7055296469020653, 0.703530979347102, 0.704197201865423, 0.7053075727292916, 0.705751721074839, 0.7037530535198756, 0.704197201865423, 0.7068620919387075, 0.7044192760381968, 0.7055296469020653, 0.705751721074839, 0.7079724628025761, 0.7064179435931601, 0.7084166111481235, 0.7110815012214079, 0.7075283144570287, 0.7101932045303131, 0.711747723739729, 0.7115256495669554, 0.7110815012214079, 0.7104152787030868, 0.7121918720852765, 0.7126360204308239, 0.7137463912946924, 0.7124139462580502, 0.7128580946035976, 0.7115256495669554, 0.715522984676882, 0.7097490561847657, 0.7108594270486343, 0.7172995780590717, 0.7146346879857872, 0.7177437264046191, 0.7166333555407506, 0.7150788363313346, 0.7146346879857872, 0.718632023095714, 0.7168554297135243, 0.7166333555407506, 0.7184099489229403, 0.7217410615145459, 0.717077503886298, 0.7199644681323563, 0.7195203197868087, 0.7181878747501665, 0.7192982456140351, 0.7204086164779037, 0.7244059515878304, 0.7188540972684877, 0.7197423939595825, 0.724628025760604, 0.7219631356873195, 0.7204086164779037, 0.7217410615145459, 0.7219631356873195, 0.7228514323784144, 0.7241838774150566, 0.7250721741061514, 0.7239618032422829, 0.7226293582056407, 0.72618254497002, 0.7235176548967355, 0.722407284032867, 0.7275149900066622, 0.7259604707972462, 0.7252942482789252, 0.722407284032867, 0.727737064179436, 0.7244059515878304, 0.7306240284254941, 0.7270708416611148, 0.7268487674883412, 0.7304019542527204, 0.7286253608705308, 0.7286253608705308, 0.7281812125249834, 0.7288474350433045, 0.7301798800799467, 0.7317343992893627, 0.7301798800799467, 0.727737064179436, 0.7308461025982678, 0.729957805907173, 0.7341772151898734, 0.7292915833888519, 0.7288474350433045, 0.7304019542527204, 0.7295136575616256, 0.735287586053742, 0.7324006218076837, 0.7348434377081945, 0.7355096602265156, 0.7350655118809682, 0.7368421052631579, 0.7332889184987786, 0.7363979569176105, 0.737508327781479, 0.737508327781479, 0.7304019542527204, 0.741283588718632, 0.7335109926715523, 0.7341772151898734, 0.7357317343992894, 0.7383966244725738, 0.7386186986453476, 0.7386186986453476, 0.7408394403730846, 0.7335109926715523, 0.7395069953364424, 0.7370641794359316, 0.7383966244725738, 0.7383966244725738, 0.7417277370641794, 0.7399511436819898, 0.7408394403730846, 0.7397290695092161, 0.7415056628914057, 0.7399511436819898, 0.7463912946924273, 0.7450588496557851, 0.7459471463468799, 0.7461692205196535, 0.7459471463468799, 0.7492782589384854, 0.7437264046191427, 0.7452809238285587, 0.7443926271374639, 0.7457250721741061, 0.7446147013102377, 0.7472795913835221, 0.7432822562735953, 0.7490561847657118, 0.7439484787919165, 0.7506107039751277, 0.7463912946924273, 0.7497224072840328, 0.7537197423939596, 0.7492782589384854, 0.7521652231845436, 0.752609371530091, 0.7472795913835221, 0.7497224072840328, 0.750388629802354, 0.7528314457028648, 0.7528314457028648, 0.7614923384410394, 0.7563846324672441, 0.7554963357761493, 0.7546080390850544, 0.7561625582944703, 0.7566067066400177, 0.765489673550966, 0.7554963357761493, 0.75793915167666, 0.7586053741949811, 0.7599378192316234, 0.7590495225405285, 0.7610481900954918, 0.7590495225405285, 0.761714412613813, 0.7666000444148345, 0.7641572285143238, 0.760159893404397, 0.7694870086608927, 0.7681545636242505, 0.7677104152787031, 0.7697090828336665, 0.7663779702420609, 0.7728181212524984, 0.7672662669331557, 0.7725960470797246, 0.7728181212524984, 0.7703753053519876, 0.7759271596713302, 0.7759271596713302, 0.7725960470797246, 0.774594714634688, 0.7785920497446147, 0.7757050854985565, 0.7750388629802354, 0.7779258272262936, 0.7808127914723517, 0.7781479013990673, 0.7772596047079725, 0.7803686431268043, 0.7774816788807462, 0.7801465689540307, 0.787475016655563, 0.7768154563624251, 0.7905840550743949, 0.7872529424827892, 0.7839218298911836, 0.7890295358649789, 0.7863646457916944, 0.7885853875194315, 0.7832556073728625, 0.7863646457916944, 0.7868087941372418, 0.7914723517654897, 0.787475016655563, 0.7936930934932267, 0.7923606484565845, 0.7879191650011104, 0.7930268709749057, 0.7948034643570953, 0.7956917610481901, 0.7943593160115479, 0.7963579835665112, 0.7985787252942482, 0.7999111703308905, 0.7961359093937375, 0.8034643570952699, 0.7999111703308905, 0.7979125027759272, 0.8045747279591383, 0.8007994670219853, 0.807905840550744, 0.7992449478125694, 0.8054630246502332, 0.8096824339329336, 0.8072396180324228, 0.8067954696868754, 0.802576060404175, 0.8081279147235176, 0.8119031756606707, 0.8159005107705973, 0.8130135465245392, 0.8187874750166556, 0.8110148789695758, 0.8107928047968022, 0.8163446591161448, 0.8143459915611815, 0.8154563624250499, 0.8150122140795025, 0.8163446591161448, 0.8161225849433711, 0.8194536975349767, 0.8198978458805241, 0.8201199200532978, 0.8165667332889185, 0.8221185876082612, 0.8296691094825672, 0.8187874750166556, 0.8210082167443926, 0.8298911836553409, 0.8276704419276039, 0.8287808127914723, 0.8294470353097935, 0.8307794803464357, 0.8278925161003775, 0.8296691094825672, 0.8272262935820565, 0.8310015545192094, 0.835887186320231, 0.8336664445924938, 0.8332222962469464, 0.8341105929380414, 0.8383300022207417, 0.8378858538751943, 0.8369975571840995, 0.8361092604930047, 0.8396624472573839, 0.8396624472573839, 0.8398845214301577, 0.8405507439484788, 0.8445480790584055, 0.8452143015767266, 0.845658449922274, 0.8416611148123473, 0.8427714856762158, 0.8429935598489896, 0.845658449922274, 0.8481012658227848, 0.8421052631578947, 0.8461025982678214, 0.8436597823673107, 0.8476571174772374, 0.8485454141683322, 0.8481012658227848, 0.8494337108594271, 0.8483233399955585, 0.8478791916500111, 0.8476571174772374, 0.8505440817232955, 0.8520986009327115, 0.8527648234510327, 0.8494337108594271, 0.8529868976238063, 0.8525427492782589, 0.856318010215412, 0.8543193426604486, 0.8645347546080391, 0.8583166777703753, 0.8545414168332223, 0.8667554963357762, 0.856984232733733, 0.8614257161892072, 0.8596491228070176, 0.8616477903619809, 0.8592049744614702, 0.8625360870530757, 0.8667554963357762, 0.8632023095713969, 0.866089273817455, 0.8647568287808128, 0.867643793026871, 0.8623140128803021, 0.8652009771263602, 0.8703086831001554, 0.8667554963357762, 0.8674217188540972, 0.8711969797912503, 0.869864534754608],