{"epoch": 155, "macroF1Stance": 0.4535513937160181, "accStance": 0.7098591549295775, "loss": 0.895889401435852, "trainStanceAcc": [0.6375749500333111, 0.661114812347324, 0.661114812347324, 0.661114812347324, 0.661114812347324, 0.6620031090384189, 0.6657783699755718, 0.6728847435043305, 0.6813235620697313, 0.6857650455252055, 0.6870974905618477, 0.690650677326227, 0.6893182322895848, 0.689096158116811, 0.6910948256717744, 0.6919831223628692, 0.6915389740173218, 0.6933155673995114, 0.6910948256717744, 0.6933155673995114, 0.6922051965356429, 0.6922051965356429, 0.69442593826338, 0.6930934932267377, 0.6968687541638907, 0.6962025316455697, 0.6935376415722851, 0.6942038640906063, 0.6953142349544748, 0.6950921607817011, 0.6937597157450589, 0.6935376415722851, 0.6959804574727959, 0.6988674217188541, 0.6966466799911171, 0.6966466799911171, 0.6953142349544748, 0.6979791250277593, 0.6990894958916278, 0.7006440151010438, 0.6988674217188541, 0.6988674217188541, 0.70042194092827, 0.7001998667554963, 0.6993115700644015, 0.7010881634465912, 0.7001998667554963, 0.70042194092827, 0.7006440151010438, 0.7024206084832334, 0.7037530535198756, 0.7024206084832334, 0.7001998667554963, 0.701976460137686, 0.7024206084832334, 0.701976460137686, 0.7053075727292916, 0.7026426826560072, 0.7039751276926494, 0.7059737952476127, 0.7077503886298023, 0.7066400177659338, 0.7079724628025761, 0.7059737952476127, 0.7059737952476127, 0.709526982011992, 0.7073062402842549, 0.7099711303575394, 0.7101932045303131, 0.7097490561847657, 0.711747723739729, 0.7090828336664446, 0.7099711303575394, 0.7108594270486343, 0.7086386853208971, 0.7130801687763713, 0.7126360204308239, 0.7146346879857872, 0.7115256495669554, 0.7153009105041084, 0.7108594270486343, 0.7153009105041084, 0.7201865423051299, 0.7150788363313346, 0.714856762158561, 0.7172995780590717, 0.7172995780590717, 0.7197423939595825, 0.718632023095714, 0.7199644681323563, 0.7197423939595825, 0.718632023095714, 0.7172995780590717, 0.7172995780590717, 0.7172995780590717, 0.7190761714412613, 0.7201865423051299, 0.7210748389962247, 0.7237397290695092, 0.7197423939595825, 0.7177437264046191, 0.7235176548967355, 0.7221852098600933, 0.7244059515878304, 0.7255163224516988, 0.7235176548967355, 0.7268487674883412, 0.7268487674883412, 0.7281812125249834, 0.728403286697757, 0.7270708416611148, 0.7308461025982678, 0.727737064179436, 0.7281812125249834, 0.7306240284254941, 0.7266266933155674, 0.729957805907173, 0.7324006218076837, 0.7290695092160782, 0.7295136575616256, 0.7308461025982678, 0.729957805907173, 0.7308461025982678, 0.7308461025982678, 0.7308461025982678, 0.7315123251165889, 0.7288474350433045, 0.7315123251165889, 0.7341772151898734, 0.7310681767710415, 0.7343992893626471, 0.7355096602265156, 0.7326226959804575, 0.7348434377081945, 0.7330668443260049, 0.7350655118809682, 0.7379524761270264, 0.7372862536087053, 0.7370641794359316, 0.7379524761270264, 0.7370641794359316, 0.7368421052631579, 0.7383966244725738, 0.741283588718632, 0.7423939595825005, 0.7388407728181212, 0.7366200310903842, 0.7386186986453476, 0.7401732178547635, 0.7386186986453476, 0.7443926271374639, 0.7401732178547635, 0.7417277370641794, 0.7441705529646903, 0.7426160337552743, 0.7386186986453476, 0.7443926271374639, 0.7421718854097269, 0.7455029980013325, 0.7432822562735953, 0.7508327781479014, 0.7457250721741061, 0.7479458139018432, 0.7475016655562958, 0.7441705529646903, 0.7472795913835221, 0.7495003331112592, 0.7457250721741061, 0.7486120364201644, 0.7495003331112592, 0.746613368865201, 0.7517210748389962, 0.750388629802354, 0.7492782589384854, 0.7512769264934488, 0.75194314901177, 0.7532755940484122, 0.7559404841216967, 0.7534976682211859, 0.7546080390850544, 0.7523872973573174, 0.7517210748389962, 0.7512769264934488, 0.7528314457028648, 0.75793915167666, 0.7530535198756385, 0.7561625582944703, 0.7570508549855651, 0.7566067066400177, 0.7612702642682656, 0.7574950033311126, 0.7612702642682656, 0.7550521874306019, 0.7554963357761493, 0.7648234510326449, 0.7623806351321342, 0.7639351543415501, 0.7612702642682656, 0.763268931823229, 0.7641572285143238, 0.7650455252054186, 0.7630468576504552, 0.7643793026870975, 0.765489673550966, 0.7674883411059293, 0.7674883411059293, 0.7681545636242505, 0.7699311570064401, 0.7670441927603819, 0.7650455252054186, 0.7672662669331557, 0.7692649344881191, 0.7701532311792139, 0.7699311570064401, 0.7699311570064401, 0.7692649344881191, 0.7732622695980458, 0.7757050854985565, 0.7752609371530091, 0.774594714634688, 0.7757050854985565, 0.7772596047079725, 0.7752609371530091, 0.773040195425272, 0.7770375305351988, 0.776149233844104, 0.7774816788807462, 0.78369975571841, 0.7799244947812569, 0.7817010881634466, 0.7828114590273151, 0.7832556073728625, 0.785920497446147, 0.7856984232733734, 0.7865867199644682, 0.7865867199644682, 0.785920497446147, 0.7876970908283366, 0.7883633133466578, 0.7899178325560737, 0.7885853875194315, 0.7903619809016211, 0.7870308683100156, 0.7894736842105263, 0.7923606484565845, 0.795025538529869, 0.7932489451476793, 0.796580057739285, 0.7905840550743949, 0.7952476127026427, 0.8007994670219853, 0.7981345769487008, 0.797246280257606, 0.7985787252942482, 0.797246280257606],