{"epoch": 170, "macroF1Stance": 0.4524772083824977, "accStance": 0.6985915492957746, "loss": 0.9582844972610474, "trainStanceAcc": [0.6322451698867422, 0.661114812347324, 0.6617810348656451, 0.6697757050854986, 0.6684432600488563, 0.6746613368865201, 0.6755496335776149, 0.6764379302687098, 0.6773262269598046, 0.6822118587608261, 0.6808794137241839, 0.6842105263157895, 0.6833222296246947, 0.6862091938707529, 0.6870974905618477, 0.6879857872529425, 0.6859871196979791, 0.6899844548079058, 0.6888740839440373, 0.6870974905618477, 0.6904286031534532, 0.6902065289806796, 0.6904286031534532, 0.6926493448811903, 0.6910948256717744, 0.6895403064623584, 0.6939817899178325, 0.6915389740173218, 0.6933155673995114, 0.6937597157450589, 0.6897623806351322, 0.6930934932267377, 0.6926493448811903, 0.6946480124361537, 0.6968687541638907, 0.6902065289806796, 0.6977570508549855, 0.6984232733733067, 0.6957583833000222, 0.6995336442371752, 0.69442593826338, 0.6977570508549855, 0.6990894958916278, 0.6975349766822119, 0.6986453475460804, 0.6966466799911171, 0.6993115700644015, 0.6979791250277593, 0.6986453475460804, 0.6986453475460804, 0.698201199200533, 0.6964246058183433, 0.6942038640906063, 0.6995336442371752, 0.6990894958916278, 0.7030868310015546, 0.703530979347102, 0.7028647568287808, 0.7028647568287808, 0.7066400177659338, 0.703530979347102, 0.7053075727292916, 0.7030868310015546, 0.7070841661114813, 0.7068620919387075, 0.7050854985565179, 0.7044192760381968, 0.704197201865423, 0.705751721074839, 0.7048634243837442, 0.7073062402842549, 0.7061958694203864, 0.7077503886298023, 0.7084166111481235, 0.7050854985565179, 0.7106373528758605, 0.7088607594936709, 0.7137463912946924, 0.7113035753941817, 0.7108594270486343, 0.7119697979125028, 0.7106373528758605, 0.7101932045303131, 0.7106373528758605, 0.7130801687763713, 0.7139684654674662, 0.7130801687763713, 0.711747723739729, 0.7121918720852765, 0.7130801687763713, 0.7166333555407506, 0.717077503886298, 0.7157450588496558, 0.7190761714412613, 0.7153009105041084, 0.7239618032422829, 0.7128580946035976, 0.7221852098600933, 0.7188540972684877, 0.7146346879857872, 0.7206306906506773, 0.7181878747501665, 0.7226293582056407, 0.7157450588496558, 0.7221852098600933, 0.7204086164779037, 0.7217410615145459, 0.7244059515878304, 0.7241838774150566, 0.7226293582056407, 0.7270708416611148, 0.722407284032867, 0.724628025760604, 0.7217410615145459, 0.7255163224516988, 0.7241838774150566, 0.7248500999333778, 0.7288474350433045, 0.7250721741061514, 0.7270708416611148, 0.7297357317343993, 0.7270708416611148, 0.7304019542527204, 0.7239618032422829, 0.7301798800799467, 0.7281812125249834, 0.7301798800799467, 0.7255163224516988, 0.7279591383522096, 0.7268487674883412, 0.7348434377081945, 0.72618254497002, 0.7339551410170997, 0.7310681767710415, 0.7321785476349101, 0.7297357317343993, 0.7324006218076837, 0.7346213635354208, 0.735287586053742, 0.735287586053742, 0.735953808572063, 0.7366200310903842, 0.729957805907173, 0.7301798800799467, 0.735287586053742, 0.7343992893626471, 0.7357317343992894, 0.7383966244725738, 0.7395069953364424, 0.7419498112369531, 0.7361758827448368, 0.7370641794359316, 0.7401732178547635, 0.741283588718632, 0.7423939595825005, 0.7363979569176105, 0.7408394403730846, 0.7439484787919165, 0.7443926271374639, 0.7437264046191427, 0.7459471463468799, 0.7470575172107484, 0.7408394403730846, 0.7452809238285587, 0.741283588718632, 0.7490561847657118, 0.7483899622473906, 0.7475016655562958, 0.7495003331112592, 0.7443926271374639, 0.7430601821008217, 0.7461692205196535, 0.7441705529646903, 0.7501665556295802, 0.7523872973573174, 0.7508327781479014, 0.7517210748389962, 0.7521652231845436, 0.7528314457028648, 0.7550521874306019, 0.7577170775038863, 0.7554963357761493, 0.7539418165667333, 0.7563846324672441, 0.7539418165667333, 0.7530535198756385, 0.75793915167666, 0.7537197423939596, 0.7550521874306019, 0.7534976682211859, 0.7568287808127915, 0.7577170775038863, 0.7610481900954918, 0.7561625582944703, 0.763268931823229, 0.7577170775038863, 0.7603819675771708, 0.7614923384410394, 0.7623806351321342, 0.765489673550966, 0.7603819675771708, 0.7643793026870975, 0.7685987119697979, 0.7637130801687764, 0.7577170775038863, 0.7674883411059293, 0.7661558960692871, 0.7694870086608927, 0.7685987119697979, 0.7646013768598712, 0.7705973795247613, 0.7712636020430824, 0.7717077503886298, 0.770819453697535, 0.7719298245614035, 0.7723739729069509, 0.7750388629802354, 0.7739284921163668, 0.7772596047079725, 0.7741505662891406, 0.7774816788807462, 0.7763713080168776, 0.7777037530535199, 0.7805907172995781, 0.7812569398178992, 0.7768154563624251, 0.7790361980901621, 0.7792582722629359, 0.7794803464357095, 0.7841439040639574, 0.7894736842105263, 0.7779258272262936, 0.785920497446147, 0.782145236508994, 0.7921385742838108, 0.7839218298911836, 0.7854763491005996, 0.7861425716189208, 0.7850322007550522, 0.7930268709749057, 0.7901399067288475, 0.7894736842105263, 0.7908061292471685, 0.7890295358649789, 0.7928047968021319, 0.7921385742838108, 0.7941372418387741, 0.7883633133466578, 0.7952476127026427, 0.7956917610481901, 0.7939151676660005, 0.7981345769487008, 0.793471019320453, 0.7994670219853431, 0.7981345769487008, 0.8019098378858539, 0.8034643570952699, 0.8023539862314013, 0.7985787252942482, 0.8083499888962914, 0.8023539862314013, 0.8074616922051966, 0.8059071729957806, 0.8061292471685543, 0.8045747279591383, 0.8112369531423496, 0.8132356206973129, 0.802576060404175, 0.8081279147235176, 0.8127914723517655],