{"epoch": 160, "macroF1Stance": 0.4554936278971391, "accStance": 0.6910798122065728, "loss": 0.977697491645813, "trainStanceAcc": [0.6346879857872529, 0.661114812347324, 0.6660004441483456, 0.6717743726404619, 0.6746613368865201, 0.677770375305352, 0.679991117033089, 0.6813235620697313, 0.6819897845880524, 0.6797690428603154, 0.6870974905618477, 0.6904286031534532, 0.6879857872529425, 0.6924272707084166, 0.690650677326227, 0.6930934932267377, 0.6908727514990006, 0.6935376415722851, 0.6910948256717744, 0.6935376415722851, 0.6930934932267377, 0.6930934932267377, 0.69442593826338, 0.6910948256717744, 0.6977570508549855, 0.6955363091272485, 0.6942038640906063, 0.6962025316455697, 0.6962025316455697, 0.6970908283366645, 0.6962025316455697, 0.6937597157450589, 0.701976460137686, 0.7013102376193648, 0.6997557184099489, 0.6990894958916278, 0.7008660892738174, 0.6993115700644015, 0.7044192760381968, 0.6999777925827226, 0.7028647568287808, 0.7053075727292916, 0.7046413502109705, 0.7046413502109705, 0.7001998667554963, 0.7048634243837442, 0.704197201865423, 0.7048634243837442, 0.7084166111481235, 0.7090828336664446, 0.709526982011992, 0.7048634243837442, 0.7046413502109705, 0.7084166111481235, 0.7081945369753497, 0.7077503886298023, 0.7097490561847657, 0.7110815012214079, 0.7097490561847657, 0.7081945369753497, 0.7106373528758605, 0.7110815012214079, 0.7115256495669554, 0.7121918720852765, 0.711747723739729, 0.7124139462580502, 0.7121918720852765, 0.7135243171219188, 0.7153009105041084, 0.715522984676882, 0.7184099489229403, 0.7135243171219188, 0.7141905396402398, 0.7179658005773929, 0.7124139462580502, 0.7181878747501665, 0.7215189873417721, 0.7188540972684877, 0.7168554297135243, 0.7184099489229403, 0.7175216522318454, 0.7166333555407506, 0.7244059515878304, 0.7210748389962247, 0.722407284032867, 0.7179658005773929, 0.7184099489229403, 0.7195203197868087, 0.7168554297135243, 0.72618254497002, 0.7237397290695092, 0.7237397290695092, 0.7228514323784144, 0.724628025760604, 0.727737064179436, 0.7204086164779037, 0.7235176548967355, 0.72618254497002, 0.7248500999333778, 0.7255163224516988, 0.7248500999333778, 0.7286253608705308, 0.7239618032422829, 0.7272929158338886, 0.7250721741061514, 0.7239618032422829, 0.7270708416611148, 0.7270708416611148, 0.7264046191427936, 0.7306240284254941, 0.727737064179436, 0.7281812125249834, 0.7257383966244726, 0.7275149900066622, 0.7308461025982678, 0.7315123251165889, 0.728403286697757, 0.7321785476349101, 0.7317343992893627, 0.7339551410170997, 0.7335109926715523, 0.7350655118809682, 0.7339551410170997, 0.7319564734621363, 0.7332889184987786, 0.7346213635354208, 0.7330668443260049, 0.7397290695092161, 0.739062846990895, 0.7368421052631579, 0.7372862536087053, 0.7368421052631579, 0.7383966244725738, 0.7361758827448368, 0.7350655118809682, 0.7392849211636686, 0.7452809238285587, 0.7410615145458583, 0.7406173662003109, 0.7419498112369531, 0.7372862536087053, 0.7392849211636686, 0.7419498112369531, 0.7455029980013325, 0.7406173662003109, 0.7455029980013325, 0.7443926271374639, 0.7455029980013325, 0.750388629802354, 0.750388629802354, 0.7461692205196535, 0.7446147013102377, 0.7441705529646903, 0.7470575172107484, 0.7506107039751277, 0.7514990006662225, 0.7497224072840328, 0.7508327781479014, 0.7497224072840328, 0.7501665556295802, 0.7528314457028648, 0.7539418165667333, 0.7561625582944703, 0.7521652231845436, 0.7577170775038863, 0.7550521874306019, 0.7623806351321342, 0.7592715967133022, 0.7510548523206751, 0.7592715967133022, 0.760159893404397, 0.7590495225405285, 0.7577170775038863, 0.7583833000222074, 0.7643793026870975, 0.7641572285143238, 0.7626027093049078, 0.7661558960692871, 0.7641572285143238, 0.7641572285143238, 0.7646013768598712, 0.7683766377970243, 0.7621585609593604, 0.7679324894514767, 0.7668221185876083, 0.7712636020430824, 0.7677104152787031, 0.7705973795247613, 0.7703753053519876, 0.773040195425272, 0.773040195425272, 0.7692649344881191, 0.7750388629802354, 0.7768154563624251, 0.7719298245614035, 0.7765933821896513, 0.774594714634688, 0.7790361980901621, 0.7723739729069509, 0.7803686431268043, 0.7794803464357095, 0.7805907172995781, 0.7828114590273151, 0.7810348656451255, 0.7812569398178992, 0.7830335332000888, 0.7845880524095048, 0.7868087941372418, 0.7879191650011104, 0.7861425716189208, 0.7852542749278258, 0.7872529424827892, 0.7892516100377526, 0.7936930934932267, 0.7890295358649789, 0.7941372418387741, 0.7919165001110371, 0.7943593160115479, 0.7979125027759272, 0.7963579835665112, 0.7936930934932267, 0.7999111703308905, 0.7996890961581168, 0.7952476127026427, 0.7979125027759272, 0.8005773928492116, 0.802576060404175, 0.8047968021319121, 0.802576060404175, 0.8032422829224961, 0.8074616922051966, 0.8045747279591383, 0.8056850988230069, 0.8087941372418388, 0.808572063069065, 0.8154563624250499, 0.8103486564512548, 0.8121252498334444, 0.806351321341328, 0.8119031756606707, 0.8154563624250499, 0.8143459915611815, 0.8165667332889185, 0.8165667332889185, 0.8136797690428603, 0.817677104152787, 0.8183433266711081, 0.8221185876082612, 0.8236731068176771, 0.819231623362203, 0.8247834776815456, 0.8198978458805241, 0.8258938485454141, 0.8236731068176771, 0.8281145902731513, 0.8236731068176771, 0.8307794803464357, 0.8265600710637353, 0.826782145236509, 0.8298911836553409],