{"epoch": 55, "macroF1Stance": 0.4622736197409065, "accStance": 0.72018779342723, "loss": 0.8305990695953369, "trainStanceAcc": [0.3353320008882967, 0.661114812347324, 0.661114812347324, 0.661114812347324, 0.661114812347324, 0.661114812347324, 0.661114812347324, 0.661114812347324, 0.661114812347324, 0.661114812347324, 0.661114812347324, 0.6635576282478348, 0.6744392627137464, 0.6766600044414834, 0.6768820786142572, 0.6811014878969576, 0.6835443037974683, 0.6884299355984899, 0.6886520097712636, 0.6877637130801688, 0.6915389740173218, 0.6926493448811903, 0.6946480124361537, 0.69442593826338, 0.6957583833000222, 0.698201199200533, 0.6997557184099489, 0.6990894958916278, 0.7008660892738174, 0.7046413502109705, 0.7070841661114813, 0.7066400177659338, 0.7075283144570287, 0.7084166111481235, 0.7093049078392183, 0.7113035753941817, 0.709526982011992, 0.711747723739729, 0.7172995780590717, 0.7164112813679769, 0.717077503886298, 0.7161892071952032, 0.7217410615145459, 0.7177437264046191, 0.7184099489229403, 0.7221852098600933, 0.7190761714412613, 0.7181878747501665, 0.7221852098600933, 0.7219631356873195, 0.7239618032422829, 0.72618254497002, 0.7244059515878304, 0.72618254497002, 0.727737064179436, 0.7235176548967355, 0.7257383966244726, 0.727737064179436, 0.7279591383522096, 0.724628025760604, 0.7248500999333778, 0.7290695092160782, 0.7268487674883412, 0.7255163224516988, 0.7297357317343993, 0.727737064179436, 0.7304019542527204, 0.7270708416611148, 0.7279591383522096, 0.7288474350433045, 0.7286253608705308, 0.7286253608705308, 0.727737064179436, 0.7306240284254941, 0.7321785476349101, 0.7310681767710415, 0.729957805907173, 0.7319564734621363, 0.7301798800799467, 0.7339551410170997, 0.7312902509438153, 0.7335109926715523, 0.7328447701532311, 0.7328447701532311, 0.7319564734621363, 0.735287586053742, 0.7368421052631579, 0.7355096602265156, 0.7355096602265156, 0.735287586053742, 0.7372862536087053, 0.735953808572063, 0.737508327781479, 0.7350655118809682, 0.7395069953364424, 0.7417277370641794, 0.7399511436819898, 0.7386186986453476, 0.739062846990895, 0.7399511436819898, 0.7395069953364424, 0.7397290695092161, 0.7419498112369531, 0.7395069953364424, 0.7426160337552743, 0.7403952920275372, 0.7472795913835221, 0.7459471463468799, 0.7461692205196535, 0.7441705529646903, 0.7475016655562958, 0.7481678880746169, 0.7468354430379747, 0.7490561847657118, 0.7497224072840328, 0.7475016655562958, 0.7479458139018432, 0.7512769264934488, 0.7501665556295802, 0.7492782589384854, 0.7554963357761493, 0.7559404841216967, 0.7577170775038863, 0.7581612258494337, 0.761714412613813, 0.7577170775038863, 0.7623806351321342, 0.7641572285143238, 0.7637130801687764, 0.7628247834776816, 0.7674883411059293, 0.7652675993781923, 0.7717077503886298, 0.7717077503886298, 0.7703753053519876, 0.7694870086608927, 0.7694870086608927, 0.7692649344881191, 0.7723739729069509, 0.7754830113257828, 0.7741505662891406, 0.778369975571841, 0.7757050854985565, 0.7788141239173884, 0.7868087941372418, 0.7819231623362203, 0.7834776815456362, 0.7850322007550522, 0.7908061292471685, 0.7932489451476793, 0.7885853875194315, 0.7925827226293582, 0.7936930934932267, 0.7970242060848324, 0.798800799467022], "trainStanceF1": [0.21383156600250117, 0.19899732620320856, 0.19899732620320856, 0.19899732620320856, 0.19899732620320856, 0.19899732620320856, 0.19899732620320856, 0.19899732620320856, 0.19899732620320856, 0.19899732620320856, 0.19899732620320856, 0.21124282364356756, 0.2628605114585339, 0.29406301424414005, 0.30642300331419503, 0.3112371374325257, 0.31495286447805226, 0.32046324916294466, 0.321924525014334, 0.3243126564587717, 0.3252983755342974, 0.3295939984864803, 0.33601311259435873, 0.3482024895642866, 0.3578131367112214, 0.3712648948796333, 0.39240757106917035, 0.3931371419699027, 0.4098237783786336, 0.41812985003281344, 0.42906686013097006, 0.4318512310287542, 0.4357779376410854, 0.43767374702309114, 0.4407842170961689, 0.4414036940720011, 0.4391192517256487, 0.4469830399225784, 0.45498309472107695, 0.45352772008050213, 0.4561985913781785, 0.4546261414746394, 0.4649305131933479, 0.45809818911205313, 0.45468750517384193, 0.45450828122421194, 0.4617747736674371, 0.45846634474125736, 0.4629391601865125, 0.45709891371985484, 0.4668605887382891, 0.4640959992233964, 0.46693883732754793, 0.4651175267431231, 0.4703085597542016, 0.4641469271297837, 0.46583979200689307, 0.4700705549340899, 0.47222926547069377, 0.4634731575175786, 0.4611466633095885, 0.47120692461206803, 0.46478115727002967, 0.4666509308504625, 0.4697201101754652, 0.46650098936786866, 0.46503843382705085, 0.46559632302607024, 0.47013600967715097, 0.4676013762563401, 0.46938801729172663, 0.4650912883754945, 0.46136219468075157, 0.47412022174606583, 0.4692107063175087, 0.47191098089083044, 0.4686433814361368, 0.47319722397832836, 0.4674079743856698, 0.47183561775466554, 0.4736727698482308, 0.4723477857502394, 0.47372172671594137, 0.47300633956225924, 0.4711322469407268, 0.47582374733673416, 0.4758686267376876, 0.4746232208845118, 0.4796308091107194, 0.47553026984538915, 0.4787167462161708, 0.47496257896962935, 0.47919239880025644, 0.4706118850284158, 0.4870775717981909, 0.4845325022488032, 0.484299032970411, 0.4782812487466695, 0.4809047434808805, 0.48042815378858245, 0.4811623064902358, 0.4808513039830772, 0.48392735999688796, 0.4817663903564265, 0.4869213372277422, 0.48320039143862703, 0.493105365754892, 0.4900870490564923, 0.4956370879954658, 0.4852896971649767, 0.4939211417218275, 0.49292585429985936, 0.4938072539329268, 0.4957963072167937, 0.49765456219396553, 0.4949825405409899, 0.49528756002294816, 0.500439567549228, 0.49749077362061433, 0.4975802577094943, 0.5046398131790408, 0.5089789824705815, 0.5081998454876663, 0.512781920162167, 0.5154262299171244, 0.5139924803939875, 0.5215005677616925, 0.5331497171649958, 0.5284649982544216, 0.5371841076539021, 0.5456871969855754, 0.541477635934495, 0.5552615977928388, 0.5563050414544423, 0.558384995432659, 0.5557874444824399, 0.559455442357728, 0.5620128254941912, 0.5704574102343547, 0.5716521079067524, 0.577146322352103, 0.5914429659662612, 0.5854166603940666, 0.5898216247347704, 0.603543684206456, 0.5967346266187702, 0.6023899028833954, 0.6075270971792771, 0.618509001919532, 0.623545738775138, 0.6175039814577457, 0.6221867938855413, 0.6262323081595298, 0.6276358504039032, 0.6371478756993296], "trainLoss": [], "testStanceAcc": [0.6647887323943662, 0.6647887323943662, 0.6845070422535211, 0.6892018779342723, 0.6967136150234742, 0.7032863849765258, 0.7061032863849765, 0.7107981220657277, 0.7154929577464789, 0.7145539906103286, 0.72018779342723, 0.7154929577464789, 0.7192488262910798, 0.7230046948356808, 0.7107981220657277, 0.7173708920187793, 0.7183098591549296, 0.7183098591549296, 0.7136150234741784, 0.7136150234741784, 0.7032863849765258, 0.7061032863849765, 0.7032863849765258, 0.6985915492957746, 0.6892018779342723, 0.67981220657277, 0.6873239436619718, 0.6619718309859155, 0.6619718309859155, 0.6685446009389672, 0.6647887323943662], "testStanceF1": [0.1996615905245347, 0.1996615905245347, 0.31182837808202013, 0.31737500779793304, 0.35644589291744055, 0.41671455174248473, 0.42175053173749316, 0.4328982709388199, 0.44404026624599224, 0.458266277523652, 0.4622736197409065, 0.4440392753092157, 0.45282850285391585, 0.4573798522287379, 0.4469837625293491, 0.4565740045275651, 0.44873517590555106, 0.45845831333628073, 0.43680229228846534, 0.4480916763919852, 0.4411504835047536, 0.43932576132220647, 0.43181975781910326, 0.4317123128748339, 0.4254155304796079, 0.41310528010166614, 0.4202513467048019, 0.42584325124780537, 0.40848697320423444, 0.4350393231287405, 0.43473087614776995],