{"epoch": 75, "macroF1Stance": 0.45011468446555614, "accStance": 0.7164319248826291, "loss": 0.8485699892044067, "trainStanceAcc": [0.607372862536087, 0.661114812347324, 0.661114812347324, 0.661114812347324, 0.661114812347324, 0.661114812347324, 0.661114812347324, 0.661114812347324, 0.6615589606928715, 0.673995114368199, 0.6857650455252055, 0.6870974905618477, 0.6895403064623584, 0.691316899844548, 0.6926493448811903, 0.690650677326227, 0.69442593826338, 0.6935376415722851, 0.6930934932267377, 0.6948700866089274, 0.6959804574727959, 0.6948700866089274, 0.6979791250277593, 0.6970908283366645, 0.6986453475460804, 0.6975349766822119, 0.70042194092827, 0.6979791250277593, 0.70042194092827, 0.704197201865423, 0.7021985343104596, 0.7044192760381968, 0.705751721074839, 0.7039751276926494, 0.705751721074839, 0.7068620919387075, 0.7039751276926494, 0.7059737952476127, 0.7073062402842549, 0.7070841661114813, 0.7099711303575394, 0.7093049078392183, 0.7099711303575394, 0.7090828336664446, 0.7081945369753497, 0.7106373528758605, 0.7104152787030868, 0.7099711303575394, 0.7110815012214079, 0.7128580946035976, 0.7104152787030868, 0.7128580946035976, 0.7128580946035976, 0.7126360204308239, 0.7144126138130136, 0.7166333555407506, 0.7150788363313346, 0.718632023095714, 0.7175216522318454, 0.7179658005773929, 0.7206306906506773, 0.7201865423051299, 0.7172995780590717, 0.7212969131689985, 0.7239618032422829, 0.7217410615145459, 0.7230735065511881, 0.7244059515878304, 0.7248500999333778, 0.7244059515878304, 0.727737064179436, 0.7272929158338886, 0.7244059515878304, 0.7270708416611148, 0.7275149900066622, 0.7297357317343993, 0.727737064179436, 0.7317343992893627, 0.7317343992893627, 0.728403286697757, 0.728403286697757, 0.7332889184987786, 0.7301798800799467, 0.733733066844326, 0.7335109926715523, 0.7321785476349101, 0.7317343992893627, 0.7297357317343993, 0.7324006218076837, 0.7363979569176105, 0.7363979569176105, 0.739062846990895, 0.7388407728181212, 0.7370641794359316, 0.7341772151898734, 0.7363979569176105, 0.735953808572063, 0.7423939595825005, 0.741283588718632, 0.7383966244725738, 0.7401732178547635, 0.7448367754830113, 0.7435043304463691, 0.7448367754830113, 0.7423939595825005, 0.7461692205196535, 0.7463912946924273, 0.7432822562735953, 0.7497224072840328, 0.75194314901177, 0.7479458139018432, 0.7508327781479014, 0.7554963357761493, 0.752609371530091, 0.7514990006662225, 0.7543859649122807, 0.7561625582944703, 0.7583833000222074, 0.7603819675771708, 0.7588274483677548, 0.7583833000222074, 0.7610481900954918, 0.7637130801687764, 0.7590495225405285, 0.7670441927603819, 0.7699311570064401, 0.7659338218965135, 0.7674883411059293, 0.7741505662891406, 0.7699311570064401, 0.7685987119697979, 0.7719298245614035, 0.7697090828336665, 0.7774816788807462, 0.7759271596713302, 0.7754830113257828, 0.7752609371530091, 0.7828114590273151, 0.7754830113257828, 0.7825893848545414, 0.7852542749278258, 0.7894736842105263, 0.7781479013990673, 0.7868087941372418, 0.7894736842105263, 0.7861425716189208, 0.787475016655563, 0.7888074616922052, 0.7912502775927159, 0.795025538529869, 0.793471019320453, 0.7921385742838108, 0.7930268709749057, 0.7961359093937375, 0.7928047968021319, 0.7994670219853431, 0.7976904286031534, 0.8067954696868754, 0.8036864312680435, 0.8052409504774595, 0.8012436153675327, 0.8054630246502332, 0.8087941372418388, 0.8047968021319121, 0.8103486564512548, 0.8081279147235176, 0.8096824339329336, 0.8130135465245392, 0.8143459915611815, 0.8090162114146124, 0.8121252498334444, 0.8161225849433711, 0.8178991783255607, 0.8172329558072396, 0.8201199200532978], "trainStanceF1": [0.22305826852420238, 0.19899732620320856, 0.19899732620320856, 0.19899732620320856, 0.19899732620320856, 0.19899732620320856, 0.19899732620320856, 0.19899732620320856, 0.20212650844906857, 0.2512143401506511, 0.30525543550753637, 0.3115938610166123, 0.321117640280163, 0.3208083390507106, 0.32633964009277777, 0.3253731730912821, 0.3286004140649804, 0.32828704438007306, 0.3289704988050697, 0.33146319953964476, 0.33234791538341146, 0.331097117980696, 0.33410504067213437, 0.3327465018534955, 0.3357798289069422, 0.3319085845428403, 0.3372239995083261, 0.33545644176920464, 0.3366220376427149, 0.3399874803182429, 0.33790272712230235, 0.34041325260602784, 0.34073284879562926, 0.34134603368471894, 0.34075319590003456, 0.3444532574993061, 0.3391900864882448, 0.337948785465078, 0.34308626836982875, 0.34194182388321204, 0.34268115942028987, 0.344699604591347, 0.34491712023737897, 0.34321552231072905, 0.3435010940919037, 0.3444545626444138, 0.3437345619516363, 0.3433279446886646, 0.3467196614570579, 0.3477780219589771, 0.34585534745591406, 0.34823982656739105, 0.35574102301144317, 0.3587988753405251, 0.36916780789195924, 0.37672718990031107, 0.38018156576381323, 0.38883510059684445, 0.39595575144472883, 0.3991172020926008, 0.4066146686515068, 0.40885588613050605, 0.40998666994684435, 0.4209919388800142, 0.4323352570569873, 0.42423364657186946, 0.43425033187771, 0.4377933177476811, 0.43833146584229976, 0.4407896179847424, 0.44544853570683984, 0.4475756843880497, 0.44557580589799417, 0.44317986035859713, 0.44462155087127364, 0.45413935580908904, 0.44684885804765606, 0.45672248757590816, 0.45228272771345746, 0.45324400461406344, 0.4514423029288247, 0.4589599509338337, 0.4512267422755534, 0.46316684701466987, 0.4587117551924335, 0.46184036562814496, 0.4562133332720065, 0.4517603210123272, 0.46035770393428255, 0.46195776378972286, 0.46432238886401733, 0.4670459541825236, 0.47173151519711926, 0.47004029762162436, 0.46102480903139786, 0.46758980734196853, 0.46502047202251495, 0.4737117201027185, 0.4737226813552396, 0.46784485432047285, 0.4705379371571296, 0.4816744971578756, 0.4782218636306942, 0.48226242366976135, 0.4839800596103735, 0.48192334639707224, 0.4848293133054645, 0.4805389146002987, 0.4988117112714693, 0.4976402329458133, 0.49561271306617627, 0.49668763480676636, 0.5052908040208761, 0.500373103124217, 0.5012869606753283, 0.5044756337083521, 0.5122572867381086, 0.5149408587209418, 0.5215318988200799, 0.5176822672188631, 0.5164880907827161, 0.5248256569729293, 0.5244863793009459, 0.5329937874283055, 0.5425922967434145, 0.5451367749055036, 0.5438008953704203, 0.5403484865303733, 0.5584411302952342, 0.554654029436056, 0.5513974287668942, 0.5595397040952008, 0.5586864862198424, 0.5748248236015707, 0.5747238761983848, 0.5725109451595038, 0.574874608454245, 0.588233445524689, 0.5784071315308228, 0.5900150456086406, 0.5905105566448504, 0.5979426633027733, 0.5835472091344123, 0.599991897016714, 0.6028879244675668, 0.6009399645805783, 0.6001757134176648, 0.601304802314982, 0.6163069533551224, 0.6160069596307346, 0.6129223300518005, 0.6155275277760024, 0.6155239939976764, 0.619533774905505, 0.6090171375965299, 0.6322780605734777, 0.6280991154501002, 0.6398540631191283, 0.6415747991761709, 0.6430306608541243, 0.6355485156212594, 0.6437688152832094, 0.6495341572800627, 0.641794333016911, 0.6502102566894299, 0.6534613809391052, 0.6500967089079881, 0.6649102779559609, 0.6616051224026263, 0.6569100360650658, 0.6596884056534802, 0.6661274551502183, 0.6707011197497503, 0.6705984984956315, 0.6765931972920222], "trainLoss": [], "testStanceAcc": [0.6647887323943662, 0.6863849765258216, 0.6929577464788732, 0.6948356807511737, 0.6967136150234742, 0.6976525821596244, 0.6976525821596244, 0.6995305164319249, 0.6995305164319249, 0.6995305164319249, 0.7061032863849765, 0.7051643192488263, 0.7173708920187793, 0.7211267605633803, 0.7164319248826291, 0.7154929577464789, 0.7173708920187793, 0.7136150234741784, 0.7136150234741784, 0.7089201877934272, 0.7089201877934272, 0.6948356807511737, 0.704225352112676, 0.7023474178403756, 0.6638497652582159, 0.6769953051643193, 0.6882629107981221, 0.6807511737089202, 0.6582159624413145, 0.6713615023474179, 0.6535211267605634, 0.6629107981220658, 0.6262910798122066, 0.6610328638497652, 0.6553990610328638],