{"epoch": 50, "macroF1Stance": 0.4499768170067898, "accStance": 0.7164319248826291, "loss": 0.8807724714279175, "trainStanceAcc": [0.6124805685098823, 0.661114812347324, 0.6675549633577615, 0.6773262269598046, 0.6837663779702421, 0.6842105263157895, 0.6879857872529425, 0.689096158116811, 0.6917610481900955, 0.6904286031534532, 0.6888740839440373, 0.690650677326227, 0.6935376415722851, 0.6953142349544748, 0.6924272707084166, 0.6939817899178325, 0.6953142349544748, 0.6948700866089274, 0.6975349766822119, 0.6955363091272485, 0.6984232733733067, 0.6968687541638907, 0.6968687541638907, 0.6975349766822119, 0.7017543859649122, 0.6995336442371752, 0.7053075727292916, 0.701976460137686, 0.7050854985565179, 0.7033089051743282, 0.7021985343104596, 0.7077503886298023, 0.6999777925827226, 0.7070841661114813, 0.7077503886298023, 0.7099711303575394, 0.7106373528758605, 0.7097490561847657, 0.7059737952476127, 0.7119697979125028, 0.7115256495669554, 0.7139684654674662, 0.7135243171219188, 0.7113035753941817, 0.7159671330224295, 0.7121918720852765, 0.7190761714412613, 0.717077503886298, 0.717077503886298, 0.7164112813679769, 0.7197423939595825, 0.7199644681323563, 0.7210748389962247, 0.7206306906506773, 0.7179658005773929, 0.7204086164779037, 0.7215189873417721, 0.7201865423051299, 0.7252942482789252, 0.7237397290695092, 0.7264046191427936, 0.7257383966244726, 0.7255163224516988, 0.7219631356873195, 0.7264046191427936, 0.7232955807239618, 0.7226293582056407, 0.7290695092160782, 0.7292915833888519, 0.7286253608705308, 0.7290695092160782, 0.7315123251165889, 0.7306240284254941, 0.7326226959804575, 0.7308461025982678, 0.7339551410170997, 0.7319564734621363, 0.7368421052631579, 0.7343992893626471, 0.7381745502998002, 0.7341772151898734, 0.7368421052631579, 0.7399511436819898, 0.7423939595825005, 0.7388407728181212, 0.7397290695092161, 0.7395069953364424, 0.748834110592938, 0.7470575172107484, 0.7457250721741061, 0.7457250721741061, 0.7481678880746169, 0.7443926271374639, 0.7497224072840328, 0.7481678880746169, 0.7479458139018432, 0.75194314901177, 0.7506107039751277, 0.7537197423939596, 0.7543859649122807, 0.7563846324672441, 0.75793915167666, 0.7563846324672441, 0.7588274483677548, 0.7550521874306019, 0.7599378192316234, 0.760159893404397, 0.7606040417499444, 0.7621585609593604, 0.7623806351321342, 0.7650455252054186, 0.7668221185876083, 0.7670441927603819, 0.765489673550966, 0.7677104152787031, 0.7743726404619142, 0.7728181212524984, 0.7712636020430824, 0.7757050854985565, 0.7743726404619142, 0.7777037530535199, 0.7754830113257828, 0.7794803464357095, 0.7825893848545414, 0.7819231623362203, 0.7810348656451255, 0.7830335332000888, 0.7848101265822784, 0.7854763491005996, 0.7872529424827892, 0.7868087941372418, 0.7881412391738841, 0.795025538529869, 0.7936930934932267, 0.8001332445036642, 0.796580057739285, 0.7928047968021319, 0.8016877637130801, 0.8019098378858539, 0.8052409504774595, 0.8010215411947591, 0.8016877637130801, 0.8043526537863647, 0.8054630246502332, 0.810126582278481, 0.811681101487897, 0.8123473240062181, 0.8159005107705973, 0.8141239173884077, 0.8145680657339551], "trainStanceF1": [0.20585814020004276, 0.19899732620320856, 0.24525418580133304, 0.29417599243011266, 0.3113509075767866, 0.30826627231582265, 0.3146593674832513, 0.3177719300625314, 0.32009953617157877, 0.31729910086114704, 0.32001559574729765, 0.32189518871132267, 0.3233938898028941, 0.32545929761868536, 0.3252055429335735, 0.32328179452210626, 0.3301636962332707, 0.3317556879249849, 0.3370972806305018, 0.3373626957558091, 0.35909183194503846, 0.36003756468894743, 0.3661908963354871, 0.3765781860505928, 0.38468591453940504, 0.39267520460280525, 0.3967229769906522, 0.3936035326619328, 0.40347535191967876, 0.40367702288496404, 0.3986852961814472, 0.4101082070423011, 0.40673082661891974, 0.41416466576591526, 0.4128715948500232, 0.4212508175188098, 0.4155214732685534, 0.4165029083505003, 0.41844543201244594, 0.42650957118984756, 0.4266103620115669, 0.43290702030888517, 0.42917419189272843, 0.43123966667385305, 0.43627254063804605, 0.4352270004981448, 0.4390714959537937, 0.43866659682815723, 0.44043093545096046, 0.4352389074478852, 0.4431573951532416, 0.4463783355816604, 0.44979691924563253, 0.45081296180736025, 0.4419268211487518, 0.4493103062689394, 0.45142304766500707, 0.447348335900645, 0.4583705436245945, 0.45620133686398356, 0.4610090529402472, 0.4584787642540119, 0.4600741862776948, 0.4627455028521389, 0.45728728344068126, 0.4637606461162248, 0.4606961287505727, 0.4677319820922511, 0.47060093880901926, 0.47291163191909447, 0.4749096323997112, 0.4813553879868712, 0.47846650703031746, 0.48048998431921597, 0.4748663584527627, 0.481861841502617, 0.48224867353427203, 0.49266730135107895, 0.4878155406840735, 0.4920327729911773, 0.49243552426086656, 0.49293200408154214, 0.4997937532771715, 0.5060799063266779, 0.5004921708994758, 0.5073619372523455, 0.5060858754572668, 0.5288833686608678, 0.5178178332122316, 0.5210903949112095, 0.525554537947234, 0.5187571719386443, 0.5175536449786021, 0.5308171747467033, 0.5263524386277009, 0.5309016444297716, 0.5392859096379368, 0.5326769245672827, 0.5450747673785828, 0.5467231542105927, 0.5484938977492212, 0.5545346704143921, 0.5525185511035295, 0.562367767726523, 0.5570597598183755, 0.5641103531227664, 0.5635597513188444, 0.5627688388347634, 0.5734905387960229, 0.568172961500737, 0.569924173462815, 0.5808062254419327, 0.5810138151375837, 0.5787158474164052, 0.5805577709473163, 0.5979610389627559, 0.5881830375046503, 0.5932654046734083, 0.6002207355532776, 0.599493134332849, 0.6088058108175933, 0.6061217808361311, 0.6098524961320038, 0.6090793123699874, 0.6163487104626124, 0.6115061069105188, 0.619414086048214, 0.6189336762716563, 0.6193048948347109, 0.6297354191474587, 0.6277850900162049, 0.6326882954439951, 0.6487345146869318, 0.6475088521609069, 0.6499182098982779, 0.6455512303546007, 0.64779020810374, 0.6531553633372915, 0.6577523286285194, 0.6586603912565012, 0.6587752495996916, 0.6571414818813062, 0.6630374390258775, 0.6659555964835684, 0.6725928776287727, 0.6759497509133381, 0.6792752874256529, 0.6824101171311872, 0.6799235946538335, 0.6789696720940948], "trainLoss": [], "testStanceAcc": [0.6845070422535211, 0.692018779342723, 0.6976525821596244, 0.7023474178403756, 0.7051643192488263, 0.7107981220657277, 0.7145539906103286, 0.7173708920187793, 0.711737089201878, 0.7164319248826291, 0.7136150234741784, 0.7051643192488263, 0.6948356807511737, 0.6929577464788732, 0.6882629107981221, 0.6854460093896714, 0.7070422535211267, 0.6816901408450704, 0.672300469483568, 0.6845070422535211, 0.6873239436619718, 0.6769953051643193, 0.6516431924882629, 0.6713615023474179, 0.6807511737089202, 0.6676056338028169, 0.6600938967136151, 0.6300469483568075, 0.6525821596244131, 0.6488262910798122], "testStanceF1": [0.3100105258308141, 0.32137410519763465, 0.3254256993006993, 0.3410656145977598, 0.4058715101941765, 0.410683240213213, 0.41768714630556736, 0.4409855196474349, 0.42557818697368166, 0.4499768170067898, 0.44256672645757156, 0.4432533361650915, 0.4418050263799218, 0.4300969143880147, 0.4344175923016561, 0.4275431805037069, 0.42900175740372204, 0.4402582629790168, 0.4424937135115642, 0.4449345853969662, 0.43372584804551306, 0.4442952072278351, 0.41873813994091114, 0.433740390350304, 0.4288144372865984, 0.43600208286562403, 0.42670923906766095, 0.43287459648395965, 0.43082144211336126, 0.42790266966499446],