{"epoch": 180, "macroF1Stance": 0.4536815906865412, "accStance": 0.6507042253521127, "loss": 1.291188359260559, "trainStanceAcc": [0.661114812347324, 0.661114812347324, 0.661114812347324, 0.661114812347324, 0.661114812347324, 0.661114812347324, 0.661114812347324, 0.661114812347324, 0.6613368865200977, 0.6731068176771041, 0.6813235620697313, 0.6826560071063735, 0.6870974905618477, 0.6882078614257162, 0.6902065289806796, 0.6868754163890739, 0.6877637130801688, 0.6935376415722851, 0.6917610481900955, 0.6937597157450589, 0.6959804574727959, 0.6962025316455697, 0.6979791250277593, 0.698201199200533, 0.6948700866089274, 0.6975349766822119, 0.6968687541638907, 0.6988674217188541, 0.6986453475460804, 0.7006440151010438, 0.6997557184099489, 0.7017543859649122, 0.7006440151010438, 0.70042194092827, 0.70042194092827, 0.7026426826560072, 0.7039751276926494, 0.7046413502109705, 0.7037530535198756, 0.7053075727292916, 0.7055296469020653, 0.7130801687763713, 0.7104152787030868, 0.7079724628025761, 0.7119697979125028, 0.7159671330224295, 0.7084166111481235, 0.7153009105041084, 0.7144126138130136, 0.7190761714412613, 0.7141905396402398, 0.7128580946035976, 0.7157450588496558, 0.7184099489229403, 0.7157450588496558, 0.7195203197868087, 0.7150788363313346, 0.7188540972684877, 0.7190761714412613, 0.7217410615145459, 0.7188540972684877, 0.7206306906506773, 0.7235176548967355, 0.7212969131689985, 0.7190761714412613, 0.7208527648234511, 0.722407284032867, 0.7248500999333778, 0.7235176548967355, 0.7210748389962247, 0.7250721741061514, 0.7230735065511881, 0.722407284032867, 0.7272929158338886, 0.7259604707972462, 0.7279591383522096, 0.7275149900066622, 0.7306240284254941, 0.7297357317343993, 0.7290695092160782, 0.7266266933155674, 0.7272929158338886, 0.7312902509438153, 0.7317343992893627, 0.728403286697757, 0.7310681767710415, 0.7304019542527204, 0.7301798800799467, 0.7335109926715523, 0.7321785476349101, 0.7341772151898734, 0.7343992893626471, 0.737508327781479, 0.7335109926715523, 0.7361758827448368, 0.7339551410170997, 0.7372862536087053, 0.737508327781479, 0.7388407728181212, 0.7417277370641794, 0.7366200310903842, 0.7408394403730846, 0.7386186986453476, 0.7408394403730846, 0.7421718854097269, 0.7426160337552743, 0.7430601821008217, 0.7448367754830113, 0.7452809238285587, 0.7443926271374639, 0.7477237397290695, 0.7475016655562958, 0.7486120364201644, 0.7481678880746169, 0.7499444814568066, 0.7468354430379747, 0.75194314901177, 0.7499444814568066, 0.752609371530091, 0.7586053741949811, 0.7568287808127915, 0.7557184099489229, 0.7528314457028648, 0.7572729291583389, 0.7550521874306019, 0.7588274483677548, 0.7590495225405285, 0.7603819675771708, 0.760159893404397, 0.760159893404397, 0.7606040417499444, 0.7661558960692871, 0.7670441927603819, 0.7657117477237397, 0.7659338218965135, 0.7663779702420609, 0.7690428603153453, 0.7688207861425717, 0.7690428603153453, 0.7710415278703087, 0.7714856762158561, 0.7763713080168776, 0.7790361980901621, 0.7779258272262936, 0.7808127914723517, 0.7785920497446147, 0.7832556073728625, 0.7845880524095048, 0.7830335332000888, 0.7863646457916944, 0.785920497446147, 0.7901399067288475, 0.7872529424827892, 0.7908061292471685, 0.7910282034199423, 0.7948034643570953, 0.7976904286031534, 0.7954696868754164, 0.7963579835665112, 0.7970242060848324, 0.7979125027759272, 0.8007994670219853, 0.8019098378858539, 0.8032422829224961, 0.8003553186764379, 0.8030202087497224, 0.8065733955141017, 0.8083499888962914, 0.8045747279591383, 0.8103486564512548, 0.811681101487897, 0.8072396180324228, 0.8119031756606707, 0.8147901399067289, 0.8159005107705973, 0.8225627359538086, 0.8150122140795025, 0.8161225849433711, 0.8174550299800133, 0.8201199200532978, 0.8187874750166556, 0.8223406617810348, 0.826782145236509, 0.8234510326449034, 0.82145236508994, 0.8258938485454141, 0.8245614035087719, 0.8263379968909615, 0.8281145902731513, 0.8283366644459249, 0.8314457028647568, 0.8310015545192094, 0.8341105929380414, 0.8316677770375306, 0.8334443704197202, 0.8385520763935155, 0.8401065956029313, 0.8372196313568732, 0.8383300022207417, 0.8414390406395736, 0.8383300022207417, 0.8436597823673107, 0.8409948922940262, 0.8467688207861426, 0.8443260048856318, 0.8458805240950478, 0.84721296913169, 0.8465467466133688, 0.8469908949589163, 0.8523206751054853, 0.8518765267599379, 0.8523206751054853, 0.8523206751054853, 0.8492116366866533, 0.8525427492782589, 0.8527648234510327, 0.856318010215412, 0.8567621585609594, 0.858538751943149, 0.8603153453253387, 0.8603153453253387, 0.8614257161892072, 0.8638685320897179, 0.8609815678436598, 0.8618698645347546, 0.868310015545192, 0.8638685320897179, 0.8665334221630024, 0.8632023095713969, 0.869198312236287, 0.8667554963357762, 0.8734177215189873, 0.8731956473462137, 0.8731956473462137, 0.8694203864090606, 0.8754163890739507, 0.8727514990006662, 0.8760826115922719, 0.8760826115922719, 0.8754163890739507, 0.8787475016655563, 0.8774150566289141, 0.8834110592938041, 0.8758605374194981, 0.881190317566067, 0.8820786142571619, 0.8865200977126361, 0.8862980235398623, 0.8840772818121253, 0.8867421718854097, 0.8845214301576727, 0.8889629136131468, 0.8907395069953364, 0.890295358649789, 0.8882966910948257, 0.8931823228958472, 0.893404397068621, 0.8922940262047524, 0.8927381745502998, 0.8938485454141684, 0.8962913613146791, 0.8954030646235843, 0.9002886964246058, 0.8989562513879635, 0.8978458805240951, 0.8987341772151899, 0.9009549189429269, 0.8987341772151899, 0.8965134354874528, 0.9033977348434377, 0.903175660670664, 0.9045081057073062, 0.8996224739062847, 0.901621141461248, 0.9029535864978903, 0.9002886964246058, 0.9067288474350433, 0.9100599600266489, 0.9078392182989118, 0.9089495891627803],