{"epoch": 65, "macroF1Stance": 0.43759569351060973, "accStance": 0.7107981220657277, "loss": 0.8724754452705383, "trainStanceAcc": [0.5487452809238286, 0.661114812347324, 0.661114812347324, 0.661114812347324, 0.6653342216300244, 0.6746613368865201, 0.681545636242505, 0.685320897179658, 0.6902065289806796, 0.6908727514990006, 0.690650677326227, 0.6902065289806796, 0.6922051965356429, 0.6926493448811903, 0.6919831223628692, 0.6926493448811903, 0.6950921607817011, 0.6962025316455697, 0.6966466799911171, 0.6959804574727959, 0.6953142349544748, 0.6957583833000222, 0.6975349766822119, 0.6995336442371752, 0.7017543859649122, 0.6975349766822119, 0.6990894958916278, 0.7021985343104596, 0.6973129025094381, 0.703530979347102, 0.7024206084832334, 0.701976460137686, 0.7006440151010438, 0.7050854985565179, 0.7053075727292916, 0.7059737952476127, 0.7081945369753497, 0.7086386853208971, 0.7079724628025761, 0.7068620919387075, 0.7119697979125028, 0.7113035753941817, 0.7099711303575394, 0.713302242949145, 0.7061958694203864, 0.7097490561847657, 0.7088607594936709, 0.7161892071952032, 0.7153009105041084, 0.7104152787030868, 0.7161892071952032, 0.7141905396402398, 0.714856762158561, 0.7157450588496558, 0.7181878747501665, 0.7212969131689985, 0.7192982456140351, 0.7197423939595825, 0.722407284032867, 0.7204086164779037, 0.7159671330224295, 0.7192982456140351, 0.7255163224516988, 0.7190761714412613, 0.7232955807239618, 0.7230735065511881, 0.7259604707972462, 0.7228514323784144, 0.724628025760604, 0.7235176548967355, 0.7232955807239618, 0.7264046191427936, 0.7272929158338886, 0.7270708416611148, 0.7286253608705308, 0.7250721741061514, 0.7310681767710415, 0.7332889184987786, 0.7339551410170997, 0.7310681767710415, 0.7339551410170997, 0.7315123251165889, 0.7343992893626471, 0.7324006218076837, 0.7310681767710415, 0.7379524761270264, 0.7399511436819898, 0.7348434377081945, 0.7363979569176105, 0.7372862536087053, 0.7348434377081945, 0.7372862536087053, 0.7397290695092161, 0.7432822562735953, 0.7459471463468799, 0.741283588718632, 0.7397290695092161, 0.7403952920275372, 0.7450588496557851, 0.7437264046191427, 0.7417277370641794, 0.7477237397290695, 0.7492782589384854, 0.7508327781479014, 0.752609371530091, 0.746613368865201, 0.7508327781479014, 0.7534976682211859, 0.7546080390850544, 0.7546080390850544, 0.7523872973573174, 0.75793915167666, 0.7572729291583389, 0.7619364867865868, 0.7588274483677548, 0.7606040417499444, 0.7597157450588496, 0.763268931823229, 0.763268931823229, 0.7668221185876083, 0.7666000444148345, 0.7705973795247613, 0.7694870086608927, 0.7685987119697979, 0.7759271596713302, 0.7701532311792139, 0.7737064179435932, 0.7734843437708194, 0.7752609371530091, 0.7757050854985565, 0.7770375305351988, 0.7765933821896513, 0.7812569398178992, 0.7785920497446147, 0.7797024206084833, 0.7825893848545414, 0.7845880524095048, 0.7870308683100156, 0.7839218298911836, 0.7879191650011104, 0.7899178325560737, 0.7954696868754164, 0.7912502775927159, 0.7919165001110371, 0.7939151676660005, 0.793471019320453, 0.7928047968021319, 0.7999111703308905, 0.7990228736397957, 0.8019098378858539, 0.8032422829224961, 0.798800799467022, 0.8023539862314013, 0.8047968021319121, 0.8043526537863647, 0.8087941372418388, 0.8052409504774595, 0.8130135465245392, 0.8110148789695758, 0.8141239173884077, 0.813901843215634, 0.8103486564512548, 0.8145680657339551, 0.817677104152787, 0.8132356206973129], "trainStanceF1": [0.20899307304053, 0.19899732620320856, 0.19899732620320856, 0.19899732620320856, 0.22497931816830802, 0.28332502010945854, 0.2993718673220392, 0.31448679940492835, 0.31990483319076135, 0.3190128713435267, 0.3215428699968814, 0.31805516516553217, 0.3244430477357474, 0.32362371373519, 0.32245929512808613, 0.3245761306036469, 0.325213173504696, 0.32871011474105805, 0.3285634161548024, 0.3280770358050214, 0.32552217484179974, 0.3272078606081903, 0.3292589069154638, 0.33263178132977234, 0.33715494162747095, 0.33022797681764715, 0.33382346440430855, 0.3392991072963265, 0.3340845207001901, 0.3457313647229383, 0.3496946657622726, 0.3533518744441713, 0.3660565004289542, 0.3701446314857537, 0.3807713971203939, 0.3861900213676057, 0.3937356035289251, 0.403981295421667, 0.4003636566363582, 0.40606494064631693, 0.4176403260064903, 0.4201878623475187, 0.41308047695449085, 0.4182723019663782, 0.41646304795559486, 0.4205420075997469, 0.4234888636507177, 0.4318546526195599, 0.4311737422869908, 0.42827160475566795, 0.4337753007958816, 0.4269644124137677, 0.43236142774207964, 0.43722238675763697, 0.43668313131659037, 0.4474625300752908, 0.4388568965052877, 0.4433224888671471, 0.44629870974735997, 0.44603425667793106, 0.4371184532674013, 0.4436706801782305, 0.44794973277202643, 0.4433934217800206, 0.44944456809309485, 0.451632139133021, 0.4563671447128721, 0.45104710289585304, 0.45324714041319986, 0.4550252355646792, 0.45346746325892573, 0.4557519197127209, 0.461249352940218, 0.4574160870361107, 0.4646183889945458, 0.4584185862013667, 0.4625005107595705, 0.4717101140443207, 0.4691633119017995, 0.4684398537570674, 0.47111713960606816, 0.46649314622689964, 0.4743127421454027, 0.47264423237268777, 0.4708632892142577, 0.4819609602974265, 0.4798512581585638, 0.4773725991889698, 0.4830687660227504, 0.48136235308896913, 0.4778996352954664, 0.4796076289582044, 0.4860752028354562, 0.4962230364885169, 0.498876653901682, 0.48309279695555624, 0.4917808044985882, 0.4903413905739576, 0.505725404379433, 0.4947654984780998, 0.4996511837583357, 0.5057011654620893, 0.5026000557160317, 0.5098697454043315, 0.5134230544880629, 0.5034660200542163, 0.512863679120643, 0.5214738989556219, 0.5172415457628502, 0.5222056067018992, 0.519907253907681, 0.5307051030416308, 0.5295621238120407, 0.5371039195870305, 0.5331487369472016, 0.5364678016608797, 0.5396089619842738, 0.5435817817287482, 0.5466950080935205, 0.5482200658643104, 0.547576359544923, 0.563216409707911, 0.5554397868386286, 0.5575034067687504, 0.5715926203010521, 0.5588209648175171, 0.568187604546442, 0.562008767311362, 0.5780349535204079, 0.5684381448723576, 0.581525391979656, 0.5810149587798539, 0.5830896965815487, 0.5902153848642775, 0.5885349597164479, 0.5856161550292536, 0.5934931507578375, 0.5907569462666212, 0.5984985019851339, 0.603117124026166, 0.607858727416916, 0.6114809548841508, 0.6133881965645281, 0.6097184253488636, 0.6154141000269576, 0.6164250741536479, 0.6145585238510712, 0.6265414833658037, 0.625627890695985, 0.6351741354907472, 0.631974971928753, 0.6244069389026243, 0.6368481628065075, 0.6348134483304619, 0.6356138843873742, 0.6452830534090236, 0.6385448338692036, 0.6592871119859967, 0.6554283084952308, 0.6558633960754024, 0.6580045185744812, 0.6497485354937788, 0.6597112531079476, 0.6634159708887021, 0.659164587585147], "trainLoss": [], "testStanceAcc": [0.6835680751173709, 0.6948356807511737, 0.7004694835680751, 0.7014084507042253, 0.6957746478873239, 0.7023474178403756, 0.707981220657277, 0.7098591549295775, 0.7089201877934272, 0.7107981220657277, 0.7070422535211267, 0.707981220657277, 0.7107981220657277, 0.707981220657277, 0.7089201877934272, 0.7051643192488263, 0.7136150234741784, 0.7070422535211267, 0.7032863849765258, 0.704225352112676, 0.6938967136150235, 0.6788732394366197, 0.6845070422535211, 0.6910798122065728, 0.6535211267605634, 0.6704225352112676, 0.6845070422535211, 0.6741784037558686, 0.6460093896713615, 0.6497652582159624, 0.6535211267605634, 0.6685446009389672, 0.6338028169014085],