{"epoch": 145, "macroF1Stance": 0.4375224990526715, "accStance": 0.5990610328638498, "loss": 1.3910881280899048, "trainStanceAcc": [0.6044858982900289, 0.6613368865200977, 0.6733288918498779, 0.677770375305352, 0.6848767488341105, 0.6846546746613369, 0.690650677326227, 0.6917610481900955, 0.6955363091272485, 0.69442593826338, 0.6957583833000222, 0.6959804574727959, 0.6959804574727959, 0.6957583833000222, 0.6970908283366645, 0.6966466799911171, 0.6979791250277593, 0.6993115700644015, 0.7006440151010438, 0.7021985343104596, 0.704197201865423, 0.7061958694203864, 0.7050854985565179, 0.7048634243837442, 0.7046413502109705, 0.7046413502109705, 0.705751721074839, 0.7053075727292916, 0.7079724628025761, 0.7108594270486343, 0.7048634243837442, 0.7068620919387075, 0.711747723739729, 0.709526982011992, 0.7101932045303131, 0.7099711303575394, 0.7106373528758605, 0.7146346879857872, 0.7135243171219188, 0.7128580946035976, 0.7137463912946924, 0.7146346879857872, 0.7157450588496558, 0.7153009105041084, 0.7164112813679769, 0.7159671330224295, 0.7159671330224295, 0.7190761714412613, 0.7153009105041084, 0.7197423939595825, 0.7161892071952032, 0.722407284032867, 0.7206306906506773, 0.7201865423051299, 0.7217410615145459, 0.7221852098600933, 0.7195203197868087, 0.7264046191427936, 0.7232955807239618, 0.7264046191427936, 0.7201865423051299, 0.7250721741061514, 0.7235176548967355, 0.7221852098600933, 0.7264046191427936, 0.7244059515878304, 0.7270708416611148, 0.7297357317343993, 0.7286253608705308, 0.7295136575616256, 0.729957805907173, 0.7319564734621363, 0.7341772151898734, 0.7321785476349101, 0.735953808572063, 0.7339551410170997, 0.7343992893626471, 0.7348434377081945, 0.7361758827448368, 0.7401732178547635, 0.7415056628914057, 0.7363979569176105, 0.7392849211636686, 0.7401732178547635, 0.7381745502998002, 0.7423939595825005, 0.7441705529646903, 0.7455029980013325, 0.7457250721741061, 0.7461692205196535, 0.746613368865201, 0.7486120364201644, 0.7463912946924273, 0.7483899622473906, 0.7512769264934488, 0.7537197423939596, 0.7550521874306019, 0.7528314457028648, 0.7548301132578281, 0.75194314901177, 0.7603819675771708, 0.7561625582944703, 0.7603819675771708, 0.75793915167666, 0.7586053741949811, 0.7619364867865868, 0.7608261159227182, 0.7630468576504552, 0.7641572285143238, 0.7692649344881191, 0.7725960470797246, 0.7685987119697979, 0.7705973795247613, 0.7652675993781923, 0.7750388629802354, 0.7721518987341772, 0.7790361980901621, 0.7732622695980458, 0.7805907172995781, 0.7781479013990673, 0.7805907172995781, 0.7777037530535199, 0.7823673106817677, 0.7801465689540307, 0.7854763491005996, 0.78369975571841, 0.7901399067288475, 0.7914723517654897, 0.7885853875194315, 0.7899178325560737, 0.7905840550743949, 0.7939151676660005, 0.7952476127026427, 0.7968021319120586, 0.7941372418387741, 0.8016877637130801, 0.8007994670219853, 0.8021319120586275, 0.8027981345769487, 0.8076837663779702, 0.8096824339329336, 0.8099045081057074, 0.8094603597601598, 0.8127914723517655, 0.8141239173884077, 0.8072396180324228, 0.8127914723517655, 0.8143459915611815, 0.8165667332889185, 0.8205640683988452, 0.8210082167443926, 0.823006884299356, 0.8227848101265823, 0.8232289584721297, 0.8252276260270931, 0.8252276260270931, 0.8292249611370197, 0.8292249611370197, 0.8281145902731513, 0.8323339995558516, 0.8403286697757051, 0.8367754830113258, 0.8398845214301577, 0.8392182989118365, 0.8405507439484788, 0.8421052631578947, 0.84721296913169, 0.8438818565400844, 0.844103930712858, 0.8423273373306684, 0.8469908949589163, 0.8509882300688429, 0.8512103042416167, 0.8567621585609594, 0.8532089717965801, 0.8556517876970908, 0.8545414168332223, 0.856984232733733, 0.8605374194981124, 0.8565400843881856, 0.858538751943149, 0.860093271152565, 0.8640906062624917, 0.8669775705085498, 0.8654230512991339, 0.8663113479902287, 0.8689762380635132, 0.8709749056184766, 0.866089273817455, 0.8674217188540972, 0.8707528314457028, 0.8720852764823451, 0.869198312236287, 0.8751943149011769, 0.8765267599378193, 0.87896957583833, 0.8767488341105929, 0.8798578725294248, 0.8796357983566511, 0.8816344659116144, 0.8840772818121253, 0.8816344659116144, 0.8800799467021986, 0.8840772818121253, 0.882744836775483, 0.8845214301576727, 0.8896291361314679, 0.8878525427492783, 0.8860759493670886, 0.8900732844770153, 0.8847435043304464, 0.8865200977126361, 0.8887408394403731, 0.8936264712413946, 0.8949589162780368, 0.8958472129691317, 0.894070619586942, 0.8969575838330002, 0.8978458805240951, 0.8982900288696425, 0.8985121030424161, 0.9002886964246058, 0.9022873639795692, 0.9011769931157007, 0.9005107705973795, 0.9049522540528536, 0.9045081057073062, 0.9049522540528536, 0.9038418831889852, 0.9065067732622696, 0.9076171441261381, 0.9067288474350433, 0.9089495891627803, 0.9107261825449701, 0.9107261825449701, 0.9131689984454808, 0.9129469242727071, 0.9122807017543859, 0.9136131467910282, 0.9138352209638019, 0.9131689984454808, 0.9171663335554076, 0.9165001110370864, 0.9180546302465024, 0.9165001110370864],