{"epoch": 70, "macroF1Stance": 0.4291613361762615, "accStance": 0.7070422535211267, "loss": 0.8696122169494629, "trainStanceAcc": [0.6349100599600267, 0.661114812347324, 0.661114812347324, 0.661114812347324, 0.661114812347324, 0.661114812347324, 0.6631134799022874, 0.6802131912058628, 0.6868754163890739, 0.6899844548079058, 0.6870974905618477, 0.6904286031534532, 0.6879857872529425, 0.6888740839440373, 0.6902065289806796, 0.689096158116811, 0.6924272707084166, 0.6937597157450589, 0.698201199200533, 0.6953142349544748, 0.69442593826338, 0.6966466799911171, 0.6970908283366645, 0.7015323117921386, 0.6953142349544748, 0.6988674217188541, 0.6999777925827226, 0.6977570508549855, 0.7006440151010438, 0.7021985343104596, 0.7001998667554963, 0.701976460137686, 0.7010881634465912, 0.7055296469020653, 0.7001998667554963, 0.7028647568287808, 0.7046413502109705, 0.7055296469020653, 0.7068620919387075, 0.705751721074839, 0.705751721074839, 0.7039751276926494, 0.703530979347102, 0.7013102376193648, 0.7066400177659338, 0.7081945369753497, 0.7050854985565179, 0.7079724628025761, 0.7086386853208971, 0.7101932045303131, 0.7101932045303131, 0.709526982011992, 0.7124139462580502, 0.7146346879857872, 0.7128580946035976, 0.714856762158561, 0.714856762158561, 0.7139684654674662, 0.7164112813679769, 0.7150788363313346, 0.7157450588496558, 0.7150788363313346, 0.7184099489229403, 0.7190761714412613, 0.7188540972684877, 0.7228514323784144, 0.7206306906506773, 0.7206306906506773, 0.7175216522318454, 0.7172995780590717, 0.7201865423051299, 0.7192982456140351, 0.7255163224516988, 0.7199644681323563, 0.7264046191427936, 0.72618254497002, 0.7210748389962247, 0.7232955807239618, 0.7264046191427936, 0.7252942482789252, 0.7250721741061514, 0.727737064179436, 0.7266266933155674, 0.7270708416611148, 0.7295136575616256, 0.7286253608705308, 0.7297357317343993, 0.7286253608705308, 0.729957805907173, 0.7343992893626471, 0.729957805907173, 0.7319564734621363, 0.7326226959804575, 0.7315123251165889, 0.7392849211636686, 0.7355096602265156, 0.7348434377081945, 0.7339551410170997, 0.735287586053742, 0.7395069953364424, 0.7339551410170997, 0.7357317343992894, 0.7386186986453476, 0.7401732178547635, 0.7388407728181212, 0.7401732178547635, 0.7423939595825005, 0.7437264046191427, 0.7410615145458583, 0.7392849211636686, 0.7430601821008217, 0.7432822562735953, 0.7468354430379747, 0.7481678880746169, 0.7468354430379747, 0.7470575172107484, 0.7483899622473906, 0.7514990006662225, 0.7506107039751277, 0.7506107039751277, 0.7499444814568066, 0.7532755940484122, 0.7561625582944703, 0.7574950033311126, 0.7543859649122807, 0.7539418165667333, 0.7566067066400177, 0.7590495225405285, 0.7574950033311126, 0.760159893404397, 0.7641572285143238, 0.7561625582944703, 0.7637130801687764, 0.7666000444148345, 0.765489673550966, 0.7639351543415501, 0.774594714634688, 0.7701532311792139, 0.7717077503886298, 0.7741505662891406, 0.7710415278703087, 0.7741505662891406, 0.7739284921163668, 0.7743726404619142, 0.7794803464357095, 0.7801465689540307, 0.7834776815456362, 0.7841439040639574, 0.782145236508994, 0.7841439040639574, 0.7868087941372418, 0.7852542749278258, 0.7901399067288475, 0.7885853875194315, 0.7903619809016211, 0.7899178325560737, 0.7985787252942482, 0.7936930934932267, 0.7992449478125694, 0.8005773928492116, 0.7983566511214746, 0.8043526537863647, 0.8001332445036642, 0.7999111703308905, 0.8034643570952699, 0.8065733955141017, 0.8045747279591383, 0.8123473240062181, 0.8090162114146124, 0.808572063069065], "trainStanceF1": [0.20907830716974204, 0.19899732620320856, 0.19899732620320856, 0.19899732620320856, 0.19899732620320856, 0.19899732620320856, 0.21058625851942425, 0.27524391372816287, 0.3049940430291994, 0.31714571355507015, 0.3181893404035816, 0.3208205829018271, 0.3201417526797137, 0.32424024698380777, 0.32306937684909615, 0.32387572517667745, 0.327219352945583, 0.3288000020588894, 0.33114315742812817, 0.32854733009094117, 0.3307339573307432, 0.3318657388874362, 0.33004426898579253, 0.33568521594684386, 0.3290242400576715, 0.335875210106508, 0.3351342340783177, 0.3326987706885207, 0.3366119360346589, 0.3353961095475456, 0.3351428994904249, 0.3369929367446563, 0.335931026416834, 0.33917367334087933, 0.33367103085364197, 0.3382532887266416, 0.3365521616041569, 0.3385334475664553, 0.3400677028687203, 0.3401086439237192, 0.341517084912044, 0.34257626894788606, 0.3402731024551684, 0.3428958752264611, 0.3465666899134746, 0.3594221947477526, 0.35805975053678063, 0.3696605338318144, 0.3823790594243278, 0.3882799264110095, 0.39716656958299545, 0.3911103824408998, 0.4038108655153473, 0.4131647682187549, 0.40969759223739555, 0.420183854837057, 0.41811279023683434, 0.4236299706253331, 0.4238948259760001, 0.42565835881901415, 0.42659859149314777, 0.4329577322068598, 0.435765792925604, 0.4423830005305115, 0.4364772892527501, 0.4471823980461981, 0.43855299286358673, 0.4467939405306617, 0.4386918990511077, 0.4379454801279683, 0.4440448881926028, 0.4393372516198954, 0.45456577878217463, 0.4441485622170117, 0.4505659750593529, 0.4515785868267071, 0.4434461527659985, 0.4503878457594213, 0.45230996569943704, 0.4554935227132224, 0.45104783061082493, 0.4560604522028875, 0.45385824629142446, 0.4561822353748499, 0.46067490730538263, 0.45595276861224293, 0.45949766619387644, 0.46238190799713363, 0.4613258263308364, 0.4669917855263329, 0.4602243248160768, 0.46644687302689464, 0.4665117337334076, 0.46727858526493243, 0.4727699196095724, 0.47147723194606, 0.4700067982904992, 0.4684375458942047, 0.47016692803212934, 0.473260022906952, 0.47053260987993895, 0.4685956054658774, 0.47597109405883664, 0.47841868432917173, 0.47432844864871815, 0.47989537579692165, 0.4794087446356895, 0.48226206514479153, 0.48012531849732093, 0.4765306109288353, 0.4812677169997679, 0.48164178870830066, 0.4854651624763576, 0.48812480999791624, 0.4835039750312652, 0.4876560494948412, 0.4884874158696525, 0.49466952198686004, 0.49257125709295735, 0.49338113910514014, 0.49234916464487166, 0.49797997797375465, 0.5002851577459139, 0.5022469645526456, 0.49650162578334406, 0.4976222276450919, 0.5029570103373104, 0.5070735556097045, 0.5058171223045718, 0.5080189310820615, 0.5187619599562527, 0.5066608446685694, 0.5166465946256932, 0.5263095656284644, 0.5320995704174729, 0.5257508113213405, 0.5408676952458126, 0.5300153001487952, 0.5370829482709873, 0.543509723913334, 0.5461459838497125, 0.5475538832367339, 0.5552881299920427, 0.5535707125997172, 0.5625294461767424, 0.5660034912723333, 0.5703618941971583, 0.5719215509632634, 0.5782693297205227, 0.5786453875051262, 0.5879451722807899, 0.5790816110894748, 0.592714099768114, 0.592706844035813, 0.5958306909029776, 0.5907612557321746, 0.6126712642035542, 0.6009268392277001, 0.607920528226602, 0.6151379766620609, 0.6169768954613649, 0.6197429590855765, 0.6162538963265205, 0.617268679199531, 0.617640007046239, 0.6280224298979451, 0.6325085569086891, 0.6414514546019079, 0.636449263474707, 0.6374223398392488], "trainLoss": [], "testStanceAcc": [0.6647887323943662, 0.6910798122065728, 0.6967136150234742, 0.7023474178403756, 0.7004694835680751, 0.7014084507042253, 0.6985915492957746, 0.7014084507042253, 0.7014084507042253, 0.7061032863849765, 0.7089201877934272, 0.7051643192488263, 0.7061032863849765, 0.7070422535211267, 0.707981220657277, 0.7089201877934272, 0.7023474178403756, 0.7004694835680751, 0.6901408450704225, 0.6882629107981221, 0.6835680751173709, 0.6845070422535211, 0.6826291079812207, 0.6779342723004694, 0.6694835680751173, 0.6732394366197183, 0.6591549295774648, 0.6572769953051644, 0.6375586854460094, 0.6469483568075117, 0.6469483568075117, 0.64037558685446, 0.6422535211267606, 0.6347417840375587],