{"epoch": 35, "macroF1Stance": 0.3888488108871384, "accStance": 0.7483317445185891, "loss": 0.7080375552177429, "trainStanceAcc": [0.6267107126002831, 0.6451156205757432, 0.6467673430863615, 0.6500707881075979, 0.6616328456819255, 0.6819254365266635, 0.683341198678622, 0.6866446436998584, 0.6901840490797546, 0.69443133553563, 0.6982067012741859, 0.6970268994808873, 0.6979707409155262, 0.6986786219915054, 0.6996224634261444, 0.6967909391222274, 0.6998584237848041, 0.6979707409155262, 0.6998584237848041, 0.7019820670127419, 0.7026899480887211, 0.7033978291647003, 0.7038697498820198, 0.7062293534686173, 0.7055214723926381, 0.7052855120339783, 0.7081170363378952, 0.7041057102406796, 0.7088249174138744, 0.7114204813591317, 0.7114204813591317, 0.7116564417177914, 0.7109485606418122, 0.7107126002831524, 0.7133081642284096, 0.7107126002831524, 0.7168475696083058, 0.7161396885323266, 0.7170835299669656, 0.7128362435110901, 0.7168475696083058, 0.7177914110429447, 0.7206229353468617, 0.719443133553563, 0.7241623407267579, 0.718499292118924, 0.7234544596507787, 0.7232184992921189, 0.730533270410571, 0.7248702218027372, 0.7298253893345917, 0.7234544596507787, 0.7300613496932515, 0.7331288343558282, 0.7347805568664464, 0.732420953279849, 0.7331288343558282, 0.7328928739971685, 0.7357243983010854, 0.7357243983010854, 0.7385559226050024, 0.74067956583294, 0.7404436054742803, 0.7470504955167532, 0.7449268522888155, 0.7465785747994337, 0.7538933459178858, 0.7456347333647947, 0.7541293062765455, 0.757432751297782, 0.758376592732421, 0.7600283152430392, 0.7633317602642756, 0.7638036809815951, 0.7659273242095328, 0.7715903728173666, 0.770410571024068, 0.7706465313827277, 0.771354412458707, 0.7770174610665408, 0.7822085889570553, 0.779613025011798, 0.7836243511090137, 0.7829164700330344, 0.7921189240207646, 0.7829164700330344, 0.7899952807928268, 0.7914110429447853, 0.7966021708352997, 0.7968381311939594, 0.7996696554978764, 0.7996696554978764, 0.8039169419537517, 0.8076923076923077, 0.8072203869749882, 0.804624823029731, 0.8112317130722039, 0.8126474752241624, 0.8126474752241624, 0.8187824445493157, 0.8147711184521, 0.8187824445493157, 0.8225578102878717, 0.8235016517225107, 0.8225578102878717, 0.831524303916942, 0.8310523831996225, 0.8334119867862199, 0.832468145351581, 0.832468145351581, 0.8404907975460123, 0.8374233128834356, 0.8423784804152902, 0.8470976875884851, 0.8449740443605475, 0.8461538461538461, 0.8437942425672487, 0.8470976875884851, 0.8470976875884851, 0.8520528551203398, 0.8499292118924021, 0.8475696083058046, 0.853704577630958, 0.8617272298253893, 0.8586597451628126, 0.8596035865974516, 0.8600755073147711, 0.8588957055214724, 0.8673902784332232, 0.8706937234544596, 0.8723454459650779, 0.8688060405851817, 0.8730533270410571, 0.8735252477583766, 0.8758848513449741], "trainStanceF1": [0.19924792518884438, 0.19606999426276533, 0.20039440802394723, 0.22705359547535683, 0.2872136011678091, 0.3151282244365364, 0.32031687736181746, 0.32585144570701663, 0.3311080523055746, 0.33458665198065407, 0.3390660979792797, 0.336593852813591, 0.3387392604842662, 0.3387315440358021, 0.33823088108684457, 0.3352320795294319, 0.33934459851510057, 0.33956647755266445, 0.34865591106079274, 0.35188832747294985, 0.3583450896254632, 0.3741706003715074, 0.38730911184514005, 0.4001938618843208, 0.40175588516755545, 0.4077468913017882, 0.42006636185380475, 0.4160970267431554, 0.42295212071635535, 0.4258584931112448, 0.42996739364929537, 0.4305522714165792, 0.42810585146982244, 0.4295007532247277, 0.43278816272307036, 0.43434366147295345, 0.44379925880563664, 0.4369525993877559, 0.4405958096643515, 0.4357115433586022, 0.4468986299404989, 0.4463191759958397, 0.45425825288793203, 0.4540517040027208, 0.4553811953876362, 0.44719411935978687, 0.4543714820524315, 0.45574647211223673, 0.46903150035662444, 0.46194962379122173, 0.4698842193066787, 0.4565499813748576, 0.4667860483326525, 0.47401702903064546, 0.4758238859663895, 0.4703801251745321, 0.47249835875924745, 0.4740329760060117, 0.4807221588526732, 0.4773837587691041, 0.4806357762422374, 0.48258693575477196, 0.48465350953227493, 0.49509922264085593, 0.49442990963008815, 0.5032836445319853, 0.513951251562339, 0.49938427327850754, 0.5167769308635891, 0.5249881672222574, 0.5329398257273714, 0.5308633878614584, 0.5468589385816629, 0.5459285036397064, 0.5506339232842765, 0.5720261671464362, 0.5699634620805389, 0.5674916341293058, 0.5725231896835399, 0.586733815873762, 0.6033653235217722, 0.5921749885382378, 0.6086857886184714, 0.6045925940913781, 0.6204442478571379, 0.6073337961123467, 0.6230853795346867, 0.6226960699813721, 0.630667293905352, 0.6310515966950442, 0.6432689928281906, 0.6400301471458983, 0.6448642244516152, 0.664159667895142, 0.654750928353603, 0.6528985344444519, 0.6629825607093094, 0.6640464743974676, 0.6705815136905359, 0.6856742369582433, 0.6716178651844799, 0.6790109210430026, 0.682068077611971, 0.6890445487412706, 0.6869629094062716, 0.7029842809820145, 0.7024418921600706, 0.7034808493922805, 0.7029912818958117, 0.7069136979278966, 0.7241372460214265, 0.7189499698352693, 0.7224369901048473, 0.7325819205249401, 0.7222766462922378, 0.7289765656127929, 0.7283835739551596, 0.7329046371496619, 0.7365265102811015, 0.7354504716834033, 0.7371394415538942, 0.7346973278621143, 0.7499911582117242, 0.758321686842, 0.7515086858909605, 0.7570872384008802, 0.7525363066867221, 0.7496172209761865, 0.7662958897132142, 0.7716837955839934, 0.7759600031017944, 0.7745624650045605, 0.7746757984232286, 0.7764980172574971, 0.7835567172174026], "trainLoss": [], "testStanceAcc": [0.7407054337464252, 0.7407054337464252, 0.7435653002859867, 0.7435653002859867, 0.7492850333651097, 0.7464251668255482, 0.7483317445185891, 0.7511916110581506, 0.7492850333651097, 0.7492850333651097, 0.7492850333651097, 0.7473784556720686, 0.7273593898951383, 0.7102001906577693, 0.6949475691134414, 0.6682554814108675, 0.6796949475691134, 0.6816015252621545, 0.6796949475691134, 0.6854146806482364, 0.674928503336511, 0.6606291706387035, 0.6768350810295519, 0.6301239275500476, 0.6434699714013346, 0.6510962821734986, 0.655862726406101], "testStanceF1": [0.252212389380531, 0.2911614894848543, 0.2965145091129343, 0.3022891261644981, 0.381091513595296, 0.3886792231276861, 0.3888488108871384, 0.3827473631173353, 0.37308564027845237, 0.38528327402672957, 0.38410390029821534, 0.37838191381669645, 0.3692768573361787, 0.3576588107491726, 0.3514132054386291, 0.36220089251915555, 0.3458169566653495, 0.35114517325848904, 0.38070996424846604, 0.35524129127479026, 0.3720458118878028, 0.36009896723734236, 0.368308260137199, 0.3612344225051966, 0.36305464127784254, 0.35000303936151955, 0.3495560814137085], "testLoss": [0.864810585975647, 0.8044317364692688, 0.7798987627029419, 0.7474043965339661, 0.6943970918655396, 0.6938281655311584, 0.7080375552177429, 0.6946830153465271, 0.6842861771583557, 0.7153953313827515, 0.7277175188064575, 0.7365328073501587, 0.7670028209686279, 0.841583788394928, 0.9003964066505432, 0.9599189758300781, 0.9852403402328491, 1.0306015014648438, 1.093727946281433, 1.1412798166275024, 1.174699068069458, 1.2752655744552612, 1.2914927005767822, 1.416699767112732, 1.422052025794983, 1.4718011617660522, 1.5043816566467285]}