{"epoch": 75, "macroF1Stance": 0.4033200295742102, "accStance": 0.7502383222116301, "loss": 0.7173692584037781, "trainStanceAcc": [0.46295422369042, 0.6451156205757432, 0.6451156205757432, 0.6451156205757432, 0.6451156205757432, 0.6451156205757432, 0.6543180745634734, 0.6729589428975932, 0.675082586125531, 0.6809815950920245, 0.6800377536573856, 0.6807456347333648, 0.6854648419065597, 0.6890042472864559, 0.6915998112317131, 0.69443133553563, 0.6956111373289288, 0.6949032562529495, 0.6946672958942898, 0.6946672958942898, 0.6982067012741859, 0.6979707409155262, 0.6984426616328456, 0.7022180273714016, 0.7031618688060406, 0.7050495516753186, 0.7019820670127419, 0.7050495516753186, 0.7067012741859368, 0.7050495516753186, 0.7041057102406796, 0.7071731949032563, 0.7085889570552147, 0.7121283624351109, 0.7076451156205757, 0.7142520056630486, 0.7055214723926381, 0.7121283624351109, 0.7069372345445966, 0.7116564417177914, 0.7104766399244927, 0.7133081642284096, 0.7156677678150071, 0.7163756488909863, 0.7118924020764511, 0.7182633317602642, 0.7111845210004719, 0.7111845210004719, 0.7133081642284096, 0.7156677678150071, 0.7192071731949032, 0.7189712128362435, 0.7234544596507787, 0.7182633317602642, 0.7156677678150071, 0.7262859839546956, 0.7222746578574799, 0.7255781028787164, 0.7182633317602642, 0.7241623407267579, 0.7253421425200566, 0.7232184992921189, 0.7229825389334592, 0.7272298253893346, 0.7284096271826334, 0.7284096271826334, 0.730533270410571, 0.73147711184521, 0.7267579046720151, 0.7284096271826334, 0.7359603586597452, 0.7359603586597452, 0.7354884379424257, 0.7378480415290232, 0.7350165172251062, 0.7383199622463427, 0.7383199622463427, 0.7343086361491269, 0.7399716847569608, 0.7420953279848985, 0.746342614440774, 0.747286455875413, 0.7475224162340727, 0.7439830108541765, 0.7487022180273714, 0.7517697026899481, 0.7510618216139688, 0.7541293062765455, 0.7579046720151015, 0.7553091080698443, 0.758376592732421, 0.7579046720151015, 0.7654554034922133, 0.7630957999056158, 0.7607361963190185, 0.7689948088721095, 0.76852288815479, 0.7730061349693251, 0.7725342142520056, 0.7741859367626239, 0.779613025011798, 0.7765455403492213, 0.779613025011798, 0.781500707881076, 0.7866918357715904, 0.7859839546956111, 0.7888154789995281, 0.7911750825861256, 0.7902312411514866, 0.7923548843794243, 0.7963662104766399, 0.8034450212364322, 0.8008494572911751, 0.8043888626710712, 0.8058046248230297, 0.8098159509202454, 0.8126474752241624, 0.813827277017461, 0.8147711184521, 0.8171307220386975, 0.8192543652666352, 0.8187824445493157, 0.8237376120811704, 0.8206701274185937, 0.826805096743747, 0.8256252949504483, 0.8291647003303445, 0.8343558282208589, 0.8310523831996225, 0.831524303916942, 0.8331760264275602, 0.8350637092968382, 0.8369513921661161, 0.8414346389806513, 0.8428504011326097, 0.8449740443605475, 0.8442661632845682, 0.845445965077867, 0.8480415290231241, 0.8487494100991033, 0.852760736196319, 0.8563001415762151, 0.8588957055214724, 0.8558282208588958, 0.8610193487494101, 0.8605474280320906, 0.8669183577159038, 0.8638508730533271, 0.8671543180745634, 0.8688060405851817, 0.8714016045304389, 0.8761208117036338, 0.8747050495516753, 0.8775365738555923, 0.8810759792354884, 0.8831996224634261, 0.8798961774421897, 0.8834355828220859, 0.8822557810287872, 0.8846153846153846, 0.8867390278433224, 0.8933459178857952, 0.8890986314299197, 0.8914582350165172, 0.8942897593204342, 0.891694195375177, 0.8961774421897122, 0.8935818782444549, 0.8947616800377537, 0.8961774421897122, 0.9075035394053799, 0.9039641340254837, 0.9023124115148655, 0.9077394997640397, 0.9016045304388862], "trainStanceF1": [0.22445538042108168, 0.19606999426276533, 0.19606999426276533, 0.19606999426276533, 0.19606999426276533, 0.19606999426276533, 0.23714827738169258, 0.30360432980193464, 0.3149543750973416, 0.32010115266996003, 0.3218327931710041, 0.3218627575770433, 0.3266883436778966, 0.3313015794367566, 0.3315481327475287, 0.3361291658667197, 0.3374164171297879, 0.33835727755262746, 0.3370384485094851, 0.33722428663634973, 0.3395605783681645, 0.34234528036296624, 0.3561582919418581, 0.3632477526150706, 0.3796637172778837, 0.40351722201400386, 0.40153538989328463, 0.42432947507466356, 0.4187284347346775, 0.42314646399592193, 0.42890534413137615, 0.42326674090116834, 0.435281704836942, 0.43222503792927564, 0.4316183051208532, 0.44325139115613604, 0.43314940589820783, 0.43665280764435777, 0.43492568601319603, 0.4384675478744149, 0.4394358203921278, 0.4437347298475325, 0.44564381565208366, 0.4500268598933391, 0.4343870176039548, 0.4484319731426358, 0.4351134431914768, 0.44854859589543006, 0.44603524511106535, 0.45013834502178296, 0.45074027984688536, 0.45703875760409274, 0.46157927875479926, 0.4556799420049489, 0.4548392266223404, 0.4691071747751499, 0.4603314897671424, 0.46381309784379554, 0.45489176973928325, 0.46574158124733417, 0.47317759940930104, 0.46741901572087297, 0.4640986079401349, 0.4742093229388108, 0.47500747619126077, 0.4708490647602609, 0.4767473824143784, 0.4784148842756477, 0.467442495522742, 0.4780445205806304, 0.4834132632291922, 0.4859095524123704, 0.4854117644732979, 0.487818475295768, 0.48812762242717334, 0.4903737122416748, 0.4903633910419861, 0.48464767875883674, 0.49006845651223374, 0.4915419253079113, 0.5013630686977153, 0.5016265173383032, 0.5021391419607951, 0.4956763642409575, 0.5022038304361196, 0.5089055054557292, 0.5078730728253955, 0.512197758940721, 0.5179926274890527, 0.5108605440290177, 0.5189957817020755, 0.5163867232794204, 0.5314115166655188, 0.5285256153232459, 0.527094684884838, 0.5326449301037347, 0.5393403904139429, 0.5432758703751672, 0.549206557461704, 0.5584822828198241, 0.570099885134333, 0.5631335721318548, 0.5704144814738356, 0.581814912149192, 0.5872073254410056, 0.5901008181887035, 0.5938973960310883, 0.6077134270497634, 0.6055170019825841, 0.6165103290855386, 0.6207071293707546, 0.6322352570493082, 0.6363863772941758, 0.6394295224396724, 0.6450875864816425, 0.6560360753026855, 0.664234145618258, 0.6690632684298169, 0.6670031941049206, 0.6754710771050596, 0.6806912198177415, 0.6835657885695813, 0.6885134450735773, 0.687926289659467, 0.6972575776473513, 0.691192758316099, 0.7025771608129536, 0.7113014995471727, 0.7026128683212587, 0.7043225214497553, 0.7095719218297492, 0.7111307271196765, 0.7187956120367758, 0.7282367465331723, 0.7264804988206617, 0.7238807133296448, 0.7340632775651306, 0.7341908981308553, 0.740829117213205, 0.7446973608229543, 0.7484037918878828, 0.7492698475304039, 0.7602958598152436, 0.7512036778181591, 0.7587840167981322, 0.7612935533867013, 0.7746634490950238, 0.7686316568843694, 0.7748343882963131, 0.7769838648738062, 0.7793345874637168, 0.7854358788931404, 0.783099164210608, 0.7870567044301473, 0.796652298099256, 0.8006598770498856, 0.7921933821697761, 0.80189370997789, 0.7951206577586833, 0.8047310774605329, 0.8063992923367951, 0.8183576542755733, 0.8095372536049239, 0.8150926052717101, 0.8163122038810726, 0.8157998325760911, 0.8260926085155882, 0.8206356160951468, 0.8199154590472763, 0.8237106367816199, 0.8405077587948429, 0.8344555767909891, 0.8367225674656291, 0.8428578145410669, 0.8308548387401089], "trainLoss": [], "testStanceAcc": [0.7416587225929456, 0.7368922783603432, 0.7311725452812202, 0.7416587225929456, 0.7483317445185891, 0.7473784556720686, 0.7597712106768351, 0.7492850333651097, 0.7616777883698761, 0.7588179218303146, 0.7578646329837941, 0.7502383222116301, 0.7569113441372736, 0.7521448999046711, 0.7502383222116301, 0.7464251668255482, 0.7426120114394662, 0.7397521448999047, 0.7235462345090562, 0.7206863679694948, 0.7264061010486177, 0.7254528122020972, 0.7149666348903718, 0.7054337464251669, 0.7159199237368923, 0.6892278360343184, 0.6835081029551954, 0.6911344137273594, 0.667302192564347, 0.6854146806482364, 0.678741658722593, 0.6682554814108675, 0.678741658722593, 0.680648236415634, 0.663489037178265],