{"epoch": 40, "macroF1Stance": 0.38318376128243603, "accStance": 0.7483317445185891, "loss": 0.7279171347618103, "trainStanceAcc": [0.5969797074091553, 0.6448796602170835, 0.6604530438886267, 0.6698914582350165, 0.6807456347333648, 0.682397357243983, 0.6894761680037753, 0.6904200094384143, 0.6894761680037753, 0.6937234544596508, 0.6939594148183105, 0.6899480887210948, 0.6918357715903728, 0.6967909391222274, 0.697262859839547, 0.6996224634261444, 0.69443133553563, 0.6996224634261444, 0.7038697498820198, 0.7048135913166588, 0.7043416705993393, 0.7041057102406796, 0.7022180273714016, 0.7067012741859368, 0.7062293534686173, 0.7088249174138744, 0.7095327984898537, 0.7102406795658329, 0.7121283624351109, 0.7104766399244927, 0.7126002831524304, 0.7130722038697499, 0.7149598867390279, 0.7177914110429447, 0.7144879660217084, 0.7161396885323266, 0.7154318074563474, 0.7177914110429447, 0.718499292118924, 0.718499292118924, 0.7227465785747994, 0.7201510146295422, 0.7225106182161397, 0.7246342614440774, 0.7253421425200566, 0.7284096271826334, 0.7310051911278905, 0.7222746578574799, 0.7302973100519112, 0.7336007550731477, 0.733364794714488, 0.7369042000943842, 0.7354884379424257, 0.738791882963662, 0.7409155261915998, 0.741623407267579, 0.7451628126474752, 0.7465785747994337, 0.7442189712128362, 0.7529495044832468, 0.7468145351580935, 0.7562529495044833, 0.7529495044832468, 0.7553091080698443, 0.7538933459178858, 0.7571967909391222, 0.7586125530910807, 0.7590844738084002, 0.7623879188296366, 0.7623879188296366, 0.7701746106654083, 0.7668711656441718, 0.771354412458707, 0.7763095799905616, 0.7715903728173666, 0.7791411042944786, 0.7744218971212836, 0.7767815007078811, 0.7833883907503539, 0.7859839546956111, 0.7881075979235489, 0.7859839546956111, 0.7911750825861256, 0.7914110429447853, 0.7942425672487022, 0.7973100519112789, 0.8017932987258141, 0.8041529023124115, 0.8003775365738556, 0.8084001887682869, 0.8109957527135441, 0.8074563473336479, 0.8131193959414819, 0.8142991977347805, 0.8164228409627182, 0.8197262859839547, 0.8180745634733365, 0.8279848985370458, 0.8227937706465314, 0.8242095327984899, 0.8289287399716847, 0.831524303916942, 0.8303445021236432, 0.8294006606890042, 0.8338839075035394, 0.8381311939594148, 0.84261444077395, 0.8402548371873525, 0.8381311939594148, 0.8423784804152902, 0.8468617272298253, 0.8515809344030203, 0.8461538461538461, 0.852760736196319, 0.8525247758376593, 0.8607833883907503, 0.8598395469561114, 0.8603114676734309, 0.8662104766399245, 0.8645587541293063, 0.8636149126946673, 0.8678621991505427, 0.8676262387918829, 0.8718735252477584, 0.8739971684756961, 0.8725814063237376, 0.8796602170835299, 0.8749410099103351, 0.8803680981595092, 0.8798961774421897, 0.8855592260500236, 0.8881547899952807, 0.887918829636621, 0.8860311467673431, 0.8874469089193016, 0.8890986314299197, 0.8905143935818782, 0.8924020764511562, 0.8869749882019821, 0.8952336007550732], "trainStanceF1": [0.2201761845343908, 0.19602639506527042, 0.2674206491508109, 0.3057649544254428, 0.3179286281364158, 0.32193611375268827, 0.32885154061624655, 0.3302317888507891, 0.3322110380754235, 0.3336489803092707, 0.33642536068688933, 0.33064272759141, 0.3388136139104485, 0.357052597938399, 0.3670733308368589, 0.3908503005073769, 0.39994692700006274, 0.4056768386790609, 0.4153482083725407, 0.4221711271266033, 0.4250739433884263, 0.4214253551424084, 0.4233704000962381, 0.4271505070347702, 0.4342749854206665, 0.42921299691681025, 0.43972502131113966, 0.43499772021057465, 0.4407603557664923, 0.4408454344451872, 0.4483858447335115, 0.4453745549546541, 0.44893097698551854, 0.44954363911819484, 0.44650324808670594, 0.4513132421140784, 0.45698155948529706, 0.4509513667618107, 0.45834369350952947, 0.453039085956132, 0.4658934174097842, 0.46343652300312016, 0.473248775363561, 0.471771295335375, 0.4753942006317585, 0.47345285899512934, 0.4854073694568538, 0.4668554364430755, 0.49119237420667483, 0.49478356345061053, 0.499871165422252, 0.5173345998538735, 0.5132649817258488, 0.5157323030499708, 0.5267656518798888, 0.5270721962529809, 0.5322163496778415, 0.53911578545144, 0.5316733620590497, 0.5505041192306958, 0.5560128516922715, 0.564844668840388, 0.5650819047874405, 0.5699069374089424, 0.5594223423163593, 0.574952101561362, 0.5795829202445832, 0.5837677834367134, 0.5905696003306086, 0.5915951895484295, 0.6039178333159835, 0.5979274482870547, 0.601764601153903, 0.6192637679083289, 0.606665583336743, 0.6146070171406881, 0.6145630614492633, 0.6194374246062407, 0.6333938019450548, 0.6378654917096842, 0.6421395071226192, 0.64565281377654, 0.6453328863024088, 0.6459159139661872, 0.6535476020911355, 0.6627586042142567, 0.6657437559104982, 0.6710255462622717, 0.6676824428775053, 0.6760800564065211, 0.6810983063892492, 0.6834005010891265, 0.6877702811720275, 0.6903554432692061, 0.6951966101943752, 0.6966913016784386, 0.6945878766595945, 0.7129493368704526, 0.7060005211288198, 0.7133528944632933, 0.711685419244555, 0.7210775599510995, 0.7191345547306628, 0.715655593238302, 0.7241735789553252, 0.7297693843342308, 0.7384266170363878, 0.7311266975130526, 0.7298099088738292, 0.7384508862170043, 0.7457104145297362, 0.7509839995652268, 0.7405951037426518, 0.7572232894450817, 0.7562812052178701, 0.7743158576648332, 0.7659621176288565, 0.7699963030440402, 0.7781402268545332, 0.7800829410919716, 0.7747488683900725, 0.7804255102086797, 0.7831206674604225, 0.7911542141607766, 0.794423354130488, 0.7902561555293339, 0.7993496935738037, 0.7949165068341641, 0.8035829242160899, 0.7980017419427365, 0.8093663735663219, 0.8142336817134646, 0.816543266670323, 0.8123311588074836, 0.8150780408700156, 0.8207479007641819, 0.8205654833816971, 0.8228740864014533, 0.8159047171075663, 0.8275891614251192], "trainLoss": [], "testStanceAcc": [0.7283126787416587, 0.7311725452812202, 0.7311725452812202, 0.7368922783603432, 0.7435653002859867, 0.7492850333651097, 0.7407054337464252, 0.7483317445185891, 0.7492850333651097, 0.7407054337464252, 0.7273593898951383, 0.7378455672068637, 0.7187797902764538, 0.7168732125834127, 0.7111534795042898, 0.6768350810295519, 0.6777883698760725, 0.6825548141086749, 0.661582459485224, 0.6825548141086749, 0.6711153479504289, 0.6768350810295519, 0.6720686367969495, 0.6291706387035272, 0.667302192564347, 0.6310772163965681, 0.6854146806482364, 0.661582459485224], "testStanceF1": [0.2751616556460746, 0.2884352060982496, 0.3593003860788937, 0.345697645242965, 0.3650379493632089, 0.3653903178960014, 0.3736671412751147, 0.38318376128243603, 0.33161187607862663, 0.35781079704186025, 0.35713723498944216, 0.3739528745591682, 0.32294916802299406, 0.34328070294927293, 0.3436573745781357, 0.348194577157556, 0.3454494623486273, 0.3575229834775167, 0.37380958270913717, 0.3321503364583378, 0.34488703458748937, 0.3595509712655071, 0.3481793184816814, 0.350425003099974, 0.35091996593008074, 0.34181446193540044, 0.3577976589325269, 0.3541311094988023], "testLoss": [0.8534985780715942, 0.8200826048851013, 0.7789598107337952, 0.7239941954612732, 0.7128267884254456, 0.7314373254776001, 0.7365795373916626, 0.7279171347618103, 0.7570885419845581, 0.7955238223075867, 0.8310186266899109, 0.8158077597618103, 0.8958484530448914, 0.9272559881210327, 0.9674359560012817, 1.0366137027740479, 1.0602234601974487, 1.0845974683761597, 1.1684855222702026, 1.2387632131576538, 1.2990548610687256, 1.290989875793457, 1.3915550708770752, 1.5117124319076538, 1.512992262840271, 1.6673494577407837, 1.6229132413864136, 1.7189756631851196]}