{"epoch": 70, "macroF1Stance": 0.38194138581113113, "accStance": 0.6625357483317446, "loss": 0.9622803330421448, "trainStanceAcc": [0.6418121755545069, 0.6451156205757432, 0.670363378952336, 0.6802737140160453, 0.6854648419065597, 0.6868806040585181, 0.6892402076451156, 0.6897121283624351, 0.6892402076451156, 0.6923076923076923, 0.6934874941009911, 0.6939594148183105, 0.696319018404908, 0.6934874941009911, 0.696319018404908, 0.6991505427088249, 0.6982067012741859, 0.6974988201982067, 0.7019820670127419, 0.7010382255781029, 0.7048135913166588, 0.7036337895233601, 0.7064653138272771, 0.7026899480887211, 0.7062293534686173, 0.7088249174138744, 0.7088249174138744, 0.7012741859367626, 0.7107126002831524, 0.7130722038697499, 0.7097687588485134, 0.7126002831524304, 0.7133081642284096, 0.7140160453043889, 0.7189712128362435, 0.7142520056630486, 0.7135441245870694, 0.7154318074563474, 0.7175554506842851, 0.7220386974988202, 0.7243983010854177, 0.7265219443133554, 0.7291175082586125, 0.7229825389334592, 0.7277017461066541, 0.7243983010854177, 0.7269938650306749, 0.7336007550731477, 0.7298253893345917, 0.7347805568664464, 0.7378480415290232, 0.7376120811703634, 0.7428032090608778, 0.7394997640396413, 0.7430391694195375, 0.744454931571496, 0.7446908919301557, 0.7487022180273714, 0.747286455875413, 0.754601226993865, 0.7541293062765455, 0.7567248702218028, 0.7517697026899481, 0.75932043416706, 0.7517697026899481, 0.7673430863614913, 0.7645115620575743, 0.7595563945257197, 0.7687588485134498, 0.7663992449268523, 0.7758376592732421, 0.7711184521000471, 0.7718263331760264, 0.7753657385559226, 0.7756016989145823, 0.7833883907503539, 0.7831524303916942, 0.7838603114676734, 0.7866918357715904, 0.7876356772062294, 0.7918829636621048, 0.7916470033034451, 0.792590844738084, 0.7999056158565361, 0.7991977347805569, 0.7970740915526192, 0.8050967437470505, 0.8013213780084946, 0.8022652194431336, 0.8086361491269467, 0.8062765455403492, 0.8119395941481831, 0.8131193959414819, 0.8119395941481831, 0.8159509202453987, 0.8178386031146767, 0.8190184049079755, 0.8256252949504483, 0.826805096743747, 0.8272770174610665, 0.827748938178386, 0.8348277489381783, 0.8343558282208589, 0.8371873525247758, 0.8364794714487966, 0.837895233600755, 0.8395469561113733, 0.84261444077395, 0.8440302029259085, 0.8473336479471448, 0.8468617272298253, 0.8513449740443606, 0.8541764983482775, 0.8574799433695139, 0.8600755073147711, 0.8572439830108541, 0.8600755073147711, 0.8629070316186881, 0.8638508730533271, 0.8629070316186881, 0.8706937234544596, 0.8747050495516753, 0.8699858423784804, 0.8735252477583766, 0.8749410099103351, 0.8730533270410571, 0.8758848513449741, 0.8754129306276546, 0.8824917413874469, 0.8817838603114677, 0.8869749882019821, 0.887918829636621, 0.8853232656913639, 0.8848513449740444, 0.8883907503539406, 0.8909863142991977, 0.8964134025483719, 0.8942897593204342, 0.8938178386031147, 0.8952336007550732, 0.9006606890042473, 0.89806512505899, 0.9006606890042473, 0.902784332232185, 0.9030202925908447, 0.902784332232185, 0.9065596979707409, 0.9086833411986787, 0.9039641340254837, 0.9103350637092968, 0.9152902312411515, 0.9152902312411515, 0.917649834827749, 0.9155261915998112, 0.9183577159037282, 0.9181217555450685, 0.9235488437942425, 0.9237848041529023, 0.924964605946201, 0.924964605946201, 0.9282680509674375, 0.9292118924020765, 0.929683813119396, 0.9247286455875413, 0.9303916941953752, 0.9320434167059934, 0.9313355356300141, 0.9310995752713545, 0.937942425672487, 0.9341670599339311], "trainStanceF1": [0.1956271576524741, 0.19606999426276533, 0.2934179514877737, 0.31925900123849965, 0.3219183763756014, 0.3258289645737311, 0.3293028657289195, 0.32969401947148813, 0.3294206344812585, 0.33395347463676406, 0.3495011093768583, 0.3559906257277309, 0.3688402223402566, 0.37283880545062653, 0.397950657378288, 0.3979939106777123, 0.4090493244329285, 0.40475711162080574, 0.4127226767677608, 0.41963651124225876, 0.4242651673408966, 0.4203675586405567, 0.4256521803531591, 0.4242066643095922, 0.4326148844428739, 0.4318768919097711, 0.4369077990636817, 0.41993988367674534, 0.4333292119574546, 0.44186386078617906, 0.43784947271499447, 0.44225339992641144, 0.44698956329817857, 0.45010302952769254, 0.4542620963743834, 0.4444620463488492, 0.4473634057573367, 0.4493640475736759, 0.4511627418873724, 0.4588602657337079, 0.46338055783390447, 0.4695162428839645, 0.4737056933036403, 0.4645913375874874, 0.47760128075360014, 0.4748181380635422, 0.47149238427540946, 0.48795946237662235, 0.4809244902488151, 0.49041514840383615, 0.4992680111857288, 0.5016448519284744, 0.5137520759211923, 0.5132782067636544, 0.5230155777362491, 0.5234390395418865, 0.5225833139559792, 0.5321705801532867, 0.5414353131434919, 0.5431644594877746, 0.5525378488984708, 0.5561935283472653, 0.5524269867521222, 0.5674929828424282, 0.552547396559028, 0.5788998793218785, 0.5809549261561254, 0.5802515216224435, 0.5842614616444609, 0.5866048925606442, 0.6016417600110178, 0.5943490413840286, 0.6040567953305139, 0.6034981002958584, 0.6092452464031585, 0.6212520335225642, 0.6188531299136798, 0.6195763035132353, 0.627493740374937, 0.627847998773376, 0.6378720371044344, 0.6339114440305809, 0.641066033408944, 0.6535740596258672, 0.6544513260195286, 0.6474934310751831, 0.6596928966115172, 0.6565797896793122, 0.658108901248072, 0.6654744051461459, 0.6680307767398077, 0.6808211616297016, 0.6811340874785594, 0.6759585841639746, 0.6816767505881434, 0.6868265123130188, 0.6878333791453461, 0.696582373524431, 0.7012145348786049, 0.7103149426439506, 0.7059156439166022, 0.7170662984003409, 0.7132830843862303, 0.7229105947421164, 0.7219277687072231, 0.7228125972903559, 0.7244700104730073, 0.7332488547783598, 0.7356722109629802, 0.739605146974694, 0.7369445962813457, 0.745716448381609, 0.750558017672749, 0.7555673688798845, 0.7609309884115295, 0.762314922005446, 0.7637085269748094, 0.7639979039102351, 0.7663311751075929, 0.7649696885261161, 0.7825821679991926, 0.7868575318061088, 0.7805892383776178, 0.7818289854284499, 0.7888332676296981, 0.7826541790391901, 0.7870015300745322, 0.7861233535854267, 0.8001540056350727, 0.7979646524345338, 0.8068666547977595, 0.8033660374005417, 0.8083084489536693, 0.8054257880491824, 0.8086767667026595, 0.8116192243381463, 0.8253588644467993, 0.8188055560814721, 0.8213932780762465, 0.8215280311979583, 0.8346496317142339, 0.830039172873001, 0.8283451911357704, 0.8327405157574823, 0.8318835777800067, 0.8378552020401562, 0.8407850556300667, 0.8432516275705616, 0.8411074207425538, 0.8430580607355784, 0.8547066902017348, 0.8531431067781767, 0.8563943281402497, 0.8560270978129337, 0.8618637196126159, 0.8606746212154524, 0.8708909109006756, 0.8720003726007701, 0.8743982289542901, 0.875873460289732, 0.8775186360974884, 0.8794890644049999, 0.8804462462010542, 0.8746675992888913, 0.883047953641916, 0.8850872049012477, 0.8828670364984699, 0.8879709118170718, 0.8951769656871572, 0.8912987346098391], "trainLoss": [], "testStanceAcc": [0.7292659675881792, 0.7311725452812202, 0.7454718779790277, 0.7511916110581506, 0.7483317445185891, 0.7454718779790277, 0.7502383222116301, 0.7407054337464252, 0.7349857006673022, 0.7330791229742613, 0.7216396568160153, 0.7321258341277407, 0.7073403241182078, 0.6625357483317446, 0.669208770257388, 0.7178265014299333, 0.6472831267874166, 0.6930409914204004, 0.6682554814108675, 0.6873212583412774, 0.67302192564347, 0.6701620591039085, 0.6701620591039085, 0.6320305052430887, 0.6358436606291706, 0.6539561487130601, 0.661582459485224, 0.6568160152526216, 0.6549094375595805, 0.6024785510009533, 0.655862726406101, 0.6434699714013346, 0.6482364156339371, 0.652049571020019],