{"epoch": 35, "macroF1Stance": 0.37163325807589764, "accStance": 0.7387988560533841, "loss": 0.7231119871139526, "trainStanceAcc": [0.6366210476639924, 0.654554034922133, 0.6781500707881076, 0.6809815950920245, 0.684285040113261, 0.6854648419065597, 0.6894761680037753, 0.6925436526663521, 0.6897121283624351, 0.6927796130250118, 0.6937234544596508, 0.695375176970269, 0.6965549787635678, 0.6986786219915054, 0.7031618688060406, 0.7008022652194431, 0.7003303445021236, 0.6989145823501651, 0.6960830580462483, 0.7052855120339783, 0.6998584237848041, 0.7064653138272771, 0.7008022652194431, 0.7092968381311939, 0.7092968381311939, 0.7102406795658329, 0.7095327984898537, 0.7078810759792354, 0.7149598867390279, 0.7100047192071732, 0.7149598867390279, 0.7140160453043889, 0.7161396885323266, 0.7107126002831524, 0.7161396885323266, 0.7149598867390279, 0.7154318074563474, 0.7210948560641812, 0.7201510146295422, 0.7269938650306749, 0.7213308164228409, 0.7206229353468617, 0.7246342614440774, 0.7232184992921189, 0.7284096271826334, 0.7269938650306749, 0.7269938650306749, 0.7331288343558282, 0.7284096271826334, 0.7328928739971685, 0.7340726757904672, 0.7331288343558282, 0.7357243983010854, 0.7394997640396413, 0.7392638036809815, 0.739735724398301, 0.7402076451156205, 0.7437470504955167, 0.747286455875413, 0.7432751297781972, 0.7475224162340727, 0.7484662576687117, 0.7512977819726286, 0.755545068428504, 0.7640396413402548, 0.7605002359603587, 0.7619159981123171, 0.7652194431335536, 0.7642756016989146, 0.767579046720151, 0.7640396413402548, 0.769466729589429, 0.7737140160453044, 0.7720622935346861, 0.7777253421425201, 0.7722982538933459, 0.7826805096743747, 0.7777253421425201, 0.7826805096743747, 0.7857479943369514, 0.7897593204341671, 0.7954223690420009, 0.7890514393581878, 0.792590844738084, 0.7977819726285984, 0.7987258140632374, 0.7980179329872581, 0.7994336951392166, 0.8050967437470505, 0.804624823029731, 0.8065125058990089, 0.8039169419537517, 0.8114676734308636, 0.8062765455403492, 0.8135913166588014, 0.8147711184521, 0.818546484190656, 0.8211420481359132, 0.8161868806040585, 0.818546484190656, 0.8220858895705522, 0.8270410571024068, 0.8272770174610665, 0.8260972156677678, 0.8341198678621992, 0.8345917885795187, 0.8345917885795187, 0.8331760264275602, 0.8371873525247758, 0.8329400660689005, 0.838839075035394, 0.8428504011326097, 0.8440302029259085, 0.8419065596979708, 0.8496932515337423, 0.8440302029259085, 0.845445965077867, 0.8522888154789995, 0.8525247758376593, 0.8532326569136385, 0.8541764983482775, 0.8579518640868334, 0.854648419065597, 0.8572439830108541, 0.8603114676734309, 0.8605474280320906, 0.8638508730533271, 0.8690420009438414, 0.8695139216611609, 0.8709296838131194, 0.8718735252477584, 0.8647947144879661, 0.8773006134969326, 0.8794242567248702, 0.8758848513449741], "trainStanceF1": [0.2083512657499789, 0.239287963582128, 0.3115187865858081, 0.31800640072935404, 0.32360262928394135, 0.32685942208820506, 0.32946373697606696, 0.33104199840764337, 0.32969401947148813, 0.33356260467791266, 0.33214127009283023, 0.34078694884079863, 0.3522205442628892, 0.3711325919998981, 0.38766287566452445, 0.3972387442004664, 0.4022260962880511, 0.4018296046653175, 0.4046770676613063, 0.41277966316793685, 0.41909831441288015, 0.4155836719014552, 0.41553620572325606, 0.4263637041885868, 0.4269198546035109, 0.422669492097707, 0.4338456957946918, 0.4269853771705574, 0.44448380462756887, 0.43338519753380433, 0.4414617311866805, 0.4454870486110304, 0.44107416558466905, 0.4330954787920359, 0.4445547932586867, 0.4415911659102282, 0.44208674375360263, 0.44801475943279373, 0.44898004530432845, 0.4617875252250806, 0.4522447096553782, 0.4559453970796995, 0.4575053034567923, 0.4589419118597369, 0.4602430212783041, 0.4602707861265166, 0.4602908446990428, 0.4698341016233655, 0.46127722357230555, 0.4759247619827901, 0.47597281443974615, 0.4764739482140187, 0.4769220699198076, 0.48695812949196937, 0.48482109804175744, 0.4909740195950414, 0.48428690083405485, 0.5062475938813759, 0.5022057682211007, 0.5085944576212936, 0.518061258252363, 0.5139637485267367, 0.5188896255884345, 0.5358242031262732, 0.5538701463563122, 0.5498050418115432, 0.5441478840820688, 0.5539971800381185, 0.5550101124592772, 0.5615183419006821, 0.560824761337285, 0.5695152353260773, 0.5831254253551486, 0.58005278563987, 0.5907368405050257, 0.5821417935201477, 0.5993922188963942, 0.5940209053658776, 0.6061654127471481, 0.6145527703053798, 0.6195350521991527, 0.6290512743913604, 0.6165490822299253, 0.6244199343518242, 0.6312869083440149, 0.6393011760332177, 0.6339276527001391, 0.6319739622701023, 0.657953751582977, 0.6584508630161579, 0.6550495619276333, 0.653948934179642, 0.6710994963183922, 0.6530444304737474, 0.674345647252836, 0.6680576428097328, 0.6796791620963268, 0.6864859933138932, 0.6741770408465247, 0.6838243680611786, 0.6822960262794537, 0.6918430708321002, 0.6891273405328086, 0.6952262369634965, 0.7110064710836593, 0.7066948031043454, 0.7115953690905189, 0.7089889754721701, 0.7161492793569751, 0.7128415919419399, 0.7169585933110549, 0.727125002808127, 0.7222436693668072, 0.7264935841222102, 0.7426904602220386, 0.7236364258658311, 0.7333539699525404, 0.7474799305196199, 0.7421663728305308, 0.7415254776268606, 0.7450390009721432, 0.7488057741203722, 0.7437923197705308, 0.7524798069467458, 0.7557936829477527, 0.7592374203680867, 0.7581339918876226, 0.7735417491617126, 0.7733567044205811, 0.7739140451468589, 0.7740774065099477, 0.7652175836855156, 0.7869180984803044, 0.7891374256812552, 0.7821109411012234], "trainLoss": [], "testStanceAcc": [0.7311725452812202, 0.7321258341277407, 0.7340324118207817, 0.7464251668255482, 0.7445185891325071, 0.7397521448999047, 0.7387988560533841, 0.7445185891325071, 0.7273593898951383, 0.7349857006673022, 0.7387988560533841, 0.7235462345090562, 0.7073403241182078, 0.7206863679694948, 0.6892278360343184, 0.6854146806482364, 0.6873212583412774, 0.6587225929456625, 0.6768350810295519, 0.6777883698760725, 0.6644423260247855, 0.6825548141086749, 0.6777883698760725, 0.6796949475691134, 0.6329837940896091, 0.6644423260247855, 0.646329837940896], "testStanceF1": [0.2901390951871955, 0.27093279180422614, 0.3404245078926771, 0.3437053123971989, 0.35454122377899944, 0.37052509730530725, 0.37163325807589764, 0.3656526403239206, 0.35764940112766197, 0.3707203562354081, 0.35872694184796095, 0.3638293330654357, 0.3509182905557735, 0.35208547990806055, 0.3428186948014095, 0.3367630294926259, 0.3290330428939088, 0.34719999005766555, 0.3467905527006212, 0.35132946605908144, 0.34118309681791714, 0.32367667411173073, 0.36130832758279585, 0.32982462571070165, 0.36550758173211184, 0.3448206086573451, 0.3486569890378506], "testLoss": [0.8507810235023499, 0.7786298990249634, 0.7375349402427673, 0.7022498250007629, 0.7157437801361084, 0.7287112474441528, 0.7231119871139526, 0.7289329171180725, 0.7982569932937622, 0.7588959336280823, 0.7607496380805969, 0.8344572186470032, 0.8767198324203491, 0.9011334180831909, 0.9657745957374573, 1.011708378791809, 1.081547498703003, 1.1359468698501587, 1.1588433980941772, 1.2078063488006592, 1.324434518814087, 1.3522679805755615, 1.3727656602859497, 1.482556939125061, 1.610235571861267, 1.5904231071472168, 1.7172796726226807]}