{"epoch": 35, "macroF1Stance": 0.4032444879532258, "accStance": 0.7340324118207817, "loss": 0.7552430629730225, "trainStanceAcc": [0.5210004719207173, 0.6451156205757432, 0.6451156205757432, 0.6488909863142992, 0.6717791411042945, 0.6689476168003775, 0.6781500707881076, 0.680509674374705, 0.6852288815479, 0.6857008022652195, 0.6878244454931571, 0.6880604058518169, 0.6873525247758376, 0.6894761680037753, 0.6911278905143936, 0.6897121283624351, 0.6915998112317131, 0.6932515337423313, 0.6949032562529495, 0.6918357715903728, 0.6939594148183105, 0.6979707409155262, 0.6956111373289288, 0.7017461066540821, 0.7041057102406796, 0.7010382255781029, 0.7055214723926381, 0.7019820670127419, 0.7067012741859368, 0.7055214723926381, 0.7085889570552147, 0.7109485606418122, 0.7102406795658329, 0.7111845210004719, 0.7114204813591317, 0.7123643227937706, 0.7135441245870694, 0.7137800849457291, 0.7196790939122227, 0.7133081642284096, 0.7142520056630486, 0.7208588957055214, 0.7192071731949032, 0.7206229353468617, 0.7218027371401604, 0.7241623407267579, 0.7227465785747994, 0.7218027371401604, 0.7239263803680982, 0.7262859839546956, 0.7288815478999529, 0.7255781028787164, 0.7291175082586125, 0.730533270410571, 0.7331288343558282, 0.73147711184521, 0.7331288343558282, 0.7336007550731477, 0.7364322793770647, 0.7357243983010854, 0.7359603586597452, 0.739735724398301, 0.7458706937234545, 0.7413874469089193, 0.7430391694195375, 0.743511090136857, 0.7470504955167532, 0.7494100991033507, 0.7475224162340727, 0.7479943369513922, 0.7487022180273714, 0.7498820198206702, 0.7569608305804625, 0.7581406323737612, 0.7607361963190185, 0.7623879188296366, 0.7616800377536573, 0.7628598395469561, 0.7697026899480888, 0.7699386503067485, 0.7720622935346861, 0.7784332232184993, 0.7772534214252006, 0.7807928268050968, 0.7848041529023124, 0.7840962718263331, 0.7899952807928268, 0.7848041529023124, 0.7892873997168476, 0.7958942897593204, 0.7951864086833412, 0.7996696554978764, 0.7994336951392166, 0.8001415762151959, 0.8053327041057102, 0.8025011798017933, 0.8069844266163284, 0.8093440302029259, 0.8131193959414819, 0.8114676734308636, 0.8150070788107598, 0.8152430391694195, 0.8197262859839547, 0.8239735724398302, 0.8260972156677678, 0.8298725814063237, 0.8282208588957055, 0.8329400660689005, 0.8282208588957055, 0.8334119867862199, 0.8343558282208589, 0.8414346389806513, 0.8355356300141576, 0.8371873525247758, 0.843558282208589, 0.843558282208589, 0.8414346389806513, 0.8480415290231241, 0.8522888154789995, 0.8480415290231241, 0.8563001415762151, 0.854648419065597, 0.8574799433695139, 0.8577159037281736, 0.8624351109013686, 0.8624351109013686, 0.8605474280320906, 0.8662104766399245, 0.8723454459650779, 0.8690420009438414, 0.8697498820198206, 0.8714016045304389, 0.8718735252477584, 0.8782444549315715, 0.8751769702689948], "trainStanceF1": [0.22876924479739252, 0.19606999426276533, 0.19606999426276533, 0.23226675909642439, 0.2956203094119729, 0.30197887326221023, 0.31507268650522524, 0.31983583093999113, 0.3244155847304875, 0.32581076880944515, 0.32878637383539416, 0.3290381780017776, 0.32847832566507884, 0.32985913700199415, 0.33177641632396226, 0.33282736197883467, 0.33293115891293346, 0.3350059281842819, 0.3372475394557042, 0.3413130752263098, 0.3506298614266839, 0.36674002549864426, 0.3791712259278644, 0.39378914924832886, 0.40623709485183135, 0.4084846338042319, 0.4149195698372308, 0.41580148960605556, 0.425884712087612, 0.4269853801280521, 0.42842052312584933, 0.4349631961859441, 0.43340903535323627, 0.4373912966989565, 0.44112634521408434, 0.4449877305987546, 0.4418002334466934, 0.4462104305060556, 0.4511168563974815, 0.4461995125729751, 0.44689877559682467, 0.457506220558617, 0.4546943037958132, 0.457405962891106, 0.4607320477499316, 0.4614821740229231, 0.4654659287783459, 0.46091557631311836, 0.4623987005257064, 0.467568914647404, 0.4704256324676104, 0.46865165744332793, 0.47181945351941745, 0.4724106461806691, 0.4801110756547354, 0.474574368858608, 0.48253119480737383, 0.4794102772893962, 0.481806380699934, 0.47786651456637835, 0.4827836404443605, 0.4888781377713695, 0.49682771654066804, 0.49282221838155493, 0.4923928483361, 0.4975678176653287, 0.5067915577463801, 0.5069063285371227, 0.5049774789370411, 0.5108565064775976, 0.5081091443768828, 0.5200767962603626, 0.5318977855286839, 0.5394830369255347, 0.5438378211213208, 0.5578241483109403, 0.552392599368105, 0.5473771447866588, 0.5663729829014847, 0.5807505896069662, 0.5869066269366161, 0.5975159812636632, 0.5981268994834353, 0.6066775642586235, 0.6080082996592959, 0.6132126568863927, 0.6179656322158444, 0.6200008118183112, 0.6245515038149628, 0.6381454461039577, 0.6420339622112022, 0.6456385098951666, 0.6484138008291234, 0.6536127055616289, 0.6623500206559616, 0.6570815306427374, 0.6660348517112905, 0.666663280544494, 0.6765023760037367, 0.6763565439851834, 0.6730398650047287, 0.6839249937629117, 0.687573513459109, 0.6958699770594765, 0.7000215561661045, 0.7042920373553563, 0.7117695898546222, 0.7136508206788079, 0.7085466980812187, 0.7121650707472543, 0.7184916245458571, 0.7258356091416711, 0.7225880507702169, 0.7203472944735145, 0.7362582244543474, 0.7389530135025528, 0.7289916122077834, 0.7422628675581184, 0.7463810166735287, 0.7418116919065421, 0.7537761615031431, 0.7501308731416221, 0.7590588942583776, 0.7559879022190066, 0.7591770517979176, 0.765098673312334, 0.7641968286775621, 0.7754783901469549, 0.7833700060516685, 0.778414745963852, 0.7811180743321632, 0.7829335486065895, 0.7823051660834497, 0.7951067839452997, 0.7891279059649685], "trainLoss": [], "testStanceAcc": [0.7197330791229742, 0.7254528122020972, 0.7302192564346998, 0.7311725452812202, 0.7416587225929456, 0.7454718779790277, 0.7340324118207817, 0.7454718779790277, 0.7492850333651097, 0.7368922783603432, 0.7492850333651097, 0.7454718779790277, 0.7397521448999047, 0.7225929456625357, 0.7187797902764538, 0.7225929456625357, 0.6949475691134414, 0.680648236415634, 0.663489037178265, 0.7044804575786463, 0.680648236415634, 0.674928503336511, 0.6367969494756911, 0.6530028598665396, 0.6739752144899904, 0.6387035271687321, 0.6739752144899904], "testStanceF1": [0.27639431913116125, 0.28766062017646016, 0.29223959411886513, 0.293408312412052, 0.3830681754818388, 0.377678146056594, 0.4032444879532258, 0.38748155680408974, 0.3861541204328548, 0.3973618873761593, 0.3828909149334325, 0.3898525925669174, 0.38518064911206373, 0.37347383436813064, 0.3827635680371652, 0.33138129964948704, 0.36366522692219905, 0.3949987780494102, 0.3728553167670028, 0.3450829055745186, 0.3735791874688045, 0.3766042008377064, 0.3589051022279253, 0.3491696498662443, 0.3666902812885048, 0.3649823343835537, 0.3507454977715275], "testLoss": [0.9172978401184082, 0.8543654084205627, 0.8245981335639954, 0.7777537107467651, 0.7210803627967834, 0.6897637248039246, 0.7552430629730225, 0.6971256732940674, 0.6913209557533264, 0.7421788573265076, 0.716399610042572, 0.7241400480270386, 0.7466331720352173, 0.8146898150444031, 0.8416751027107239, 0.9105324745178223, 0.9790965914726257, 1.034005880355835, 1.119328498840332, 1.1266506910324097, 1.1962714195251465, 1.272958755493164, 1.4380189180374146, 1.4658080339431763, 1.4907969236373901, 1.6228944063186646, 1.6239086389541626]}