{"epoch": 90, "macroF1Stance": 0.3735571151400389, "accStance": 0.6777883698760725, "loss": 1.2520612478256226, "trainStanceAcc": [0.6451156205757432, 0.6451156205757432, 0.6687116564417178, 0.6809815950920245, 0.682397357243983, 0.6864086833411986, 0.6868806040585181, 0.6897121283624351, 0.6904200094384143, 0.6878244454931571, 0.6920717319490326, 0.6875884851344974, 0.6918357715903728, 0.6946672958942898, 0.6920717319490326, 0.6984426616328456, 0.6984426616328456, 0.7010382255781029, 0.7000943841434639, 0.7024539877300614, 0.7045776309579991, 0.7026899480887211, 0.7024539877300614, 0.7041057102406796, 0.7045776309579991, 0.7092968381311939, 0.7118924020764511, 0.7104766399244927, 0.7126002831524304, 0.7137800849457291, 0.7114204813591317, 0.7111845210004719, 0.7187352524775837, 0.7142520056630486, 0.7170835299669656, 0.7199150542708825, 0.7116564417177914, 0.7170835299669656, 0.719443133553563, 0.7208588957055214, 0.7227465785747994, 0.7229825389334592, 0.7279377064653139, 0.7298253893345917, 0.7236904200094384, 0.7267579046720151, 0.7310051911278905, 0.7361963190184049, 0.7345445965077867, 0.7340726757904672, 0.7354884379424257, 0.7354884379424257, 0.7404436054742803, 0.7420953279848985, 0.739735724398301, 0.7465785747994337, 0.7446908919301557, 0.7449268522888155, 0.753657385559226, 0.7531854648419065, 0.7550731477111845, 0.7557810287871638, 0.7607361963190185, 0.7616800377536573, 0.7609721566776781, 0.7656913638508731, 0.7654554034922133, 0.7689948088721095, 0.7718263331760264, 0.7722982538933459, 0.7758376592732421, 0.7812647475224163, 0.779613025011798, 0.780556866446437, 0.7833883907503539, 0.7845681925436526, 0.7890514393581878, 0.7914110429447853, 0.7930627654554034, 0.7973100519112789, 0.7980179329872581, 0.7994336951392166, 0.8034450212364322, 0.8074563473336479, 0.8060405851816895, 0.8109957527135441, 0.8114676734308636, 0.8119395941481831, 0.816658801321378, 0.8199622463426144, 0.8183105238319962, 0.8270410571024068, 0.8253893345917885, 0.8303445021236432, 0.8279848985370458, 0.8308164228409627, 0.8327041057102407, 0.8341198678621992, 0.8395469561113733, 0.8390750353940538, 0.843558282208589, 0.8414346389806513, 0.8452100047192072, 0.8501651722510618, 0.8485134497404436, 0.85181689476168, 0.8522888154789995, 0.855592260500236, 0.8603114676734309, 0.8629070316186881, 0.8607833883907503, 0.8612553091080698, 0.8711656441717791, 0.8680981595092024, 0.8676262387918829, 0.8730533270410571, 0.8754129306276546, 0.8798961774421897, 0.8747050495516753, 0.8798961774421897, 0.8831996224634261, 0.8824917413874469, 0.8853232656913639, 0.8855592260500236, 0.8902784332232185, 0.8919301557338367, 0.8938178386031147, 0.8952336007550732, 0.8945257196790939, 0.899008966493629, 0.902784332232185, 0.9004247286455875, 0.9042000943841435, 0.9091552619159982, 0.9060877772534214, 0.9065596979707409, 0.9067956583294007, 0.9126946672958943, 0.9089193015573384, 0.9131665880132138, 0.914818310523832, 0.9209532798489853, 0.9155261915998112, 0.9193015573383672, 0.9204813591316658, 0.927796130250118, 0.9235488437942425, 0.9254365266635205, 0.9254365266635205, 0.9263803680981595, 0.930627654554035, 0.9334591788579518, 0.9336951392166116, 0.9336951392166116, 0.9362907031618688, 0.9360547428032091, 0.937942425672487, 0.9431335535630014, 0.937942425672487, 0.9395941481831053, 0.9443133553563001, 0.9457291175082586, 0.9393581878244455, 0.9428975932043416, 0.9450212364322794, 0.9495044832468146, 0.9471448796602171, 0.9457291175082586, 0.9466729589428976, 0.9513921661160925, 0.9495044832468146, 0.9535158093440302, 0.9532798489853704, 0.9504483246814536, 0.9544596507786692, 0.9525719679093912, 0.9523360075507314, 0.9554034922133081, 0.9528079282680509, 0.9605946201038226, 0.9563473336479471, 0.9565832940066069, 0.9575271354412459, 0.9572911750825861, 0.9608305804624823, 0.9610665408211421, 0.9591788579518641, 0.9554034922133081, 0.9605946201038226, 0.9620103822557811], "trainStanceF1": [0.19606999426276533, 0.19606999426276533, 0.27882667352624935, 0.3185783804792503, 0.32084488011429163, 0.32665391870596605, 0.3286923803806546, 0.3307749893256028, 0.3317481828948484, 0.32977791820114516, 0.339560582835408, 0.3506560630942158, 0.3697965283508723, 0.37605558258360094, 0.38584987070214016, 0.4013838164459643, 0.4024145518271558, 0.41668247157872407, 0.40940938709701385, 0.4162266365305677, 0.41756243375079494, 0.42611946169506826, 0.4266764824124474, 0.4237693692630221, 0.42977294250695175, 0.442910903985016, 0.44364432842404045, 0.4443537861955599, 0.44588121783871193, 0.44438771388601767, 0.4494184168004256, 0.44742855036337953, 0.45654305233464404, 0.45464430625506913, 0.45307818433450897, 0.46114489553160615, 0.450253488289423, 0.4612518194057067, 0.4625150362495771, 0.47082568985252315, 0.4691557896749433, 0.471868841414968, 0.4799245327882577, 0.4871260998532977, 0.47959955448277347, 0.48835875287094355, 0.49626777636335684, 0.5100883161934244, 0.5068633430518662, 0.5096505976986678, 0.5193890626454643, 0.5142921100880884, 0.5221374519643617, 0.53115850316093, 0.5340076644777209, 0.5389323391717804, 0.5382792659707578, 0.5436486716509318, 0.5637582484224102, 0.5589377430899645, 0.5693308142225839, 0.5720197487284365, 0.578018723438156, 0.5855696107688088, 0.5796845792295223, 0.5917828869168726, 0.5874252650845742, 0.5963417138181846, 0.6109291667921288, 0.615051440992582, 0.6184466078977249, 0.6222710312662332, 0.6304664185042256, 0.6204640862933719, 0.6375224716288511, 0.6373598979125304, 0.6444902244341603, 0.6473834560074467, 0.655406517247032, 0.6597900702010429, 0.6652069292092101, 0.6665344792788194, 0.6646481676133487, 0.6808993480441166, 0.6786353280794358, 0.6895370930911163, 0.6925481659689221, 0.6905902867995332, 0.6960777920057868, 0.700699277221428, 0.6996096236709309, 0.7145110023007427, 0.7087927004956274, 0.7192779561702701, 0.7202912534297596, 0.7190116666889868, 0.7269017040578747, 0.7193430665107473, 0.7375472691701577, 0.7351634511574165, 0.7413477747454277, 0.7354858351713981, 0.7439142443255883, 0.7492917847429059, 0.7494684846850341, 0.756243364308375, 0.7600917311437939, 0.7628614428322622, 0.7692962370534437, 0.772127189744888, 0.7686913954195912, 0.7705301142137755, 0.7879162123183794, 0.7819188361852732, 0.7799981350321683, 0.7879168924496177, 0.7975350760596182, 0.8025105340552493, 0.7873267257441017, 0.8034717830665425, 0.8066799785627685, 0.8049559993680386, 0.8115080760454255, 0.8104376905470563, 0.8188217809279189, 0.8215576346260796, 0.8265012333654633, 0.8284387036779495, 0.8244425999640538, 0.8363612894493592, 0.8355512231912898, 0.8335982037111476, 0.8440286585126292, 0.8492737724171832, 0.8446551603299237, 0.8493149704373665, 0.8452707998996751, 0.856087382630758, 0.8538354287012548, 0.8548478350384688, 0.8602738901565916, 0.8710033105985036, 0.864890877089983, 0.8689047314073433, 0.8696296847155756, 0.8835082266151509, 0.8756194069153098, 0.881253749560603, 0.879021295280957, 0.8811775083236815, 0.8861921492822711, 0.8928889100770648, 0.8955428491116932, 0.893935614366876, 0.8961007366777326, 0.8989921601401192, 0.9003088512623728, 0.9089970794850935, 0.9029828130503732, 0.9017746272171806, 0.9105692508318097, 0.9096534164769737, 0.9028469369566539, 0.9079975593339666, 0.910284671447246, 0.9189564950583403, 0.9164058766150536, 0.9112343884832592, 0.9141965949024689, 0.9228138279050296, 0.9195665114983298, 0.9264276078076961, 0.9275572350216919, 0.9204705246585785, 0.9256917437214525, 0.92595222522111, 0.9243775430891604, 0.9295056084134998, 0.9293884919165483, 0.9385960235407902, 0.9332228692396728, 0.9305820124287666, 0.9316189748935089, 0.9316185908889882, 0.9377445401053168, 0.9396539528928047, 0.9338285021483311, 0.9288656345514065, 0.9391225477209151, 0.9415632924596764], "trainLoss": [],