{"epoch": 35, "macroF1Stance": 0.38641409144268896, "accStance": 0.7464251668255482, "loss": 0.7067713141441345, "trainStanceAcc": [0.6411042944785276, 0.6451156205757432, 0.6451156205757432, 0.6451156205757432, 0.6458235016517225, 0.658329400660689, 0.674138744690892, 0.6786219915054271, 0.6831052383199623, 0.6845210004719208, 0.6852288815479, 0.6918357715903728, 0.6906559697970741, 0.6920717319490326, 0.6911278905143936, 0.6911278905143936, 0.6920717319490326, 0.6920717319490326, 0.6991505427088249, 0.6979707409155262, 0.6993865030674846, 0.7010382255781029, 0.7026899480887211, 0.7017461066540821, 0.7024539877300614, 0.6993865030674846, 0.7043416705993393, 0.7048135913166588, 0.7052855120339783, 0.7048135913166588, 0.7055214723926381, 0.7069372345445966, 0.7052855120339783, 0.7055214723926381, 0.7095327984898537, 0.7123643227937706, 0.7109485606418122, 0.7118924020764511, 0.7121283624351109, 0.7097687588485134, 0.7180273714016046, 0.7210948560641812, 0.7166116092496461, 0.7180273714016046, 0.7227465785747994, 0.7189712128362435, 0.7218027371401604, 0.7182633317602642, 0.7213308164228409, 0.7210948560641812, 0.7291175082586125, 0.7232184992921189, 0.7310051911278905, 0.7260500235960359, 0.7251061821613969, 0.7248702218027372, 0.730533270410571, 0.7328928739971685, 0.733364794714488, 0.7347805568664464, 0.7345445965077867, 0.73147711184521, 0.7392638036809815, 0.7338367154318075, 0.739735724398301, 0.738791882963662, 0.7487022180273714, 0.7458706937234545, 0.747286455875413, 0.7494100991033507, 0.7503539405379896, 0.7510618216139688, 0.7512977819726286, 0.7543652666352053, 0.756488909863143, 0.7569608305804625, 0.7678150070788108, 0.7652194431335536, 0.7640396413402548, 0.7706465313827277, 0.7673430863614913, 0.7765455403492213, 0.7737140160453044, 0.7791411042944786, 0.7807928268050968, 0.7798489853704578, 0.7848041529023124, 0.7914110429447853, 0.7940066068900424, 0.7932987258140632, 0.7932987258140632, 0.7916470033034451, 0.7963662104766399, 0.8010854176498349, 0.8013213780084946, 0.8029731005191127, 0.8069844266163284, 0.8086361491269467, 0.8065125058990089, 0.8086361491269467, 0.8109957527135441, 0.8131193959414819, 0.8161868806040585, 0.8147711184521, 0.8171307220386975, 0.8213780084945729, 0.8246814535158093, 0.8242095327984899, 0.8284568192543653, 0.8279848985370458, 0.8301085417649835, 0.8338839075035394, 0.8352996696554978, 0.8371873525247758, 0.8355356300141576, 0.8419065596979708, 0.8404907975460123, 0.8409627182633318, 0.8423784804152902, 0.8475696083058046, 0.8419065596979708, 0.85181689476168, 0.8504011326097216, 0.8501651722510618, 0.8506370929683813, 0.8581878244454931, 0.8558282208588958, 0.8638508730533271, 0.8560641812175555, 0.8605474280320906, 0.8699858423784804, 0.8669183577159038, 0.8702218027371401, 0.8706937234544596, 0.8695139216611609], "trainStanceF1": [0.20097913503704157, 0.19606999426276533, 0.19606999426276533, 0.19606999426276533, 0.20462715367523454, 0.2687711625637913, 0.30470540082773545, 0.31465837196023755, 0.31949706788141763, 0.3236808765452872, 0.3269997708489938, 0.33106226417554907, 0.32964458619186376, 0.33285285172675977, 0.33180592061996383, 0.33186899700834516, 0.337288581435492, 0.3478944624918102, 0.3632285739698826, 0.3673398136520723, 0.3828349328598185, 0.3959733720381314, 0.40688986872014754, 0.4058713223854328, 0.4137813597676302, 0.40748181153245333, 0.4209716003036762, 0.4225079520902972, 0.42492416947363665, 0.42361591073689037, 0.421449757722666, 0.4309128291454587, 0.4291362177541748, 0.4295277490235872, 0.434628336327979, 0.4430229529979701, 0.43654051061309307, 0.4424801012352684, 0.4432132194942897, 0.4414015317517117, 0.4528479895592342, 0.4576232571518658, 0.4512834605824063, 0.4522581944537061, 0.46106215711444587, 0.4563719341160173, 0.4572531030574963, 0.45163363981036464, 0.4558844148388078, 0.45418858951677543, 0.4702506526570128, 0.4625650526416769, 0.47358814349588596, 0.4640867554777954, 0.46854946214599624, 0.46410001330953693, 0.47193344771506157, 0.4767299977620141, 0.47652948278352836, 0.4826207779910091, 0.4728867668332757, 0.47411764001792767, 0.48666655858211016, 0.48292339471570234, 0.49529279556795525, 0.4940211043845689, 0.5009755930087321, 0.5044657288186669, 0.5020270062037733, 0.511115867345336, 0.5114021912355753, 0.5217570510661994, 0.5136199925330716, 0.5187856296388682, 0.5242557235057329, 0.531847572640508, 0.548802541974013, 0.5523058077149781, 0.5422020254060138, 0.5719600933381624, 0.5619105907663557, 0.5766931488558705, 0.5819455952603831, 0.5926995875720833, 0.5918122498019133, 0.6002211659799807, 0.6065444156113206, 0.62317345574875, 0.6269471243730698, 0.6255632671895914, 0.6324753072752857, 0.6311810984982671, 0.6397394910902385, 0.6440244952009215, 0.6487277715861356, 0.6528292253044718, 0.6602695025115504, 0.6637820495990306, 0.6637496360372162, 0.6688633762778007, 0.6686788398727571, 0.6741251415569924, 0.6758390278616287, 0.6803804772885689, 0.6832272845608254, 0.6889962202355766, 0.6953721091015183, 0.6931418493729795, 0.6973646060400631, 0.7002641584890982, 0.7007226616391694, 0.7152959985984273, 0.7093769764535226, 0.7163635728775153, 0.7144629474063708, 0.7223539968560497, 0.7250396642860174, 0.7248031593979392, 0.7260999234878387, 0.7372865022437906, 0.7273306316650109, 0.7449116209465907, 0.7382331195071438, 0.7449663149650594, 0.745453036244009, 0.7530477417734116, 0.75241183226472, 0.7629181738828438, 0.7520936953657404, 0.7633840254627519, 0.7752493425875966, 0.7758228011589751, 0.7753084115000762, 0.774653942733188, 0.7695958792762312], "trainLoss": [], "testStanceAcc": [0.7254528122020972, 0.7311725452812202, 0.7340324118207817, 0.7387988560533841, 0.7359389895138226, 0.7330791229742613, 0.7464251668255482, 0.7445185891325071, 0.7502383222116301, 0.7473784556720686, 0.7473784556720686, 0.7378455672068637, 0.7197330791229742, 0.7216396568160153, 0.7159199237368923, 0.7016205910390848, 0.6739752144899904, 0.6739752144899904, 0.6825548141086749, 0.6777883698760725, 0.6663489037178265, 0.6720686367969495, 0.6711153479504289, 0.646329837940896, 0.6606291706387035, 0.6568160152526216, 0.6539561487130601], "testStanceF1": [0.24777258329522164, 0.28189639425711466, 0.2841471171474539, 0.32937324931561573, 0.3584696678544896, 0.3647547018577042, 0.38641409144268896, 0.3639262998714521, 0.36796847627391904, 0.37599120182718904, 0.36442358311820156, 0.3571396694073019, 0.3350047047630041, 0.34718686694950884, 0.33156880952551393, 0.34125753797122227, 0.35373418643824994, 0.3425287140788437, 0.34630068798732894, 0.33489112334176896, 0.32515346456517036, 0.3303348541886433, 0.3464973848391031, 0.3547335455102094, 0.3411802792979445, 0.3549715110488705, 0.35095794989775053], "testLoss": [0.962337851524353, 0.8272185921669006, 0.787944495677948, 0.7510321736335754, 0.7262789011001587, 0.7320305109024048, 0.7067713141441345, 0.7157005071640015, 0.7095426321029663, 0.7370426654815674, 0.7450200915336609, 0.7822359204292297, 0.8259467482566833, 0.8382245898246765, 0.9072777032852173, 0.9533306360244751, 1.0523598194122314, 1.0936652421951294, 1.11759352684021, 1.172945261001587, 1.2464051246643066, 1.2932552099227905, 1.33925461769104, 1.4297949075698853, 1.4657162427902222, 1.4845280647277832, 1.5714287757873535]}