{"epoch": 45, "macroF1Stance": 0.3976231483073029, "accStance": 0.7521448999046711, "loss": 0.6795997023582458, "trainStanceAcc": [0.6106654082114205, 0.6451156205757432, 0.6451156205757432, 0.6451156205757432, 0.6451156205757432, 0.6451156205757432, 0.6451156205757432, 0.6451156205757432, 0.6562057574327513, 0.672251061821614, 0.6790939122227466, 0.6795658329400661, 0.6885323265691364, 0.686172722982539, 0.6890042472864559, 0.6939594148183105, 0.6941953751769703, 0.696319018404908, 0.6925436526663521, 0.6979707409155262, 0.6970268994808873, 0.7012741859367626, 0.6989145823501651, 0.6986786219915054, 0.7038697498820198, 0.7059933931099576, 0.7092968381311939, 0.7062293534686173, 0.7133081642284096, 0.7085889570552147, 0.7050495516753186, 0.7055214723926381, 0.7109485606418122, 0.7088249174138744, 0.7081170363378952, 0.7097687588485134, 0.7062293534686173, 0.7095327984898537, 0.7151958470976876, 0.7135441245870694, 0.7083529966965549, 0.7144879660217084, 0.7126002831524304, 0.7149598867390279, 0.7168475696083058, 0.7163756488909863, 0.7137800849457291, 0.7170835299669656, 0.7182633317602642, 0.718499292118924, 0.7170835299669656, 0.7128362435110901, 0.7187352524775837, 0.7208588957055214, 0.7218027371401604, 0.7199150542708825, 0.7227465785747994, 0.7215667767815007, 0.7241623407267579, 0.718499292118924, 0.7236904200094384, 0.7277017461066541, 0.7265219443133554, 0.7260500235960359, 0.7248702218027372, 0.7243983010854177, 0.7260500235960359, 0.7284096271826334, 0.7274657857479944, 0.7293534686172723, 0.7350165172251062, 0.7281736668239736, 0.732420953279849, 0.7298253893345917, 0.7366682397357244, 0.7402076451156205, 0.7399716847569608, 0.7409155261915998, 0.7394997640396413, 0.74067956583294, 0.7442189712128362, 0.7520056630486078, 0.7482302973100519, 0.7482302973100519, 0.7496460594620104, 0.7524775837659273, 0.757432751297782, 0.7543652666352053, 0.7567248702218028, 0.7541293062765455, 0.7576687116564417, 0.7560169891458235, 0.7633317602642756, 0.7571967909391222, 0.7635677206229353, 0.770410571024068, 0.7687588485134498, 0.770410571024068, 0.7687588485134498, 0.7711184521000471, 0.7770174610665408, 0.7772534214252006, 0.7777253421425201, 0.7848041529023124, 0.7833883907503539, 0.7843322321849929, 0.7885795186408683, 0.7904672015101463, 0.7902312411514866, 0.7980179329872581, 0.7928268050967437, 0.7977819726285984, 0.7999056158565361, 0.7975460122699386, 0.8008494572911751, 0.8067484662576687, 0.8050967437470505, 0.8093440302029259, 0.8053327041057102, 0.813827277017461, 0.8102878716375649, 0.8119395941481831, 0.8173666823973572, 0.816658801321378, 0.8201982067012742, 0.8159509202453987, 0.8220858895705522, 0.826805096743747, 0.8244454931571495, 0.8239735724398302, 0.8279848985370458, 0.832468145351581, 0.8352996696554978, 0.8329400660689005, 0.8371873525247758, 0.8371873525247758, 0.837895233600755, 0.8421425200566305, 0.8473336479471448, 0.8447380840018877, 0.8447380840018877, 0.8487494100991033, 0.8496932515337423, 0.8544124587069373, 0.8534686172722983], "trainStanceF1": [0.20903333713964117, 0.19606999426276533, 0.19606999426276533, 0.19606999426276533, 0.19606999426276533, 0.19606999426276533, 0.19606999426276533, 0.19606999426276533, 0.25157125898568883, 0.29884441420611996, 0.31629282667018516, 0.32109427978995325, 0.32955368306263677, 0.3285133237474074, 0.3311561808199295, 0.336622846416227, 0.33512085273973047, 0.33804960244608917, 0.33658416561056953, 0.3378247163049916, 0.3424255043809363, 0.34515580624893927, 0.3674520588836656, 0.39028048475430777, 0.41172063445823825, 0.42509503659924963, 0.42927669227176657, 0.4213752924803832, 0.4360827627632943, 0.43648182207674513, 0.4241274617322353, 0.4312144178626232, 0.4403703163781769, 0.43709804298524, 0.44414620670928395, 0.4371561289491457, 0.43870204765435017, 0.43522557956482255, 0.4489185974252091, 0.4461250000763046, 0.4375001851795475, 0.44983292972505695, 0.4480078474386149, 0.4521335187101623, 0.4503086705298628, 0.45257224704561194, 0.44513775296104263, 0.44879579506756095, 0.454453832928415, 0.45225515598851795, 0.4528038829366671, 0.4448780889992153, 0.45235288739777846, 0.4594093008816997, 0.4610359737135763, 0.45717639957948775, 0.46036205949315834, 0.4646561492252067, 0.4649507695374806, 0.45674667566307176, 0.46753902896631466, 0.4741656663794781, 0.46837467437389246, 0.4713174495367565, 0.4639328395909721, 0.46580747588639204, 0.4678843069586799, 0.4735380072938822, 0.4717659152411544, 0.47327944148693135, 0.4848225709693321, 0.4726486708370803, 0.47856914740689505, 0.4729777997044111, 0.4822433577517268, 0.4891379836405196, 0.48779674076687873, 0.4890624892618326, 0.48746089035406037, 0.496607623974917, 0.4962124043940347, 0.5043967254279949, 0.5021262016541423, 0.5000827814667554, 0.5068133864742599, 0.51214621796562, 0.517549934926564, 0.5132427977749892, 0.5213295694572138, 0.5144913932292428, 0.5270329919648106, 0.5253406152740323, 0.5356739260504444, 0.5312421363759798, 0.5465084224123314, 0.5617058295723234, 0.5535460928764915, 0.5688271274928203, 0.5720809458620575, 0.5732783396224272, 0.5909535405628058, 0.5990249774461517, 0.591131557470059, 0.6179914528020137, 0.6080838249708043, 0.618444001005673, 0.6235202616875539, 0.6370747909653439, 0.6253470982720812, 0.6486956043895068, 0.6429225000880517, 0.6439773997862258, 0.6551693067330507, 0.651983101904426, 0.6562795022546082, 0.6668439976579261, 0.6623311250756533, 0.6749880521471509, 0.6685317754488806, 0.6864029403427152, 0.6807626214136326, 0.6782419490690443, 0.6877143872131526, 0.6884818833891478, 0.69090636304905, 0.6840820651757823, 0.6992483169020892, 0.7086121616111423, 0.7058234092974361, 0.7009735228383942, 0.7135267580094902, 0.7161436456365466, 0.7251673587680866, 0.7232947539241836, 0.7265083741797189, 0.7247406916334581, 0.7253467199095125, 0.7346347418625894, 0.7434653528350594, 0.73883232548562, 0.7422843058169545, 0.7456109209703459, 0.7460831613906461, 0.7542963256669737, 0.754495493471548], "trainLoss": [], "testStanceAcc": [0.7416587225929456, 0.7387988560533841, 0.7368922783603432, 0.7416587225929456, 0.7464251668255482, 0.7530981887511916, 0.7616777883698761, 0.7473784556720686, 0.7521448999046711, 0.7435653002859867, 0.7483317445185891, 0.7435653002859867, 0.7416587225929456, 0.7435653002859867, 0.7283126787416587, 0.7387988560533841, 0.7292659675881792, 0.7397521448999047, 0.7387988560533841, 0.7111534795042898, 0.7035271687321258, 0.6901811248808389, 0.6968541468064824, 0.6959008579599618, 0.7035271687321258, 0.6873212583412774, 0.6796949475691134, 0.6882745471877979, 0.680648236415634], "testStanceF1": [0.21291735084838534, 0.27052905395984383, 0.2864984776323156, 0.29807577876290503, 0.3298332491664504, 0.36761612364243945, 0.38791348413989923, 0.3804984325370767, 0.3976231483073029, 0.39103613324932396, 0.3954843910221484, 0.39424227059557104, 0.38564995836501215, 0.38952155698931784, 0.38678082431627975, 0.38387362266355785, 0.3823554224267317, 0.3837666960598257, 0.37850794110655495, 0.3714096126686083, 0.3614906384798453, 0.3797971448968411, 0.3668529652024267, 0.36795965804801767, 0.37496819922836966, 0.36714912686024814, 0.35933496058265, 0.3824502719502719, 0.37920232697091094], "testLoss": [0.9628503322601318, 0.8488229513168335, 0.8027474284172058, 0.7800773978233337, 0.7225204706192017, 0.6868636608123779, 0.6673895120620728, 0.7121570110321045, 0.6795997023582458, 0.7039744257926941, 0.6941316723823547, 0.7144898176193237, 0.7253825068473816, 0.7185304164886475, 0.77448570728302, 0.7640848755836487, 0.7980144619941711, 0.7832156419754028, 0.8248247504234314, 0.8803536891937256, 0.9384536743164062, 0.970248281955719, 0.9869192838668823, 1.037211298942566, 1.0629706382751465, 1.124772310256958, 1.199082612991333, 1.2022387981414795, 1.2886712551116943]}