{"epoch": 55, "macroF1Stance": 0.40872978646522906, "accStance": 0.6854146806482364, "loss": 1.0097531080245972, "trainStanceAcc": [0.6340254837187352, 0.6505427088249174, 0.6654082114204813, 0.6736668239735725, 0.6802737140160453, 0.6882963662104766, 0.683341198678622, 0.6908919301557338, 0.6873525247758376, 0.6873525247758376, 0.6892402076451156, 0.6958470976875885, 0.6906559697970741, 0.7005663048607834, 0.7041057102406796, 0.7055214723926381, 0.7100047192071732, 0.7071731949032563, 0.7090608777725342, 0.7085889570552147, 0.7144879660217084, 0.7104766399244927, 0.7116564417177914, 0.7092968381311939, 0.7149598867390279, 0.7140160453043889, 0.7192071731949032, 0.7210948560641812, 0.7243983010854177, 0.7288815478999529, 0.7274657857479944, 0.7298253893345917, 0.728645587541293, 0.7354884379424257, 0.7378480415290232, 0.7347805568664464, 0.7364322793770647, 0.7458706937234545, 0.7442189712128362, 0.7512977819726286, 0.7482302973100519, 0.7529495044832468, 0.7640396413402548, 0.7663992449268523, 0.7706465313827277, 0.7725342142520056, 0.7744218971212836, 0.7739499764039641, 0.7786691835771591, 0.7869277961302501, 0.7878716375648891, 0.7890514393581878, 0.8001415762151959, 0.7968381311939594, 0.7966021708352997, 0.8060405851816895, 0.80556866446437, 0.8081642284096272, 0.815714959886739, 0.8216139688532327, 0.8239735724398302, 0.8244454931571495, 0.8242095327984899, 0.831524303916942, 0.8395469561113733, 0.8402548371873525, 0.8428504011326097, 0.8456819254365266, 0.85181689476168, 0.8534686172722983, 0.85181689476168, 0.8551203397829165, 0.8581878244454931, 0.865738555922605, 0.8673902784332232, 0.8697498820198206, 0.8716375648890986, 0.8742331288343558, 0.8780084945729117, 0.8791882963662104, 0.8822557810287872, 0.8862671071260029, 0.8883907503539406, 0.8935818782444549, 0.8973572439830109, 0.8966493629070316, 0.902784332232185, 0.9042000943841435, 0.9072675790467202, 0.9093912222746579, 0.9091552619159982, 0.9098631429919773, 0.9162340726757905, 0.915762151958471, 0.9174138744690892, 0.9211892402076451, 0.9169419537517697, 0.9230769230769231, 0.9280320906087777, 0.9301557338367155, 0.9247286455875413, 0.9280320906087777, 0.9310995752713545, 0.9327512977819726, 0.9384143463898065, 0.9384143463898065, 0.9400660689004248, 0.9405379896177443, 0.9386503067484663, 0.9419537517697026, 0.9443133553563001, 0.9450212364322794, 0.9464369985842378, 0.9476168003775366, 0.9497404436054743, 0.9506842850401133, 0.951864086833412, 0.9525719679093912, 0.9535158093440302, 0.9530438886267107, 0.9549315714959887, 0.9582350165172251, 0.9579990561585654, 0.9584709768758849, 0.9615384615384616, 0.9584709768758849, 0.9591788579518641, 0.9622463426144408, 0.9653138272770174, 0.9617744218971213, 0.9650778669183577, 0.963898065125059, 0.9622463426144408, 0.9672015101462954, 0.9664936290703162, 0.9653138272770174, 0.96295422369042, 0.9648419065596979, 0.9688532326569136, 0.9716847569608306, 0.9702689948088721, 0.9733364794714487, 0.9705049551675319, 0.9719207173194904, 0.9733364794714487, 0.9693251533742331, 0.9716847569608306, 0.9719207173194904, 0.9735724398301085, 0.9766399244926852, 0.9742803209060877, 0.9716847569608306, 0.9688532326569136, 0.973100519112789, 0.9764039641340255], "trainStanceF1": [0.19698692624651593, 0.22629376504612803, 0.2962518159851883, 0.31105946501447107, 0.3218105610685804, 0.3249881472337209, 0.32515410295472524, 0.3314911930269776, 0.3374710551553758, 0.36390274053649163, 0.3915880313913818, 0.41019331714396867, 0.4157554843241913, 0.423550975143417, 0.4267619925244435, 0.43036861949252714, 0.44334142325179504, 0.4324670820457149, 0.44046089880804473, 0.4405419030533062, 0.4442343275487338, 0.44609101272119134, 0.437046347082765, 0.4452636005475205, 0.45333761576061893, 0.45047528273738013, 0.45197486036905465, 0.46694053623258874, 0.46322815055576755, 0.4670388877252639, 0.47245185044596183, 0.47308398716904143, 0.473245709099834, 0.48042932495171065, 0.48687976404578803, 0.48222213769389366, 0.4893508535410186, 0.5024878471232835, 0.502867977265922, 0.5199443340315663, 0.5172346711676472, 0.5285338209058388, 0.550120756587627, 0.5618205835609121, 0.5749522307799364, 0.5855460696936864, 0.5843097336493543, 0.5900287821488766, 0.600400159065491, 0.6146821949193157, 0.6227197429844219, 0.6216410926841218, 0.6435456718078508, 0.6439139102465292, 0.6480878643688506, 0.6564326514403055, 0.655627485169643, 0.6597143802149276, 0.6768063571835753, 0.6867165876032723, 0.6957291542889512, 0.6906107725900319, 0.7006383179030753, 0.7075320934523881, 0.7229883998793586, 0.721053928056509, 0.7266593728364193, 0.7330920198307869, 0.7407855320045733, 0.7453026293228706, 0.7433432356563094, 0.7506907437391255, 0.7555131190896083, 0.7646647934172647, 0.7690568852113349, 0.7719624808512711, 0.7740804681099134, 0.779184105202149, 0.787692311083253, 0.7893629213376694, 0.79738861104544, 0.7980004692935526, 0.8030980684959368, 0.8153320438106915, 0.819805578455838, 0.8182384529520369, 0.8291385753369278, 0.8311217043352638, 0.8389394398529011, 0.841904989646377, 0.8407819869586308, 0.8457649560294273, 0.8569221571624985, 0.8515146516423486, 0.8591542110117568, 0.8626194670614552, 0.863762876470143, 0.8667069659764457, 0.8748201160126872, 0.880196702374201, 0.8722535343950595, 0.8766209319977227, 0.8817225954765961, 0.8856188003544525, 0.8958139485441275, 0.895164303443269, 0.8996290224542609, 0.9034413960773704, 0.8970759501100122, 0.9062293490946616, 0.9078001009292878, 0.907729906073953, 0.9107369072095424, 0.9141317556935464, 0.9181931299502476, 0.919231260723981, 0.921668308583569, 0.9240660883291214, 0.9243626448994178, 0.9228889778849577, 0.9267705301116562, 0.9322963655956922, 0.9344420332752639, 0.9353498993828702, 0.9372847604654515, 0.9331418957937141, 0.9323110815754913, 0.9392932165797261, 0.9436186796916686, 0.9394860090187707, 0.9443657332833555, 0.9405873690660729, 0.9401337042942082, 0.9483398607640556, 0.9474256588567045, 0.9470829141037103, 0.9420803581633634, 0.9455590043792435, 0.9536278796770818, 0.9545680986092981, 0.953915990933523, 0.9579580732244756, 0.9548265814726299, 0.9575453208063089, 0.9555208598993868, 0.9514691818671136, 0.9572373137219002, 0.9565643964054679, 0.9621446447659507, 0.9661384676122746, 0.9624593496369194, 0.9541319122759426, 0.953067890181591, 0.958997501044631, 0.9636579055388863], "trainLoss": [], "testStanceAcc": [0.7435653002859867, 0.7407054337464252, 0.7483317445185891, 0.7483317445185891, 0.7483317445185891, 0.7454718779790277, 0.7092469018112488, 0.7159199237368923, 0.7273593898951383, 0.7016205910390848, 0.6854146806482364, 0.6263107721639657, 0.6682554814108675, 0.67302192564347, 0.6339370829361296, 0.6587225929456625, 0.6434699714013346, 0.6425166825548141, 0.667302192564347, 0.6444232602478551, 0.6539561487130601, 0.6539561487130601, 0.6406101048617732, 0.6224976167778837, 0.6301239275500476, 0.6272640610104862, 0.6301239275500476, 0.6253574833174452, 0.6358436606291706, 0.6320305052430887, 0.6091515729265967], "testStanceF1": [0.2610292332935271, 0.3463571785535804, 0.3188466838545776, 0.36986419668786125, 0.395560122741373, 0.38954947207363644, 0.37773070113495644, 0.4000711672283592, 0.3627672605928225, 0.3712721302395506, 0.40872978646522906, 0.38595779764517824, 0.3619330670615354, 0.3722822455458904, 0.39781839562051835, 0.4065526686014954, 0.3866754635706735, 0.39320788500960346, 0.3984077354107521, 0.38958127556031874, 0.36202397931301067, 0.37577484470932876, 0.3718285151590868, 0.37162880676253485, 0.36125559262729423, 0.35797338069396606, 0.3557878891724623, 0.34542054369640574, 0.362551941180128, 0.35587262144169207, 0.3479925432939158],