{"epoch": 25, "macroF1Stance": 0.38328556480596876, "accStance": 0.7454718779790277, "loss": 0.7039196491241455, "trainStanceAcc": [0.6035865974516281, 0.6451156205757432, 0.6451156205757432, 0.6635205285512034, 0.6762623879188296, 0.6795658329400661, 0.6897121283624351, 0.6934874941009911, 0.6911278905143936, 0.6941953751769703, 0.6934874941009911, 0.6937234544596508, 0.6946672958942898, 0.695375176970269, 0.7003303445021236, 0.6991505427088249, 0.6979707409155262, 0.6996224634261444, 0.7045776309579991, 0.7041057102406796, 0.7059933931099576, 0.7085889570552147, 0.7095327984898537, 0.7085889570552147, 0.7116564417177914, 0.7154318074563474, 0.7121283624351109, 0.7159037281736669, 0.7232184992921189, 0.7232184992921189, 0.7196790939122227, 0.7241623407267579, 0.7269938650306749, 0.7269938650306749, 0.7357243983010854, 0.7307692307692307, 0.7300613496932515, 0.7376120811703634, 0.7394997640396413, 0.743511090136857, 0.7418593676262388, 0.7501179801793298, 0.7494100991033507, 0.7534214252005663, 0.7567248702218028, 0.761208117036338, 0.760264275601699, 0.7635677206229353, 0.7734780556866446, 0.771354412458707, 0.779613025011798, 0.7819726285983954, 0.7869277961302501, 0.7928268050967437, 0.7963662104766399, 0.7961302501179802, 0.8060405851816895, 0.8015573383671544, 0.8086361491269467, 0.8093440302029259, 0.8128834355828221, 0.8171307220386975, 0.8164228409627182, 0.8216139688532327, 0.8242095327984899, 0.8246814535158093, 0.8279848985370458, 0.8301085417649835, 0.832468145351581, 0.8409627182633318, 0.8393109957527135, 0.841670599339311, 0.8492213308164228, 0.8496932515337423, 0.8506370929683813, 0.8534686172722983, 0.8558282208588958, 0.8577159037281736, 0.8581878244454931, 0.8643227937706466, 0.8683341198678622, 0.8744690891930156, 0.8728173666823974, 0.8789523360075507, 0.8829636621047664, 0.8831996224634261, 0.8843794242567249, 0.8836715431807456, 0.8912222746578575, 0.890750353940538, 0.8926380368098159, 0.8968853232656914, 0.8992449268522889, 0.904672015101463, 0.9023124115148655, 0.902784332232185, 0.9103350637092968, 0.9049079754601227, 0.9082114204813592, 0.9079754601226994, 0.9143463898065125, 0.9134025483718735, 0.9216611609249646, 0.9190655969797074, 0.9202453987730062, 0.9209532798489853, 0.9230769230769231, 0.924020764511562, 0.9230769230769231, 0.9292118924020765, 0.9318074563473336, 0.9261444077394998, 0.9344030202925908, 0.929683813119396, 0.9332232184992921, 0.9348749410099103, 0.939830108541765, 0.9358187824445493, 0.9377064653138273, 0.9393581878244455, 0.9414818310523831, 0.9443133553563001, 0.9400660689004248, 0.9457291175082586, 0.9438414346389806], "trainStanceF1": [0.20378793766478995, 0.19606999426276533, 0.19606999426276533, 0.27636435202224674, 0.31050475355442086, 0.3207202615975536, 0.33086160832832057, 0.33277883013117227, 0.3344102365962091, 0.33493916152222336, 0.335684423232695, 0.3366389312397523, 0.34643769195494256, 0.3621962627147992, 0.39233707582857535, 0.412613414989197, 0.4102733143811297, 0.41640537326179355, 0.42117016686506925, 0.422164165484752, 0.4249853341454529, 0.43622832699341907, 0.4347868737419869, 0.43046503739744746, 0.43736020573035794, 0.45353354338475566, 0.44242528973782314, 0.44917378938480457, 0.4604078332422584, 0.4595948174999098, 0.4553819852943521, 0.46482505899990173, 0.4684394392151894, 0.47055417721663395, 0.4758959445105535, 0.4724965017906567, 0.479882839700131, 0.48646235445625796, 0.49648705203686794, 0.4958318578578319, 0.4983213240548302, 0.5100788049149292, 0.5130596380419288, 0.516448347195796, 0.5322380717684096, 0.5437942768751092, 0.5466652864366068, 0.5489716336178663, 0.5717115178291324, 0.5707738384835699, 0.5881632366291615, 0.5911278450234805, 0.6030305144325443, 0.61901989825555, 0.6248987175258619, 0.6240693918092028, 0.6481124387261061, 0.6373326173839802, 0.6607691977893122, 0.6509800393955523, 0.6630577286510605, 0.6683375143180256, 0.6772840309037566, 0.682714959268695, 0.6811262383314646, 0.6922415252584249, 0.695247109766882, 0.7007626931436509, 0.7100987456777544, 0.7192189350958172, 0.719130275723085, 0.7242637297636483, 0.7375502714174189, 0.7397165295776975, 0.7453916537446839, 0.7415580892502013, 0.7503598117215973, 0.7574855663738994, 0.7613600561751916, 0.7644125327973387, 0.7690098730391086, 0.781323871565599, 0.7817984482442913, 0.7902805264333093, 0.7979230336022982, 0.7988007452975551, 0.8037796640227406, 0.8010573799522326, 0.8155722740843994, 0.8142433743825694, 0.8129097139178436, 0.8224327929015806, 0.8268684961786409, 0.8392494243165971, 0.8296759179653312, 0.831886550267316, 0.8454497634660236, 0.8390733066060775, 0.8426522732037107, 0.8437751029250636, 0.8511545009748932, 0.8509663274872821, 0.8656583396061567, 0.862781304455069, 0.8616050452127385, 0.8611969278178853, 0.8696720200350878, 0.8691006813707913, 0.8699487314803698, 0.8769934626814093, 0.8820152138767099, 0.8747844329550127, 0.8873117235777388, 0.8772147066212652, 0.8872549979307571, 0.8897320026209087, 0.9011595997130718, 0.8906242059962144, 0.8922062470728269, 0.8985592872120822, 0.901211138115436, 0.9060443651323251, 0.9015537489710709, 0.905981795367067, 0.9061368435524308], "trainLoss": [], "testStanceAcc": [0.7302192564346998, 0.7330791229742613, 0.7330791229742613, 0.7454718779790277, 0.7454718779790277, 0.7378455672068637, 0.7435653002859867, 0.7292659675881792, 0.7206863679694948, 0.6968541468064824, 0.6644423260247855, 0.6501429933269781, 0.6415633937082936, 0.6358436606291706, 0.6491897044804575, 0.6415633937082936, 0.6472831267874166, 0.6139180171591992, 0.6196377502383222, 0.6310772163965681, 0.6253574833174452, 0.6253574833174452, 0.6501429933269781, 0.6329837940896091, 0.6472831267874166], "testStanceF1": [0.27964989140459967, 0.2946853013880966, 0.3515779709804461, 0.3746914108440358, 0.38328556480596876, 0.3727384772683559, 0.38064628103622933, 0.3705112412628902, 0.37006331738302034, 0.3657053865308698, 0.36694846849189, 0.358653458085456, 0.3720498091074912, 0.3587207440754615, 0.3488981432807271, 0.3448393525098261, 0.3565226928935563, 0.35822805434819716, 0.3438465028277423, 0.364879708187124, 0.3690575331081781, 0.36516500741030267, 0.3537677822608586, 0.3485171822976749, 0.36727411232062623], "testLoss": [0.8558219075202942, 0.8178799748420715, 0.7452355623245239, 0.6904019713401794, 0.7039196491241455, 0.767772376537323, 0.737894594669342, 0.7928557991981506, 0.8235546350479126, 0.8836894035339355, 0.9971731901168823, 1.0980894565582275, 1.2357492446899414, 1.3186873197555542, 1.355713963508606, 1.4816073179244995, 1.5736809968948364, 1.7610703706741333, 1.8174610137939453, 1.8221397399902344, 1.9145827293395996, 2.006484270095825, 1.963745355606079, 2.059441566467285, 2.0358638763427734]}