{"epoch": 35, "macroF1Stance": 0.38997269674475155, "accStance": 0.7349857006673022, "loss": 0.8108494877815247, "trainStanceAcc": [0.6451156205757432, 0.6451156205757432, 0.6557338367154318, 0.673194903256253, 0.6852288815479, 0.6854648419065597, 0.6904200094384143, 0.6915998112317131, 0.6937234544596508, 0.6934874941009911, 0.7010382255781029, 0.697262859839547, 0.7003303445021236, 0.7036337895233601, 0.7029259084473808, 0.7038697498820198, 0.7045776309579991, 0.7095327984898537, 0.7071731949032563, 0.7130722038697499, 0.7104766399244927, 0.7104766399244927, 0.7133081642284096, 0.7133081642284096, 0.7196790939122227, 0.7199150542708825, 0.7206229353468617, 0.7225106182161397, 0.7182633317602642, 0.7267579046720151, 0.728645587541293, 0.733364794714488, 0.7319490325625295, 0.738791882963662, 0.7456347333647947, 0.7369042000943842, 0.7477583765927324, 0.753657385559226, 0.7541293062765455, 0.758376592732421, 0.75932043416706, 0.7623879188296366, 0.7678150070788108, 0.7770174610665408, 0.7697026899480888, 0.7817366682397358, 0.7793770646531383, 0.7833883907503539, 0.7885795186408683, 0.7895233600755073, 0.7942425672487022, 0.7975460122699386, 0.8062765455403492, 0.8034450212364322, 0.8074563473336479, 0.8091080698442662, 0.8109957527135441, 0.8173666823973572, 0.8197262859839547, 0.8256252949504483, 0.8256252949504483, 0.8272770174610665, 0.8294006606890042, 0.8360075507314771, 0.8374233128834356, 0.837895233600755, 0.8504011326097216, 0.8496932515337423, 0.85181689476168, 0.8551203397829165, 0.8567720622935346, 0.8631429919773478, 0.8633789523360076, 0.8699858423784804, 0.8714016045304389, 0.8716375648890986, 0.8801321378008494, 0.8803680981595092, 0.8839075035394054, 0.8905143935818782, 0.887918829636621, 0.8912222746578575, 0.8931099575271354, 0.8961774421897122, 0.8954695611137329, 0.9004247286455875, 0.9023124115148655, 0.9082114204813592, 0.9075035394053799, 0.9084473808400189, 0.9091552619159982, 0.9152902312411515, 0.9145823501651722, 0.9178857951864087, 0.9242567248702218, 0.9204813591316658, 0.9202453987730062, 0.9242567248702218, 0.9273242095327985, 0.92590844738084, 0.9275601698914583, 0.930627654554035, 0.931571495988674, 0.9327512977819726, 0.9346389806512506, 0.9353468617272298, 0.9365266635205286, 0.938886267107126, 0.938886267107126, 0.937942425672487, 0.9360547428032091, 0.9384143463898065, 0.9440773949976404, 0.9459650778669183, 0.9459650778669183, 0.9480887210948561, 0.9504483246814536, 0.9478527607361963, 0.9478527607361963, 0.9513921661160925, 0.9530438886267107, 0.9511562057574328, 0.9485606418121756, 0.9565832940066069, 0.9568192543652666, 0.9551675318546484, 0.9572911750825861, 0.9570552147239264, 0.9525719679093912, 0.9539877300613497, 0.9598867390278433, 0.9594148183105239, 0.9603586597451628, 0.9646059462010382, 0.9641340254837187], "trainStanceF1": [0.19609812078611388, 0.19606999426276533, 0.26292207469292356, 0.30748818079695195, 0.3235437421367322, 0.3251306785099062, 0.32930650249828475, 0.3337087599386381, 0.33219700568042887, 0.351053100435875, 0.3772474053516903, 0.39473441798930387, 0.3985245139151177, 0.4131915570228568, 0.4142390252530779, 0.4154398140439679, 0.42259595868739597, 0.4287610225118982, 0.4236659544358762, 0.43766749451712783, 0.432622214278605, 0.43975788526916937, 0.443719870203956, 0.439214036834797, 0.4538543487961671, 0.453265884274638, 0.4518774767850484, 0.4555357342365586, 0.45678285059728363, 0.4677642112962483, 0.46879411512465985, 0.4776566946037056, 0.47660014906925796, 0.48348304049071045, 0.5018336682676398, 0.49922675171500686, 0.5169374465783494, 0.5302321030657138, 0.5392620905796036, 0.5524417624031402, 0.5465950370304868, 0.5619575467408233, 0.578614424027635, 0.5949340359635167, 0.5877012421799428, 0.6089227055824056, 0.6123732848740097, 0.6183718008545664, 0.6321480112699251, 0.6352345132233046, 0.6451244843122039, 0.6506581109504008, 0.666144465562972, 0.6635072104140647, 0.6734774475486032, 0.66782635997602, 0.6787175336387279, 0.6879071526730266, 0.6954272080816762, 0.7095483713643853, 0.7056075850774923, 0.7124926939465908, 0.7118243093430967, 0.7253777637003557, 0.7312550912756433, 0.7285072943460695, 0.754896850176745, 0.749842477672647, 0.7574072885943378, 0.7611902007387767, 0.7588506288828197, 0.7736641911576247, 0.7738479322618423, 0.7817031980297197, 0.7923566547114208, 0.7814448742972555, 0.796528710034527, 0.8022510964099074, 0.8018870042118608, 0.8167789476825342, 0.812380246458973, 0.8233322871143698, 0.8268324797545296, 0.8288638359725232, 0.8259717247088029, 0.8329243074732127, 0.8399522767620927, 0.8512559537437138, 0.8514717601927352, 0.8508715911167304, 0.8491796517499915, 0.8575475419009757, 0.8610418463026615, 0.8646280525694565, 0.87684865696341, 0.8759732564579567, 0.8716734950920337, 0.8788248167449008, 0.8873466682326703, 0.882438661303866, 0.8824031135913594, 0.8880616209876687, 0.8892711794725112, 0.8937817521525354, 0.8963950731764577, 0.89547942720318, 0.897308393216567, 0.903999122592317, 0.9024931840564374, 0.9009118682021364, 0.9004249609628066, 0.9065375251656441, 0.9153413775047728, 0.9162746534499338, 0.9164670218528435, 0.9175333113855886, 0.9239918399450954, 0.9208232722675692, 0.9211373787911274, 0.9248936148566964, 0.927036405131514, 0.9266057474831441, 0.9247028020488768, 0.9341666850303904, 0.9332297342389555, 0.9295985849679902, 0.9357003293645079, 0.9321162058880341, 0.9263814504141012, 0.9294694731067232, 0.9391936515472307, 0.9379812046178523, 0.9402728001544416, 0.9467029521544892, 0.9451971902789762], "trainLoss": [], "testStanceAcc": [0.7244995233555768, 0.7378455672068637, 0.7483317445185891, 0.7473784556720686, 0.7540514775977121, 0.7407054337464252, 0.7349857006673022, 0.7426120114394662, 0.7073403241182078, 0.6949475691134414, 0.6663489037178265, 0.6596758817921831, 0.6510962821734986, 0.6101048617731173, 0.6329837940896091, 0.6510962821734986, 0.6348903717826502, 0.6530028598665396, 0.6348903717826502, 0.6377502383222117, 0.6224976167778837, 0.6320305052430887, 0.6005719733079123, 0.6072449952335558, 0.5967588179218303, 0.6367969494756911, 0.6053384175405148], "testStanceF1": [0.2822944709049493, 0.28905500920796584, 0.3543641015657591, 0.36889474601084765, 0.3718299737465667, 0.3724505421748675, 0.38997269674475155, 0.37392783466216784, 0.36696685950281904, 0.34578909502035143, 0.3534389894037503, 0.3302467935188493, 0.33830259648797967, 0.3396994400267978, 0.3397878067940289, 0.3516523296676225, 0.34256633234662776, 0.33981706230702213, 0.35226226666230054, 0.3379876213855756, 0.3321092673220333, 0.33506383436587195, 0.3258999964848252, 0.3234085595085274, 0.32900053399509277, 0.3320523178895881, 0.3309252138576351], "testLoss": [0.8618760108947754, 0.733902633190155, 0.6743901371955872, 0.7108995318412781, 0.689443826675415, 0.780912458896637, 0.8108494877815247, 0.8216879367828369, 0.9110826253890991, 0.9801791906356812, 1.1214118003845215, 1.2712175846099854, 1.4094218015670776, 1.5961750745773315, 1.646312952041626, 1.752671480178833, 1.881730079650879, 1.975093960762024, 2.1012954711914062, 2.1244492530822754, 2.2503159046173096, 2.244988441467285, 2.3819899559020996, 2.449370861053467, 2.568711996078491, 2.41485595703125, 2.6217055320739746]}