{"epoch": 35, "macroF1Stance": 0.4083325745582899, "accStance": 0.7216396568160153, "loss": 0.7873322367668152, "trainStanceAcc": [0.6255309108069844, 0.6455875412930627, 0.6609249646059462, 0.6774421897121283, 0.6790939122227466, 0.6864086833411986, 0.6915998112317131, 0.6878244454931571, 0.6923076923076923, 0.6946672958942898, 0.6894761680037753, 0.6937234544596508, 0.6937234544596508, 0.7000943841434639, 0.6958470976875885, 0.7012741859367626, 0.7036337895233601, 0.7076451156205757, 0.7133081642284096, 0.7100047192071732, 0.7062293534686173, 0.7128362435110901, 0.7126002831524304, 0.7137800849457291, 0.719443133553563, 0.7170835299669656, 0.718499292118924, 0.7243983010854177, 0.7222746578574799, 0.7248702218027372, 0.7279377064653139, 0.7319490325625295, 0.7383199622463427, 0.7347805568664464, 0.7423312883435583, 0.7394997640396413, 0.743511090136857, 0.7439830108541765, 0.7465785747994337, 0.7548371873525248, 0.755545068428504, 0.7605002359603587, 0.7626238791882963, 0.7673430863614913, 0.7701746106654083, 0.770410571024068, 0.7789051439358188, 0.7845681925436526, 0.7907031618688061, 0.7892873997168476, 0.7994336951392166, 0.7984898537045776, 0.7999056158565361, 0.8032090608777726, 0.8121755545068429, 0.8069844266163284, 0.8114676734308636, 0.8223218499292119, 0.8204341670599339, 0.8206701274185937, 0.826805096743747, 0.831524303916942, 0.830580462482303, 0.8301085417649835, 0.84261444077395, 0.8404907975460123, 0.8511090136857008, 0.8419065596979708, 0.8522888154789995, 0.8541764983482775, 0.8631429919773478, 0.8586597451628126, 0.8671543180745634, 0.8704577630957999, 0.8716375648890986, 0.8721094856064181, 0.8810759792354884, 0.8848513449740444, 0.8848513449740444, 0.8876828692779613, 0.8867390278433224, 0.8924020764511562, 0.8961774421897122, 0.899008966493629, 0.8987730061349694, 0.902784332232185, 0.9060877772534214, 0.9044360547428032, 0.9115148655025955, 0.911042944785276, 0.9105710240679565, 0.9145823501651722, 0.91670599339311, 0.917649834827749, 0.9195375176970269, 0.9230769230769231, 0.9195375176970269, 0.9247286455875413, 0.9273242095327985, 0.9261444077394998, 0.9322793770646531, 0.9320434167059934, 0.9282680509674375, 0.9353468617272298, 0.9360547428032091, 0.9384143463898065, 0.9355828220858896, 0.941717791411043, 0.9384143463898065, 0.9426616328456819, 0.9403020292590845, 0.9433695139216611, 0.9464369985842378, 0.9469089193015573, 0.9480887210948561, 0.9506842850401133, 0.9528079282680509, 0.9525719679093912, 0.9487966021708353, 0.9502123643227938, 0.9558754129306276, 0.9551675318546484, 0.9532798489853704, 0.9558754129306276, 0.9589428975932044, 0.9605946201038226, 0.9577630957999056, 0.9594148183105239, 0.9627182633317602, 0.9589428975932044, 0.9587069372345446, 0.9615384615384616, 0.9662576687116564, 0.9641340254837187, 0.9676734308636149], "trainStanceF1": [0.2117179091962848, 0.20182302260355175, 0.2851618410303822, 0.3134991171263901, 0.31975316910625906, 0.32506938936479657, 0.33190427809269896, 0.32845800107961104, 0.33309169983439657, 0.35071418792241194, 0.3693433753811247, 0.39112081353111794, 0.4043130711249504, 0.40300166487996925, 0.4092677551549282, 0.41220784094784085, 0.4211992382701366, 0.4277858155992638, 0.439804075504731, 0.44153417670226536, 0.4349427833177889, 0.4426209903943876, 0.44462770669577667, 0.44832030200571665, 0.4579674010483164, 0.453349268272182, 0.45744944074556854, 0.4630272513242025, 0.4623801933180617, 0.46479027387708616, 0.46911720874258006, 0.4805765121431783, 0.48492665438593796, 0.48184870984195644, 0.4952477505060694, 0.49277238078113217, 0.5024429860990789, 0.49969384057105565, 0.5085092558381198, 0.5283592718984377, 0.527915097624766, 0.5574469911238186, 0.5533631542001798, 0.5713157411967884, 0.5738174619927364, 0.587446046488823, 0.6011670323550808, 0.6170608866503262, 0.6210606830577401, 0.6325552571764423, 0.6406345063683011, 0.6440679114574686, 0.6546697709329308, 0.6573364920390914, 0.6677062538565729, 0.6657672625211125, 0.6719714884976492, 0.693610862975838, 0.6875865903874503, 0.6878303007679168, 0.7066695664217564, 0.7075460472558951, 0.7079699831270166, 0.7070583798663899, 0.7294666363599271, 0.7241475092024359, 0.7407788699106181, 0.7267462104513842, 0.7483346677689688, 0.7517023193590116, 0.7631258282686719, 0.7583668942583879, 0.7763598189260233, 0.7777093418103025, 0.7807271854623248, 0.7839135161753313, 0.792074038124699, 0.8013043719834676, 0.8021505367822723, 0.8095353791748268, 0.8088433189127762, 0.819192886753816, 0.8202405491911806, 0.8245780625933824, 0.8303661455450617, 0.8328308315620265, 0.8345331584842388, 0.839889615010072, 0.846562537779538, 0.8490565486700464, 0.849954310031766, 0.857910798235379, 0.8581303075278893, 0.8611748905778862, 0.8639981947986484, 0.8688876405366104, 0.8630257541662978, 0.874744155883518, 0.8762408307782997, 0.8777210810011055, 0.8869459775896699, 0.8866658812840387, 0.8784854812737237, 0.8914653538978504, 0.8939107430047013, 0.8972830162297509, 0.8942817464602009, 0.9048928031246216, 0.901575677854485, 0.9048146096417855, 0.9039729223905532, 0.9131668933685171, 0.9169455157586855, 0.9129379457788704, 0.9152234163394022, 0.9212442614795255, 0.9265242137052212, 0.9210450331486497, 0.9182900572981259, 0.9204508330139403, 0.9310067733063101, 0.9297799372550066, 0.9266339103207173, 0.9307873869986022, 0.9336055726412668, 0.9379165017687244, 0.933765798766861, 0.9369783260264785, 0.9432383552170387, 0.9348047615161713, 0.9374498289577808, 0.9391277286000292, 0.9499164887085068, 0.9435175450952868, 0.9476111959065436], "trainLoss": [], "testStanceAcc": [0.7387988560533841, 0.7426120114394662, 0.7407054337464252, 0.7502383222116301, 0.7540514775977121, 0.7521448999046711, 0.7216396568160153, 0.7359389895138226, 0.7044804575786463, 0.680648236415634, 0.6997140133460439, 0.5805529075309819, 0.6415633937082936, 0.5967588179218303, 0.6549094375595805, 0.6453765490943756, 0.6301239275500476, 0.6167778836987607, 0.6301239275500476, 0.646329837940896, 0.6530028598665396, 0.6415633937082936, 0.6253574833174452, 0.6434699714013346, 0.5967588179218303, 0.5967588179218303, 0.5977121067683508], "testStanceF1": [0.2850719846182705, 0.31416184950077086, 0.35394471101713293, 0.36283097854526425, 0.38860650105431005, 0.3940330546515102, 0.4083325745582899, 0.35787746835988676, 0.40566818891796974, 0.3853764080757074, 0.37307456977979603, 0.3381390788757125, 0.3476978645717867, 0.36931716584393204, 0.36600103435057085, 0.3556771254313696, 0.37336751553229586, 0.3675036790996036, 0.38124176402735166, 0.3824137834953836, 0.34624166919872296, 0.3768692942880312, 0.3767007540772163, 0.37028066133863713, 0.35923854145501666, 0.34465849312420477, 0.33755216428322427], "testLoss": [0.8243061900138855, 0.714775800704956, 0.7042022943496704, 0.7053401470184326, 0.6963251233100891, 0.7077200412750244, 0.7873322367668152, 0.818678081035614, 0.8882333636283875, 0.9990430474281311, 1.0850406885147095, 1.3485665321350098, 1.3223025798797607, 1.4776979684829712, 1.4928022623062134, 1.6494640111923218, 1.7229843139648438, 1.939507007598877, 2.0077407360076904, 2.052985191345215, 2.0513389110565186, 2.150193452835083, 2.3312861919403076, 2.2612416744232178, 2.5232465267181396, 2.6658546924591064, 2.6800527572631836]}