{"epoch": 90, "macroF1Stance": 0.41274923070951236, "accStance": 0.6682554814108675, "loss": 1.1085870265960693, "trainStanceAcc": [0.5783388390750354, 0.6451156205757432, 0.6451156205757432, 0.6451156205757432, 0.6460594620103822, 0.6566776781500708, 0.6642284096271827, 0.6739027843322322, 0.6757904672015101, 0.6868806040585181, 0.6866446436998584, 0.6864086833411986, 0.696319018404908, 0.6949032562529495, 0.696319018404908, 0.6939594148183105, 0.7024539877300614, 0.7067012741859368, 0.7012741859367626, 0.7019820670127419, 0.697262859839547, 0.7055214723926381, 0.7045776309579991, 0.7043416705993393, 0.7088249174138744, 0.7024539877300614, 0.7109485606418122, 0.7114204813591317, 0.7144879660217084, 0.7109485606418122, 0.7130722038697499, 0.7133081642284096, 0.7147239263803681, 0.7210948560641812, 0.7210948560641812, 0.7196790939122227, 0.7201510146295422, 0.7208588957055214, 0.729589428975932, 0.7274657857479944, 0.7281736668239736, 0.7328928739971685, 0.7312411514865502, 0.7312411514865502, 0.7345445965077867, 0.7394997640396413, 0.7392638036809815, 0.7392638036809815, 0.7437470504955167, 0.7404436054742803, 0.743511090136857, 0.7489381783860312, 0.7538933459178858, 0.7522416234072676, 0.7560169891458235, 0.7557810287871638, 0.7567248702218028, 0.7626238791882963, 0.7619159981123171, 0.7616800377536573, 0.766635205285512, 0.766635205285512, 0.7699386503067485, 0.7748938178386031, 0.7741859367626239, 0.7803209060877773, 0.7753657385559226, 0.7751297781972628, 0.7829164700330344, 0.7857479943369514, 0.7904672015101463, 0.7949504483246814, 0.7956583294006607, 0.7930627654554034, 0.7954223690420009, 0.8010854176498349, 0.8010854176498349, 0.7996696554978764, 0.8039169419537517, 0.8062765455403492, 0.8100519112789052, 0.8142991977347805, 0.8114676734308636, 0.8178386031146767, 0.817602642756017, 0.8147711184521, 0.8218499292118924, 0.8161868806040585, 0.8275129778197263, 0.8239735724398302, 0.8298725814063237, 0.8275129778197263, 0.8303445021236432, 0.8338839075035394, 0.8355356300141576, 0.8395469561113733, 0.838839075035394, 0.84261444077395, 0.839782916470033, 0.8501651722510618, 0.8487494100991033, 0.8494572911750826, 0.8541764983482775, 0.8534686172722983, 0.8581878244454931, 0.8579518640868334, 0.8624351109013686, 0.8671543180745634, 0.8617272298253893, 0.8650306748466258, 0.8704577630957999, 0.8697498820198206, 0.8692779613025012, 0.8756488909863143, 0.8728173666823974, 0.8751769702689948, 0.8806040585181689, 0.8782444549315715, 0.8798961774421897, 0.887918829636621, 0.8872109485606419, 0.8862671071260029, 0.8909863142991977, 0.8912222746578575, 0.8978291647003304, 0.8942897593204342, 0.89806512505899, 0.89806512505899, 0.8964134025483719, 0.8985370457763096, 0.8938178386031147, 0.8966493629070316, 0.9126946672958943, 0.9072675790467202, 0.9058518168947617, 0.8997168475696083, 0.9056158565361019, 0.9124587069372345, 0.911986786219915, 0.911042944785276, 0.9112789051439358, 0.9141104294478528, 0.9162340726757905, 0.913874469089193, 0.9150542708824917, 0.9174138744690892, 0.9200094384143463, 0.9209532798489853, 0.9171779141104295, 0.9244926852288815, 0.9183577159037282, 0.9214252005663048, 0.9230769230769231, 0.9263803680981595, 0.9252005663048608, 0.9247286455875413, 0.9242567248702218, 0.9299197734780557, 0.92590844738084, 0.9325153374233128, 0.927796130250118, 0.9325153374233128, 0.9322793770646531, 0.9339310995752713, 0.937942425672487, 0.9310995752713545, 0.9353468617272298, 0.9327512977819726, 0.9329872581406323, 0.9386503067484663, 0.9384143463898065, 0.9428975932043416, 0.9367626238791883, 0.9367626238791883, 0.9424256724870221, 0.9400660689004248, 0.9445493157149599, 0.9436054742803209, 0.9440773949976404, 0.9426616328456819, 0.9457291175082586, 0.9462010382255781, 0.9436054742803209, 0.9431335535630014, 0.9516281264747523, 0.9466729589428976, 0.9487966021708353, 0.9521000471920718, 0.9478527607361963, 0.9516281264747523], "trainStanceF1": [0.2103604465179197, 0.19606999426276533, 0.19606999426276533, 0.19606999426276533, 0.19854941269981455, 0.23893886038943804, 0.2811112737394591, 0.3023350803216607, 0.31315608725671695, 0.32439336392595397, 0.3274437251211374, 0.32774604731503865, 0.33781988344516134, 0.33739161044998855, 0.3360661371954957, 0.3366305014728209, 0.35063551976669477, 0.39509745005742003, 0.3914947770149346, 0.4013078014907685, 0.3961462660996743, 0.4228332315010026, 0.4094500738334397, 0.4175727795259844, 0.42137363185388493, 0.4214893848792376, 0.43166773436268985, 0.43333899045615787, 0.43723364880128057, 0.43438139750504434, 0.4386644345440064, 0.44225719426403765, 0.44143431363663865, 0.4449084531903482, 0.4530823275677203, 0.4411779888727583, 0.45247799691733437, 0.4467998561281481, 0.4617895149168045, 0.4606017144078619, 0.4720946529472282, 0.47170957525477036, 0.4639421353659011, 0.46766406628941837, 0.47415460545990784, 0.483454221245071, 0.48022890944293445, 0.47930281636848265, 0.48446647771014095, 0.48112280411407204, 0.48750026921479556, 0.4929631956146784, 0.5042361471274779, 0.5040573021946335, 0.5081585772411512, 0.5147869333989044, 0.5153016935150281, 0.5277036374286271, 0.5287902624750007, 0.5317536304916416, 0.5392148489051579, 0.5461428443946361, 0.5486079152605845, 0.5691751785096338, 0.5567783956077828, 0.5762419918592313, 0.5741145372053968, 0.5808688167895563, 0.5980744320369131, 0.596306326356987, 0.6168268637024384, 0.6273452631352141, 0.6259864696672017, 0.6203161358374938, 0.6286552883891753, 0.6419051622381486, 0.6417778813108533, 0.6450512565883956, 0.6556029264145105, 0.6578267924368686, 0.6656575757304177, 0.6717546240517615, 0.6748545844561664, 0.6789822522060304, 0.6771491224553631, 0.6787802601364459, 0.6891987696949071, 0.6838190995498319, 0.7018250548518012, 0.6883266512661494, 0.7075109184504673, 0.6987034683664557, 0.7022268406388738, 0.7081776820171842, 0.7158490163900362, 0.7229787350099413, 0.7198400432997519, 0.7250882132591199, 0.7262778737913198, 0.742564524149167, 0.7385460508665924, 0.7425024015844562, 0.7517663644414369, 0.752220369931432, 0.757048374664755, 0.7587174776847754, 0.7697815150090985, 0.7745793106077647, 0.7671184421430803, 0.7693689865508438, 0.7795286191108797, 0.7801574029510587, 0.7821607770696322, 0.7858642268863932, 0.7860797034482749, 0.7894363257756983, 0.7971604488198755, 0.7964902160287286, 0.7991540312641874, 0.8102150480779629, 0.8065000980969255, 0.8073122059054629, 0.8226501323825212, 0.8197019529283727, 0.8321226540152524, 0.8220201362712443, 0.8334025386443392, 0.8347860748758718, 0.832658234380431, 0.8241345165385638, 0.8267616348700351, 0.8284175515714096, 0.8540863348990156, 0.8467862233141358, 0.843168439474702, 0.8343629869506042, 0.8452759299255853, 0.8531825587930839, 0.8558392631582048, 0.8494083809385452, 0.8494245796602073, 0.8571383537283834, 0.8607822798580073, 0.8540090684759131, 0.8638490451554832, 0.8612460175016405, 0.8761159847316095, 0.8678344621276339, 0.8620747093834816, 0.8788833739989603, 0.8694814547002488, 0.8707652268580112, 0.8724155456620939, 0.876910020740274, 0.8757231103381267, 0.8789359618175101, 0.8751924407788697, 0.8816136281493954, 0.879526003483609, 0.8855940561469027, 0.8787141700947387, 0.8893906290930644, 0.8854002792760174, 0.8905715996626635, 0.8978582022352648, 0.8853287333219856, 0.8951372146398437, 0.8920243442425422, 0.8940869721239804, 0.8997741275055267, 0.8974581483418957, 0.9056249721612957, 0.8984926598522092, 0.8927447507127124, 0.9072827547836047, 0.9022580876143147, 0.9097136630674912, 0.90635666326319, 0.9110075019621591, 0.9031377947319067, 0.9113873568127018, 0.913843612701435, 0.9073026220370786, 0.9103045604682499, 0.9171731421938296, 0.9154172876793418, 0.9145720070408574, 0.9215105407193553, 0.9145858622835151, 0.9186814529499426], "trainLoss": [],