{"epoch": 75, "macroF1Stance": 0.39860172136007294, "accStance": 0.67302192564347, "loss": 1.4442092180252075, "trainStanceAcc": [0.6356772062293534, 0.6455875412930627, 0.6590372817366682, 0.6743747050495517, 0.6899480887210948, 0.6897121283624351, 0.6890042472864559, 0.6908919301557338, 0.69443133553563, 0.6970268994808873, 0.7024539877300614, 0.697262859839547, 0.6965549787635678, 0.7059933931099576, 0.707409155261916, 0.7064653138272771, 0.7041057102406796, 0.7059933931099576, 0.7081170363378952, 0.7085889570552147, 0.7088249174138744, 0.7116564417177914, 0.7135441245870694, 0.7144879660217084, 0.7208588957055214, 0.7187352524775837, 0.719443133553563, 0.7201510146295422, 0.7248702218027372, 0.7284096271826334, 0.7300613496932515, 0.7258140632373761, 0.7347805568664464, 0.7371401604530439, 0.7428032090608778, 0.7489381783860312, 0.7475224162340727, 0.753657385559226, 0.7557810287871638, 0.760264275601699, 0.7619159981123171, 0.7633317602642756, 0.7668711656441718, 0.7718263331760264, 0.7744218971212836, 0.7763095799905616, 0.7836243511090137, 0.7902312411514866, 0.7871637564889099, 0.7961302501179802, 0.7963662104766399, 0.8062765455403492, 0.8043888626710712, 0.8069844266163284, 0.8119395941481831, 0.8128834355828221, 0.8114676734308636, 0.8206701274185937, 0.8223218499292119, 0.8294006606890042, 0.8284568192543653, 0.8345917885795187, 0.8411986786219915, 0.839782916470033, 0.845445965077867, 0.8508730533270411, 0.8508730533270411, 0.8494572911750826, 0.855592260500236, 0.8577159037281736, 0.8621991505427088, 0.866682397357244, 0.8678621991505427, 0.8730533270410571, 0.8789523360075507, 0.8768286927796131, 0.8735252477583766, 0.8846153846153846, 0.8834355828220859, 0.8810759792354884, 0.889806512505899, 0.8853232656913639, 0.8876828692779613, 0.8872109485606419, 0.8987730061349694, 0.9004247286455875, 0.9030202925908447, 0.9034922133081642, 0.9063237376120812, 0.9058518168947617, 0.9084473808400189, 0.9171779141104295, 0.9141104294478528, 0.915762151958471, 0.917649834827749, 0.9202453987730062, 0.9197734780556867, 0.9235488437942425, 0.9285040113260972, 0.9299197734780557, 0.9266163284568193, 0.9336951392166116, 0.9353468617272298, 0.9351109013685701, 0.930627654554035, 0.9329872581406323, 0.9410099103350638, 0.937942425672487, 0.9391222274657858, 0.9410099103350638, 0.939830108541765, 0.9469089193015573, 0.9438414346389806, 0.9495044832468146, 0.9506842850401133, 0.9485606418121756, 0.9549315714959887, 0.9530438886267107, 0.9563473336479471, 0.9511562057574328, 0.950920245398773, 0.9523360075507314, 0.9594148183105239, 0.9568192543652666, 0.9608305804624823, 0.9575271354412459, 0.9587069372345446, 0.9615384615384616, 0.9627182633317602, 0.9596507786691836, 0.9622463426144408, 0.9655497876356772, 0.9646059462010382, 0.9650778669183577, 0.9622463426144408, 0.9579990561585654, 0.9672015101462954, 0.9650778669183577, 0.9660217083529967, 0.9688532326569136, 0.9695611137328929, 0.9681453515809344, 0.9648419065596979, 0.9702689948088721, 0.9693251533742331, 0.9707409155261916, 0.9714487966021709, 0.9728645587541294, 0.9690891930155734, 0.9728645587541294, 0.9721566776781501, 0.9693251533742331, 0.9716847569608306, 0.9728645587541294, 0.9719207173194904, 0.9738084001887682, 0.9780556866446437, 0.9738084001887682, 0.9733364794714487, 0.9721566776781501, 0.9764039641340255, 0.9766399244926852, 0.9726285983954696, 0.9782916470033034, 0.9771118452100047, 0.9801793298725814, 0.9752241623407267, 0.9761680037753657, 0.9775837659273242, 0.9771118452100047, 0.9789995280792827, 0.9787635677206229, 0.9764039641340255, 0.9801793298725814, 0.9789995280792827], "trainStanceF1": [0.2009390007806515, 0.1979380536462989, 0.28291623701020396, 0.31006170370884245, 0.32967944032349883, 0.3307439489000421, 0.33112796905818936, 0.3343042640920352, 0.3431940212695149, 0.38400528781571003, 0.4099729249223131, 0.4056533141839751, 0.39875223995625797, 0.4139774739173129, 0.42710344372500375, 0.4214665749386185, 0.4200604258317639, 0.42149346028597956, 0.4316811845459073, 0.4303258670764554, 0.4354146018594802, 0.4367333335007411, 0.4381089678434799, 0.4478027917174793, 0.4506301186247263, 0.44721197750990016, 0.4550830037202243, 0.4535321389937132, 0.4605714484547949, 0.4603857475559794, 0.4728301126406975, 0.4664568686334678, 0.48375947138349706, 0.4859847971054778, 0.4994291787477235, 0.5140618528646566, 0.5096443452559158, 0.5324431760677825, 0.535552685970103, 0.545051722095151, 0.5590942614831123, 0.5677862898989094, 0.5764630587541317, 0.581852444514684, 0.5957306616769317, 0.6032937088848315, 0.6142297824025784, 0.6283033032398199, 0.6206049674388363, 0.6450323206447595, 0.6499880070418543, 0.6637381003051929, 0.6669485581124515, 0.6669632687181821, 0.6771632954565452, 0.6787519820838315, 0.6783607142711202, 0.6960262923425807, 0.7027265027166892, 0.7110447211483624, 0.7143223371598927, 0.7204613301091363, 0.7424915146523743, 0.7338822904172357, 0.7419357311826047, 0.7512856193298156, 0.7554615193080187, 0.7534815007727039, 0.7629038858235183, 0.7640176946343393, 0.7750027337665486, 0.7849150944847674, 0.7842105884812354, 0.7926924955974681, 0.8018498699626013, 0.7984333769620833, 0.79910528322929, 0.8105900682009798, 0.8159917394116727, 0.8104619660719531, 0.8177459101444593, 0.8144554602009405, 0.8161033184045462, 0.8149495914224796, 0.8276597234804973, 0.8397583776767268, 0.8445949274812283, 0.8463117645302584, 0.8462152555559823, 0.8508226965657238, 0.8499766831842165, 0.8652127612868384, 0.8643259056065798, 0.8668419606594188, 0.8688299252376034, 0.8682706008906954, 0.8709111333602821, 0.8770696382468663, 0.8838719753646452, 0.885612041439077, 0.8820264822555266, 0.8902340747046689, 0.8960755750538505, 0.896855616333278, 0.8894641469570795, 0.8984199863564238, 0.9101727009988336, 0.9015936863405591, 0.9058036712068118, 0.9090163905189325, 0.9078613005196582, 0.914357720894745, 0.912380379962827, 0.9249571325748372, 0.9245143489819894, 0.9231534862763898, 0.9303689705204008, 0.9323881817221404, 0.9339047160567194, 0.926325200692945, 0.9264143495269258, 0.9284779507723022, 0.9379609097727176, 0.9371119366456937, 0.9426214226172427, 0.9356913604940074, 0.9362355016643218, 0.9439446846133086, 0.9448267037720157, 0.9432390100097999, 0.9470371980264141, 0.950237219086076, 0.9504177973147979, 0.9469646595183301, 0.9476116014479584, 0.9388980667963243, 0.9539213224762642, 0.9467389472212969, 0.9472674974974945, 0.9545473549453061, 0.9557127390530673, 0.9560630906525521, 0.9489852023307539, 0.9543491734182864, 0.9587516748182328, 0.9592943307896526, 0.9598022863885141, 0.9620266507076278, 0.9570152033058152, 0.9615799352670569, 0.9602167210316087, 0.956874510754145, 0.9612658747252192, 0.9612588616688624, 0.9593808713417997, 0.9654844867764439, 0.9713836479513496, 0.9629094981725961, 0.9637679003161921, 0.9601986094372754, 0.9676665590042622, 0.9665028244222857, 0.9576803336524444, 0.9695173033402942, 0.9668941620375603, 0.9734654146718874, 0.9692774683874361, 0.9686608956529014, 0.9702215375593395, 0.9693924684874318, 0.9738266172551202, 0.9704335760639444, 0.9670206441757484, 0.9759482366640099, 0.9708294084848248], "trainLoss": [], "testStanceAcc": [0.7321258341277407, 0.7397521448999047, 0.7454718779790277, 0.7473784556720686, 0.7569113441372736, 0.7454718779790277, 0.7473784556720686, 0.7292659675881792, 0.6701620591039085, 0.7102001906577693, 0.6854146806482364, 0.684461391801716, 0.6796949475691134, 0.67302192564347, 0.67302192564347, 0.6663489037178265, 0.6768350810295519, 0.6406101048617732, 0.665395614871306, 0.6396568160152526, 0.6539561487130601, 0.6272640610104862, 0.6425166825548141, 0.6682554814108675, 0.6358436606291706, 0.6358436606291706, 0.6587225929456625, 0.6167778836987607, 0.6234509056244042, 0.6453765490943756, 0.6253574833174452, 0.6415633937082936, 0.6196377502383222, 0.6224976167778837, 0.6253574833174452],