{"epoch": 25, "macroF1Stance": 0.3760505007804894, "accStance": 0.7473784556720686, "loss": 0.6803717017173767, "trainStanceAcc": [0.6451156205757432, 0.6451156205757432, 0.6451156205757432, 0.6451156205757432, 0.6451156205757432, 0.6448796602170835, 0.6576215195847098, 0.6743747050495517, 0.6774421897121283, 0.6812175554506843, 0.6802737140160453, 0.684285040113261, 0.69443133553563, 0.6941953751769703, 0.6965549787635678, 0.697262859839547, 0.7000943841434639, 0.7012741859367626, 0.7010382255781029, 0.7038697498820198, 0.7043416705993393, 0.7067012741859368, 0.7083529966965549, 0.7062293534686173, 0.707409155261916, 0.7126002831524304, 0.7092968381311939, 0.7118924020764511, 0.719443133553563, 0.7100047192071732, 0.719443133553563, 0.7208588957055214, 0.7151958470976876, 0.7201510146295422, 0.7236904200094384, 0.7258140632373761, 0.7274657857479944, 0.7260500235960359, 0.73147711184521, 0.7343086361491269, 0.7340726757904672, 0.7378480415290232, 0.7383199622463427, 0.7359603586597452, 0.7369042000943842, 0.7411514865502595, 0.742567248702218, 0.7439830108541765, 0.7489381783860312, 0.7477583765927324, 0.7541293062765455, 0.7548371873525248, 0.7510618216139688, 0.754601226993865, 0.7557810287871638, 0.7571967909391222, 0.7628598395469561, 0.7597923548843795, 0.7595563945257197, 0.7692307692307693, 0.7659273242095328, 0.7671071260028315, 0.7668711656441718, 0.7718263331760264, 0.7715903728173666, 0.7751297781972628, 0.7793770646531383, 0.7826805096743747, 0.7786691835771591, 0.7833883907503539, 0.781500707881076, 0.7807928268050968, 0.7914110429447853, 0.7899952807928268, 0.792590844738084, 0.7947144879660217, 0.8008494572911751, 0.8008494572911751, 0.8032090608777726, 0.8062765455403492, 0.8121755545068429, 0.8128834355828221, 0.815714959886739, 0.8159509202453987, 0.8192543652666352, 0.8211420481359132, 0.8272770174610665, 0.826805096743747, 0.8199622463426144, 0.8322321849929212, 0.8319962246342615, 0.8362435110901368, 0.8381311939594148, 0.8402548371873525, 0.8352996696554978, 0.8402548371873525, 0.8478055686644643, 0.8499292118924021, 0.8482774893817838, 0.8504011326097216, 0.8506370929683813, 0.8584237848041529, 0.856536101934875, 0.8596035865974516, 0.8600755073147711, 0.8629070316186881, 0.8610193487494101, 0.8685700802265219, 0.8690420009438414, 0.8678621991505427, 0.8749410099103351, 0.8718735252477584, 0.8758848513449741, 0.8763567720622936, 0.8815478999528079, 0.8817838603114677, 0.8843794242567249, 0.8749410099103351, 0.8798961774421897, 0.88886267107126, 0.8846153846153846, 0.889806512505899, 0.8890986314299197, 0.8945257196790939, 0.8945257196790939], "trainStanceF1": [0.19606999426276533, 0.19606999426276533, 0.19606999426276533, 0.19606999426276533, 0.19606999426276533, 0.19717744001525597, 0.24378135063072912, 0.3054474313677641, 0.3153823321538939, 0.31989976525649705, 0.32068656600119594, 0.32733649073339477, 0.33466221426586273, 0.33605031395061813, 0.3379156672812988, 0.33941559978271674, 0.3608549280219922, 0.38937096770000457, 0.4044234798928397, 0.40472658102186776, 0.40969212378831465, 0.4283593342439981, 0.4219530814000467, 0.42937081531366833, 0.4218193337208056, 0.43793617059441337, 0.433254567162795, 0.43510451106888715, 0.4437956552442902, 0.4380617512811418, 0.4550599699373055, 0.4615304385097726, 0.4493483054962521, 0.45600533739664173, 0.4571655621623274, 0.4628759859350714, 0.46795087324253226, 0.4627930243805656, 0.4710090892771947, 0.4738009620187237, 0.4749294092191188, 0.4735906196834523, 0.48313511915717144, 0.4746556522898593, 0.4783704601324228, 0.48014249493453987, 0.482645512775774, 0.4903692065919312, 0.49673630658976176, 0.48759686197034724, 0.5047706743582494, 0.49870377849913755, 0.5018975554451959, 0.5049999990146217, 0.5030954657557378, 0.5070498207799645, 0.5182508202251663, 0.5092607746608805, 0.5143543497490914, 0.523650671521013, 0.5273921071038037, 0.5296162904921007, 0.5293665068277651, 0.5332119092950874, 0.5402759779459986, 0.5440038052196039, 0.5597940197671543, 0.577496381023329, 0.5605230574948439, 0.5741236763394384, 0.5731993595750527, 0.5764322844886672, 0.5894069835707361, 0.5858463365953697, 0.6080802266134854, 0.6133403565863709, 0.6171367391902992, 0.6237104094557187, 0.6209414094740091, 0.6372321255479532, 0.6487952780580263, 0.6430869854784729, 0.6556452715887211, 0.6583975457689141, 0.6661175648021901, 0.6697916063313718, 0.6803741505982432, 0.6787396437174117, 0.6715816871623677, 0.6928123653624465, 0.69469951017775, 0.7023631798339206, 0.705356486220643, 0.7076357499438967, 0.7003791162988835, 0.7096359463551647, 0.723470245963967, 0.7259214509707398, 0.7307899538228484, 0.7320563210911644, 0.7320663713329527, 0.746693683232044, 0.7444279384215531, 0.7503900813803723, 0.7473875197665751, 0.7535167402081777, 0.7544238722699934, 0.7662549750501206, 0.7693371474932875, 0.7615068555808198, 0.7775182989457223, 0.7728035806705139, 0.7753126506535102, 0.7812806303582323, 0.7918000210429499, 0.7923761604298525, 0.7938367617323998, 0.7802471933287443, 0.7904042647271724, 0.8032872486391187, 0.7946276392810843, 0.8036365141881167, 0.8041503132956009, 0.8088199508467877, 0.8140523415463107], "trainLoss": [], "testStanceAcc": [0.7416587225929456, 0.7216396568160153, 0.7426120114394662, 0.7435653002859867, 0.7473784556720686, 0.7435653002859867, 0.7368922783603432, 0.7035271687321258, 0.7225929456625357, 0.6587225929456625, 0.6768350810295519, 0.6959008579599618, 0.6949475691134414, 0.6310772163965681, 0.6549094375595805, 0.6491897044804575, 0.6539561487130601, 0.678741658722593, 0.6510962821734986, 0.6625357483317446, 0.6873212583412774, 0.6568160152526216, 0.6825548141086749, 0.6148713060057197, 0.6491897044804575], "testStanceF1": [0.21291735084838534, 0.2822422723475355, 0.293919834249741, 0.3590624855808247, 0.3760505007804894, 0.3697139556646336, 0.35547226161450296, 0.3468800876285446, 0.3531237240595765, 0.3317005946683923, 0.33412942909302135, 0.36164193764860353, 0.35861852576372677, 0.3225391854660131, 0.3364840332365542, 0.3236824283693663, 0.35375804340748185, 0.32921180209703427, 0.3551855229348412, 0.34544500951911006, 0.3668515564417256, 0.3658386770851877, 0.36520947899220446, 0.3430271257914291, 0.35733206087470726], "testLoss": [0.9367602467536926, 0.8558687567710876, 0.7638072371482849, 0.6894410252571106, 0.6803717017173767, 0.696248471736908, 0.7071210741996765, 0.7657414078712463, 0.7398213148117065, 0.849896252155304, 0.8511448502540588, 0.8540154695510864, 0.8798381686210632, 1.0552772283554077, 1.0385544300079346, 1.116046667098999, 1.1247031688690186, 1.1748130321502686, 1.2501616477966309, 1.3037821054458618, 1.2333914041519165, 1.3446624279022217, 1.3657749891281128, 1.544060468673706, 1.546094536781311]}