{"epoch": 185, "macroF1Stance": 0.38935623645743916, "accStance": 0.6854146806482364, "loss": 0.9161252975463867, "trainStanceAcc": [0.5896649362907032, 0.6451156205757432, 0.6578574799433695, 0.6658801321378008, 0.6708352996696555, 0.6727229825389335, 0.6757904672015101, 0.6767343086361491, 0.6774421897121283, 0.6786219915054271, 0.6793298725814063, 0.6786219915054271, 0.683341198678622, 0.6776781500707881, 0.683341198678622, 0.6821613968853233, 0.682397357243983, 0.6859367626238791, 0.682397357243983, 0.6857008022652195, 0.6866446436998584, 0.6873525247758376, 0.6880604058518169, 0.682397357243983, 0.686172722982539, 0.6880604058518169, 0.6864086833411986, 0.6904200094384143, 0.6897121283624351, 0.6918357715903728, 0.6906559697970741, 0.6923076923076923, 0.6901840490797546, 0.6894761680037753, 0.6918357715903728, 0.6882963662104766, 0.6960830580462483, 0.6918357715903728, 0.6946672958942898, 0.6915998112317131, 0.6911278905143936, 0.6930155733836716, 0.6956111373289288, 0.6918357715903728, 0.6960830580462483, 0.6937234544596508, 0.6984426616328456, 0.6979707409155262, 0.6967909391222274, 0.6934874941009911, 0.6989145823501651, 0.6941953751769703, 0.7008022652194431, 0.6993865030674846, 0.7008022652194431, 0.6974988201982067, 0.7010382255781029, 0.7036337895233601, 0.696319018404908, 0.6991505427088249, 0.7000943841434639, 0.7003303445021236, 0.7017461066540821, 0.6989145823501651, 0.7024539877300614, 0.7015101462954224, 0.7085889570552147, 0.7024539877300614, 0.7024539877300614, 0.7069372345445966, 0.7055214723926381, 0.7052855120339783, 0.7057574327512978, 0.7038697498820198, 0.7048135913166588, 0.707409155261916, 0.7095327984898537, 0.7092968381311939, 0.7069372345445966, 0.7064653138272771, 0.7069372345445966, 0.7095327984898537, 0.7135441245870694, 0.7123643227937706, 0.7067012741859368, 0.7118924020764511, 0.7130722038697499, 0.7128362435110901, 0.7161396885323266, 0.7168475696083058, 0.7135441245870694, 0.7102406795658329, 0.7147239263803681, 0.7137800849457291, 0.7166116092496461, 0.7175554506842851, 0.7123643227937706, 0.7142520056630486, 0.7182633317602642, 0.7182633317602642, 0.7170835299669656, 0.7161396885323266, 0.720386974988202, 0.7168475696083058, 0.720386974988202, 0.7166116092496461, 0.7154318074563474, 0.720386974988202, 0.7201510146295422, 0.7206229353468617, 0.7234544596507787, 0.7210948560641812, 0.7168475696083058, 0.7248702218027372, 0.7248702218027372, 0.7281736668239736, 0.7248702218027372, 0.7239263803680982, 0.7274657857479944, 0.7260500235960359, 0.7225106182161397, 0.7227465785747994, 0.7288815478999529, 0.7328928739971685, 0.7293534686172723, 0.733364794714488, 0.7277017461066541, 0.7281736668239736, 0.7319490325625295, 0.730533270410571, 0.7312411514865502, 0.7310051911278905, 0.7338367154318075, 0.7300613496932515, 0.732420953279849, 0.7328928739971685, 0.7336007550731477, 0.7312411514865502, 0.7394997640396413, 0.7357243983010854, 0.7394997640396413, 0.733364794714488, 0.7369042000943842, 0.7350165172251062, 0.74067956583294, 0.7385559226050024, 0.7383199622463427, 0.7394997640396413, 0.74067956583294, 0.7380840018876829, 0.7437470504955167, 0.742567248702218, 0.7352524775837659, 0.7420953279848985, 0.7378480415290232, 0.7428032090608778, 0.7428032090608778, 0.7449268522888155, 0.7465785747994337, 0.7451628126474752, 0.742567248702218, 0.7432751297781972, 0.7451628126474752, 0.7458706937234545, 0.7510618216139688, 0.7477583765927324, 0.7505899008966493, 0.7482302973100519, 0.7496460594620104, 0.7505899008966493, 0.7494100991033507, 0.7482302973100519, 0.7475224162340727, 0.7505899008966493, 0.7548371873525248, 0.7531854648419065, 0.7496460594620104, 0.7522416234072676, 0.7543652666352053, 0.7609721566776781, 0.7586125530910807, 0.757432751297782, 0.7553091080698443, 0.7534214252005663, 0.7515337423312883, 0.760264275601699, 0.7623879188296366, 0.7517697026899481, 0.7616800377536573, 0.7630957999056158, 0.7614440773949976, 0.7590844738084002, 0.7645115620575743, 0.7640396413402548, 0.761208117036338, 0.7673430863614913, 0.7645115620575743, 0.7689948088721095, 0.7656913638508731, 0.7697026899480888, 0.7689948088721095, 0.769466729589429, 0.7722982538933459, 0.7715903728173666, 0.76852288815479, 0.7701746106654083, 0.7737140160453044, 0.7725342142520056, 0.7687588485134498, 0.7737140160453044, 0.7751297781972628, 0.7777253421425201, 0.7739499764039641, 0.771354412458707, 0.7803209060877773, 0.7741859367626239, 0.7784332232184993, 0.7840962718263331, 0.7793770646531383, 0.7833883907503539, 0.7756016989145823, 0.7812647475224163, 0.7807928268050968, 0.7812647475224163, 0.7843322321849929, 0.7838603114676734, 0.780556866446437, 0.7845681925436526, 0.7895233600755073, 0.7885795186408683, 0.7890514393581878, 0.7890514393581878, 0.7944785276073619, 0.7888154789995281, 0.7899952807928268, 0.7932987258140632, 0.7942425672487022, 0.7902312411514866, 0.7963662104766399, 0.7973100519112789, 0.7970740915526192, 0.7958942897593204, 0.7947144879660217, 0.7923548843794243, 0.7921189240207646, 0.7989617744218971, 0.8050967437470505, 0.7991977347805569, 0.8022652194431336, 0.8003775365738556, 0.8043888626710712, 0.804624823029731, 0.8010854176498349, 0.8060405851816895, 0.8079282680509674, 0.8032090608777726, 0.8069844266163284, 0.8067484662576687, 0.8065125058990089, 0.8107597923548844, 0.8135913166588014, 0.8117036337895234, 0.8126474752241624, 0.8131193959414819, 0.8098159509202454, 0.8114676734308636, 0.8119395941481831, 0.8142991977347805, 0.8152430391694195, 0.8168947616800377, 0.8225578102878717, 0.8201982067012742, 0.8180745634733365, 0.8218499292118924, 0.8213780084945729, 0.8216139688532327, 0.8204341670599339, 0.8301085417649835, 0.8201982067012742, 0.8244454931571495, 0.818546484190656, 0.8230297310051912, 0.8270410571024068, 0.8246814535158093, 0.8294006606890042],