{"epoch": 130, "macroF1Stance": 0.338379537847623, "accStance": 0.7330791229742613, "loss": 0.7679754495620728, "trainStanceAcc": [0.4294478527607362, 0.6451156205757432, 0.6451156205757432, 0.6451156205757432, 0.6451156205757432, 0.6451156205757432, 0.6451156205757432, 0.6451156205757432, 0.6451156205757432, 0.6451156205757432, 0.6451156205757432, 0.6465313827277017, 0.6670599339310995, 0.673194903256253, 0.6767343086361491, 0.6779141104294478, 0.6800377536573856, 0.6790939122227466, 0.6776781500707881, 0.6798017932987258, 0.6776781500707881, 0.6828692779613025, 0.6826333176026428, 0.6819254365266635, 0.6835771590372818, 0.6859367626238791, 0.6868806040585181, 0.684285040113261, 0.6845210004719208, 0.6873525247758376, 0.6849929211892402, 0.6854648419065597, 0.6892402076451156, 0.6859367626238791, 0.6849929211892402, 0.6892402076451156, 0.6864086833411986, 0.6894761680037753, 0.6882963662104766, 0.6901840490797546, 0.6875884851344974, 0.6878244454931571, 0.6890042472864559, 0.6894761680037753, 0.6885323265691364, 0.6897121283624351, 0.6882963662104766, 0.6890042472864559, 0.6906559697970741, 0.6901840490797546, 0.6932515337423313, 0.6946672958942898, 0.6908919301557338, 0.6906559697970741, 0.6923076923076923, 0.696319018404908, 0.695375176970269, 0.6939594148183105, 0.6949032562529495, 0.6974988201982067, 0.6986786219915054, 0.69443133553563, 0.696319018404908, 0.6958470976875885, 0.6946672958942898, 0.6965549787635678, 0.6977347805568664, 0.6977347805568664, 0.7003303445021236, 0.7000943841434639, 0.6951392166116093, 0.6970268994808873, 0.7019820670127419, 0.6986786219915054, 0.7008022652194431, 0.7045776309579991, 0.6993865030674846, 0.7026899480887211, 0.6996224634261444, 0.6984426616328456, 0.6998584237848041, 0.7008022652194431, 0.7036337895233601, 0.7024539877300614, 0.707409155261916, 0.7067012741859368, 0.7038697498820198, 0.7019820670127419, 0.7045776309579991, 0.7071731949032563, 0.7078810759792354, 0.7052855120339783, 0.7067012741859368, 0.7069372345445966, 0.7038697498820198, 0.7069372345445966, 0.7048135913166588, 0.7026899480887211, 0.7071731949032563, 0.7118924020764511, 0.7064653138272771, 0.7118924020764511, 0.7069372345445966, 0.7081170363378952, 0.7109485606418122, 0.7088249174138744, 0.7067012741859368, 0.7071731949032563, 0.7097687588485134, 0.7147239263803681, 0.7128362435110901, 0.7123643227937706, 0.7102406795658329, 0.7100047192071732, 0.7142520056630486, 0.7147239263803681, 0.7126002831524304, 0.7090608777725342, 0.7159037281736669, 0.7107126002831524, 0.7121283624351109, 0.7163756488909863, 0.7123643227937706, 0.7163756488909863, 0.7187352524775837, 0.7126002831524304, 0.7135441245870694, 0.7161396885323266, 0.7180273714016046, 0.7173194903256253, 0.7163756488909863, 0.718499292118924, 0.7192071731949032, 0.7196790939122227, 0.7182633317602642, 0.7232184992921189, 0.7215667767815007, 0.718499292118924, 0.7222746578574799, 0.7213308164228409, 0.7222746578574799, 0.7220386974988202, 0.7243983010854177, 0.7251061821613969, 0.7229825389334592, 0.7258140632373761, 0.7229825389334592, 0.7262859839546956, 0.7246342614440774, 0.7251061821613969, 0.7258140632373761, 0.7239263803680982, 0.730533270410571, 0.7288815478999529, 0.7302973100519112, 0.7272298253893346, 0.7293534686172723, 0.7300613496932515, 0.7300613496932515, 0.7359603586597452, 0.7272298253893346, 0.7269938650306749, 0.7321849929211892, 0.7352524775837659, 0.7378480415290232, 0.7302973100519112, 0.7328928739971685, 0.7394997640396413, 0.7347805568664464, 0.7366682397357244, 0.7413874469089193, 0.7394997640396413, 0.7364322793770647, 0.7394997640396413, 0.7366682397357244, 0.7385559226050024, 0.7446908919301557, 0.7385559226050024, 0.7437470504955167, 0.7479943369513922, 0.7385559226050024, 0.738791882963662, 0.7418593676262388, 0.743511090136857, 0.739735724398301, 0.7420953279848985, 0.7461066540821142, 0.746342614440774, 0.7456347333647947, 0.7520056630486078, 0.747286455875413, 0.7449268522888155, 0.7442189712128362, 0.7458706937234545, 0.7458706937234545, 0.7517697026899481, 0.7479943369513922, 0.7491741387446909, 0.753657385559226, 0.754601226993865, 0.7449268522888155, 0.753657385559226, 0.7534214252005663, 0.7553091080698443, 0.7529495044832468, 0.7489381783860312, 0.7550731477111845, 0.7562529495044833, 0.7538933459178858, 0.7597923548843795, 0.7562529495044833, 0.75932043416706, 0.7576687116564417, 0.760264275601699, 0.7579046720151015, 0.7647475224162341, 0.7581406323737612, 0.7659273242095328, 0.757432751297782, 0.7635677206229353, 0.7638036809815951, 0.7642756016989146, 0.7619159981123171, 0.7642756016989146, 0.769466729589429, 0.7680509674374705, 0.7640396413402548, 0.7649834827748938, 0.7673430863614913, 0.7720622935346861],