{"epoch": 120, "macroF1Stance": 0.38035320302863973, "accStance": 0.7473784556720686, "loss": 0.7326532006263733, "trainStanceAcc": [0.5696083058046248, 0.6451156205757432, 0.6451156205757432, 0.6451156205757432, 0.6451156205757432, 0.6451156205757432, 0.6451156205757432, 0.6451156205757432, 0.6451156205757432, 0.6451156205757432, 0.6519584709768759, 0.6715431807456347, 0.6753185464841907, 0.6781500707881076, 0.680509674374705, 0.6802737140160453, 0.6816894761680038, 0.6802737140160453, 0.6826333176026428, 0.6831052383199623, 0.6840490797546013, 0.6866446436998584, 0.6868806040585181, 0.686172722982539, 0.6885323265691364, 0.686172722982539, 0.6878244454931571, 0.6875884851344974, 0.6880604058518169, 0.6925436526663521, 0.6904200094384143, 0.6901840490797546, 0.6887682869277961, 0.6913638508730533, 0.6923076923076923, 0.6918357715903728, 0.6925436526663521, 0.6949032562529495, 0.6967909391222274, 0.6956111373289288, 0.6958470976875885, 0.695375176970269, 0.6934874941009911, 0.696319018404908, 0.6960830580462483, 0.6956111373289288, 0.6970268994808873, 0.6951392166116093, 0.697262859839547, 0.6967909391222274, 0.6989145823501651, 0.7008022652194431, 0.6979707409155262, 0.6979707409155262, 0.6991505427088249, 0.6984426616328456, 0.6998584237848041, 0.6989145823501651, 0.7012741859367626, 0.7005663048607834, 0.6977347805568664, 0.6998584237848041, 0.7008022652194431, 0.7024539877300614, 0.7017461066540821, 0.7012741859367626, 0.7008022652194431, 0.7038697498820198, 0.7019820670127419, 0.7026899480887211, 0.7005663048607834, 0.7012741859367626, 0.7012741859367626, 0.7024539877300614, 0.7038697498820198, 0.7022180273714016, 0.7019820670127419, 0.7041057102406796, 0.7019820670127419, 0.7045776309579991, 0.7033978291647003, 0.7055214723926381, 0.7033978291647003, 0.7041057102406796, 0.7043416705993393, 0.7033978291647003, 0.7052855120339783, 0.7059933931099576, 0.7067012741859368, 0.7055214723926381, 0.7069372345445966, 0.7052855120339783, 0.7033978291647003, 0.7097687588485134, 0.7045776309579991, 0.7100047192071732, 0.7090608777725342, 0.7052855120339783, 0.7059933931099576, 0.7123643227937706, 0.7095327984898537, 0.7111845210004719, 0.7076451156205757, 0.7114204813591317, 0.7083529966965549, 0.7095327984898537, 0.7088249174138744, 0.7085889570552147, 0.7130722038697499, 0.7126002831524304, 0.7116564417177914, 0.7104766399244927, 0.7116564417177914, 0.7147239263803681, 0.7142520056630486, 0.7130722038697499, 0.7137800849457291, 0.718499292118924, 0.7182633317602642, 0.7168475696083058, 0.7147239263803681, 0.7182633317602642, 0.7177914110429447, 0.7187352524775837, 0.7215667767815007, 0.7187352524775837, 0.7239263803680982, 0.7199150542708825, 0.7210948560641812, 0.7192071731949032, 0.7255781028787164, 0.7218027371401604, 0.7239263803680982, 0.7225106182161397, 0.7258140632373761, 0.7222746578574799, 0.7213308164228409, 0.7232184992921189, 0.7265219443133554, 0.7248702218027372, 0.7284096271826334, 0.7293534686172723, 0.7307692307692307, 0.7302973100519112, 0.7262859839546956, 0.7321849929211892, 0.7312411514865502, 0.7336007550731477, 0.7288815478999529, 0.7336007550731477, 0.7359603586597452, 0.7347805568664464, 0.73147711184521, 0.7331288343558282, 0.732420953279849, 0.732420953279849, 0.7331288343558282, 0.7378480415290232, 0.738791882963662, 0.7394997640396413, 0.7428032090608778, 0.7404436054742803, 0.74067956583294, 0.745398773006135, 0.7437470504955167, 0.7439830108541765, 0.7402076451156205, 0.7439830108541765, 0.7446908919301557, 0.744454931571496, 0.7484662576687117, 0.7451628126474752, 0.7430391694195375, 0.74067956583294, 0.7501179801793298, 0.7541293062765455, 0.7501179801793298, 0.744454931571496, 0.7512977819726286, 0.7512977819726286, 0.7489381783860312, 0.7520056630486078, 0.7487022180273714, 0.754601226993865, 0.7524775837659273, 0.7529495044832468, 0.7569608305804625, 0.7567248702218028, 0.7501179801793298, 0.7567248702218028, 0.7600283152430392, 0.7626238791882963, 0.7609721566776781, 0.7595563945257197, 0.755545068428504, 0.7605002359603587, 0.7638036809815951, 0.7628598395469561, 0.7623879188296366, 0.760264275601699, 0.7638036809815951, 0.7687588485134498, 0.7661632845681925, 0.7659273242095328, 0.7720622935346861, 0.7741859367626239, 0.7715903728173666, 0.7678150070788108, 0.7699386503067485, 0.7671071260028315, 0.7753657385559226, 0.7715903728173666, 0.7715903728173666, 0.7739499764039641, 0.7725342142520056, 0.7758376592732421, 0.7763095799905616, 0.7737140160453044, 0.7810287871637565, 0.7810287871637565],