{"epoch": 215, "macroF1Stance": 0.39601625348591296, "accStance": 0.6758817921830315, "loss": 0.968146562576294, "trainStanceAcc": [0.6451156205757432, 0.6451156205757432, 0.6451156205757432, 0.6451156205757432, 0.6451156205757432, 0.6451156205757432, 0.6451156205757432, 0.6451156205757432, 0.64818310523832, 0.6590372817366682, 0.6708352996696555, 0.671307220386975, 0.6755545068428505, 0.6776781500707881, 0.6753185464841907, 0.6783860311467673, 0.6779141104294478, 0.6776781500707881, 0.6776781500707881, 0.681453515809344, 0.6809815950920245, 0.6828692779613025, 0.6816894761680038, 0.6821613968853233, 0.6854648419065597, 0.6821613968853233, 0.6845210004719208, 0.6878244454931571, 0.6887682869277961, 0.6878244454931571, 0.6868806040585181, 0.6890042472864559, 0.6899480887210948, 0.6906559697970741, 0.6892402076451156, 0.6923076923076923, 0.6934874941009911, 0.6932515337423313, 0.6932515337423313, 0.6930155733836716, 0.696319018404908, 0.6958470976875885, 0.6951392166116093, 0.6932515337423313, 0.6956111373289288, 0.6984426616328456, 0.6986786219915054, 0.6956111373289288, 0.6977347805568664, 0.6977347805568664, 0.7005663048607834, 0.7022180273714016, 0.7033978291647003, 0.7022180273714016, 0.7036337895233601, 0.7022180273714016, 0.7026899480887211, 0.7043416705993393, 0.7029259084473808, 0.7041057102406796, 0.7031618688060406, 0.7038697498820198, 0.7045776309579991, 0.7041057102406796, 0.7052855120339783, 0.7038697498820198, 0.7067012741859368, 0.7059933931099576, 0.7052855120339783, 0.7041057102406796, 0.7057574327512978, 0.7064653138272771, 0.7085889570552147, 0.7062293534686173, 0.7064653138272771, 0.7092968381311939, 0.7052855120339783, 0.7102406795658329, 0.7097687588485134, 0.7100047192071732, 0.7128362435110901, 0.7090608777725342, 0.7111845210004719, 0.7107126002831524, 0.7116564417177914, 0.7130722038697499, 0.7121283624351109, 0.7109485606418122, 0.7133081642284096, 0.7140160453043889, 0.7130722038697499, 0.7133081642284096, 0.7144879660217084, 0.7130722038697499, 0.7166116092496461, 0.7161396885323266, 0.7161396885323266, 0.7142520056630486, 0.7126002831524304, 0.7154318074563474, 0.7175554506842851, 0.7173194903256253, 0.720386974988202, 0.7199150542708825, 0.720386974988202, 0.7232184992921189, 0.7220386974988202, 0.7218027371401604, 0.7168475696083058, 0.7232184992921189, 0.7232184992921189, 0.7258140632373761, 0.7218027371401604, 0.7243983010854177, 0.7239263803680982, 0.7251061821613969, 0.7255781028787164, 0.7253421425200566, 0.7258140632373761, 0.7258140632373761, 0.7248702218027372, 0.7267579046720151, 0.7279377064653139, 0.7255781028787164, 0.7272298253893346, 0.732420953279849, 0.7293534686172723, 0.7274657857479944, 0.728645587541293, 0.733364794714488, 0.732420953279849, 0.733364794714488, 0.733364794714488, 0.7328928739971685, 0.7359603586597452, 0.7352524775837659, 0.7343086361491269, 0.7343086361491269, 0.7343086361491269, 0.7364322793770647, 0.739735724398301, 0.7423312883435583, 0.7359603586597452, 0.7361963190184049, 0.7390278433223219, 0.7411514865502595, 0.7402076451156205, 0.7380840018876829, 0.7413874469089193, 0.743511090136857, 0.7430391694195375, 0.7432751297781972, 0.7430391694195375, 0.7494100991033507, 0.7439830108541765, 0.7503539405379896, 0.7468145351580935, 0.7501179801793298, 0.7479943369513922, 0.7512977819726286, 0.7494100991033507, 0.7494100991033507, 0.7538933459178858, 0.7508258612553091, 0.7508258612553091, 0.7498820198206702, 0.7524775837659273, 0.7567248702218028, 0.754601226993865, 0.7529495044832468, 0.7520056630486078, 0.757432751297782, 0.7579046720151015, 0.7600283152430392, 0.7560169891458235, 0.7623879188296366, 0.7595563945257197, 0.758376592732421, 0.7605002359603587, 0.75932043416706, 0.7623879188296366, 0.7649834827748938, 0.7645115620575743, 0.767579046720151, 0.766635205285512, 0.7645115620575743, 0.76852288815479, 0.766635205285512, 0.7642756016989146, 0.7678150070788108, 0.7663992449268523, 0.7708824917413875, 0.7708824917413875, 0.7727701746106654, 0.7763095799905616, 0.7692307692307693, 0.7727701746106654, 0.7774893817838603, 0.7746578574799434, 0.7774893817838603, 0.7727701746106654, 0.780556866446437, 0.7737140160453044, 0.7786691835771591, 0.7793770646531383, 0.7791411042944786, 0.7786691835771591, 0.7845681925436526, 0.7786691835771591, 0.7845681925436526, 0.7848041529023124, 0.7829164700330344, 0.7845681925436526, 0.7866918357715904, 0.7864558754129306, 0.7862199150542709, 0.7864558754129306, 0.7876356772062294, 0.7921189240207646, 0.7902312411514866, 0.7907031618688061, 0.7897593204341671, 0.7907031618688061, 0.7892873997168476, 0.7940066068900424, 0.7963662104766399, 0.7932987258140632, 0.7916470033034451, 0.7916470033034451, 0.7932987258140632, 0.7996696554978764, 0.8010854176498349, 0.7963662104766399, 0.7982538933459179, 0.7991977347805569, 0.8015573383671544, 0.7970740915526192, 0.7982538933459179, 0.8006134969325154, 0.8032090608777726, 0.8001415762151959, 0.8065125058990089, 0.8062765455403492, 0.8025011798017933, 0.8062765455403492, 0.8062765455403492, 0.8050967437470505, 0.8039169419537517, 0.8119395941481831, 0.8128834355828221, 0.8088721094856064, 0.8084001887682869, 0.8180745634733365, 0.8119395941481831, 0.8154789995280792, 0.8112317130722039, 0.8140632373761209, 0.8133553563001416, 0.8183105238319962, 0.8145351580934403, 0.8159509202453987, 0.8183105238319962, 0.817602642756017, 0.8192543652666352, 0.819490325625295, 0.8220858895705522, 0.8204341670599339, 0.8237376120811704, 0.826805096743747, 0.8270410571024068, 0.8235016517225107, 0.8237376120811704, 0.8272770174610665, 0.8291647003303445, 0.826805096743747, 0.8308164228409627, 0.8272770174610665, 0.8308164228409627, 0.830580462482303, 0.8294006606890042, 0.8312883435582822, 0.8294006606890042, 0.8334119867862199, 0.8338839075035394, 0.8308164228409627, 0.8357715903728173, 0.8404907975460123, 0.8386031146767343, 0.837895233600755, 0.8419065596979708, 0.8383671543180745, 0.8369513921661161, 0.841670599339311, 0.8440302029259085, 0.8433223218499292, 0.8402548371873525, 0.8430863614912695, 0.8459178857951865, 0.845445965077867, 0.8478055686644643, 0.846389806512506, 0.8487494100991033, 0.8447380840018877, 0.8496932515337423, 0.8461538461538461, 0.8511090136857008, 0.8539405379896178, 0.855592260500236, 0.8489853704577631, 0.8522888154789995, 0.8499292118924021, 0.8506370929683813, 0.8577159037281736, 0.8567720622935346, 0.8603114676734309],