{"epoch": 165, "macroF1Stance": 0.3807299654005572, "accStance": 0.7244995233555768, "loss": 0.7873605489730835, "trainStanceAcc": [0.5554506842850401, 0.6451156205757432, 0.6451156205757432, 0.6451156205757432, 0.6451156205757432, 0.6451156205757432, 0.6451156205757432, 0.6451156205757432, 0.6451156205757432, 0.6484190655969797, 0.6599811231713072, 0.669419537517697, 0.6746106654082115, 0.6790939122227466, 0.6821613968853233, 0.6802737140160453, 0.6786219915054271, 0.6821613968853233, 0.6819254365266635, 0.6786219915054271, 0.6835771590372818, 0.6809815950920245, 0.6826333176026428, 0.6828692779613025, 0.6857008022652195, 0.6845210004719208, 0.6868806040585181, 0.6847569608305805, 0.6878244454931571, 0.6864086833411986, 0.6885323265691364, 0.6897121283624351, 0.6878244454931571, 0.6887682869277961, 0.6897121283624351, 0.6882963662104766, 0.6887682869277961, 0.6923076923076923, 0.6894761680037753, 0.6925436526663521, 0.6923076923076923, 0.6906559697970741, 0.6892402076451156, 0.6920717319490326, 0.6908919301557338, 0.6939594148183105, 0.6956111373289288, 0.6949032562529495, 0.6934874941009911, 0.697262859839547, 0.6982067012741859, 0.6949032562529495, 0.6989145823501651, 0.6977347805568664, 0.6967909391222274, 0.6967909391222274, 0.6984426616328456, 0.7000943841434639, 0.6986786219915054, 0.696319018404908, 0.6965549787635678, 0.7005663048607834, 0.7017461066540821, 0.6967909391222274, 0.6982067012741859, 0.7008022652194431, 0.7041057102406796, 0.7062293534686173, 0.7038697498820198, 0.7005663048607834, 0.7019820670127419, 0.7017461066540821, 0.7041057102406796, 0.7041057102406796, 0.7050495516753186, 0.7031618688060406, 0.7078810759792354, 0.7036337895233601, 0.7033978291647003, 0.7045776309579991, 0.7041057102406796, 0.7012741859367626, 0.7055214723926381, 0.7083529966965549, 0.7111845210004719, 0.7100047192071732, 0.7081170363378952, 0.7067012741859368, 0.7123643227937706, 0.7130722038697499, 0.7090608777725342, 0.7144879660217084, 0.7095327984898537, 0.7123643227937706, 0.7102406795658329, 0.7092968381311939, 0.7128362435110901, 0.7140160453043889, 0.7104766399244927, 0.7133081642284096, 0.7161396885323266, 0.7175554506842851, 0.7163756488909863, 0.7135441245870694, 0.7187352524775837, 0.7201510146295422, 0.7208588957055214, 0.7189712128362435, 0.719443133553563, 0.7123643227937706, 0.7180273714016046, 0.7187352524775837, 0.7220386974988202, 0.7239263803680982, 0.7232184992921189, 0.7201510146295422, 0.7229825389334592, 0.7241623407267579, 0.7236904200094384, 0.7248702218027372, 0.7232184992921189, 0.7258140632373761, 0.7255781028787164, 0.7284096271826334, 0.7279377064653139, 0.7253421425200566, 0.7274657857479944, 0.7279377064653139, 0.7291175082586125, 0.7300613496932515, 0.7267579046720151, 0.728645587541293, 0.7307692307692307, 0.7291175082586125, 0.728645587541293, 0.7248702218027372, 0.7298253893345917, 0.7307692307692307, 0.7357243983010854, 0.7307692307692307, 0.7300613496932515, 0.7310051911278905, 0.7357243983010854, 0.7361963190184049, 0.7279377064653139, 0.7338367154318075, 0.7361963190184049, 0.7310051911278905, 0.73147711184521, 0.7376120811703634, 0.7331288343558282, 0.7354884379424257, 0.7369042000943842, 0.7343086361491269, 0.738791882963662, 0.7352524775837659, 0.7361963190184049, 0.7366682397357244, 0.7385559226050024, 0.74067956583294, 0.7345445965077867, 0.738791882963662, 0.7369042000943842, 0.7380840018876829, 0.7439830108541765, 0.739735724398301, 0.7432751297781972, 0.7430391694195375, 0.7449268522888155, 0.7442189712128362, 0.741623407267579, 0.7409155261915998, 0.7437470504955167, 0.744454931571496, 0.7458706937234545, 0.7498820198206702, 0.7468145351580935, 0.7423312883435583, 0.7442189712128362, 0.7494100991033507, 0.7456347333647947, 0.7442189712128362, 0.7477583765927324, 0.7446908919301557, 0.747286455875413, 0.7470504955167532, 0.7510618216139688, 0.7475224162340727, 0.7449268522888155, 0.7512977819726286, 0.7501179801793298, 0.7531854648419065, 0.7484662576687117, 0.7550731477111845, 0.755545068428504, 0.7557810287871638, 0.7562529495044833, 0.7550731477111845, 0.7609721566776781, 0.7579046720151015, 0.760264275601699, 0.7609721566776781, 0.75932043416706, 0.7647475224162341, 0.757432751297782, 0.7586125530910807, 0.7628598395469561, 0.7633317602642756, 0.7645115620575743, 0.7638036809815951, 0.7654554034922133, 0.7626238791882963, 0.7680509674374705, 0.7628598395469561, 0.7642756016989146, 0.770410571024068, 0.7623879188296366, 0.7781972628598396, 0.7725342142520056, 0.7647475224162341, 0.7732420953279849, 0.7718263331760264, 0.7730061349693251, 0.7725342142520056, 0.7737140160453044, 0.7732420953279849, 0.7739499764039641, 0.7812647475224163, 0.7751297781972628, 0.7779613025011798, 0.7800849457291175, 0.7789051439358188, 0.7810287871637565, 0.7774893817838603, 0.7829164700330344, 0.7833883907503539, 0.7793770646531383, 0.781500707881076, 0.7838603114676734, 0.7840962718263331, 0.7848041529023124, 0.7904672015101463, 0.7845681925436526, 0.7888154789995281, 0.7911750825861256, 0.7895233600755073, 0.7902312411514866, 0.7878716375648891, 0.7907031618688061, 0.7904672015101463, 0.7911750825861256, 0.7958942897593204, 0.7932987258140632, 0.7902312411514866, 0.7966021708352997, 0.7973100519112789, 0.7970740915526192, 0.7923548843794243, 0.8008494572911751, 0.8006134969325154, 0.8001415762151959, 0.7982538933459179, 0.7942425672487022, 0.7954223690420009, 0.80556866446437],