{"epoch": 100, "macroF1Stance": 0.3670816789163921, "accStance": 0.7254528122020972, "loss": 0.7881830930709839, "trainStanceAcc": [0.6078338839075036, 0.6448796602170835, 0.6550259556394525, 0.6670599339310995, 0.6665880132137801, 0.6724870221802737, 0.6736668239735725, 0.675082586125531, 0.6781500707881076, 0.681453515809344, 0.6779141104294478, 0.6819254365266635, 0.6819254365266635, 0.6831052383199623, 0.6847569608305805, 0.6835771590372818, 0.681453515809344, 0.6859367626238791, 0.6835771590372818, 0.6890042472864559, 0.6838131193959415, 0.6868806040585181, 0.684285040113261, 0.6887682869277961, 0.6873525247758376, 0.6880604058518169, 0.6904200094384143, 0.6887682869277961, 0.6885323265691364, 0.6868806040585181, 0.6885323265691364, 0.6897121283624351, 0.6887682869277961, 0.6887682869277961, 0.6925436526663521, 0.6880604058518169, 0.6901840490797546, 0.6915998112317131, 0.6890042472864559, 0.6918357715903728, 0.6880604058518169, 0.6923076923076923, 0.6918357715903728, 0.6880604058518169, 0.6946672958942898, 0.6951392166116093, 0.6946672958942898, 0.6915998112317131, 0.69443133553563, 0.6918357715903728, 0.6946672958942898, 0.6934874941009911, 0.6930155733836716, 0.6946672958942898, 0.6930155733836716, 0.6989145823501651, 0.6965549787635678, 0.6949032562529495, 0.6974988201982067, 0.696319018404908, 0.6996224634261444, 0.696319018404908, 0.6960830580462483, 0.697262859839547, 0.697262859839547, 0.6986786219915054, 0.7015101462954224, 0.6998584237848041, 0.6998584237848041, 0.6974988201982067, 0.7008022652194431, 0.7022180273714016, 0.7055214723926381, 0.6991505427088249, 0.7048135913166588, 0.7022180273714016, 0.7024539877300614, 0.7045776309579991, 0.7055214723926381, 0.7024539877300614, 0.7081170363378952, 0.7062293534686173, 0.7015101462954224, 0.7083529966965549, 0.7085889570552147, 0.7059933931099576, 0.7015101462954224, 0.7064653138272771, 0.7097687588485134, 0.7081170363378952, 0.7121283624351109, 0.7100047192071732, 0.7041057102406796, 0.7109485606418122, 0.7090608777725342, 0.707409155261916, 0.7142520056630486, 0.7092968381311939, 0.7154318074563474, 0.7109485606418122, 0.7107126002831524, 0.7173194903256253, 0.7140160453043889, 0.7147239263803681, 0.7144879660217084, 0.7116564417177914, 0.7168475696083058, 0.7156677678150071, 0.7159037281736669, 0.7163756488909863, 0.7187352524775837, 0.7168475696083058, 0.7210948560641812, 0.7192071731949032, 0.720386974988202, 0.7142520056630486, 0.7201510146295422, 0.7213308164228409, 0.7180273714016046, 0.7201510146295422, 0.7227465785747994, 0.7166116092496461, 0.7229825389334592, 0.7208588957055214, 0.7243983010854177, 0.7218027371401604, 0.7234544596507787, 0.7232184992921189, 0.7215667767815007, 0.7210948560641812, 0.7298253893345917, 0.7269938650306749, 0.7234544596507787, 0.7255781028787164, 0.7236904200094384, 0.7267579046720151, 0.7258140632373761, 0.7243983010854177, 0.7277017461066541, 0.7307692307692307, 0.7267579046720151, 0.7284096271826334, 0.7279377064653139, 0.7310051911278905, 0.73147711184521, 0.7326569136385087, 0.7328928739971685, 0.7312411514865502, 0.7328928739971685, 0.7293534686172723, 0.732420953279849, 0.7350165172251062, 0.7404436054742803, 0.7352524775837659, 0.7380840018876829, 0.7350165172251062, 0.7411514865502595, 0.7369042000943842, 0.7383199622463427, 0.744454931571496, 0.7413874469089193, 0.742567248702218, 0.7383199622463427, 0.74067956583294, 0.7420953279848985, 0.7430391694195375, 0.739735724398301, 0.739735724398301, 0.7411514865502595, 0.7470504955167532, 0.747286455875413, 0.7470504955167532, 0.7475224162340727, 0.7538933459178858, 0.7508258612553091, 0.7524775837659273, 0.7515337423312883, 0.7487022180273714, 0.7475224162340727, 0.7541293062765455, 0.7494100991033507, 0.7496460594620104, 0.7494100991033507, 0.7517697026899481, 0.7557810287871638, 0.7508258612553091, 0.7557810287871638, 0.7619159981123171, 0.7548371873525248, 0.7609721566776781, 0.75932043416706, 0.7543652666352053, 0.7562529495044833, 0.7607361963190185, 0.7557810287871638, 0.75932043416706, 0.758376592732421, 0.760264275601699, 0.7619159981123171, 0.7647475224162341],