{"epoch": 120, "macroF1Stance": 0.39217430671007036, "accStance": 0.7435653002859867, "loss": 0.7424191832542419, "trainStanceAcc": [0.6451156205757432, 0.6451156205757432, 0.6451156205757432, 0.6451156205757432, 0.6451156205757432, 0.645351580934403, 0.6540821142048135, 0.6595092024539877, 0.6708352996696555, 0.6698914582350165, 0.6769702689948088, 0.6764983482774893, 0.6762623879188296, 0.6774421897121283, 0.6795658329400661, 0.6783860311467673, 0.6831052383199623, 0.6840490797546013, 0.6826333176026428, 0.6857008022652195, 0.6868806040585181, 0.6899480887210948, 0.6890042472864559, 0.6878244454931571, 0.6892402076451156, 0.6908919301557338, 0.6913638508730533, 0.6904200094384143, 0.6920717319490326, 0.6927796130250118, 0.6941953751769703, 0.6918357715903728, 0.6946672958942898, 0.6939594148183105, 0.6937234544596508, 0.6958470976875885, 0.6949032562529495, 0.6951392166116093, 0.6949032562529495, 0.6967909391222274, 0.6979707409155262, 0.6949032562529495, 0.6967909391222274, 0.69443133553563, 0.6967909391222274, 0.6979707409155262, 0.7008022652194431, 0.6998584237848041, 0.7005663048607834, 0.7008022652194431, 0.6991505427088249, 0.7000943841434639, 0.7008022652194431, 0.7005663048607834, 0.7026899480887211, 0.7041057102406796, 0.7010382255781029, 0.7003303445021236, 0.7045776309579991, 0.7048135913166588, 0.7048135913166588, 0.7038697498820198, 0.7045776309579991, 0.7062293534686173, 0.7041057102406796, 0.7062293534686173, 0.7064653138272771, 0.7029259084473808, 0.7048135913166588, 0.7043416705993393, 0.7059933931099576, 0.7090608777725342, 0.7081170363378952, 0.7092968381311939, 0.7078810759792354, 0.7085889570552147, 0.7081170363378952, 0.7123643227937706, 0.7118924020764511, 0.7111845210004719, 0.7151958470976876, 0.7092968381311939, 0.7107126002831524, 0.7133081642284096, 0.7144879660217084, 0.7135441245870694, 0.7095327984898537, 0.7142520056630486, 0.7116564417177914, 0.7147239263803681, 0.7118924020764511, 0.7151958470976876, 0.7151958470976876, 0.7170835299669656, 0.7170835299669656, 0.7175554506842851, 0.7173194903256253, 0.7166116092496461, 0.7208588957055214, 0.7208588957055214, 0.7218027371401604, 0.720386974988202, 0.7210948560641812, 0.7177914110429447, 0.7251061821613969, 0.7220386974988202, 0.718499292118924, 0.7241623407267579, 0.7241623407267579, 0.7253421425200566, 0.7222746578574799, 0.7243983010854177, 0.7253421425200566, 0.7277017461066541, 0.7267579046720151, 0.728645587541293, 0.7281736668239736, 0.732420953279849, 0.7319490325625295, 0.7293534686172723, 0.7284096271826334, 0.7321849929211892, 0.7319490325625295, 0.7312411514865502, 0.730533270410571, 0.7347805568664464, 0.7312411514865502, 0.7343086361491269, 0.7369042000943842, 0.7343086361491269, 0.7357243983010854, 0.7373761208117037, 0.7373761208117037, 0.7404436054742803, 0.7376120811703634, 0.738791882963662, 0.7385559226050024, 0.7399716847569608, 0.7420953279848985, 0.7430391694195375, 0.7456347333647947, 0.7418593676262388, 0.7409155261915998, 0.7423312883435583, 0.7411514865502595, 0.746342614440774, 0.744454931571496, 0.741623407267579, 0.7430391694195375, 0.7477583765927324, 0.746342614440774, 0.7439830108541765, 0.741623407267579, 0.7489381783860312, 0.7475224162340727, 0.7489381783860312, 0.7501179801793298, 0.754601226993865, 0.7505899008966493, 0.7512977819726286, 0.7503539405379896, 0.7503539405379896, 0.7534214252005663, 0.7553091080698443, 0.7557810287871638, 0.756488909863143, 0.7557810287871638, 0.7548371873525248, 0.7550731477111845, 0.7579046720151015, 0.7640396413402548, 0.7579046720151015, 0.7614440773949976, 0.7647475224162341, 0.7614440773949976, 0.76852288815479, 0.7647475224162341, 0.7671071260028315, 0.7623879188296366, 0.7687588485134498, 0.7673430863614913, 0.7673430863614913, 0.7654554034922133, 0.7659273242095328, 0.771354412458707, 0.7692307692307693, 0.7687588485134498, 0.76852288815479, 0.7722982538933459, 0.7765455403492213, 0.7737140160453044, 0.7751297781972628, 0.7730061349693251, 0.7772534214252006, 0.7715903728173666, 0.7774893817838603, 0.7791411042944786, 0.7777253421425201, 0.7781972628598396, 0.7770174610665408, 0.7763095799905616, 0.7770174610665408, 0.7819726285983954, 0.7786691835771591, 0.7819726285983954, 0.7850401132609721, 0.7843322321849929, 0.7800849457291175, 0.7899952807928268, 0.7845681925436526, 0.7897593204341671, 0.7892873997168476, 0.7904672015101463, 0.7904672015101463, 0.7916470033034451, 0.7940066068900424, 0.7885795186408683, 0.7928268050967437, 0.7966021708352997, 0.7932987258140632],