{"epoch": 65, "macroF1Stance": 0.39226736703105675, "accStance": 0.7378455672068637, "loss": 0.7575287222862244, "trainStanceAcc": [0.572203869749882, 0.6451156205757432, 0.6451156205757432, 0.6451156205757432, 0.6571495988673903, 0.6774421897121283, 0.6755545068428505, 0.6816894761680038, 0.683341198678622, 0.6871165644171779, 0.6875884851344974, 0.6908919301557338, 0.6904200094384143, 0.6913638508730533, 0.6927796130250118, 0.6904200094384143, 0.6925436526663521, 0.6913638508730533, 0.6941953751769703, 0.6951392166116093, 0.6941953751769703, 0.6937234544596508, 0.695375176970269, 0.69443133553563, 0.6946672958942898, 0.6930155733836716, 0.6951392166116093, 0.6970268994808873, 0.6977347805568664, 0.6956111373289288, 0.6967909391222274, 0.6998584237848041, 0.69443133553563, 0.6982067012741859, 0.6996224634261444, 0.6993865030674846, 0.6984426616328456, 0.7026899480887211, 0.7050495516753186, 0.7029259084473808, 0.7033978291647003, 0.7024539877300614, 0.7062293534686173, 0.7092968381311939, 0.7033978291647003, 0.7100047192071732, 0.7078810759792354, 0.7081170363378952, 0.7090608777725342, 0.7090608777725342, 0.7126002831524304, 0.7140160453043889, 0.7159037281736669, 0.7102406795658329, 0.7149598867390279, 0.7144879660217084, 0.7137800849457291, 0.7168475696083058, 0.719443133553563, 0.7159037281736669, 0.7159037281736669, 0.7182633317602642, 0.7222746578574799, 0.720386974988202, 0.7222746578574799, 0.7210948560641812, 0.7213308164228409, 0.7239263803680982, 0.7222746578574799, 0.7248702218027372, 0.7208588957055214, 0.7225106182161397, 0.7225106182161397, 0.7260500235960359, 0.7265219443133554, 0.7236904200094384, 0.7277017461066541, 0.729589428975932, 0.730533270410571, 0.7255781028787164, 0.7274657857479944, 0.73147711184521, 0.7321849929211892, 0.7312411514865502, 0.7338367154318075, 0.7354884379424257, 0.7376120811703634, 0.7328928739971685, 0.7361963190184049, 0.7376120811703634, 0.7383199622463427, 0.74067956583294, 0.7409155261915998, 0.7394997640396413, 0.744454931571496, 0.743511090136857, 0.743511090136857, 0.747286455875413, 0.7468145351580935, 0.7446908919301557, 0.7498820198206702, 0.7458706937234545, 0.7494100991033507, 0.7512977819726286, 0.7543652666352053, 0.7515337423312883, 0.7512977819726286, 0.7543652666352053, 0.7550731477111845, 0.7531854648419065, 0.7576687116564417, 0.75932043416706, 0.758376592732421, 0.7597923548843795, 0.7586125530910807, 0.7600283152430392, 0.7623879188296366, 0.767579046720151, 0.7652194431335536, 0.7678150070788108, 0.7682869277961303, 0.7697026899480888, 0.7701746106654083, 0.7706465313827277, 0.7720622935346861, 0.7748938178386031, 0.7760736196319018, 0.7756016989145823, 0.7810287871637565, 0.7767815007078811, 0.7781972628598396, 0.7862199150542709, 0.7864558754129306, 0.7767815007078811, 0.7888154789995281, 0.7864558754129306, 0.7883435582822086, 0.7907031618688061, 0.7909391222274658, 0.7944785276073619, 0.7956583294006607, 0.7958942897593204, 0.7951864086833412, 0.8008494572911751, 0.7961302501179802, 0.8017932987258141, 0.8022652194431336, 0.8065125058990089, 0.8067484662576687, 0.8062765455403492, 0.8117036337895234, 0.8062765455403492, 0.8079282680509674, 0.8152430391694195, 0.8159509202453987, 0.8086361491269467, 0.815714959886739, 0.8183105238319962, 0.8183105238319962, 0.8206701274185937, 0.8260972156677678, 0.825861255309108, 0.8263331760264275, 0.8227937706465314, 0.826805096743747], "trainStanceF1": [0.19966974665403214, 0.19606999426276533, 0.19606999426276533, 0.19606999426276533, 0.2454989572052154, 0.3094528967813644, 0.3160643882031943, 0.32094018735830443, 0.3237596646772676, 0.32742728941606725, 0.32815916387344957, 0.33234121452521787, 0.332584967003386, 0.33362243342550446, 0.33253817574131184, 0.3335444627671751, 0.33359695236205955, 0.3344893254921281, 0.3352847401251877, 0.33634660517088477, 0.3357293533872588, 0.33522990151444465, 0.33733742818823975, 0.33622765875183847, 0.3369198872315682, 0.3341474963045085, 0.33673700061249107, 0.339208685893235, 0.3429776575575939, 0.3430728191385596, 0.3459570026633171, 0.35268010710797615, 0.35620925230107364, 0.36213976018286353, 0.3701905379807031, 0.37184470034332195, 0.38013868092323144, 0.3933177891664865, 0.398923703219369, 0.4051256614530365, 0.4011986620138822, 0.4117457968155497, 0.41494419907579394, 0.4217306144859492, 0.4229741303893847, 0.4276968414820759, 0.43228444730385857, 0.4314913994248195, 0.4328467530193987, 0.43245944787997803, 0.4385772504970352, 0.4435608704265397, 0.44751613295835846, 0.43595527538452705, 0.4464590462280176, 0.44228013466469307, 0.4500766827667071, 0.4527766439312143, 0.454509793073397, 0.4463741815961943, 0.45315669677189563, 0.4579860642420185, 0.46364687714265523, 0.458567507241732, 0.45863726685671824, 0.4603771038897705, 0.4636003984676512, 0.4618659364234585, 0.46452123449291327, 0.4638084460073789, 0.46611884828348316, 0.458058222438133, 0.4617986336810972, 0.4691381380595396, 0.4725210223547616, 0.462854521245701, 0.4740180305951367, 0.47365776183103997, 0.4745789472963948, 0.4721784770405665, 0.47375703323239904, 0.4817324935662868, 0.48338501613998464, 0.4789108035732529, 0.4803894716258176, 0.4860738005271217, 0.4939128039123737, 0.48743262696326145, 0.49211588997908573, 0.49383820814705515, 0.49615128614832593, 0.5014753535811485, 0.5049888756291352, 0.5041634574637311, 0.5071375983681339, 0.5126068658091311, 0.5165045797766104, 0.5186356196075007, 0.5223040066922302, 0.5178768901687612, 0.5267051458368952, 0.5174559484362142, 0.5298290154826002, 0.5338882032143795, 0.5355605910082593, 0.5328731238213955, 0.538250334128483, 0.5433202141468302, 0.5465020471204252, 0.5390405397022928, 0.552605621733137, 0.5530914399775749, 0.5555840182236662, 0.5641231390230774, 0.5590933674502024, 0.5641540537362059, 0.563405230022946, 0.5780292333441002, 0.5757778645306577, 0.5831579830963157, 0.578230445624472, 0.5793197106647574, 0.5843481112269402, 0.588667286043209, 0.5897199679692198, 0.6014085660048359, 0.5940071633110267, 0.6050092672156107, 0.6119283646158555, 0.602083362773088, 0.6138847079396464, 0.6220416312175642, 0.6185202847852715, 0.6102057690383534, 0.6349983217311097, 0.6276997353658682, 0.6291841480195784, 0.6339614862097595, 0.6348494453028535, 0.6410903309038312, 0.640927830866544, 0.6446810449274522, 0.6470617127875028, 0.652896027329703, 0.6489436171697458, 0.6557890958037892, 0.6552802319882558, 0.6612495173066198, 0.6696949127089062, 0.6629730007837218, 0.6740231555016176, 0.6642137854133043, 0.6694705154860093, 0.6806819742932801, 0.6839073120629527, 0.672380872571173, 0.6817865873299215, 0.6953334667601395, 0.6904764395793807, 0.6902890220762415, 0.7003551403066746, 0.7036887015124685, 0.7031844494332714, 0.7049147378337359, 0.7050958032822275], "trainLoss": [], "testStanceAcc": [0.7311725452812202, 0.7321258341277407, 0.7273593898951383, 0.7311725452812202, 0.7387988560533841, 0.7330791229742613, 0.7426120114394662, 0.7445185891325071, 0.7445185891325071, 0.7426120114394662, 0.7397521448999047, 0.7416587225929456, 0.7378455672068637, 0.7397521448999047, 0.7340324118207817, 0.7473784556720686, 0.7397521448999047, 0.7349857006673022, 0.7206863679694948, 0.7244995233555768, 0.7349857006673022, 0.7273593898951383, 0.7168732125834127, 0.7121067683508103, 0.6949475691134414, 0.6873212583412774, 0.6882745471877979, 0.6796949475691134, 0.6854146806482364, 0.6854146806482364, 0.6825548141086749, 0.6816015252621545, 0.6777883698760725],