{"epoch": 155, "macroF1Stance": 0.41763251191454115, "accStance": 0.6606291706387035, "loss": 1.2573091983795166, "trainStanceAcc": [0.5854176498348278, 0.6451156205757432, 0.6451156205757432, 0.6580934403020292, 0.6769702689948088, 0.6819254365266635, 0.681453515809344, 0.6828692779613025, 0.6847569608305805, 0.6875884851344974, 0.6875884851344974, 0.6880604058518169, 0.6878244454931571, 0.6901840490797546, 0.6887682869277961, 0.6890042472864559, 0.6882963662104766, 0.6915998112317131, 0.6911278905143936, 0.6949032562529495, 0.6930155733836716, 0.6932515337423313, 0.6960830580462483, 0.6967909391222274, 0.6958470976875885, 0.6946672958942898, 0.695375176970269, 0.6970268994808873, 0.6986786219915054, 0.696319018404908, 0.6991505427088249, 0.6998584237848041, 0.7019820670127419, 0.7008022652194431, 0.7012741859367626, 0.7026899480887211, 0.7019820670127419, 0.7008022652194431, 0.7031618688060406, 0.7048135913166588, 0.7092968381311939, 0.7048135913166588, 0.7048135913166588, 0.7050495516753186, 0.7083529966965549, 0.7078810759792354, 0.7107126002831524, 0.7083529966965549, 0.7140160453043889, 0.7147239263803681, 0.7142520056630486, 0.7128362435110901, 0.7140160453043889, 0.7142520056630486, 0.718499292118924, 0.7144879660217084, 0.7168475696083058, 0.7177914110429447, 0.7208588957055214, 0.7210948560641812, 0.7182633317602642, 0.7229825389334592, 0.7251061821613969, 0.7201510146295422, 0.7248702218027372, 0.7208588957055214, 0.7239263803680982, 0.7267579046720151, 0.7265219443133554, 0.7258140632373761, 0.7284096271826334, 0.7262859839546956, 0.73147711184521, 0.7331288343558282, 0.7319490325625295, 0.7307692307692307, 0.7331288343558282, 0.7293534686172723, 0.7336007550731477, 0.7361963190184049, 0.7343086361491269, 0.7354884379424257, 0.7357243983010854, 0.7373761208117037, 0.7373761208117037, 0.7413874469089193, 0.7376120811703634, 0.7404436054742803, 0.7404436054742803, 0.7428032090608778, 0.742567248702218, 0.7409155261915998, 0.7442189712128362, 0.7498820198206702, 0.7482302973100519, 0.7456347333647947, 0.7517697026899481, 0.7515337423312883, 0.7510618216139688, 0.7522416234072676, 0.7534214252005663, 0.7553091080698443, 0.7588485134497405, 0.755545068428504, 0.7633317602642756, 0.7628598395469561, 0.7576687116564417, 0.7597923548843795, 0.7595563945257197, 0.7630957999056158, 0.7661632845681925, 0.7668711656441718, 0.7656913638508731, 0.767579046720151, 0.7678150070788108, 0.7701746106654083, 0.7692307692307693, 0.7746578574799434, 0.7732420953279849, 0.7781972628598396, 0.7779613025011798, 0.7774893817838603, 0.7781972628598396, 0.7800849457291175, 0.7826805096743747, 0.7859839546956111, 0.7883435582822086, 0.7871637564889099, 0.7857479943369514, 0.7836243511090137, 0.7904672015101463, 0.7951864086833412, 0.7944785276073619, 0.7954223690420009, 0.7991977347805569, 0.7958942897593204, 0.8029731005191127, 0.803680981595092, 0.7989617744218971, 0.8020292590844738, 0.8041529023124115, 0.8041529023124115, 0.8048607833883907, 0.8088721094856064, 0.8102878716375649, 0.8159509202453987, 0.8100519112789052, 0.8121755545068429, 0.8178386031146767, 0.8171307220386975, 0.8147711184521, 0.817602642756017, 0.8206701274185937, 0.8235016517225107, 0.8206701274185937, 0.8223218499292119, 0.824917413874469, 0.8291647003303445, 0.827748938178386, 0.8282208588957055, 0.8310523831996225, 0.8327041057102407, 0.8345917885795187, 0.8367154318074563, 0.8376592732420953, 0.8367154318074563, 0.8364794714487966, 0.840726757904672, 0.8421425200566305, 0.84261444077395, 0.8400188768286928, 0.8504011326097216, 0.8482774893817838, 0.8499292118924021, 0.8496932515337423, 0.852760736196319, 0.8506370929683813, 0.8515809344030203, 0.855592260500236, 0.8548843794242568, 0.8577159037281736, 0.8567720622935346, 0.8577159037281736, 0.8610193487494101, 0.8610193487494101, 0.8626710712600283, 0.8638508730533271, 0.8650306748466258, 0.8640868334119868, 0.8709296838131194, 0.8669183577159038, 0.8721094856064181, 0.8690420009438414, 0.8751769702689948, 0.8704577630957999, 0.8808400188768287, 0.8770646531382728, 0.8798961774421897, 0.8834355828220859, 0.8789523360075507, 0.8798961774421897, 0.8853232656913639, 0.8841434638980651, 0.8829636621047664, 0.88886267107126, 0.8822557810287872, 0.8872109485606419, 0.8921661160924964, 0.8912222746578575, 0.8886267107126002, 0.8928739971684757, 0.8949976403964134, 0.8909863142991977, 0.8973572439830109, 0.8964134025483719, 0.8935818782444549, 0.8983010854176499, 0.9001887682869278, 0.8978291647003304, 0.8987730061349694, 0.901840490797546, 0.9023124115148655, 0.900896649362907, 0.902784332232185, 0.9030202925908447, 0.9082114204813592, 0.9079754601226994, 0.9077394997640397, 0.9126946672958943, 0.9089193015573384, 0.911042944785276, 0.9070316186880604, 0.9091552619159982, 0.9134025483718735, 0.9145823501651722, 0.9134025483718735, 0.9124587069372345, 0.9162340726757905, 0.91670599339311, 0.914818310523832, 0.9169419537517697, 0.9174138744690892, 0.9169419537517697, 0.9150542708824917, 0.9190655969797074, 0.9178857951864087, 0.9209532798489853, 0.9242567248702218, 0.9252005663048608, 0.9252005663048608, 0.9275601698914583, 0.9282680509674375, 0.9242567248702218, 0.9282680509674375, 0.92590844738084],