{"epoch": 65, "macroF1Stance": 0.4053904610422604, "accStance": 0.7569113441372736, "loss": 0.6917816400527954, "trainStanceAcc": [0.42402076451156206, 0.6451156205757432, 0.6451156205757432, 0.6451156205757432, 0.6451156205757432, 0.6451156205757432, 0.6451156205757432, 0.6451156205757432, 0.645351580934403, 0.6639924492685229, 0.6760264275601698, 0.6779141104294478, 0.6788579518640868, 0.6783860311467673, 0.680509674374705, 0.6828692779613025, 0.6873525247758376, 0.684285040113261, 0.684285040113261, 0.6847569608305805, 0.6847569608305805, 0.6908919301557338, 0.6897121283624351, 0.6913638508730533, 0.6878244454931571, 0.6915998112317131, 0.6930155733836716, 0.6930155733836716, 0.6956111373289288, 0.696319018404908, 0.6960830580462483, 0.6979707409155262, 0.6958470976875885, 0.6956111373289288, 0.6960830580462483, 0.7003303445021236, 0.6998584237848041, 0.6979707409155262, 0.7005663048607834, 0.6982067012741859, 0.7005663048607834, 0.7033978291647003, 0.7022180273714016, 0.7017461066540821, 0.7029259084473808, 0.7031618688060406, 0.7000943841434639, 0.7043416705993393, 0.7050495516753186, 0.7062293534686173, 0.7062293534686173, 0.7059933931099576, 0.7102406795658329, 0.7102406795658329, 0.7109485606418122, 0.7107126002831524, 0.7092968381311939, 0.7071731949032563, 0.7104766399244927, 0.7154318074563474, 0.7123643227937706, 0.7151958470976876, 0.7130722038697499, 0.7168475696083058, 0.7144879660217084, 0.7149598867390279, 0.7144879660217084, 0.7180273714016046, 0.7161396885323266, 0.718499292118924, 0.7177914110429447, 0.718499292118924, 0.7173194903256253, 0.7201510146295422, 0.7208588957055214, 0.719443133553563, 0.7201510146295422, 0.7218027371401604, 0.7229825389334592, 0.7225106182161397, 0.7239263803680982, 0.7246342614440774, 0.7241623407267579, 0.7243983010854177, 0.7272298253893346, 0.7284096271826334, 0.7267579046720151, 0.7284096271826334, 0.7312411514865502, 0.7298253893345917, 0.7298253893345917, 0.73147711184521, 0.7307692307692307, 0.7291175082586125, 0.7347805568664464, 0.732420953279849, 0.7361963190184049, 0.7357243983010854, 0.7343086361491269, 0.7378480415290232, 0.7373761208117037, 0.7364322793770647, 0.7361963190184049, 0.7380840018876829, 0.742567248702218, 0.7458706937234545, 0.743511090136857, 0.7418593676262388, 0.745398773006135, 0.7479943369513922, 0.7468145351580935, 0.7458706937234545, 0.7482302973100519, 0.7498820198206702, 0.7517697026899481, 0.7501179801793298, 0.7541293062765455, 0.7548371873525248, 0.7538933459178858, 0.7581406323737612, 0.7541293062765455, 0.757432751297782, 0.7597923548843795, 0.7605002359603587, 0.7597923548843795, 0.7630957999056158, 0.7607361963190185, 0.7659273242095328, 0.7687588485134498, 0.7673430863614913, 0.7706465313827277, 0.7701746106654083, 0.7760736196319018, 0.7756016989145823, 0.779613025011798, 0.7777253421425201, 0.7803209060877773, 0.7807928268050968, 0.7840962718263331, 0.779613025011798, 0.7838603114676734, 0.7878716375648891, 0.7923548843794243, 0.7876356772062294, 0.7916470033034451, 0.7899952807928268, 0.7973100519112789, 0.7935346861727229, 0.7958942897593204, 0.7999056158565361, 0.7968381311939594, 0.8008494572911751, 0.8013213780084946, 0.8001415762151959, 0.8072203869749882, 0.8022652194431336, 0.8053327041057102, 0.8074563473336479, 0.8105238319962247, 0.80556866446437, 0.8121755545068429, 0.8067484662576687, 0.8152430391694195, 0.815714959886739, 0.8171307220386975], "trainStanceF1": [0.18615494676757055, 0.19606999426276533, 0.19606999426276533, 0.19606999426276533, 0.19606999426276533, 0.19606999426276533, 0.19606999426276533, 0.19606999426276533, 0.20066254790777524, 0.27390094595418474, 0.3074534008378987, 0.31492140044298655, 0.3195139979218634, 0.31886541493692244, 0.3210902715774909, 0.32360290029413546, 0.32598545909642285, 0.3265496304986447, 0.32924881511185194, 0.32582064092477026, 0.32815898932293613, 0.3324274114313387, 0.33268585933812256, 0.33276171818235634, 0.3326892209187666, 0.3350425682671071, 0.3352749653616356, 0.3359303350014804, 0.33759804925721554, 0.3391763292160447, 0.3382737249328912, 0.3394726454904771, 0.3382699024968602, 0.33917640708761104, 0.3398327930603884, 0.341917310375744, 0.3413019779601208, 0.3412997465145754, 0.34153068508060913, 0.3421008112760807, 0.34417148901115346, 0.3500004022691585, 0.35599714214897626, 0.35824005835846484, 0.3598469697234933, 0.36714684859646923, 0.3696543846866773, 0.37331040794362097, 0.379608126849775, 0.3924754762937689, 0.39154481026421584, 0.3985452096117753, 0.40912594520760437, 0.41333664993878416, 0.4136348626461781, 0.41742361373382, 0.42151516839398323, 0.4175063607184767, 0.42401757909416016, 0.43221009165750524, 0.4275782857490345, 0.4332164690122443, 0.43353406845687215, 0.4398614712331051, 0.4348197184207002, 0.43909984814730096, 0.43780272809218723, 0.44510406875824804, 0.44522558404947343, 0.442045236907762, 0.4483027631740764, 0.44800521108981695, 0.4470056030242533, 0.45204571822080664, 0.45418429188901444, 0.450215562327944, 0.449935910262836, 0.45432222760604846, 0.4566406903700373, 0.45507261264856863, 0.4574657674124144, 0.4566877646637207, 0.45952612401604964, 0.4571370323204844, 0.4655505968468797, 0.46725713459184626, 0.4621686663861749, 0.4611355757365633, 0.4717374644891178, 0.4701103736983364, 0.4693011119983068, 0.4705760088139071, 0.47059732619055394, 0.4697866844806602, 0.47471996830090357, 0.471015306114264, 0.4784906742785604, 0.4756692483544751, 0.4799877112198072, 0.4776938873734309, 0.484281762939347, 0.48466765450611715, 0.4816833024109419, 0.4878091975947757, 0.48993742659320044, 0.49590483052504036, 0.4916936864949947, 0.4963670143306834, 0.5046795499513584, 0.5085650565055938, 0.4991607878877325, 0.505661466427582, 0.5058394028410986, 0.5146513854361698, 0.5164654464147875, 0.5156206715531385, 0.5271804765601772, 0.5271809694506321, 0.5284874536186904, 0.535292242910037, 0.5277516273607141, 0.5366057320607677, 0.5440188991524189, 0.5387146126762223, 0.5501782713462928, 0.5559367987007936, 0.5491671096599886, 0.5602128594270612, 0.5688854593791627, 0.5656162173321507, 0.5660031373858927, 0.5763314964128518, 0.5857555792309741, 0.5846931343568813, 0.594788067571014, 0.5948363295403251, 0.596332849673483, 0.6043967632892807, 0.6123391713509982, 0.6058843981619032, 0.6154361461280842, 0.6170589101043991, 0.6277980556398992, 0.6183754244391734, 0.632844434426158, 0.6236813394607732, 0.636445604584357, 0.6364646150819835, 0.6381066541390517, 0.6493263513033175, 0.6451031986940201, 0.6467173503371186, 0.6497074603110681, 0.6555075615842558, 0.6603268148039768, 0.6508391664835236, 0.6576496132524998, 0.6627365474519833, 0.6739252673251712, 0.6613024276249783, 0.6764522870249006, 0.6639153683662112, 0.6803575784394784, 0.6858617351334115, 0.680647162241869], "trainLoss": [], "testStanceAcc": [0.7416587225929456, 0.7254528122020972, 0.7292659675881792, 0.7321258341277407, 0.7302192564346998, 0.7340324118207817, 0.7359389895138226, 0.7378455672068637, 0.7445185891325071, 0.7464251668255482, 0.7559580552907531, 0.7550047664442326, 0.7569113441372736, 0.7521448999046711, 0.7569113441372736, 0.7502383222116301, 0.7569113441372736, 0.7502383222116301, 0.7521448999046711, 0.7521448999046711, 0.7454718779790277, 0.7368922783603432, 0.7292659675881792, 0.7044804575786463, 0.7216396568160153, 0.7102001906577693, 0.7140133460438512, 0.7159199237368923, 0.7016205910390848, 0.6882745471877979, 0.6930409914204004, 0.6911344137273594, 0.6911344137273594],