{"epoch": 155, "macroF1Stance": 0.39806224941485957, "accStance": 0.6959008579599618, "loss": 1.1105754375457764, "trainStanceAcc": [0.6042944785276073, 0.6451156205757432, 0.6670599339310995, 0.6760264275601698, 0.6781500707881076, 0.6774421897121283, 0.684285040113261, 0.6857008022652195, 0.6859367626238791, 0.6904200094384143, 0.6897121283624351, 0.6913638508730533, 0.6908919301557338, 0.6923076923076923, 0.6927796130250118, 0.6920717319490326, 0.6915998112317131, 0.6960830580462483, 0.6937234544596508, 0.697262859839547, 0.6974988201982067, 0.696319018404908, 0.7003303445021236, 0.6998584237848041, 0.7024539877300614, 0.7026899480887211, 0.7010382255781029, 0.7024539877300614, 0.7019820670127419, 0.7026899480887211, 0.7052855120339783, 0.7029259084473808, 0.7078810759792354, 0.7052855120339783, 0.7062293534686173, 0.7142520056630486, 0.7128362435110901, 0.7154318074563474, 0.7111845210004719, 0.7135441245870694, 0.7100047192071732, 0.7121283624351109, 0.7161396885323266, 0.7137800849457291, 0.7109485606418122, 0.7168475696083058, 0.7161396885323266, 0.7147239263803681, 0.7151958470976876, 0.7222746578574799, 0.7192071731949032, 0.7175554506842851, 0.7173194903256253, 0.7192071731949032, 0.720386974988202, 0.7222746578574799, 0.7182633317602642, 0.7199150542708825, 0.7267579046720151, 0.7213308164228409, 0.7258140632373761, 0.7222746578574799, 0.7284096271826334, 0.7232184992921189, 0.7267579046720151, 0.7258140632373761, 0.7258140632373761, 0.7281736668239736, 0.7274657857479944, 0.7321849929211892, 0.728645587541293, 0.7302973100519112, 0.7310051911278905, 0.7279377064653139, 0.7284096271826334, 0.73147711184521, 0.7376120811703634, 0.7359603586597452, 0.7347805568664464, 0.728645587541293, 0.733364794714488, 0.7371401604530439, 0.7345445965077867, 0.7390278433223219, 0.7371401604530439, 0.7418593676262388, 0.7439830108541765, 0.7439830108541765, 0.7404436054742803, 0.7456347333647947, 0.7461066540821142, 0.7446908919301557, 0.746342614440774, 0.742567248702218, 0.7468145351580935, 0.7470504955167532, 0.7491741387446909, 0.7508258612553091, 0.7512977819726286, 0.7482302973100519, 0.7538933459178858, 0.7491741387446909, 0.7560169891458235, 0.7553091080698443, 0.7534214252005663, 0.7560169891458235, 0.7590844738084002, 0.7605002359603587, 0.7581406323737612, 0.7595563945257197, 0.760264275601699, 0.7640396413402548, 0.7654554034922133, 0.767579046720151, 0.7633317602642756, 0.76852288815479, 0.76852288815479, 0.7741859367626239, 0.76852288815479, 0.767579046720151, 0.7760736196319018, 0.7760736196319018, 0.7734780556866446, 0.7781972628598396, 0.7822085889570553, 0.781500707881076, 0.7859839546956111, 0.7840962718263331, 0.7831524303916942, 0.7822085889570553, 0.7899952807928268, 0.7916470033034451, 0.7892873997168476, 0.7895233600755073, 0.7956583294006607, 0.7940066068900424, 0.7999056158565361, 0.7954223690420009, 0.7947144879660217, 0.7932987258140632, 0.8015573383671544, 0.7975460122699386, 0.7999056158565361, 0.8074563473336479, 0.8058046248230297, 0.8039169419537517, 0.8029731005191127, 0.8043888626710712, 0.8088721094856064, 0.8117036337895234, 0.8095799905615857, 0.8147711184521, 0.8145351580934403, 0.8171307220386975, 0.8173666823973572, 0.813827277017461, 0.8206701274185937, 0.8159509202453987, 0.8227937706465314, 0.8213780084945729, 0.8218499292118924, 0.8239735724398302, 0.8232656913638509, 0.8237376120811704, 0.8310523831996225, 0.8256252949504483, 0.8341198678621992, 0.8327041057102407, 0.8260972156677678, 0.8345917885795187, 0.8367154318074563, 0.8355356300141576, 0.8395469561113733, 0.8360075507314771, 0.8390750353940538, 0.8402548371873525, 0.8414346389806513, 0.8452100047192072, 0.8440302029259085, 0.845445965077867, 0.8452100047192072, 0.8470976875884851, 0.8494572911750826, 0.8501651722510618, 0.852760736196319, 0.8563001415762151, 0.8574799433695139, 0.8567720622935346, 0.8553563001415763, 0.8572439830108541, 0.8610193487494101, 0.8610193487494101, 0.8631429919773478, 0.8629070316186881, 0.8614912694667296, 0.8645587541293063, 0.8645587541293063, 0.8650306748466258, 0.8690420009438414, 0.8645587541293063, 0.8671543180745634, 0.8730533270410571, 0.8704577630957999, 0.8728173666823974, 0.8714016045304389, 0.877772534214252, 0.8808400188768287, 0.8765927324209533, 0.8798961774421897, 0.8798961774421897, 0.8831996224634261, 0.8784804152902312, 0.8817838603114677, 0.8808400188768287, 0.8817838603114677, 0.8791882963662104, 0.8860311467673431, 0.8862671071260029, 0.8900424728645587, 0.8919301557338367, 0.8914582350165172, 0.8865030674846626, 0.8926380368098159, 0.8933459178857952, 0.8926380368098159, 0.9034922133081642, 0.8968853232656914, 0.8966493629070316, 0.8942897593204342, 0.8985370457763096, 0.901840490797546, 0.899952807928268, 0.8997168475696083, 0.900896649362907, 0.9044360547428032, 0.9049079754601227, 0.9058518168947617, 0.9039641340254837, 0.9063237376120812, 0.9051439358187825, 0.9084473808400189, 0.9082114204813592, 0.9103350637092968, 0.9091552619159982, 0.9077394997640397, 0.9159981123171307, 0.9115148655025955, 0.9145823501651722, 0.9105710240679565, 0.9181217555450685, 0.9150542708824917, 0.9162340726757905, 0.9169419537517697, 0.917649834827749, 0.9207173194903256],