{"epoch": 85, "macroF1Stance": 0.3917852786158603, "accStance": 0.7454718779790277, "loss": 0.7275657057762146, "trainStanceAcc": [0.5108541764983483, 0.6451156205757432, 0.6451156205757432, 0.6451156205757432, 0.6451156205757432, 0.6451156205757432, 0.6451156205757432, 0.6451156205757432, 0.6451156205757432, 0.6526663520528552, 0.6656441717791411, 0.6788579518640868, 0.6788579518640868, 0.6798017932987258, 0.6819254365266635, 0.6802737140160453, 0.682397357243983, 0.6852288815479, 0.6845210004719208, 0.6845210004719208, 0.6852288815479, 0.6885323265691364, 0.6873525247758376, 0.6873525247758376, 0.6880604058518169, 0.6887682869277961, 0.6918357715903728, 0.6923076923076923, 0.6923076923076923, 0.6932515337423313, 0.6956111373289288, 0.6934874941009911, 0.6965549787635678, 0.697262859839547, 0.6967909391222274, 0.6993865030674846, 0.695375176970269, 0.6996224634261444, 0.7010382255781029, 0.7000943841434639, 0.7022180273714016, 0.7024539877300614, 0.6991505427088249, 0.7062293534686173, 0.7041057102406796, 0.7114204813591317, 0.7069372345445966, 0.7111845210004719, 0.7102406795658329, 0.7090608777725342, 0.7100047192071732, 0.7064653138272771, 0.7111845210004719, 0.7149598867390279, 0.7123643227937706, 0.7095327984898537, 0.7144879660217084, 0.7126002831524304, 0.7135441245870694, 0.7097687588485134, 0.7126002831524304, 0.7118924020764511, 0.7140160453043889, 0.7161396885323266, 0.7133081642284096, 0.7161396885323266, 0.7154318074563474, 0.7142520056630486, 0.7154318074563474, 0.7187352524775837, 0.7182633317602642, 0.718499292118924, 0.7182633317602642, 0.7170835299669656, 0.7187352524775837, 0.7180273714016046, 0.7215667767815007, 0.7180273714016046, 0.7187352524775837, 0.7206229353468617, 0.719443133553563, 0.7253421425200566, 0.7258140632373761, 0.7199150542708825, 0.7243983010854177, 0.7215667767815007, 0.7243983010854177, 0.7269938650306749, 0.7229825389334592, 0.7279377064653139, 0.7267579046720151, 0.7248702218027372, 0.7284096271826334, 0.729589428975932, 0.7281736668239736, 0.729589428975932, 0.7274657857479944, 0.7317130722038697, 0.730533270410571, 0.7284096271826334, 0.7298253893345917, 0.7343086361491269, 0.7336007550731477, 0.7352524775837659, 0.7376120811703634, 0.7378480415290232, 0.733364794714488, 0.738791882963662, 0.7392638036809815, 0.7392638036809815, 0.7352524775837659, 0.7423312883435583, 0.7404436054742803, 0.7475224162340727, 0.7430391694195375, 0.7430391694195375, 0.7515337423312883, 0.7458706937234545, 0.7475224162340727, 0.7482302973100519, 0.7510618216139688, 0.7496460594620104, 0.7515337423312883, 0.753657385559226, 0.7512977819726286, 0.757432751297782, 0.7586125530910807, 0.7553091080698443, 0.760264275601699, 0.7548371873525248, 0.7597923548843795, 0.7619159981123171, 0.7697026899480888, 0.757432751297782, 0.7628598395469561, 0.7633317602642756, 0.7649834827748938, 0.7680509674374705, 0.766635205285512, 0.7680509674374705, 0.7668711656441718, 0.7737140160453044, 0.7718263331760264, 0.7760736196319018, 0.7767815007078811, 0.7748938178386031, 0.7767815007078811, 0.7744218971212836, 0.7753657385559226, 0.7791411042944786, 0.7781972628598396, 0.7866918357715904, 0.7829164700330344, 0.7824445493157149, 0.7822085889570553, 0.7876356772062294, 0.7829164700330344, 0.7838603114676734, 0.7895233600755073, 0.7897593204341671, 0.7859839546956111, 0.7895233600755073, 0.7916470033034451, 0.7895233600755073, 0.7947144879660217, 0.7928268050967437, 0.7949504483246814, 0.7911750825861256, 0.7968381311939594, 0.7987258140632374, 0.7994336951392166, 0.8001415762151959, 0.7999056158565361, 0.8081642284096272, 0.8076923076923077, 0.8093440302029259, 0.8081642284096272, 0.8074563473336479, 0.8065125058990089, 0.8086361491269467, 0.8098159509202454, 0.8117036337895234, 0.8102878716375649, 0.8150070788107598, 0.8145351580934403], "trainStanceF1": [0.2016055206397637, 0.19606999426276533, 0.19606999426276533, 0.19606999426276533, 0.19606999426276533, 0.19606999426276533, 0.19606999426276533, 0.19606999426276533, 0.19606999426276533, 0.22033704665057055, 0.27916988654670816, 0.30998786138038326, 0.31337460248715926, 0.31770459556799946, 0.3200789178376268, 0.3195919468016134, 0.3233740067117595, 0.32376228617051245, 0.32570104738845407, 0.3248941933852886, 0.32692041351337986, 0.32931139447839797, 0.32792704269535145, 0.3298512784295441, 0.3300067926003377, 0.33064293898388664, 0.3349567419867714, 0.3330815629299602, 0.33520526091490654, 0.33606828628723323, 0.3409273063023051, 0.34257122083919467, 0.349654537944036, 0.35716054237021516, 0.3599683753742202, 0.3736973156307021, 0.3812243647876057, 0.39148750434495516, 0.39462344856243026, 0.4040459765261091, 0.41119583663021486, 0.4154285847895909, 0.4143532408781092, 0.4174920041160032, 0.42448179901341054, 0.438891186765746, 0.43171137910908924, 0.4393747649961466, 0.43439717927887694, 0.4333096138937517, 0.4339826087885259, 0.4363628547634061, 0.43757160017825547, 0.44460936082752806, 0.43800183307104623, 0.438853737767656, 0.44982721980395335, 0.4437253000275767, 0.4477689511726849, 0.4390343191551465, 0.4413010099896333, 0.4379932843104538, 0.44644328917494036, 0.4501542919320576, 0.4451364101465918, 0.4514453794651596, 0.4464776266866195, 0.4500916262941823, 0.4524173917776475, 0.45913362233236993, 0.45166138670421496, 0.46000535211068216, 0.4588429432959867, 0.45135553260459343, 0.45264411085500045, 0.45487064549436584, 0.45899596652831265, 0.4534119909221788, 0.4521653349272102, 0.45687223923932296, 0.45643484898441783, 0.4674104768599304, 0.46327387138453413, 0.45554855165945785, 0.4622839491892241, 0.460259396061397, 0.4674765194926964, 0.4714286168536638, 0.465138154104244, 0.469891268451924, 0.47250787033646113, 0.46602968075584805, 0.4698531302664968, 0.4699990910486411, 0.46858657303254636, 0.4716365094550765, 0.46918800576386405, 0.4733881132418214, 0.47561691487722957, 0.46967992858524865, 0.4720386983245555, 0.47866361509614586, 0.4754520441752614, 0.48260681358934576, 0.48737423525688023, 0.48661801358558576, 0.48899432760758577, 0.49367374666058056, 0.4902928348915494, 0.49429431236217247, 0.48772994602818975, 0.5037905833252536, 0.49996380855098366, 0.517355045799437, 0.5059927366601604, 0.5092624967684571, 0.5319299108843468, 0.5199524444035211, 0.5234130838025514, 0.5268094565214563, 0.5342084642376156, 0.531316179947452, 0.5366062886536114, 0.5406571877972215, 0.5328499505788415, 0.5490474349880764, 0.5598295291767084, 0.5526844532976246, 0.5553774104236878, 0.5495904730816706, 0.5627379057235097, 0.5701089869748652, 0.5842391297761579, 0.5687768140068568, 0.5772810032507089, 0.5670202726291665, 0.5853954780516035, 0.5872643359077282, 0.5865091927998008, 0.5884640630587961, 0.5868027329369865, 0.6016583902246216, 0.5930204341817145, 0.599744466467797, 0.603366595232036, 0.603895243011884, 0.6103141645489456, 0.5979340251986124, 0.6041437992527995, 0.6135390903968244, 0.6139099713845151, 0.6223237510883226, 0.6126054952210944, 0.6179539701071952, 0.6172591042805031, 0.6270848575290828, 0.6204358210129975, 0.6206651400643798, 0.6325692358106607, 0.6320282571934575, 0.6321229722091275, 0.6304575459162637, 0.6341186812209783, 0.6358468420117693, 0.6447033001941965, 0.6355574676735655, 0.64427755352936, 0.6424571886356074, 0.6486889941492706, 0.6513116019236234, 0.6569375378999802, 0.6561836779084994, 0.6507463412654207, 0.6686762978984606, 0.6647688646465336, 0.6727849738455, 0.673933280515399, 0.6730647539188594, 0.6648669023930881, 0.6613702697104961, 0.6722204900608469, 0.6758702680352753, 0.6704410429940606, 0.6835481540867073, 0.6847569235690334], "trainLoss": [],