{"epoch": 95, "macroF1Rumor": 0.6742504409171075, "accRumor": 0.6923076923076923, "loss": 1.8923406600952148, "trainRumorAcc": [0.4115384615384615, 0.43846153846153846, 0.45, 0.4807692307692308, 0.5076923076923077, 0.4846153846153846, 0.4846153846153846, 0.5038461538461538, 0.5230769230769231, 0.5346153846153846, 0.5461538461538461, 0.5692307692307692, 0.5615384615384615, 0.5807692307692308, 0.5923076923076923, 0.5923076923076923, 0.5923076923076923, 0.6153846153846154, 0.6346153846153846, 0.6269230769230769, 0.65, 0.6307692307692307, 0.6653846153846154, 0.6730769230769231, 0.6692307692307692, 0.6923076923076923, 0.7192307692307692, 0.7038461538461539, 0.7192307692307692, 0.7153846153846154, 0.7423076923076923, 0.7730769230769231, 0.7461538461538462, 0.7461538461538462, 0.7576923076923077, 0.75, 0.7961538461538461, 0.7692307692307693, 0.7730769230769231, 0.7884615384615384, 0.7884615384615384, 0.7884615384615384, 0.7923076923076923, 0.7846153846153846, 0.7923076923076923, 0.8307692307692308, 0.8153846153846154, 0.8307692307692308, 0.8269230769230769, 0.8653846153846154, 0.8846153846153846, 0.8692307692307693, 0.8846153846153846, 0.8692307692307693, 0.8653846153846154, 0.8961538461538462, 0.8846153846153846, 0.926923076923077, 0.8923076923076924, 0.9, 0.9153846153846154, 0.9076923076923077, 0.9076923076923077, 0.9153846153846154, 0.9230769230769231, 0.9230769230769231, 0.95, 0.9230769230769231, 0.9346153846153846, 0.95, 0.9538461538461539, 0.9153846153846154, 0.9538461538461539, 0.9346153846153846, 0.9807692307692307, 0.9576923076923077, 0.9615384615384616, 0.9653846153846154, 0.9653846153846154, 0.9653846153846154, 0.9615384615384616, 0.9884615384615385, 0.9884615384615385, 0.9730769230769231, 0.9769230769230769, 0.9692307692307692, 0.9769230769230769, 0.9884615384615385, 0.9807692307692307, 0.9769230769230769, 0.9807692307692307, 0.9769230769230769, 0.9884615384615385, 0.9884615384615385, 0.9923076923076923, 0.9923076923076923, 0.9923076923076923, 0.9769230769230769, 0.9884615384615385, 0.9923076923076923, 0.9923076923076923, 0.9846153846153847, 0.9884615384615385, 0.9961538461538462, 0.9807692307692307, 1.0, 0.9730769230769231, 0.9807692307692307, 0.9923076923076923, 0.9961538461538462, 0.9923076923076923, 0.9807692307692307, 0.9961538461538462, 1.0, 0.9923076923076923, 0.9807692307692307, 0.9923076923076923, 0.9884615384615385, 0.9923076923076923, 0.9923076923076923, 0.9961538461538462, 0.9923076923076923, 1.0, 0.9961538461538462, 0.9923076923076923, 0.9884615384615385, 0.9884615384615385, 0.9961538461538462, 0.9923076923076923, 0.9923076923076923, 1.0, 0.9961538461538462, 1.0, 1.0, 0.9923076923076923, 0.9884615384615385, 1.0, 1.0, 1.0, 0.9961538461538462, 0.9923076923076923, 1.0, 0.9961538461538462, 0.9923076923076923, 0.9961538461538462], "trainRumorF1": [0.3197720195076091, 0.20991636798088412, 0.21388505747126438, 0.28313357651554627, 0.3552161706906232, 0.29376163873370575, 0.34197445234379514, 0.3536027908095754, 0.37377707896575824, 0.3919609149455918, 0.39826839826839827, 0.42239316239316244, 0.4111901046182302, 0.4236808695458494, 0.4464205934206836, 0.44330015293554875, 0.4511960692946418, 0.4891323366403752, 0.5306947814687752, 0.5103570167518133, 0.5718655958381985, 0.5598811870289534, 0.6056102698059703, 0.6254202266857927, 0.6114755081689424, 0.6480069355485681, 0.6887088720697992, 0.6649865779330786, 0.6885586748024343, 0.6689099831682953, 0.7171687245944671, 0.7478723566509826, 0.7048454675359602, 0.7220698028882172, 0.7316916826451777, 0.7232291423868941, 0.7701480076919496, 0.7475491845570587, 0.7488126187962408, 0.7645130389032827, 0.7631641274892292, 0.764258479264846, 0.7726135910415707, 0.7553082012337278, 0.7749669606253468, 0.8046796227133362, 0.7945235583085027, 0.8166670139382743, 0.8019623665290778, 0.8553403517448878, 0.8703201249131576, 0.8531656934179268, 0.876932169485361, 0.8529864326715071, 0.8523616658431098, 0.8893785909109027, 0.870464767616192, 0.9209470278533728, 0.8862051641224501, 0.8855186991606879, 0.9096582271090211, 0.8992449551929008, 0.8991397804957127, 0.9060651027041476, 0.9154308804181374, 0.9136368376747986, 0.942395081529003, 0.9154389759287441, 0.9247466962067271, 0.9463072539995617, 0.9498870241708349, 0.9081610229523115, 0.9462563974002585, 0.9297390296127989, 0.979776874568496, 0.9539704467232228, 0.9596701649175413, 0.962709106009321, 0.9604810513554826, 0.9635124298315958, 0.960459188121367, 0.9870125023325246, 0.9866301104958093, 0.9702619620422347, 0.9726492695398417, 0.9660800009637218, 0.9739091318038687, 0.9871239871239871, 0.9783659484165003, 0.9751849783610219, 0.9780585415794127, 0.9759592763222527, 0.9880719604180799, 0.9889460238297447, 0.9908729406599063, 0.9913030439346229, 0.992303128687568, 0.9751515255379798, 0.9870125023325246, 0.992303128687568, 0.9908729406599063, 0.9846297781341887, 0.986134021017742, 0.9956708341108417, 0.9798579117998356, 1.0, 0.9716060826098759, 0.9778333376664269, 0.9913793103448275, 0.9951746670017593, 0.9908729406599063, 0.9780311020321073, 0.9956708341108417, 1.0, 0.9913030439346229, 0.9793639576378266, 0.9903769045709704, 0.9870125023325246, 0.9913793103448275, 0.9923256641527564, 0.9952016794122057, 0.9908830898466139, 1.0, 0.9966200670966878, 0.9918320267157478, 0.9875229052140596, 0.9870125023325246, 0.9966200670966878, 0.992328116193815, 0.9923011037833684, 1.0, 0.9957079957079958, 1.0, 1.0, 0.9932504677893611, 0.9871239871239871, 1.0, 1.0, 1.0, 0.9952016794122057, 0.9913793103448275, 1.0, 0.9952016794122057, 0.9913793103448275, 0.9966200670966878],