{"epoch": 65, "macroF1Rumor": 0.6558760683760684, "accRumor": 0.676923076923077, "loss": 1.4551351070404053, "trainRumorAcc": [0.4346153846153846, 0.4461538461538462, 0.45, 0.46923076923076923, 0.4807692307692308, 0.5038461538461538, 0.49230769230769234, 0.5038461538461538, 0.5269230769230769, 0.5346153846153846, 0.55, 0.55, 0.5461538461538461, 0.5692307692307692, 0.5769230769230769, 0.6192307692307693, 0.5846153846153846, 0.6230769230769231, 0.65, 0.6538461538461539, 0.6846153846153846, 0.7038461538461539, 0.6730769230769231, 0.7, 0.7115384615384616, 0.7230769230769231, 0.7269230769230769, 0.7230769230769231, 0.75, 0.7461538461538462, 0.7538461538461538, 0.7576923076923077, 0.7692307692307693, 0.7961538461538461, 0.7961538461538461, 0.8115384615384615, 0.8153846153846154, 0.8076923076923077, 0.8269230769230769, 0.8307692307692308, 0.8538461538461538, 0.85, 0.8576923076923076, 0.8576923076923076, 0.8846153846153846, 0.8923076923076924, 0.9192307692307692, 0.9153846153846154, 0.9038461538461539, 0.9076923076923077, 0.9153846153846154, 0.9346153846153846, 0.9153846153846154, 0.9384615384615385, 0.9653846153846154, 0.9538461538461539, 0.9615384615384616, 0.9576923076923077, 0.9615384615384616, 0.9730769230769231, 0.9692307692307692, 0.9846153846153847, 0.9807692307692307, 0.9923076923076923, 0.9769230769230769, 0.9923076923076923, 0.9846153846153847, 1.0, 0.9923076923076923, 0.9923076923076923, 0.9884615384615385, 0.9923076923076923, 0.9846153846153847, 0.9923076923076923, 0.9961538461538462, 1.0, 0.9961538461538462, 1.0, 0.9961538461538462, 0.9923076923076923, 0.9961538461538462, 0.9923076923076923, 0.9923076923076923, 1.0, 0.9923076923076923, 1.0, 1.0, 0.9961538461538462, 1.0, 1.0, 1.0, 0.9923076923076923, 1.0, 1.0, 0.9923076923076923, 0.9923076923076923, 1.0, 1.0, 1.0, 1.0, 0.9961538461538462, 1.0, 1.0, 1.0, 1.0, 1.0, 1.0, 1.0, 1.0, 1.0, 1.0, 1.0, 1.0, 1.0, 1.0], "trainRumorF1": [0.23736383442265796, 0.20567375886524822, 0.21388505747126438, 0.25802380610927866, 0.29189944134078216, 0.33394406943105115, 0.3284457478005865, 0.3531648886393412, 0.3768192488262911, 0.39108719646799117, 0.4011694685183251, 0.4004329004329004, 0.4078762939625796, 0.4271030139451193, 0.4408721733562497, 0.4804986231107187, 0.4724423064630899, 0.5241436738752174, 0.563403571049318, 0.5748070582579535, 0.6256239311787634, 0.6399145012621379, 0.6159862051960502, 0.6491204535369647, 0.666661574340153, 0.6910887286356623, 0.6934521158872083, 0.6795250854661369, 0.7145008097760982, 0.7240868672933246, 0.7207714962287914, 0.7270131029167173, 0.7371835624138044, 0.765744215134459, 0.7682251071356948, 0.7861158562163183, 0.792804232804233, 0.7892260436120085, 0.8115818961424116, 0.8082667883138805, 0.840927187900117, 0.8291002856120206, 0.8395358143257304, 0.837995642701525, 0.8715132564653768, 0.8781891174312496, 0.90798033263988, 0.9023950170785615, 0.890139377980817, 0.8910157673777296, 0.9008418691544998, 0.9236064099813316, 0.9064783022144781, 0.9313257649782959, 0.9610008848389658, 0.9489313146894761, 0.9539732467275095, 0.9525799623249762, 0.9552037833896905, 0.9692703117404875, 0.9650900348574766, 0.9840798544692543, 0.9778333376664269, 0.990794649345502, 0.9744608215372833, 0.990794649345502, 0.9815991127243396, 1.0, 0.9908830898466139, 0.9918270302078399, 0.9859977636693182, 0.9908830898466139, 0.9836273723603314, 0.9908729406599063, 0.9957079957079958, 1.0, 0.9957079957079958, 1.0, 0.9957079957079958, 0.9923011037833684, 0.9951746670017593, 0.992328116193815, 0.9908729406599063, 1.0, 0.9923256641527564, 1.0, 1.0, 0.9956708341108417, 1.0, 1.0, 1.0, 0.9913793103448275, 1.0, 1.0, 0.9932504677893611, 0.992328116193815, 1.0, 1.0, 1.0, 1.0, 0.9966200670966878, 1.0, 1.0, 1.0, 1.0, 1.0, 1.0, 1.0, 1.0, 1.0, 1.0, 1.0, 1.0, 1.0, 1.0], "trainLoss": [1.0806446075439453, 1.0660638809204102, 1.0577352046966553, 1.050840139389038, 1.0444066524505615, 1.034865140914917, 1.02973473072052, 1.0181900262832642, 1.0087727308273315, 1.000988483428955, 0.9911365509033203, 0.9757413864135742, 0.9660025835037231, 0.9442771673202515, 0.9117857813835144, 0.8766738176345825, 0.8480126261711121, 0.8381717205047607, 0.8068927526473999, 0.7927547693252563, 0.7710250020027161, 0.7698869705200195, 0.7556676864624023, 0.7344812750816345, 0.719241738319397, 0.6983881592750549, 0.6925095915794373, 0.6706299185752869, 0.6397776007652283, 0.657512903213501, 0.645494818687439, 0.6219327449798584, 0.6015964150428772, 0.5844209790229797, 0.5721220970153809, 0.5572240352630615, 0.5142328143119812, 0.4981900155544281, 0.49190619587898254, 0.4606254994869232, 0.43579351902008057, 0.4127534031867981, 0.3858657777309418, 0.37331175804138184, 0.345984548330307, 0.326924592256546, 0.3014660179615021, 0.29396966099739075, 0.27377963066101074, 0.26629671454429626, 0.23670272529125214, 0.2079927772283554, 0.21590489149093628, 0.19105802476406097, 0.1738383173942566, 0.14900173246860504, 0.13820777833461761, 0.12414935231208801, 0.12159112095832825, 0.11165805160999298, 0.09166692197322845, 0.08001332730054855, 0.07896287739276886, 0.06488076597452164, 0.06872424483299255, 0.059052255004644394, 0.056052349507808685, 0.039711225777864456, 0.046567078679800034, 0.033689696341753006, 0.0319499596953392, 0.03932658210396767, 0.039717577397823334, 0.024994345381855965, 0.022030772641301155, 0.024081436917185783, 0.0171861220151186, 0.014239762909710407, 0.01501473505049944, 0.02349005453288555, 0.014561747200787067, 0.021854417398571968, 0.015470660291612148, 0.004337000194936991, 0.017582710832357407, 0.006616048980504274, 0.006598064675927162, 0.013850980438292027, 0.011085700243711472, 0.0062830690294504166, 0.005266414489597082, 0.011805822141468525, 0.0030454990919679403, 0.0045178052969276905, 0.014970452524721622, 0.01711694896221161, 0.004376329481601715, 0.004889721050858498, 0.0065953428857028484, 0.0023871532175689936, 0.010277259163558483, 0.0022967748809605837, 0.0020357277244329453, 0.006554467137902975, 0.001430920441634953, 0.001814087969250977, 0.001124420203268528, 0.0022348014172166586, 0.0010861923219636083, 0.0014508081367239356, 0.0018484739121049643, 0.000850485113915056, 0.0014687140937894583, 0.0009968125959858298, 0.0005614195251837373], "testRumorAcc": [0.4461538461538462, 0.46153846153846156, 0.5692307692307692, 0.6461538461538462, 0.5846153846153846, 0.676923076923077, 0.6923076923076923, 0.6615384615384615, 0.6615384615384615, 0.676923076923077, 0.676923076923077, 0.6615384615384615, 0.676923076923077, 0.6615384615384615, 0.6153846153846154, 0.6307692307692307, 0.6153846153846154, 0.6153846153846154, 0.6153846153846154, 0.6153846153846154, 0.6, 0.6, 0.6], "testRumorF1": [0.20567375886524822, 0.262962962962963, 0.4122708567153011, 0.6039376145260703, 0.5814701897018969, 0.6532552414905357, 0.6518026565464896, 0.6204606030318175, 0.6114320330585664, 0.6331161608136024, 0.638043723236421, 0.6334554334554334, 0.6558760683760684, 0.6358560979250635, 0.5727153705158418, 0.6027665820769269, 0.5807075732448868, 0.5807075732448868, 0.5807075732448868, 0.5905058905058905, 0.5685685685685685, 0.5606837606837607, 0.5606837606837607], "testLoss": [1.0655741691589355, 1.0572940111160278, 0.9602607488632202, 0.901013970375061, 0.9145409464836121, 0.881328821182251, 0.8935269117355347, 0.9180410504341125, 0.9849870204925537, 1.0892564058303833, 1.1480870246887207, 1.2595614194869995, 1.4551351070404053, 1.610959768295288, 1.8642914295196533, 1.85337495803833, 2.058222770690918, 2.0925111770629883, 2.142902374267578, 2.1992173194885254, 2.3359882831573486, 2.3309245109558105, 2.534245729446411]}