{"epoch": 60, "macroF1Rumor": 0.6829639287266406, "accRumor": 0.7076923076923077, "loss": 0.7552735209465027, "trainRumorAcc": [0.3769230769230769, 0.45, 0.4461538461538462, 0.4461538461538462, 0.46153846153846156, 0.46923076923076923, 0.47692307692307695, 0.47307692307692306, 0.49230769230769234, 0.5076923076923077, 0.5076923076923077, 0.5307692307692308, 0.5461538461538461, 0.5346153846153846, 0.5884615384615385, 0.6076923076923076, 0.6076923076923076, 0.6615384615384615, 0.6423076923076924, 0.6346153846153846, 0.6538461538461539, 0.6615384615384615, 0.6615384615384615, 0.6730769230769231, 0.6807692307692308, 0.6653846153846154, 0.676923076923077, 0.676923076923077, 0.7230769230769231, 0.6807692307692308, 0.6884615384615385, 0.7038461538461539, 0.7230769230769231, 0.7230769230769231, 0.7269230769230769, 0.6961538461538461, 0.7, 0.7423076923076923, 0.7384615384615385, 0.6923076923076923, 0.7346153846153847, 0.7461538461538462, 0.7384615384615385, 0.7384615384615385, 0.7423076923076923, 0.7730769230769231, 0.7730769230769231, 0.7653846153846153, 0.7923076923076923, 0.7884615384615384, 0.7923076923076923, 0.7846153846153846, 0.7961538461538461, 0.8, 0.823076923076923, 0.7846153846153846, 0.8269230769230769, 0.8115384615384615, 0.8307692307692308, 0.8538461538461538, 0.8538461538461538, 0.8692307692307693, 0.8653846153846154, 0.8730769230769231, 0.8576923076923076, 0.8653846153846154, 0.8807692307692307, 0.8807692307692307, 0.8846153846153846, 0.9076923076923077, 0.8846153846153846, 0.8846153846153846, 0.926923076923077, 0.926923076923077, 0.9307692307692308, 0.9153846153846154, 0.9153846153846154, 0.9346153846153846, 0.8961538461538462, 0.9461538461538461, 0.9307692307692308, 0.9384615384615385, 0.9576923076923077, 0.9423076923076923, 0.9576923076923077, 0.9692307692307692, 0.9692307692307692, 0.9576923076923077, 0.9692307692307692, 0.9615384615384616, 0.9730769230769231, 0.9730769230769231, 0.9769230769230769, 0.9807692307692307, 0.9692307692307692, 0.9769230769230769, 0.9653846153846154, 0.9846153846153847, 0.9807692307692307, 0.9769230769230769, 0.9846153846153847, 0.9884615384615385, 0.9730769230769231, 0.9807692307692307, 0.9846153846153847, 0.9807692307692307, 0.9923076923076923, 0.9846153846153847, 0.9961538461538462, 0.9961538461538462], "trainRumorF1": [0.27776397831999033, 0.214349376114082, 0.20567375886524822, 0.20567375886524822, 0.23751493428912784, 0.26321297749869177, 0.2856550468309129, 0.2748699112335476, 0.3188901275857797, 0.3488849426904361, 0.3323809523809524, 0.3763630060619689, 0.3997492562124068, 0.41947842245796346, 0.47297517297517305, 0.5305840728711485, 0.5404149094479571, 0.6131517122978224, 0.6119323180605801, 0.5986866054438654, 0.6014939309056956, 0.6192031630949484, 0.632302911667991, 0.6427569507369241, 0.6450155522597124, 0.6297150749586714, 0.6415387803210649, 0.6461489337550458, 0.6971056036490255, 0.6416265248670628, 0.6564395915869489, 0.6688719859303998, 0.6961520839941433, 0.6851622625791075, 0.6985928490172971, 0.6697666869547576, 0.6644743096452034, 0.7191506017097603, 0.7137976402682286, 0.6612346431109758, 0.7055077153017525, 0.7183916083916083, 0.7051131517889621, 0.706332784289386, 0.7146193674198709, 0.7403710846544778, 0.7477201351899673, 0.7345960989231471, 0.7659802286067346, 0.7633135619400679, 0.764687857844402, 0.7494156339383089, 0.7756610286107448, 0.7768034663308064, 0.8050644452429315, 0.7572355095633975, 0.8060615796074501, 0.7845668894212583, 0.8129643635315938, 0.8338796913617493, 0.8332722657442727, 0.849355666693128, 0.8509886829996268, 0.8603425301159101, 0.8424386010285163, 0.8483560960341147, 0.8707401438971494, 0.8597104243680264, 0.8695685112955415, 0.8977490286615238, 0.8713737479896176, 0.8771080688288118, 0.9194170620429084, 0.9205845939230133, 0.9192004917610199, 0.9015147208837598, 0.9034709699945752, 0.9280477344705713, 0.8812575173157479, 0.9399995130050205, 0.9229410217166013, 0.9303881239612606, 0.9535842687617473, 0.9339507679788425, 0.9529334320023236, 0.9661211052778839, 0.9661034415062995, 0.9515034729704896, 0.9677410022406702, 0.9583283770427514, 0.9684619004038241, 0.9697632666538386, 0.9728821656606236, 0.9767082590612003, 0.9666936922612628, 0.9744782015619596, 0.9629676097366148, 0.9833538574361399, 0.9778599229400143, 0.9733777770161037, 0.9820994566795238, 0.9865060272382925, 0.9690061966683755, 0.9777031527337524, 0.9820854658000862, 0.9773394318910013, 0.991451731761238, 0.983248018131739, 0.9957079957079958, 0.9957079957079958], "trainLoss": [1.0858350992202759, 1.0674751996994019, 1.0638573169708252, 1.0559624433517456, 1.055119276046753, 1.0504639148712158, 1.0440137386322021, 1.039428472518921, 1.0286445617675781, 1.0214645862579346, 1.008537769317627, 0.9993513822555542, 0.9792373180389404, 0.9709507822990417, 0.9375758767127991, 0.9319603443145752, 0.9015710353851318, 0.8884873986244202, 0.863129198551178, 0.8660928010940552, 0.8396645188331604, 0.8187887072563171, 0.8210437893867493, 0.8172963857650757, 0.7971305251121521, 0.7787446975708008, 0.7707958817481995, 0.7725161910057068, 0.7485122680664062, 0.7502720952033997, 0.7591296434402466, 0.7510822415351868, 0.721867024898529, 0.7381134629249573, 0.7091547846794128, 0.7187276482582092, 0.7109869718551636, 0.68025141954422, 0.6684139966964722, 0.6809592843055725, 0.6804810166358948, 0.6514465808868408, 0.6387035250663757, 0.6395273804664612, 0.6634057760238647, 0.6109561324119568, 0.5976343154907227, 0.6066967248916626, 0.5641483664512634, 0.5624546408653259, 0.5747065544128418, 0.5457869172096252, 0.5406603217124939, 0.5208432078361511, 0.5031121373176575, 0.5033668279647827, 0.4874097406864166, 0.4542369544506073, 0.4520401060581207, 0.4395594894886017, 0.4211229383945465, 0.4036335051059723, 0.4015437066555023, 0.38024619221687317, 0.3857317268848419, 0.366685688495636, 0.3559485971927643, 0.3321819305419922, 0.30290839076042175, 0.29453355073928833, 0.309512734413147, 0.3013864755630493, 0.24930675327777863, 0.2465696781873703, 0.24582049250602722, 0.24342338740825653, 0.2262038141489029, 0.2048080861568451, 0.24583838880062103, 0.1940544843673706, 0.1845918893814087, 0.17458561062812805, 0.14718204736709595, 0.15681597590446472, 0.1480957418680191, 0.11675677448511124, 0.12992970645427704, 0.12810614705085754, 0.10359862446784973, 0.10670647770166397, 0.09766753762960434, 0.09616892039775848, 0.08960770070552826, 0.08204453438520432, 0.09525606781244278, 0.07451250404119492, 0.08581393212080002, 0.07514544576406479, 0.07402018457651138, 0.07350259274244308, 0.06941678375005722, 0.052803024649620056, 0.07555652409791946, 0.05043892562389374, 0.04766671732068062, 0.05265907570719719, 0.037009358406066895, 0.05086754634976387, 0.04173577204346657, 0.03717532753944397], "testRumorAcc": [0.4461538461538462, 0.4461538461538462, 0.5846153846153846, 0.6, 0.6307692307692307, 0.6307692307692307, 0.676923076923077, 0.676923076923077, 0.6923076923076923, 0.6923076923076923, 0.6923076923076923, 0.7076923076923077, 0.7076923076923077, 0.6923076923076923, 0.6615384615384615, 0.6923076923076923, 0.676923076923077, 0.6615384615384615, 0.6615384615384615, 0.6923076923076923, 0.6923076923076923, 0.676923076923077], "testRumorF1": [0.20567375886524822, 0.20567375886524822, 0.48949096880131365, 0.49291521486643436, 0.5765765765765766, 0.5839285714285715, 0.6416370708608151, 0.6388888888888888, 0.6478476448050485, 0.6599161450810463, 0.6592341067723071, 0.6829639287266406, 0.6829639287266406, 0.6549201255386354, 0.6374994181445794, 0.6746031746031745, 0.6545704766043748, 0.6248677248677248, 0.6417092637431621, 0.6501724396461238, 0.6580705373808823, 0.6482521063166224],