{"epoch": 140, "macroF1Rumor": 0.7767381416504223, "accRumor": 0.7846153846153846, "loss": 1.4996517896652222, "trainRumorAcc": [0.4461538461538462, 0.4461538461538462, 0.45, 0.4461538461538462, 0.47307692307692306, 0.46923076923076923, 0.47692307692307695, 0.49230769230769234, 0.48846153846153845, 0.49615384615384617, 0.49615384615384617, 0.49615384615384617, 0.5115384615384615, 0.5307692307692308, 0.5346153846153846, 0.5423076923076923, 0.5307692307692308, 0.5692307692307692, 0.5538461538461539, 0.5769230769230769, 0.5846153846153846, 0.5884615384615385, 0.6153846153846154, 0.6423076923076924, 0.6461538461538462, 0.6576923076923077, 0.6576923076923077, 0.6653846153846154, 0.6730769230769231, 0.7038461538461539, 0.6923076923076923, 0.7038461538461539, 0.7, 0.7, 0.7115384615384616, 0.7, 0.7346153846153847, 0.7230769230769231, 0.7307692307692307, 0.7269230769230769, 0.7461538461538462, 0.7576923076923077, 0.7461538461538462, 0.7692307692307693, 0.7807692307692308, 0.7423076923076923, 0.7884615384615384, 0.8038461538461539, 0.7961538461538461, 0.7769230769230769, 0.8076923076923077, 0.8423076923076923, 0.8192307692307692, 0.8076923076923077, 0.8384615384615385, 0.8423076923076923, 0.8346153846153846, 0.85, 0.85, 0.8615384615384616, 0.8653846153846154, 0.8576923076923076, 0.8884615384615384, 0.8961538461538462, 0.8846153846153846, 0.9076923076923077, 0.9346153846153846, 0.9038461538461539, 0.9153846153846154, 0.9153846153846154, 0.9307692307692308, 0.9192307692307692, 0.9384615384615385, 0.9346153846153846, 0.9346153846153846, 0.9346153846153846, 0.9576923076923077, 0.9615384615384616, 0.9653846153846154, 0.9769230769230769, 0.9461538461538461, 0.9769230769230769, 0.9615384615384616, 0.9769230769230769, 0.9730769230769231, 0.9884615384615385, 0.9653846153846154, 0.9807692307692307, 0.9884615384615385, 0.9730769230769231, 0.9846153846153847, 0.9884615384615385, 0.9884615384615385, 0.9923076923076923, 0.9884615384615385, 0.9846153846153847, 0.9923076923076923, 0.9884615384615385, 0.9923076923076923, 0.9923076923076923, 1.0, 0.9923076923076923, 0.9884615384615385, 0.9961538461538462, 0.9807692307692307, 0.9807692307692307, 0.9884615384615385, 0.9923076923076923, 1.0, 0.9961538461538462, 0.9961538461538462, 0.9961538461538462, 1.0, 0.9846153846153847, 0.9961538461538462, 1.0, 0.9961538461538462, 1.0, 1.0, 1.0, 0.9884615384615385, 1.0, 1.0, 0.9769230769230769, 1.0, 0.9961538461538462, 0.9961538461538462, 1.0, 0.9961538461538462, 0.9961538461538462, 1.0, 0.9961538461538462, 0.9961538461538462, 0.9884615384615385, 1.0, 1.0, 0.9884615384615385, 1.0, 1.0, 0.9923076923076923, 0.9923076923076923, 0.9923076923076923, 0.9961538461538462, 0.9961538461538462, 1.0, 1.0, 1.0, 1.0, 1.0, 1.0, 1.0, 1.0, 0.9961538461538462, 1.0, 0.9961538461538462, 1.0, 0.9961538461538462, 1.0, 0.9923076923076923, 0.9961538461538462, 1.0, 1.0, 1.0, 0.9884615384615385, 1.0, 1.0, 0.9961538461538462, 0.9923076923076923, 0.9961538461538462, 1.0, 0.9961538461538462, 1.0, 1.0, 0.9961538461538462, 1.0, 0.9961538461538462, 1.0, 1.0, 1.0, 1.0, 1.0, 1.0, 1.0, 1.0, 1.0, 1.0, 1.0, 1.0, 0.9961538461538462, 1.0], "trainRumorF1": [0.20567375886524822, 0.20567375886524822, 0.21388505747126438, 0.21256684491978609, 0.2834733893557423, 0.28510561843895177, 0.32559762164785827, 0.3417538794658968, 0.3503204791425869, 0.3268461743535057, 0.3651189651189651, 0.38594893478614406, 0.3691468253968255, 0.3914141135960663, 0.4139921579938098, 0.41390683453501786, 0.41699671736360805, 0.4822373393801966, 0.4488928714333215, 0.5053923666171646, 0.5000656020392863, 0.5211179277436947, 0.5538933703818983, 0.5954016007972842, 0.5970512235902113, 0.6096078460897542, 0.6166443304416328, 0.6260610975939443, 0.6392402641858966, 0.6735002519763401, 0.662237132205517, 0.6655864197530864, 0.6668359271533876, 0.6703360308101183, 0.6834017866981945, 0.663678570815419, 0.701532276629553, 0.696144594376797, 0.701310989512084, 0.6959651588612957, 0.7196412110603818, 0.7314497303388876, 0.7116643304364079, 0.7397094345369583, 0.7560103747547634, 0.7077384794279157, 0.749951447245565, 0.7756159314441522, 0.7709133913004944, 0.7450612773116356, 0.7830190238776303, 0.8091736857617077, 0.7927586052323399, 0.778495380354589, 0.8180293031598417, 0.8173046996576409, 0.8117273910214705, 0.8285760101895185, 0.8251064763127284, 0.84009998678388, 0.8451532224269475, 0.8382234513743193, 0.8706074426861724, 0.876532728126182, 0.8718819632955302, 0.8996031746031746, 0.9229060632694915, 0.8905336711646187, 0.9048570794073791, 0.9029682881181018, 0.9213110591137471, 0.9080429190977527, 0.9294114990709418, 0.9292486079720123, 0.9293753845914178, 0.9294519948925154, 0.9511867222253505, 0.9556194462372951, 0.959282274459753, 0.9763596776871113, 0.9395075212519431, 0.9744782015619596, 0.9576441719228583, 0.9755103930906204, 0.9705719105403494, 0.9865060272382925, 0.961149234884854, 0.9768102903114344, 0.9874270749423748, 0.9731543977875919, 0.9827586206896552, 0.9874270749423748, 0.986504002334093, 0.9913793103448275, 0.9859977636693182, 0.9840798544692543, 0.9932504677893611, 0.9898906488501864, 0.9918270302078399, 0.990794649345502, 1.0, 0.9909579633040829, 0.9863746573552703, 0.9951746670017593, 0.9775500124337334, 0.9783541705542077, 0.986504002334093, 0.9913793103448275, 1.0, 0.9957079957079958, 0.9951746670017593, 0.9956708341108417, 1.0, 0.985016014402533, 0.9952016794122057, 1.0, 0.9952016794122057, 1.0, 1.0, 1.0, 0.988933634789552, 1.0, 1.0, 0.9769843485814448, 1.0, 0.9957079957079958, 0.9956708341108417, 1.0, 0.9956708341108417, 0.9952016794122057, 1.0, 0.9956708341108417, 0.9951746670017593, 0.9866301104958093, 1.0, 1.0, 0.9889460238297447, 1.0, 1.0, 0.9903769045709704, 0.9923011037833684, 0.9909579633040829, 0.9951746670017593, 0.9956708341108417, 1.0, 1.0, 1.0, 1.0, 1.0, 1.0, 1.0, 1.0, 0.9966302162833954, 1.0, 0.9966302162833954, 1.0, 0.9966200670966878, 1.0, 0.9923011037833684, 0.9966200670966878, 1.0, 1.0, 1.0, 0.9875551506400339, 1.0, 1.0, 0.9956708341108417, 0.9904287138584248, 0.9956708341108417, 1.0, 0.9951746670017593, 1.0, 1.0, 0.9951746670017593, 1.0, 0.9951746670017593, 1.0, 1.0, 1.0, 1.0, 1.0, 1.0, 1.0, 1.0, 1.0, 1.0, 1.0, 1.0, 0.9956708341108417, 1.0],