{"epoch": 100, "macroF1Rumor": 0.6691919191919191, "accRumor": 0.6923076923076923, "loss": 2.1304101943969727, "trainRumorAcc": [0.43846153846153846, 0.4461538461538462, 0.45, 0.46153846153846156, 0.49230769230769234, 0.47307692307692306, 0.49615384615384617, 0.5115384615384615, 0.49230769230769234, 0.5, 0.5038461538461538, 0.5038461538461538, 0.5269230769230769, 0.5269230769230769, 0.5307692307692308, 0.55, 0.5692307692307692, 0.6, 0.5807692307692308, 0.6076923076923076, 0.6423076923076924, 0.6461538461538462, 0.6730769230769231, 0.6461538461538462, 0.6576923076923077, 0.6653846153846154, 0.6961538461538461, 0.7038461538461539, 0.6884615384615385, 0.6961538461538461, 0.7076923076923077, 0.7192307692307692, 0.7192307692307692, 0.7346153846153847, 0.7153846153846154, 0.7230769230769231, 0.7461538461538462, 0.7230769230769231, 0.7615384615384615, 0.7730769230769231, 0.7846153846153846, 0.7692307692307693, 0.7653846153846153, 0.7884615384615384, 0.8038461538461539, 0.8269230769230769, 0.8076923076923077, 0.823076923076923, 0.8576923076923076, 0.8346153846153846, 0.8615384615384616, 0.8769230769230769, 0.8615384615384616, 0.8884615384615384, 0.8961538461538462, 0.9038461538461539, 0.9038461538461539, 0.9076923076923077, 0.9230769230769231, 0.9076923076923077, 0.9153846153846154, 0.9346153846153846, 0.9346153846153846, 0.9615384615384616, 0.9653846153846154, 0.9653846153846154, 0.9615384615384616, 0.9653846153846154, 0.9653846153846154, 0.9692307692307692, 0.9807692307692307, 0.9846153846153847, 0.9730769230769231, 0.9807692307692307, 0.9807692307692307, 0.9884615384615385, 0.9961538461538462, 0.9961538461538462, 0.9961538461538462, 0.9769230769230769, 0.9923076923076923, 0.9961538461538462, 0.9884615384615385, 0.9923076923076923, 0.9923076923076923, 1.0, 1.0, 0.9961538461538462, 0.9961538461538462, 1.0, 1.0, 1.0, 1.0, 0.9961538461538462, 1.0, 1.0, 1.0, 1.0, 1.0, 1.0, 1.0, 1.0, 1.0, 0.9961538461538462, 0.9923076923076923, 1.0, 1.0, 1.0, 1.0, 0.9961538461538462, 1.0, 0.9961538461538462, 1.0, 1.0, 1.0, 1.0, 1.0, 1.0, 0.9961538461538462, 1.0, 1.0, 1.0, 1.0, 1.0, 0.9961538461538462, 1.0, 0.9961538461538462, 1.0, 1.0, 1.0, 1.0, 1.0, 1.0, 1.0, 1.0, 1.0, 1.0, 0.9884615384615385, 1.0, 1.0, 1.0, 1.0, 1.0, 1.0, 1.0, 1.0, 1.0, 1.0, 0.9923076923076923, 1.0], "trainRumorF1": [0.24080080385647598, 0.20567375886524822, 0.21481860810715828, 0.23774967171193587, 0.3453746050683812, 0.30858057508717773, 0.348969252271139, 0.3731591577017445, 0.3618687355779879, 0.36761295345214, 0.3735295845819379, 0.3735295845819379, 0.4001261747706124, 0.3886719084570978, 0.4177424108458591, 0.4585663662853173, 0.4361210716913006, 0.5069265945615397, 0.49054568118807623, 0.52389796996838, 0.6010179847839283, 0.5732561980009918, 0.6280310443443512, 0.5944911002797222, 0.6122623371074557, 0.6191312713051843, 0.6625685674193137, 0.6680338412167987, 0.635854564401871, 0.6625863104047413, 0.6770706775096591, 0.6826098885559891, 0.6813341991817429, 0.7002454384438223, 0.6839597289297399, 0.6938548945967979, 0.7139286502474448, 0.6890505344406054, 0.7265243902439025, 0.7468984560523223, 0.7569391835016835, 0.7373022792064434, 0.7316637178510751, 0.7607756607826656, 0.7776483296730766, 0.7913524904214558, 0.7807839457952913, 0.7973511923260199, 0.8363418465066582, 0.8117889224780163, 0.8416146944518301, 0.8594274628025786, 0.8421578249723912, 0.8733827968141264, 0.8863557990615213, 0.8917709771941748, 0.8896552346366825, 0.8969059794083271, 0.9150957716834593, 0.901836688843956, 0.9045751221736462, 0.9284384186464969, 0.9282326819331548, 0.9561467993421195, 0.9611701125333537, 0.963174608367126, 0.9595979034112908, 0.9616897017078504, 0.9603092406029982, 0.9648295087773416, 0.9773394318910013, 0.9831365333402765, 0.9687201865021358, 0.9778802459235498, 0.9775500124337334, 0.986504002334093, 0.9956708341108417, 0.9951746670017593, 0.9966200670966878, 0.9748112387982252, 0.9908729406599063, 0.9956708341108417, 0.9871239871239871, 0.9917948651185936, 0.990794649345502, 1.0, 1.0, 0.9957079957079958, 0.9952016794122057, 1.0, 1.0, 1.0, 1.0, 0.9957079957079958, 1.0, 1.0, 1.0, 1.0, 1.0, 1.0, 1.0, 1.0, 1.0, 0.9952016794122057, 0.9917948651185936, 1.0, 1.0, 1.0, 1.0, 0.9966200670966878, 1.0, 0.9952016794122057, 1.0, 1.0, 1.0, 1.0, 1.0, 1.0, 0.9957079957079958, 1.0, 1.0, 1.0, 1.0, 1.0, 0.9952016794122057, 1.0, 0.9952016794122057, 1.0, 1.0, 1.0, 1.0, 1.0, 1.0, 1.0, 1.0, 1.0, 1.0, 0.9880117103308647, 1.0, 1.0, 1.0, 1.0, 1.0, 1.0, 1.0, 1.0, 1.0, 1.0, 0.9903769045709704, 1.0], "trainLoss": [1.0873866081237793, 1.067378282546997, 1.0573670864105225, 1.050876259803772, 1.0438146591186523, 1.0369497537612915, 1.030617594718933, 1.0221762657165527, 1.0211079120635986, 1.0169150829315186, 1.0096079111099243, 1.0028988122940063, 0.9955570101737976, 0.9824323654174805, 0.9726524949073792, 0.9561628699302673, 0.9381927847862244, 0.9170904159545898, 0.8923733830451965, 0.8622294664382935, 0.8380616903305054, 0.8127004504203796, 0.7991917729377747, 0.7944800853729248, 0.7643102407455444, 0.768815279006958, 0.7666159272193909, 0.757192075252533, 0.742197573184967, 0.7332890033721924, 0.7100124359130859, 0.6933621168136597, 0.682563066482544, 0.675003170967102, 0.6756139993667603, 0.6499119400978088, 0.6299260854721069, 0.6308476328849792, 0.6054818034172058, 0.5891308784484863, 0.5679680109024048, 0.5540232062339783, 0.5541699528694153, 0.5298440456390381, 0.5307286977767944, 0.4827897846698761, 0.4724448025226593, 0.4499568045139313, 0.4141544699668884, 0.4103778898715973, 0.4014274477958679, 0.3661019504070282, 0.3582119047641754, 0.3414058983325958, 0.32712775468826294, 0.3035152852535248, 0.28127434849739075, 0.2765577435493469, 0.25646093487739563, 0.23500622808933258, 0.2175043672323227, 0.19922500848770142, 0.20187455415725708, 0.16640236973762512, 0.18029238283634186, 0.16427110135555267, 0.14010120928287506, 0.14419585466384888, 0.12811028957366943, 0.10666252672672272, 0.09730352461338043, 0.08560772240161896, 0.0988842248916626, 0.08937577158212662, 0.08568375557661057, 0.06197982281446457, 0.04898443818092346, 0.04075571522116661, 0.0406348891556263, 0.05014143884181976, 0.03820914775133133, 0.04307172819972038, 0.03570781275629997, 0.03935640677809715, 0.02651296742260456, 0.022619888186454773, 0.023808617144823074, 0.028168030083179474, 0.023134538903832436, 0.015988724306225777, 0.011597173288464546, 0.012579101137816906, 0.011927615851163864, 0.017769766971468925, 0.007817080244421959, 0.005803224630653858, 0.009982447139918804, 0.005360894370824099, 0.005294070579111576, 0.01053636521100998, 0.01100146770477295, 0.00793516170233488, 0.007005440536886454, 0.009928032755851746, 0.011357633396983147, 0.006770986132323742, 0.003416092600673437, 0.0017167655751109123, 0.004091148730367422, 0.02292606048285961, 0.0022785307373851538, 0.006219453178346157, 0.0019328066846355796, 0.0037074286956340075, 0.003022528253495693, 0.005719759501516819, 0.0018508428474888206, 0.0017973256763070822, 0.005761668551713228, 0.002806528005748987, 0.0014905421994626522, 0.0007605477003380656, 0.0007781961467117071, 0.0015102291945368052, 0.004666089545935392, 0.0011276362929493189, 0.004217908717691898, 0.002643854357302189, 0.0011128551559522748, 0.00035315629793331027, 0.0006900112493894994, 0.0006150148110464215, 0.0010029785335063934, 0.0006119335885159671, 0.00041196259553544223, 0.0004595209320541471, 0.0005048905150033534, 0.03234707564115524, 0.001377236214466393, 0.0009463463211432099, 0.0004894018056802452, 0.002199376467615366, 0.0006123434286564589, 0.0008450452005490661, 0.0005896037328056991, 0.0004961718805134296, 0.00044774121488444507, 0.0027168968226760626, 0.01595119573175907, 0.0002848851145245135],