{"epoch": 70, "macroF1Rumor": 0.687352790578597, "accRumor": 0.6923076923076923, "loss": 1.8658053874969482, "trainRumorAcc": [0.4, 0.4576923076923077, 0.4461538461538462, 0.45384615384615384, 0.46923076923076923, 0.48846153846153845, 0.5076923076923077, 0.5115384615384615, 0.5346153846153846, 0.49615384615384617, 0.5192307692307693, 0.5615384615384615, 0.5653846153846154, 0.6, 0.6076923076923076, 0.6615384615384615, 0.6538461538461539, 0.6653846153846154, 0.6846153846153846, 0.6923076923076923, 0.7, 0.7076923076923077, 0.7307692307692307, 0.7269230769230769, 0.7423076923076923, 0.7423076923076923, 0.7461538461538462, 0.7576923076923077, 0.7538461538461538, 0.7846153846153846, 0.7615384615384615, 0.7576923076923077, 0.7846153846153846, 0.8038461538461539, 0.8115384615384615, 0.8269230769230769, 0.8269230769230769, 0.8423076923076923, 0.8115384615384615, 0.8538461538461538, 0.8615384615384616, 0.8884615384615384, 0.8692307692307693, 0.8692307692307693, 0.8884615384615384, 0.8961538461538462, 0.9153846153846154, 0.9192307692307692, 0.9192307692307692, 0.9076923076923077, 0.926923076923077, 0.926923076923077, 0.9461538461538461, 0.9538461538461539, 0.9423076923076923, 0.9730769230769231, 0.9653846153846154, 0.9692307692307692, 0.9730769230769231, 0.9769230769230769, 0.9730769230769231, 0.9769230769230769, 0.9807692307692307, 0.9884615384615385, 0.9884615384615385, 0.9846153846153847, 0.9923076923076923, 0.9846153846153847, 1.0, 0.9961538461538462, 1.0, 0.9846153846153847, 0.9961538461538462, 1.0, 0.9923076923076923, 0.9923076923076923, 1.0, 1.0, 1.0, 0.9923076923076923, 0.9923076923076923, 1.0, 1.0, 1.0, 0.9961538461538462, 1.0, 1.0, 1.0, 0.9961538461538462, 1.0, 0.9961538461538462, 1.0, 1.0, 1.0, 1.0, 1.0, 1.0, 1.0, 1.0, 0.9961538461538462, 1.0, 1.0, 1.0, 1.0, 1.0, 1.0, 1.0, 1.0, 1.0, 1.0, 1.0, 1.0, 1.0, 1.0, 1.0, 1.0, 1.0, 1.0, 0.9961538461538462, 1.0], "trainRumorF1": [0.2661759417898767, 0.229799881515398, 0.20567375886524822, 0.22831541218637993, 0.29663238556160515, 0.33380114770459085, 0.36160241874527593, 0.36452373182493925, 0.38915624671640225, 0.3722510012834932, 0.38358850389470867, 0.435199772904691, 0.42953585326466676, 0.4564370860482525, 0.5060093640344224, 0.57192756507825, 0.5960246401740691, 0.6181271243776804, 0.6477918317718067, 0.647317859445519, 0.6641951935335206, 0.6672018084945118, 0.6986931632821746, 0.6955349332707823, 0.7167349686772551, 0.7106216006216006, 0.7136504884371728, 0.7338758428272495, 0.7266855233674964, 0.7590642670422002, 0.7352892831341874, 0.7280371911439874, 0.7573993531321594, 0.7777238183503243, 0.7855641732871277, 0.8045631344274735, 0.8053980070109104, 0.8221422059763158, 0.7868396368897156, 0.8332453542137112, 0.8470291146761735, 0.8720913449030241, 0.8520365382489573, 0.8491260568063076, 0.8763933200200494, 0.8839590852231579, 0.9050974902368091, 0.9110221864878065, 0.9106020945879645, 0.8982330163131579, 0.9156917574996671, 0.9176386817959102, 0.9399476009084893, 0.9469032817951578, 0.9379100516467185, 0.970923382095309, 0.9611701125333537, 0.9659097021066326, 0.9704348263914809, 0.9744608215372833, 0.971465306291734, 0.974266244016002, 0.9783659484165003, 0.9884475392361622, 0.9859977636693182, 0.9832395773319783, 0.9923011037833684, 0.983248018131739, 1.0, 0.9957079957079958, 1.0, 0.9817562149157979, 0.9957079957079958, 1.0, 0.992328116193815, 0.992328116193815, 1.0, 1.0, 1.0, 0.9917988133590253, 0.9923256641527564, 1.0, 1.0, 1.0, 0.9951746670017593, 1.0, 1.0, 1.0, 0.9957079957079958, 1.0, 0.9956708341108417, 1.0, 1.0, 1.0, 1.0, 1.0, 1.0, 1.0, 1.0, 0.9952016794122057, 1.0, 1.0, 1.0, 1.0, 1.0, 1.0, 1.0, 1.0, 1.0, 1.0, 1.0, 1.0, 1.0, 1.0, 1.0, 1.0, 1.0, 1.0, 0.9957079957079958, 1.0], "trainLoss": [1.0816377401351929, 1.0671547651290894, 1.0592490434646606, 1.0510557889938354, 1.0414159297943115, 1.030274510383606, 1.020688533782959, 1.0167163610458374, 1.0023655891418457, 0.995540201663971, 0.9753935933113098, 0.9576658606529236, 0.9386609792709351, 0.905108630657196, 0.8716287016868591, 0.8450683355331421, 0.821570873260498, 0.8082430362701416, 0.7863548398017883, 0.7646439671516418, 0.7564211487770081, 0.7416861653327942, 0.7233486175537109, 0.7046260833740234, 0.7118496298789978, 0.6673519015312195, 0.6736782789230347, 0.6608272194862366, 0.6451707482337952, 0.6168551445007324, 0.6192395091056824, 0.5818324685096741, 0.557279646396637, 0.5484861731529236, 0.5290321111679077, 0.5210344195365906, 0.49635612964630127, 0.46538931131362915, 0.4600546061992645, 0.438104510307312, 0.4129765033721924, 0.3758167624473572, 0.35809874534606934, 0.33575621247291565, 0.3222530782222748, 0.31176725029945374, 0.29510512948036194, 0.26521819829940796, 0.24031850695610046, 0.24842634797096252, 0.23513667285442352, 0.20391829311847687, 0.18174749612808228, 0.16378353536128998, 0.1891951560974121, 0.1437598466873169, 0.15103161334991455, 0.12314149737358093, 0.09215404093265533, 0.09938395768404007, 0.10067974776029587, 0.097886823117733, 0.07438065111637115, 0.06641653180122375, 0.055630963295698166, 0.0554586686193943, 0.04832235351204872, 0.04535168036818504, 0.028686003759503365, 0.035668499767780304, 0.022529523819684982, 0.04138420894742012, 0.02073935605585575, 0.016833385452628136, 0.038140397518873215, 0.02380622923374176, 0.015671825036406517, 0.01696663908660412, 0.012893625535070896, 0.028034282848238945, 0.0371718592941761, 0.004973761737346649, 0.008190983906388283, 0.011441057547926903, 0.012406186200678349, 0.006306209601461887, 0.005188701208680868, 0.0046389661729335785, 0.014681034721434116, 0.004740350879728794, 0.010439963079988956, 0.007785391993820667, 0.00419969018548727, 0.002280907239764929, 0.002437249291688204, 0.002807547338306904, 0.005851155612617731, 0.005035714246332645, 0.003121584188193083, 0.011340143159031868, 0.0012210254790261388, 0.0027118604630231857, 0.003922620322555304, 0.0012950020609423518, 0.0013379211304709315, 0.0009867108892649412, 0.0011062094708904624, 0.002627274254336953, 0.0022692966740578413, 0.0007270584465004504, 0.003896538633853197, 0.0010380434105172753, 0.0011171312071383, 0.001108241267502308, 0.00043509271927177906, 0.0007156980573199689, 0.0016959331696853042, 0.0027760195080190897, 0.006752702873200178, 0.000767683784943074], "testRumorAcc": [0.4307692307692308, 0.47692307692307695, 0.5538461538461539, 0.6153846153846154, 0.6615384615384615, 0.6615384615384615, 0.6461538461538462, 0.6615384615384615, 0.6461538461538462, 0.676923076923077, 0.6615384615384615, 0.6461538461538462, 0.6307692307692307, 0.6923076923076923, 0.6461538461538462, 0.6461538461538462, 0.6307692307692307, 0.6153846153846154, 0.6153846153846154, 0.5846153846153846, 0.6153846153846154, 0.6, 0.5846153846153846, 0.5692307692307692], "testRumorF1": [0.2028985507246377, 0.31746031746031744, 0.43915343915343924, 0.5672029495558908, 0.6114320330585664, 0.623767082590612, 0.6130952380952381, 0.6265884652981427, 0.6053803163777588, 0.6465089739599543, 0.6340440653873489, 0.6288557213930348, 0.615686274509804, 0.687352790578597, 0.6404586404586404, 0.6404586404586404, 0.6164874551971327, 0.6003168202764977, 0.6033129904097646, 0.5570193535710777, 0.6033129904097646, 0.5834119834119834, 0.5600975619124439, 0.5369183285849952], "testLoss": [1.067382574081421, 1.0593854188919067, 1.0132136344909668, 0.9236200451850891, 0.9224133491516113, 0.9158793687820435, 0.9837296009063721, 1.0162672996520996, 1.0978721380233765, 1.1905404329299927, 1.335886836051941, 1.5969970226287842, 1.7239166498184204, 1.8658053874969482, 2.0385618209838867, 2.1389503479003906, 2.4216079711914062, 2.6258528232574463, 2.7893593311309814, 2.963809013366699, 3.041400909423828, 3.3480355739593506, 3.3471240997314453, 3.5273804664611816]}