{"epoch": 90, "macroF1Rumor": 0.6867687260798251, "accRumor": 0.7076923076923077, "loss": 1.2627098560333252, "trainRumorAcc": [0.4076923076923077, 0.4461538461538462, 0.4461538461538462, 0.4461538461538462, 0.4461538461538462, 0.4461538461538462, 0.4576923076923077, 0.46923076923076923, 0.49230769230769234, 0.49230769230769234, 0.47692307692307695, 0.48846153846153845, 0.5076923076923077, 0.48846153846153845, 0.5038461538461538, 0.5076923076923077, 0.5230769230769231, 0.5115384615384615, 0.5576923076923077, 0.5615384615384615, 0.5615384615384615, 0.6038461538461538, 0.6192307692307693, 0.6307692307692307, 0.6153846153846154, 0.6346153846153846, 0.6076923076923076, 0.7038461538461539, 0.6653846153846154, 0.6538461538461539, 0.6692307692307692, 0.6846153846153846, 0.7115384615384616, 0.7076923076923077, 0.6961538461538461, 0.7076923076923077, 0.7153846153846154, 0.7153846153846154, 0.7038461538461539, 0.6807692307692308, 0.7307692307692307, 0.7307692307692307, 0.7038461538461539, 0.7307692307692307, 0.7461538461538462, 0.7307692307692307, 0.7269230769230769, 0.7576923076923077, 0.75, 0.7576923076923077, 0.8, 0.7615384615384615, 0.7961538461538461, 0.7576923076923077, 0.8192307692307692, 0.8076923076923077, 0.8115384615384615, 0.823076923076923, 0.823076923076923, 0.823076923076923, 0.8461538461538461, 0.8423076923076923, 0.8615384615384616, 0.8153846153846154, 0.8307692307692308, 0.8461538461538461, 0.8692307692307693, 0.8730769230769231, 0.8807692307692307, 0.8961538461538462, 0.8807692307692307, 0.8538461538461538, 0.8730769230769231, 0.8769230769230769, 0.8769230769230769, 0.8884615384615384, 0.9192307692307692, 0.9192307692307692, 0.9153846153846154, 0.9423076923076923, 0.926923076923077, 0.926923076923077, 0.9461538461538461, 0.9423076923076923, 0.9346153846153846, 0.9346153846153846, 0.9384615384615385, 0.9461538461538461, 0.9653846153846154, 0.9615384615384616, 0.9384615384615385, 0.9423076923076923, 0.95, 0.95, 0.9692307692307692, 0.9615384615384616, 0.9730769230769231, 0.9692307692307692, 0.9884615384615385, 0.9576923076923077, 0.9730769230769231, 0.9769230769230769, 0.9730769230769231, 0.9769230769230769, 0.9807692307692307, 0.9846153846153847, 0.9884615384615385, 0.9769230769230769, 0.9846153846153847, 0.9576923076923077, 0.9961538461538462, 0.9769230769230769, 1.0, 0.9846153846153847, 0.9846153846153847, 0.9807692307692307, 0.9923076923076923, 0.9961538461538462, 0.9807692307692307, 0.9961538461538462, 0.9807692307692307, 0.9961538461538462, 0.9923076923076923, 0.9846153846153847, 0.9846153846153847, 0.9961538461538462, 0.9884615384615385, 0.9884615384615385, 0.9769230769230769, 0.9961538461538462, 0.9923076923076923, 1.0, 0.9846153846153847, 0.9961538461538462, 1.0, 0.9923076923076923, 0.9923076923076923, 0.9923076923076923, 0.9923076923076923, 0.9961538461538462], "trainRumorF1": [0.22107135383971543, 0.20567375886524822, 0.20567375886524822, 0.20567375886524822, 0.20567375886524822, 0.20567375886524822, 0.23595272651876428, 0.30530635617484253, 0.31325757575757573, 0.3538822994967455, 0.33772270673229143, 0.3432977618700426, 0.37839835071076844, 0.3642048870641354, 0.3813350476802743, 0.3842615243114646, 0.4087384452611649, 0.3958146369105273, 0.49451469745993454, 0.4564117554471252, 0.48965772647050315, 0.5591818299135372, 0.5460668973471742, 0.604827692751876, 0.5888079043215015, 0.5948289860671905, 0.5592763184742835, 0.6746011424806655, 0.6285382717494125, 0.6244872117887992, 0.6239431350542461, 0.6564118440658854, 0.6864560639070444, 0.6733782974869561, 0.6646208707681133, 0.682095992368529, 0.6837002096436059, 0.6920512820512821, 0.6765736964379157, 0.6554070841027363, 0.7015482715082775, 0.6977061913054542, 0.6768111955195351, 0.7053507834757834, 0.7080504208449115, 0.7024499779461886, 0.7003360612547288, 0.7345392520215634, 0.720389100757199, 0.729196327043033, 0.7763212366737674, 0.7303609006734008, 0.7698666218469358, 0.7285556792998324, 0.7958539987862161, 0.7817218945128643, 0.7857902239928135, 0.79883968428372, 0.7987939845872486, 0.8007984966061173, 0.8306765081201171, 0.8154834085674407, 0.841037576147294, 0.7886819416468646, 0.8083915879590063, 0.822613719449635, 0.8448705426895136, 0.8534254579983657, 0.8590998750190272, 0.881825396825397, 0.857521398122902, 0.8322091633153104, 0.8573661805020664, 0.8587301587301588, 0.8598235515528748, 0.8768848459250935, 0.9063025210084034, 0.9082622283680403, 0.902878392736405, 0.9320298813136921, 0.9182940229451857, 0.9198973147733803, 0.9388897957416799, 0.934267040149393, 0.929007827017287, 0.9293030151140248, 0.9299859176220671, 0.941535991193179, 0.9595120070022792, 0.9539214466426112, 0.931765584173199, 0.9349561761677999, 0.9438638786854852, 0.9429025305854725, 0.9668486362254031, 0.9565985991702183, 0.9695227177074642, 0.9648051311204363, 0.9859977636693182, 0.9546112349049926, 0.9706022325697116, 0.9728738899122485, 0.9717780066617276, 0.9748941318814276, 0.9775500124337334, 0.9836570243892897, 0.9880719604180799, 0.9758930528161298, 0.9832395773319783, 0.9522708303498715, 0.9951746670017593, 0.9748541498847496, 1.0, 0.9824222429039556, 0.9826060878692457, 0.9793720491394909, 0.9908830898466139, 0.9966302162833954, 0.9788826516974072, 0.9956708341108417, 0.9796720899590611, 0.9966302162833954, 0.9913793103448275, 0.9827740939075444, 0.9841130748532819, 0.9956708341108417, 0.9880117103308647, 0.9871239871239871, 0.9758597534341241, 0.9966200670966878, 0.9918320267157478, 1.0, 0.9840798544692543, 0.9957079957079958, 1.0, 0.9932504677893611, 0.9932504677893611, 0.9932294285235462, 0.9913793103448275, 0.9952016794122057],