{"epoch": 90, "macroF1Rumor": 0.6901996712565008, "accRumor": 0.7076923076923077, "loss": 1.1645045280456543, "trainRumorAcc": [0.45, 0.4423076923076923, 0.4423076923076923, 0.4423076923076923, 0.47692307692307695, 0.48846153846153845, 0.47307692307692306, 0.5038461538461538, 0.5076923076923077, 0.5076923076923077, 0.5115384615384615, 0.49615384615384617, 0.5307692307692308, 0.5346153846153846, 0.5653846153846154, 0.5807692307692308, 0.5846153846153846, 0.6, 0.5884615384615385, 0.6192307692307693, 0.6538461538461539, 0.6192307692307693, 0.6615384615384615, 0.6653846153846154, 0.65, 0.6538461538461539, 0.6615384615384615, 0.6692307692307692, 0.6653846153846154, 0.676923076923077, 0.7, 0.7153846153846154, 0.7038461538461539, 0.7076923076923077, 0.7153846153846154, 0.7115384615384616, 0.7192307692307692, 0.7423076923076923, 0.7038461538461539, 0.7307692307692307, 0.7346153846153847, 0.7461538461538462, 0.7346153846153847, 0.7653846153846153, 0.7730769230769231, 0.7692307692307693, 0.7653846153846153, 0.7884615384615384, 0.7653846153846153, 0.7884615384615384, 0.7769230769230769, 0.823076923076923, 0.8307692307692308, 0.8269230769230769, 0.8423076923076923, 0.8384615384615385, 0.8653846153846154, 0.8615384615384616, 0.8576923076923076, 0.85, 0.8576923076923076, 0.8653846153846154, 0.8807692307692307, 0.8884615384615384, 0.9038461538461539, 0.9, 0.9115384615384615, 0.9115384615384615, 0.9192307692307692, 0.9230769230769231, 0.9384615384615385, 0.9230769230769231, 0.9307692307692308, 0.9384615384615385, 0.9423076923076923, 0.9615384615384616, 0.9615384615384616, 0.9576923076923077, 0.9692307692307692, 0.9576923076923077, 0.9615384615384616, 0.9692307692307692, 0.9807692307692307, 0.9730769230769231, 0.9692307692307692, 0.9807692307692307, 0.9846153846153847, 0.9769230769230769, 0.9615384615384616, 0.9615384615384616, 0.9884615384615385, 0.9846153846153847, 0.9807692307692307, 0.9807692307692307, 0.9769230769230769, 0.9807692307692307, 0.9884615384615385, 0.9884615384615385, 0.9923076923076923, 0.9961538461538462, 0.9807692307692307, 0.9884615384615385, 0.9923076923076923, 0.9923076923076923, 0.9807692307692307, 0.9884615384615385, 0.9923076923076923, 0.9923076923076923, 1.0, 0.9846153846153847, 0.9961538461538462, 0.9923076923076923, 0.9884615384615385, 0.9961538461538462, 0.9961538461538462, 0.9923076923076923, 0.9961538461538462, 0.9884615384615385, 0.9884615384615385, 0.9923076923076923, 0.9884615384615385, 1.0, 0.9961538461538462, 0.9961538461538462, 1.0, 0.9884615384615385, 0.9961538461538462, 0.9961538461538462, 0.9884615384615385, 0.9961538461538462, 1.0, 1.0, 0.9961538461538462, 0.9961538461538462, 1.0, 1.0, 1.0, 0.9923076923076923, 1.0, 0.9923076923076923], "trainRumorF1": [0.21388505747126438, 0.20444444444444443, 0.2245040393900282, 0.23527750317751728, 0.33036122028822756, 0.3277000822658362, 0.30774670523947284, 0.3594860166288738, 0.377271265993699, 0.3750137522592997, 0.39178198850330004, 0.38252582702231414, 0.40425231024309366, 0.454396942805178, 0.48696145124716556, 0.528805985795529, 0.5471416088956307, 0.5433462772056746, 0.5462140839128465, 0.5749240651297117, 0.6176709216455872, 0.5777060138984897, 0.6189800035200304, 0.6274331366026574, 0.6090908473089757, 0.6209276199646927, 0.6201426024955436, 0.6431490913664087, 0.6277045577992072, 0.6490707642947309, 0.6728551872183824, 0.6875262054507338, 0.6732628449808461, 0.6752608127608127, 0.6926219622504974, 0.688888888888889, 0.6917190775681342, 0.7108627018167555, 0.6778130261475406, 0.7039153439153439, 0.7028083896196232, 0.721137869681559, 0.7142385482191308, 0.738656504785537, 0.742007271179815, 0.7404838121607437, 0.73793478577969, 0.7660230090591961, 0.7383760332401995, 0.7650339208621416, 0.7567158244776984, 0.7972817805249713, 0.8089284725941899, 0.8027582617746551, 0.8164348584384628, 0.8133393838810239, 0.8471155147968464, 0.8441649196366177, 0.8425783066188531, 0.8308859756228179, 0.8380410873288366, 0.8449127937779473, 0.8663710884298078, 0.8728562394466284, 0.8894037067478213, 0.8843768788807734, 0.8950079212317616, 0.8990223448917652, 0.9072860805771922, 0.9121157929152465, 0.9308073840494021, 0.9120974221132562, 0.9202755760635958, 0.9293708408953418, 0.9348323728341569, 0.9566384437838883, 0.9581846062615741, 0.9530205827318898, 0.9673883988238439, 0.9524053037114225, 0.9585661637401156, 0.9677410022406702, 0.9778333376664269, 0.96923816749204, 0.9643381695121214, 0.9794957623196914, 0.9832395773319783, 0.9741379310344828, 0.956762897620957, 0.9571615380053261, 0.9874270749423748, 0.9827586206896552, 0.9780585415794127, 0.9768533363376114, 0.9737530667326283, 0.9795362400179527, 0.9875033413525794, 0.9870125023325246, 0.9923256641527564, 0.9966200670966878, 0.9785236074263728, 0.987229826428388, 0.9908830898466139, 0.9913793103448275, 0.9778599229400143, 0.9880117103308647, 0.9918270302078399, 0.9913793103448275, 1.0, 0.983248018131739, 0.9957079957079958, 0.9923256641527564, 0.986504002334093, 0.9952016794122057, 0.9966200670966878, 0.9913793103448275, 0.9952016794122057, 0.9889460238297447, 0.9871239871239871, 0.9913793103448275, 0.98757576276899, 1.0, 0.9956708341108417, 0.9966200670966878, 1.0, 0.9871239871239871, 0.9952016794122057, 0.9956708341108417, 0.9889460238297447, 0.9966302162833954, 1.0, 1.0, 0.9966302162833954, 0.9966200670966878, 1.0, 1.0, 1.0, 0.9908830898466139, 1.0, 0.9917948651185936],