{"epoch": 95, "macroF1Rumor": 0.6836996336996336, "accRumor": 0.6923076923076923, "loss": 1.81497323513031, "trainRumorAcc": [0.4307692307692308, 0.4461538461538462, 0.4461538461538462, 0.4423076923076923, 0.46153846153846156, 0.4807692307692308, 0.49615384615384617, 0.48846153846153845, 0.5038461538461538, 0.5307692307692308, 0.5076923076923077, 0.5076923076923077, 0.5269230769230769, 0.5423076923076923, 0.5615384615384615, 0.5692307692307692, 0.6, 0.5961538461538461, 0.6346153846153846, 0.6269230769230769, 0.6153846153846154, 0.6384615384615384, 0.6653846153846154, 0.6730769230769231, 0.6692307692307692, 0.6884615384615385, 0.7076923076923077, 0.6961538461538461, 0.6615384615384615, 0.7038461538461539, 0.6884615384615385, 0.7307692307692307, 0.7423076923076923, 0.7269230769230769, 0.7461538461538462, 0.7538461538461538, 0.7461538461538462, 0.7576923076923077, 0.7576923076923077, 0.7769230769230769, 0.8076923076923077, 0.7884615384615384, 0.7730769230769231, 0.8038461538461539, 0.7807692307692308, 0.8307692307692308, 0.8269230769230769, 0.8384615384615385, 0.8423076923076923, 0.8346153846153846, 0.8307692307692308, 0.8384615384615385, 0.8384615384615385, 0.8576923076923076, 0.8846153846153846, 0.8961538461538462, 0.8730769230769231, 0.8884615384615384, 0.9038461538461539, 0.9115384615384615, 0.9076923076923077, 0.9230769230769231, 0.9346153846153846, 0.9384615384615385, 0.9384615384615385, 0.95, 0.9461538461538461, 0.9461538461538461, 0.9615384615384616, 0.9615384615384616, 0.9730769230769231, 0.9769230769230769, 0.9769230769230769, 0.9692307692307692, 0.9692307692307692, 0.9884615384615385, 0.9846153846153847, 0.9884615384615385, 0.9961538461538462, 0.9846153846153847, 1.0, 0.9961538461538462, 0.9923076923076923, 0.9923076923076923, 0.9961538461538462, 0.9923076923076923, 0.9961538461538462, 1.0, 1.0, 0.9961538461538462, 1.0, 0.9923076923076923, 0.9961538461538462, 1.0, 1.0, 1.0, 0.9961538461538462, 1.0, 1.0, 1.0, 0.9961538461538462, 0.9923076923076923, 1.0, 1.0, 1.0, 1.0, 1.0, 1.0, 1.0, 1.0, 1.0, 1.0, 1.0, 1.0, 1.0, 1.0, 0.9961538461538462, 1.0, 1.0, 1.0, 1.0, 1.0, 1.0, 1.0, 1.0, 1.0, 1.0, 1.0, 1.0, 1.0, 1.0, 1.0, 1.0, 1.0, 1.0, 1.0, 1.0, 1.0, 1.0, 1.0, 1.0, 1.0, 1.0, 1.0, 1.0], "trainRumorF1": [0.22795456980606452, 0.20567375886524822, 0.20567375886524822, 0.20444444444444443, 0.24907493061979646, 0.3031236364569698, 0.32423466036000526, 0.3397088896908456, 0.35387323943661975, 0.381557067271353, 0.3787585808626969, 0.37389697389697396, 0.39207567154219003, 0.43241918409703634, 0.4388021561934605, 0.4468562545549945, 0.4999290564507956, 0.4964146846437408, 0.566640459155594, 0.5488929805419166, 0.5661834329186665, 0.5986823120013581, 0.6163745986199358, 0.6227522001362852, 0.6406287656342987, 0.6489314154960494, 0.6717089927616243, 0.6574200188736204, 0.6265713569177177, 0.6648643187650279, 0.6609532828282828, 0.6937134532154506, 0.714310660539045, 0.6930135689186278, 0.7193989134833908, 0.7237829460051683, 0.7150147981935685, 0.7265822403476467, 0.7260740396290268, 0.7350067068335595, 0.7771637010029974, 0.7560619465741522, 0.7451065169377075, 0.7745862121341793, 0.7396452709102851, 0.8078206417760692, 0.8009407505655971, 0.8085208036703054, 0.8138298392083675, 0.8025183838717673, 0.8040587382618011, 0.8126701510744784, 0.8032601195513774, 0.8300116550116551, 0.863168262489333, 0.8758285689894105, 0.8498475719618894, 0.8676213034740167, 0.886844368625891, 0.8963575670795877, 0.8942550582464746, 0.9112100039985839, 0.9218127832473825, 0.9266708132483283, 0.9273766073766073, 0.9411074055036903, 0.9354059913283406, 0.9359721458676927, 0.9545661170442, 0.9574959923797133, 0.9686811001126844, 0.9736682808716708, 0.9728821656606236, 0.9652121757384915, 0.9666134094446254, 0.9870125023325246, 0.9830271793597928, 0.9871239871239871, 0.9956708341108417, 0.9826060878692457, 1.0, 0.9951746670017593, 0.9913793103448275, 0.9913793103448275, 0.9957079957079958, 0.9913793103448275, 0.9956708341108417, 1.0, 1.0, 0.9952016794122057, 1.0, 0.9923011037833684, 0.9952016794122057, 1.0, 1.0, 1.0, 0.9951746670017593, 1.0, 1.0, 1.0, 0.9951746670017593, 0.9913793103448275, 1.0, 1.0, 1.0, 1.0, 1.0, 1.0, 1.0, 1.0, 1.0, 1.0, 1.0, 1.0, 1.0, 1.0, 0.9951746670017593, 1.0, 1.0, 1.0, 1.0, 1.0, 1.0, 1.0, 1.0, 1.0, 1.0, 1.0, 1.0, 1.0, 1.0, 1.0, 1.0, 1.0, 1.0, 1.0, 1.0, 1.0, 1.0, 1.0, 1.0, 1.0, 1.0, 1.0, 1.0], "trainLoss": [1.0863115787506104, 1.0685993432998657, 1.0602948665618896, 1.0550256967544556, 1.0485854148864746, 1.0410881042480469, 1.0338134765625, 1.0262826681137085, 1.0182685852050781, 1.0078977346420288, 1.0050950050354004, 0.9904504418373108, 0.9805375933647156, 0.9691948294639587, 0.9555078148841858, 0.9384727478027344, 0.9243050813674927, 0.9022305607795715, 0.8803994655609131, 0.8603273034095764, 0.8601580858230591, 0.8410100340843201, 0.8204705119132996, 0.8081205487251282, 0.791808009147644, 0.780286967754364, 0.7649931311607361, 0.7574754357337952, 0.760947048664093, 0.7129060626029968, 0.728479266166687, 0.7172228097915649, 0.697060763835907, 0.6931827664375305, 0.6576060056686401, 0.6447753310203552, 0.6555480360984802, 0.6426680684089661, 0.6132119297981262, 0.5907412767410278, 0.5783746242523193, 0.5689852237701416, 0.5582152605056763, 0.5338606238365173, 0.5168420076370239, 0.4954439699649811, 0.4672955870628357, 0.4526000916957855, 0.4336197078227997, 0.4234466850757599, 0.4071234464645386, 0.3844662606716156, 0.3625718653202057, 0.3420029878616333, 0.31554171442985535, 0.3134884536266327, 0.29661574959754944, 0.2758738696575165, 0.25646957755088806, 0.24399082362651825, 0.22584842145442963, 0.20571564137935638, 0.19773919880390167, 0.17846043407917023, 0.16970610618591309, 0.1504204124212265, 0.14694930613040924, 0.14277327060699463, 0.12115269154310226, 0.10817776620388031, 0.1096002534031868, 0.09381956607103348, 0.08181936293840408, 0.08812924474477768, 0.08658520877361298, 0.06774824112653732, 0.0685172826051712, 0.06018424406647682, 0.047711655497550964, 0.057842060923576355, 0.04231109470129013, 0.03696813806891441, 0.030422257259488106, 0.03548412024974823, 0.025136973708868027, 0.030407559126615524, 0.024863310158252716, 0.01350188534706831, 0.02002786472439766, 0.017533496022224426, 0.012859788723289967, 0.01951652020215988, 0.0192683357745409, 0.009128747507929802, 0.0081101693212986, 0.007722918875515461, 0.012147950008511543, 0.011816797778010368, 0.006762347184121609, 0.007955861277878284, 0.010437645018100739, 0.018674561753869057, 0.006043917499482632, 0.002971841488033533, 0.0037627655547112226, 0.007324161473661661, 0.0029633354861289263, 0.0067285532131791115, 0.004660214763134718, 0.0030416161753237247, 0.003021931741386652, 0.003096322063356638, 0.00220718071796, 0.001469924463890493, 0.0018682667287066579, 0.0008922449196688831, 0.009593497961759567, 0.0022824795451015234, 0.001988253090530634, 0.002350677503272891, 0.002284882590174675, 0.0005102714640088379, 0.0008022658876143396, 0.003106676274910569, 0.0013350091176107526, 0.0007195204962044954, 0.0006247326964512467, 0.001092051505111158, 0.0010827522492036223, 0.000556874496396631, 0.0003575363371055573, 0.00041404858347959816, 0.0007496493053622544, 0.0004974033799953759, 0.0004513483727350831, 0.000230180929065682, 0.004568086471408606, 0.0002695786824915558, 0.0008864635019563138, 0.0010315703693777323, 0.0005882903351448476, 0.0006898950086906552, 0.001912663341499865, 0.00021524089970625937, 0.00032726427889429033], "testRumorAcc": [0.4461538461538462, 0.4307692307692308, 0.5076923076923077, 0.6, 0.6461538461538462, 0.5384615384615384, 0.6307692307692307, 0.5692307692307692, 0.5846153846153846, 0.5846153846153846, 0.6615384615384615, 0.6153846153846154, 0.6307692307692307, 0.6461538461538462, 0.6615384615384615, 0.6461538461538462, 0.6461538461538462, 0.6615384615384615, 0.6923076923076923, 0.676923076923077, 0.6307692307692307, 0.6461538461538462, 0.6615384615384615, 0.6307692307692307, 0.6923076923076923, 0.6307692307692307, 0.676923076923077, 0.6, 0.6307692307692307],