{"epoch": 125, "macroF1Rumor": 0.7951950410237396, "accRumor": 0.8, "loss": 0.9818266034126282, "trainRumorAcc": [0.4153846153846154, 0.4461538461538462, 0.4461538461538462, 0.45384615384615384, 0.45384615384615384, 0.45384615384615384, 0.47307692307692306, 0.5076923076923077, 0.49230769230769234, 0.4846153846153846, 0.49615384615384617, 0.5038461538461538, 0.5192307692307693, 0.5038461538461538, 0.48846153846153845, 0.5269230769230769, 0.5038461538461538, 0.5461538461538461, 0.5423076923076923, 0.5269230769230769, 0.5423076923076923, 0.5692307692307692, 0.5692307692307692, 0.55, 0.6, 0.6346153846153846, 0.6230769230769231, 0.6538461538461539, 0.6615384615384615, 0.6576923076923077, 0.6423076923076924, 0.6653846153846154, 0.6961538461538461, 0.6846153846153846, 0.6846153846153846, 0.7153846153846154, 0.6846153846153846, 0.7269230769230769, 0.7153846153846154, 0.7115384615384616, 0.7192307692307692, 0.7115384615384616, 0.7, 0.7192307692307692, 0.7461538461538462, 0.7384615384615385, 0.7692307692307693, 0.7653846153846153, 0.7730769230769231, 0.7884615384615384, 0.7653846153846153, 0.7769230769230769, 0.8038461538461539, 0.7807692307692308, 0.7961538461538461, 0.8115384615384615, 0.8269230769230769, 0.8038461538461539, 0.8307692307692308, 0.8153846153846154, 0.8423076923076923, 0.85, 0.8153846153846154, 0.8384615384615385, 0.8076923076923077, 0.8769230769230769, 0.8653846153846154, 0.8807692307692307, 0.8923076923076924, 0.8807692307692307, 0.8769230769230769, 0.9038461538461539, 0.8576923076923076, 0.9153846153846154, 0.926923076923077, 0.9115384615384615, 0.9115384615384615, 0.9153846153846154, 0.9230769230769231, 0.9461538461538461, 0.926923076923077, 0.9384615384615385, 0.95, 0.9461538461538461, 0.9692307692307692, 0.9576923076923077, 0.95, 0.9653846153846154, 0.9692307692307692, 0.9576923076923077, 0.9692307692307692, 0.9769230769230769, 0.9730769230769231, 0.9692307692307692, 0.9769230769230769, 0.9615384615384616, 0.9884615384615385, 0.9615384615384616, 0.9884615384615385, 0.9730769230769231, 0.9884615384615385, 0.9846153846153847, 0.9846153846153847, 0.9846153846153847, 0.9961538461538462, 0.9846153846153847, 0.9884615384615385, 0.9846153846153847, 0.9730769230769231, 0.9961538461538462, 0.9961538461538462, 0.9961538461538462, 0.9961538461538462, 0.9807692307692307, 0.9923076923076923, 0.9923076923076923, 0.9961538461538462, 0.9961538461538462, 0.9961538461538462, 0.9961538461538462, 1.0, 0.9923076923076923, 0.9961538461538462, 1.0, 0.9961538461538462, 1.0, 1.0, 0.9923076923076923, 0.9923076923076923, 0.9923076923076923, 1.0, 0.9923076923076923, 1.0, 0.9884615384615385, 1.0, 0.9846153846153847, 0.9884615384615385, 1.0, 0.9923076923076923, 1.0, 0.9961538461538462, 1.0, 0.9961538461538462, 0.9961538461538462, 1.0, 0.9923076923076923, 0.9884615384615385, 0.9961538461538462, 1.0, 1.0, 1.0, 1.0, 0.9961538461538462, 0.9961538461538462, 0.9961538461538462, 1.0, 1.0, 1.0, 0.9961538461538462, 1.0, 1.0, 1.0, 1.0, 0.9961538461538462, 0.9923076923076923, 0.9961538461538462, 1.0, 1.0, 0.9961538461538462, 0.9961538461538462, 0.9961538461538462, 1.0, 1.0, 1.0, 0.9961538461538462], "trainRumorF1": [0.33053519760209293, 0.21350059737156513, 0.20567375886524822, 0.22894633764198982, 0.22192513368983957, 0.24017113783533764, 0.2650273224043716, 0.34699351297405184, 0.3311509221286903, 0.3230702274975272, 0.3420252759558471, 0.35872804854514656, 0.3770543816231995, 0.34729687982700036, 0.36654825844018774, 0.3832178834451197, 0.36899774481741704, 0.4139322940977291, 0.40474406193892687, 0.4096252167914225, 0.41256122331973716, 0.45867462724894464, 0.4888222189559719, 0.43470468356118813, 0.5195245611686198, 0.5821959424413521, 0.5562592871821228, 0.6056677890011223, 0.6248419680677745, 0.6015306552410858, 0.6123155292158983, 0.6301230357809197, 0.6563321094074203, 0.6420549449095936, 0.6432576204077315, 0.6836567055545159, 0.6557914046121592, 0.6993515975055399, 0.681124815517605, 0.6732076297293688, 0.6970614438979106, 0.6770200642541068, 0.6684301078347854, 0.6800977278770274, 0.7149648573998455, 0.7082298308878081, 0.7478096400514285, 0.7336866847233897, 0.7458620845395895, 0.7656660550224906, 0.7407527503118886, 0.7559744111834826, 0.7822222222222223, 0.7627911588269645, 0.7759067522786118, 0.7921591126410403, 0.8005558761875055, 0.7829739817848921, 0.8096038415366146, 0.7910030558137581, 0.8281371960065549, 0.8375297217402481, 0.791337317653107, 0.8126063810006037, 0.7800277622999697, 0.857904118627535, 0.847425750380573, 0.8699667314950893, 0.8782438705430019, 0.8613477945192978, 0.8666099520361786, 0.8934447342155254, 0.8350665076266898, 0.9041063789498209, 0.9143772546337998, 0.8947246884433065, 0.8977197084192933, 0.9007495884577831, 0.9112849970960069, 0.9418330884620268, 0.9216445537738923, 0.9347807948341224, 0.9443972215222204, 0.9397393140635842, 0.9645351213767318, 0.9538893344025662, 0.9441968475549501, 0.9595120070022792, 0.9647240558869834, 0.9512560916866648, 0.9670698175481028, 0.9748578219166454, 0.9711062099008299, 0.9631582434520011, 0.9753748006379586, 0.9564332716107501, 0.986504002334093, 0.9566274868082765, 0.9860299287585645, 0.9715652768284347, 0.9875551506400339, 0.983248018131739, 0.9836304391157022, 0.9817562149157979, 0.9957079957079958, 0.9817562149157979, 0.9866276584547506, 0.9827586206896552, 0.9730497468028991, 0.9956708341108417, 0.9956708341108417, 0.9957079957079958, 0.9956708341108417, 0.9778599229400143, 0.9918270302078399, 0.9932294285235462, 0.9951746670017593, 0.9966302162833954, 0.9966200670966878, 0.9951746670017593, 1.0, 0.991451731761238, 0.9956708341108417, 1.0, 0.9952016794122057, 1.0, 1.0, 0.9913030439346229, 0.9923011037833684, 0.990794649345502, 1.0, 0.991451731761238, 1.0, 0.9859977636693182, 1.0, 0.9855739760177714, 0.9875033413525794, 1.0, 0.9908830898466139, 1.0, 0.9952016794122057, 1.0, 0.9951746670017593, 0.9957079957079958, 1.0, 0.9923011037833684, 0.9884294807162322, 0.9951746670017593, 1.0, 1.0, 1.0, 1.0, 0.9952016794122057, 0.9951746670017593, 0.9952016794122057, 1.0, 1.0, 1.0, 0.9966200670966878, 1.0, 1.0, 1.0, 1.0, 0.9966302162833954, 0.992328116193815, 0.9966200670966878, 1.0, 1.0, 0.9956708341108417, 0.9966302162833954, 0.9956708341108417, 1.0, 1.0, 1.0, 0.9957079957079958],