{"epoch": 30, "macroF1Rumor": 0.6481481481481483, "accRumor": 0.6923076923076923, "loss": 0.854028582572937, "trainRumorAcc": [0.39615384615384613, 0.4461538461538462, 0.4461538461538462, 0.4653846153846154, 0.48846153846153845, 0.5153846153846153, 0.5076923076923077, 0.49230769230769234, 0.5192307692307693, 0.5076923076923077, 0.5230769230769231, 0.5423076923076923, 0.5346153846153846, 0.5346153846153846, 0.5461538461538461, 0.5346153846153846, 0.5769230769230769, 0.5807692307692308, 0.5961538461538461, 0.6076923076923076, 0.6, 0.6153846153846154, 0.6076923076923076, 0.6384615384615384, 0.6346153846153846, 0.6653846153846154, 0.6692307692307692, 0.6846153846153846, 0.6846153846153846, 0.6923076923076923, 0.7192307692307692, 0.7346153846153847, 0.7538461538461538, 0.7384615384615385, 0.75, 0.75, 0.7807692307692308, 0.8115384615384615, 0.8, 0.8076923076923077, 0.8, 0.8269230769230769, 0.8307692307692308, 0.8346153846153846, 0.8423076923076923, 0.8769230769230769, 0.8730769230769231, 0.8884615384615384, 0.9115384615384615, 0.8923076923076924, 0.9230769230769231, 0.9115384615384615, 0.9230769230769231, 0.9230769230769231, 0.9538461538461539, 0.9423076923076923, 0.9615384615384616, 0.9461538461538461, 0.9423076923076923, 0.9769230769230769, 0.9615384615384616, 0.9730769230769231, 0.9807692307692307, 0.9846153846153847, 0.9730769230769231, 0.9923076923076923, 0.9730769230769231, 0.9846153846153847, 0.9884615384615385, 0.9884615384615385, 0.9884615384615385, 0.9961538461538462, 0.9923076923076923, 1.0, 0.9923076923076923, 1.0, 1.0, 0.9961538461538462, 0.9961538461538462, 0.9961538461538462], "trainRumorF1": [0.2398076234346365, 0.20567375886524822, 0.21256684491978609, 0.26140189776553413, 0.30351537978656623, 0.33928211332930025, 0.33704910535642824, 0.3188901275857797, 0.35714285714285715, 0.35817056506711675, 0.37518392756083757, 0.39746136865342163, 0.37721964485682297, 0.39218106995884766, 0.4015418133065192, 0.3945303095960326, 0.4325264183357687, 0.42299305675101856, 0.4541087265225196, 0.4592686308156162, 0.461261214985275, 0.4772086906874597, 0.49291890002711064, 0.5715738501341004, 0.5405725208210077, 0.5997971434367331, 0.60283750792782, 0.6370767093687298, 0.6361406763662403, 0.6492373644860611, 0.6796595181463445, 0.6990861829571507, 0.7258832956778898, 0.7034554424826518, 0.710317943598202, 0.7196642603018893, 0.7514561473921603, 0.7883938786851409, 0.7716070050692617, 0.7791841813580945, 0.769862326363028, 0.7992506905631517, 0.8073817509554188, 0.8151486726678515, 0.8213706169291378, 0.8567379988432621, 0.8566253919506789, 0.8699306007373672, 0.9019544275122368, 0.8754322940185085, 0.9156373002484989, 0.9044170091627435, 0.9145357059632397, 0.9150514753655165, 0.948247687777363, 0.935163390487748, 0.9588496673453744, 0.9399519187654781, 0.9369572457049662, 0.9726134338203304, 0.9552704075186044, 0.969695838775891, 0.977625949491518, 0.9815791217260005, 0.9683665390012527, 0.9913030439346229, 0.9700331628116207, 0.9820854658000862, 0.987229826428388, 0.9866276584547506, 0.9856050382366172, 0.9951746670017593, 0.9913793103448275, 1.0, 0.990794649345502, 1.0, 1.0, 0.9957079957079958, 0.9957079957079958, 0.9956708341108417], "trainLoss": [1.0894618034362793, 1.0675276517868042, 1.0575034618377686, 1.0546634197235107, 1.050158143043518, 1.0436012744903564, 1.039503812789917, 1.0336029529571533, 1.027814269065857, 1.021912932395935, 1.0167063474655151, 1.004695177078247, 0.9978556632995605, 0.9892512559890747, 0.9866617321968079, 0.9662118554115295, 0.9540234208106995, 0.925650417804718, 0.8862809538841248, 0.8859741687774658, 0.8536691069602966, 0.8433483242988586, 0.826862633228302, 0.815031111240387, 0.8004443645477295, 0.7943403720855713, 0.7499514818191528, 0.750568687915802, 0.733417272567749, 0.7012401223182678, 0.6852362751960754, 0.6624309420585632, 0.6475395560264587, 0.6203552484512329, 0.616039514541626, 0.5894966125488281, 0.5808599591255188, 0.5396633744239807, 0.5129699110984802, 0.5057830214500427, 0.5030766129493713, 0.44679710268974304, 0.4412394165992737, 0.41647836565971375, 0.3872060179710388, 0.34399157762527466, 0.35473236441612244, 0.31744417548179626, 0.3021657466888428, 0.2994796633720398, 0.2580491602420807, 0.2609289884567261, 0.2344411313533783, 0.21449655294418335, 0.17670632898807526, 0.17837701737880707, 0.16217653453350067, 0.17028062045574188, 0.1593802273273468, 0.10695603489875793, 0.11973486095666885, 0.11679209023714066, 0.08939342200756073, 0.07610591500997543, 0.07363134622573853, 0.06469560414552689, 0.08592201769351959, 0.0633101612329483, 0.05771886184811592, 0.04449949041008949, 0.0447063185274601, 0.028901731595396996, 0.03562376648187637, 0.02500435896217823, 0.024178430438041687, 0.02407449670135975, 0.023045284673571587, 0.01922645978629589, 0.019666707143187523, 0.0198476891964674], "testRumorAcc": [0.4461538461538462, 0.46153846153846156, 0.47692307692307695, 0.6, 0.6461538461538462, 0.6923076923076923, 0.6615384615384615, 0.6923076923076923, 0.6461538461538462, 0.6461538461538462, 0.6307692307692307, 0.6615384615384615, 0.6461538461538462, 0.6615384615384615, 0.676923076923077, 0.6307692307692307], "testRumorF1": [0.20567375886524822, 0.262962962962963, 0.27037037037037037, 0.4479854903484908, 0.5563962500922712, 0.6481481481481483, 0.6239675860994235, 0.640933140933141, 0.6022915724408262, 0.5960392098323133, 0.5908179078368178, 0.6136752136752137, 0.6063071028588269, 0.6136752136752137, 0.6399160293897136, 0.5874244014594892], "testLoss": [1.0589280128479004, 1.0450395345687866, 1.0290566682815552, 0.9226741790771484, 0.8657777309417725, 0.854028582572937, 0.8460026383399963, 0.7975718975067139, 0.822562038898468, 0.8661826848983765, 0.9362622499465942, 1.0812104940414429, 1.1978329420089722, 1.3800898790359497, 1.479493260383606, 1.6535727977752686]}