{"epoch": 55, "macroF1Rumor": 0.7660181733457595, "accRumor": 0.7846153846153846, "loss": 0.7537005543708801, "trainRumorAcc": [0.36153846153846153, 0.4461538461538462, 0.45, 0.45, 0.48846153846153845, 0.49230769230769234, 0.48846153846153845, 0.5115384615384615, 0.5038461538461538, 0.5, 0.5115384615384615, 0.5153846153846153, 0.5076923076923077, 0.5576923076923077, 0.5384615384615384, 0.6076923076923076, 0.6, 0.6307692307692307, 0.6538461538461539, 0.6576923076923077, 0.6538461538461539, 0.6923076923076923, 0.676923076923077, 0.6884615384615385, 0.6961538461538461, 0.7, 0.6923076923076923, 0.7115384615384616, 0.7076923076923077, 0.7153846153846154, 0.7230769230769231, 0.7269230769230769, 0.7269230769230769, 0.7269230769230769, 0.7461538461538462, 0.7346153846153847, 0.7615384615384615, 0.7730769230769231, 0.7884615384615384, 0.7961538461538461, 0.8038461538461539, 0.8076923076923077, 0.8038461538461539, 0.8038461538461539, 0.8192307692307692, 0.823076923076923, 0.8346153846153846, 0.8269230769230769, 0.8423076923076923, 0.8538461538461538, 0.8615384615384616, 0.8692307692307693, 0.8615384615384616, 0.8807692307692307, 0.9076923076923077, 0.9, 0.8961538461538462, 0.9, 0.9230769230769231, 0.9307692307692308, 0.9346153846153846, 0.926923076923077, 0.9461538461538461, 0.9538461538461539, 0.9692307692307692, 0.9653846153846154, 0.9576923076923077, 0.9692307692307692, 0.9692307692307692, 0.9653846153846154, 0.9846153846153847, 0.9769230769230769, 0.9769230769230769, 0.9961538461538462, 0.9653846153846154, 0.9961538461538462, 1.0, 0.9884615384615385, 0.9961538461538462, 0.9961538461538462, 0.9961538461538462, 0.9961538461538462, 0.9923076923076923, 0.9884615384615385, 0.9923076923076923, 1.0, 1.0, 1.0, 0.9961538461538462, 0.9961538461538462, 0.9961538461538462, 0.9961538461538462, 0.9961538461538462, 1.0, 0.9961538461538462, 1.0, 1.0, 1.0, 1.0, 1.0, 0.9961538461538462, 1.0, 1.0, 1.0, 1.0], "trainRumorF1": [0.22936800122718207, 0.20567375886524822, 0.21388505747126438, 0.21388505747126438, 0.29178637200736646, 0.3476232394366197, 0.33134920634920634, 0.35769277035967767, 0.35782298125385265, 0.35571993183219114, 0.3755598615889946, 0.385098183491764, 0.36491533413104166, 0.4256244616709733, 0.40543972509560594, 0.49729400195385925, 0.49227038980428367, 0.5644299428105831, 0.6064576909900651, 0.6150608650608651, 0.6097459529717594, 0.6544102407484267, 0.633968253968254, 0.6464530666539462, 0.6528039866992299, 0.656390725219624, 0.6483516483516484, 0.6625882616654836, 0.6753806025763867, 0.673463098134631, 0.6833335942739197, 0.6931832112722826, 0.6810641759490865, 0.6871611364129256, 0.7045177045177046, 0.6952044025157234, 0.7259175607001693, 0.7379048079301794, 0.7526910026910026, 0.7623825858571828, 0.7697290294029541, 0.7713866072355445, 0.7729038018172413, 0.766905238671134, 0.7815957747928568, 0.7940740740740742, 0.8088698056327557, 0.8016106470102683, 0.8181176470588234, 0.8339075653574177, 0.8406554316787945, 0.8514011175330248, 0.8425454835562937, 0.8696622756835298, 0.8964963899624029, 0.8876562583829605, 0.8858928265707927, 0.8824955687775807, 0.9114608597055528, 0.9212592001978849, 0.9279011831520853, 0.9169948950205881, 0.9389032291504691, 0.9464221581324481, 0.9659330133468064, 0.9607037037522107, 0.9534223133468686, 0.962755373281689, 0.9656173530753597, 0.9604972346478009, 0.9812823988626261, 0.9747769466425152, 0.9755103930906204, 0.9951746670017593, 0.9624469062602937, 0.9951746670017593, 1.0, 0.9884475392361622, 0.9966200670966878, 0.9957079957079958, 0.9956708341108417, 0.9966200670966878, 0.9932504677893611, 0.9879474098958981, 0.9908729406599063, 1.0, 1.0, 1.0, 0.9951746670017593, 0.9966302162833954, 0.9952016794122057, 0.9957079957079958, 0.9956708341108417, 1.0, 0.9966200670966878, 1.0, 1.0, 1.0, 1.0, 1.0, 0.9952016794122057, 1.0, 1.0, 1.0, 1.0], "trainLoss": [1.0978889465332031, 1.0723434686660767, 1.0603148937225342, 1.0543817281723022, 1.0494132041931152, 1.0414819717407227, 1.0325055122375488, 1.0247248411178589, 1.019284725189209, 1.0121747255325317, 1.0045419931411743, 0.9883897304534912, 0.9776390194892883, 0.9539427757263184, 0.9375032782554626, 0.8994069695472717, 0.8727251887321472, 0.8432002663612366, 0.8303698897361755, 0.8070130348205566, 0.8013988733291626, 0.7809612154960632, 0.7840822339057922, 0.7678313851356506, 0.7620571255683899, 0.7270325422286987, 0.746717631816864, 0.7165074348449707, 0.7000965476036072, 0.6993682384490967, 0.6760974526405334, 0.6735263466835022, 0.6490488648414612, 0.6314418911933899, 0.627561092376709, 0.6119049787521362, 0.5906763672828674, 0.5741180777549744, 0.5597557425498962, 0.5457146167755127, 0.5273804068565369, 0.4967934787273407, 0.48690900206565857, 0.46177908778190613, 0.44874221086502075, 0.45354554057121277, 0.4208904206752777, 0.41101008653640747, 0.402910441160202, 0.36075469851493835, 0.36819911003112793, 0.3428635895252228, 0.3264498710632324, 0.3287590444087982, 0.2734728157520294, 0.29608893394470215, 0.2796674072742462, 0.263027548789978, 0.25970005989074707, 0.23200175166130066, 0.21456168591976166, 0.1975247710943222, 0.18612584471702576, 0.16593119502067566, 0.1610477715730667, 0.13592670857906342, 0.13346709311008453, 0.10878266394138336, 0.11301729828119278, 0.11259110271930695, 0.09579633176326752, 0.1158941313624382, 0.10121124237775803, 0.061620600521564484, 0.09777453541755676, 0.055676884949207306, 0.0543668158352375, 0.054397959262132645, 0.0638367086648941, 0.050917766988277435, 0.037150438874959946, 0.03523103892803192, 0.04333976283669472, 0.04282683506608009, 0.03879904747009277, 0.024134192615747452, 0.024858666583895683, 0.024408213794231415, 0.02297300472855568, 0.028173966333270073, 0.028890861198306084, 0.01990707963705063, 0.014883190393447876, 0.01586402766406536, 0.02241770178079605, 0.009686672128736973, 0.013202561065554619, 0.008220666088163853, 0.014405906200408936, 0.008086339570581913, 0.012047841213643551, 0.007904564030468464, 0.005622215569019318, 0.004795098677277565, 0.005817183293402195], "testRumorAcc": [0.47692307692307695, 0.4307692307692308, 0.5230769230769231, 0.6307692307692307, 0.676923076923077, 0.6923076923076923, 0.6923076923076923, 0.7230769230769231, 0.7538461538461538, 0.7846153846153846, 0.7846153846153846, 0.7692307692307693, 0.7384615384615385, 0.7384615384615385, 0.6923076923076923, 0.6461538461538462, 0.6923076923076923, 0.6615384615384615, 0.676923076923077, 0.6923076923076923, 0.676923076923077], "testRumorF1": [0.2704252269469661, 0.26522702104097445, 0.38941648948736124, 0.5425313810298532, 0.6154970760233918, 0.6373296373296373, 0.6669380370872909, 0.6793832145944823, 0.731282979044173, 0.7657142857142857, 0.7660181733457595, 0.7519806763285025, 0.7205049801701432, 0.7206317204301076, 0.6870235853286699, 0.6197170645446507, 0.675743631562597, 0.6456196581196582, 0.664799880525687, 0.6739513360203016, 0.664799880525687], "testLoss": [1.0645687580108643, 1.0570122003555298, 1.0187451839447021, 0.9047839641571045, 0.8602478504180908, 0.8174172639846802, 0.7884790897369385, 0.7605818510055542, 0.7682826519012451, 0.7929232716560364, 0.7537005543708801, 0.8991417288780212, 0.93483567237854, 0.9439406991004944, 0.9773131608963013, 1.283554196357727, 1.1658467054367065, 1.3796541690826416, 1.3041611909866333, 1.4137778282165527, 1.365336298942566]}