{"epoch": 40, "macroF1Rumor": 0.6750944492879977, "accRumor": 0.6923076923076923, "loss": 0.8235929608345032, "trainRumorAcc": [0.38461538461538464, 0.4461538461538462, 0.4461538461538462, 0.4807692307692308, 0.48846153846153845, 0.48846153846153845, 0.5038461538461538, 0.5192307692307693, 0.5153846153846153, 0.5307692307692308, 0.5076923076923077, 0.55, 0.55, 0.5576923076923077, 0.5807692307692308, 0.5769230769230769, 0.6038461538461538, 0.6230769230769231, 0.6192307692307693, 0.6192307692307693, 0.6346153846153846, 0.6576923076923077, 0.676923076923077, 0.6961538461538461, 0.7, 0.75, 0.7307692307692307, 0.7461538461538462, 0.7576923076923077, 0.7538461538461538, 0.7653846153846153, 0.7923076923076923, 0.8038461538461539, 0.8038461538461539, 0.8076923076923077, 0.8307692307692308, 0.8153846153846154, 0.8346153846153846, 0.8615384615384616, 0.8461538461538461, 0.8346153846153846, 0.8692307692307693, 0.8692307692307693, 0.9, 0.9, 0.8923076923076924, 0.9076923076923077, 0.8961538461538462, 0.9192307692307692, 0.9423076923076923, 0.926923076923077, 0.95, 0.9384615384615385, 0.9538461538461539, 0.9538461538461539, 0.9576923076923077, 0.9576923076923077, 0.9653846153846154, 0.9653846153846154, 0.9538461538461539, 0.9807692307692307, 0.9769230769230769, 0.9730769230769231, 0.9923076923076923, 0.9846153846153847, 0.9884615384615385, 0.9961538461538462, 0.9846153846153847, 0.9961538461538462, 0.9923076923076923, 0.9846153846153847, 0.9884615384615385, 0.9884615384615385, 0.9961538461538462, 1.0, 1.0, 0.9884615384615385, 0.9923076923076923, 0.9961538461538462, 0.9961538461538462, 0.9961538461538462, 1.0, 1.0, 1.0, 0.9961538461538462, 0.9961538461538462, 1.0, 1.0, 1.0, 1.0], "trainRumorF1": [0.33112727185233976, 0.20567375886524822, 0.20567375886524822, 0.2787741844372264, 0.299906629318394, 0.3144086348691162, 0.34217886943236575, 0.3687298306682621, 0.37311827956989246, 0.3946714218157951, 0.37674667709876036, 0.4079093579149065, 0.4140575798470536, 0.42342937826808785, 0.444973544973545, 0.4343416601613323, 0.47243237199793436, 0.4844544451108927, 0.4895833333333333, 0.5000391681058669, 0.537756941131377, 0.5770577177244592, 0.6018064980002696, 0.649241765671786, 0.6461407840080534, 0.7102252006683775, 0.69711328344236, 0.7155630622449843, 0.7264068671095587, 0.7324471368832596, 0.7435796645702307, 0.7702769850595939, 0.7803388555155529, 0.7843589743589744, 0.7878261784511785, 0.8141150616003646, 0.8046133581404238, 0.8192342383801196, 0.8445770587303466, 0.8301061824901553, 0.8151134482422826, 0.8519137056470206, 0.8531689219976327, 0.8896520571229914, 0.8887821795384822, 0.879385587137525, 0.8988112638928998, 0.8869085728980258, 0.9102505325294984, 0.9343778970505726, 0.9182072829131652, 0.9459679441208539, 0.9303026377476744, 0.9475068473272751, 0.947062326360847, 0.9516122845376213, 0.9512864189416086, 0.9591287979460676, 0.9608311559039442, 0.9490026332237894, 0.9775415716339726, 0.9741379310344828, 0.9703482510777647, 0.9913030439346229, 0.9822645838940831, 0.986504002334093, 0.9957079957079958, 0.9826504377868869, 0.9956708341108417, 0.9908830898466139, 0.983729107730113, 0.9859977636693182, 0.986504002334093, 0.9956708341108417, 1.0, 1.0, 0.9874270749423748, 0.9913030439346229, 0.9956708341108417, 0.9957079957079958, 0.9957079957079958, 1.0, 1.0, 1.0, 0.9957079957079958, 0.9957079957079958, 1.0, 1.0, 1.0, 1.0], "trainLoss": [1.0823783874511719, 1.0674761533737183, 1.0604506731033325, 1.0543328523635864, 1.0466532707214355, 1.0403075218200684, 1.0338363647460938, 1.0250788927078247, 1.0166736841201782, 1.0090640783309937, 1.0020654201507568, 0.9928386807441711, 0.9799479246139526, 0.96724933385849, 0.9484357237815857, 0.9307048320770264, 0.9093681573867798, 0.8669915199279785, 0.8415709733963013, 0.8133918046951294, 0.7860845327377319, 0.7714695930480957, 0.761455237865448, 0.7422733902931213, 0.7284088730812073, 0.7131194472312927, 0.7030250430107117, 0.6884280443191528, 0.6597018837928772, 0.6300997138023376, 0.6097590327262878, 0.608421802520752, 0.5910071134567261, 0.5777239799499512, 0.5623453259468079, 0.5330564975738525, 0.5152201056480408, 0.47687286138534546, 0.4684241712093353, 0.4470047652721405, 0.45299819111824036, 0.389962375164032, 0.40115031599998474, 0.34432998299598694, 0.3589279055595398, 0.3128684163093567, 0.2959268391132355, 0.2694658935070038, 0.2500225603580475, 0.2430696040391922, 0.21966159343719482, 0.20260006189346313, 0.19499582052230835, 0.1707092970609665, 0.16160304844379425, 0.15192510187625885, 0.12293592095375061, 0.13563688099384308, 0.12124728411436081, 0.1073494479060173, 0.08074693381786346, 0.09724874049425125, 0.07708146423101425, 0.05953210964798927, 0.07023144513368607, 0.05827398598194122, 0.043930087238550186, 0.05281401053071022, 0.03378386050462723, 0.03671508654952049, 0.03951932117342949, 0.030663345009088516, 0.03938139230012894, 0.020003482699394226, 0.012962602078914642, 0.015233364887535572, 0.03423187881708145, 0.024743642657995224, 0.022022662684321404, 0.015317922458052635, 0.015976332128047943, 0.0076256911270320415, 0.008556446991860867, 0.009018604643642902, 0.01151204388588667, 0.013431219384074211, 0.005413963925093412, 0.0043274229392409325, 0.008419500663876534, 0.005840516649186611], "testRumorAcc": [0.4461538461538462, 0.46153846153846156, 0.47692307692307695, 0.6307692307692307, 0.6, 0.6461538461538462, 0.6461538461538462, 0.6923076923076923, 0.6307692307692307, 0.6461538461538462, 0.6153846153846154, 0.6461538461538462, 0.6307692307692307, 0.6307692307692307, 0.6461538461538462, 0.6153846153846154, 0.6153846153846154, 0.6615384615384615], "testRumorF1": [0.20567375886524822, 0.262962962962963, 0.2707509881422925, 0.5822627901735407, 0.5656565656565656, 0.5931510632421982, 0.6324029771398192, 0.6750944492879977, 0.6240896358543417, 0.6385548454415025, 0.6048345264031538, 0.6341189674523008, 0.6122655122655122, 0.6206645646374, 0.6343907405422784, 0.5920817369093231, 0.612043512043512, 0.6526296449405171], "testLoss": [1.0661306381225586, 1.0732275247573853, 1.0483031272888184, 0.8964847922325134, 0.8610895872116089, 0.8236831426620483, 0.8189109563827515, 0.8235929608345032, 0.8716098666191101, 0.9983692169189453, 1.168251633644104, 1.4589312076568604, 1.7264273166656494, 1.992179274559021, 2.2633652687072754, 2.4706103801727295, 2.683607339859009, 2.937838554382324]}