{"epoch": 45, "macroF1Rumor": 0.6308359415753781, "accRumor": 0.676923076923077, "loss": 0.8876798748970032, "trainRumorAcc": [0.4423076923076923, 0.4461538461538462, 0.4461538461538462, 0.4461538461538462, 0.45, 0.4807692307692308, 0.48846153846153845, 0.5, 0.5, 0.49230769230769234, 0.5192307692307693, 0.5153846153846153, 0.5230769230769231, 0.5307692307692308, 0.5153846153846153, 0.5384615384615384, 0.5307692307692308, 0.5538461538461539, 0.5538461538461539, 0.5961538461538461, 0.5923076923076923, 0.6192307692307693, 0.6038461538461538, 0.6038461538461538, 0.6115384615384616, 0.65, 0.6153846153846154, 0.6192307692307693, 0.6346153846153846, 0.6538461538461539, 0.6461538461538462, 0.676923076923077, 0.6846153846153846, 0.6730769230769231, 0.6730769230769231, 0.6846153846153846, 0.6846153846153846, 0.6961538461538461, 0.7115384615384616, 0.7115384615384616, 0.6961538461538461, 0.7230769230769231, 0.7230769230769231, 0.7269230769230769, 0.7346153846153847, 0.7192307692307692, 0.75, 0.7384615384615385, 0.7384615384615385, 0.7692307692307693, 0.7653846153846153, 0.75, 0.7961538461538461, 0.7769230769230769, 0.8192307692307692, 0.8, 0.7769230769230769, 0.7961538461538461, 0.8192307692307692, 0.8, 0.8423076923076923, 0.8153846153846154, 0.8461538461538461, 0.8423076923076923, 0.8269230769230769, 0.8423076923076923, 0.8461538461538461, 0.8730769230769231, 0.8692307692307693, 0.8538461538461538, 0.8769230769230769, 0.8884615384615384, 0.8846153846153846, 0.8923076923076924, 0.9, 0.8923076923076924, 0.9192307692307692, 0.9, 0.9307692307692308, 0.9346153846153846, 0.9423076923076923, 0.95, 0.9384615384615385, 0.9538461538461539, 0.9384615384615385, 0.9461538461538461, 0.9615384615384616, 0.9615384615384616, 0.9692307692307692, 0.9461538461538461, 0.9615384615384616, 0.9730769230769231, 0.9576923076923077, 0.9807692307692307, 0.9692307692307692], "trainRumorF1": [0.20499108734402852, 0.20567375886524822, 0.20567375886524822, 0.20567375886524822, 0.22090800477897252, 0.2872082166199813, 0.2913943355119825, 0.33591042388696346, 0.32988437787412955, 0.33503243744207606, 0.37981971249421287, 0.3722236261411189, 0.38629344199368115, 0.4035512657075215, 0.3922282938676382, 0.4170682691230636, 0.4125061162929325, 0.4267452354408876, 0.4447596392988884, 0.4799752869638734, 0.47128243916209284, 0.5086751560580849, 0.5304575752016589, 0.5161375661375662, 0.53354919865092, 0.5763415959058811, 0.554349376114082, 0.5535714285714285, 0.5946865502822818, 0.6138605675250447, 0.598605616952936, 0.6485230869593831, 0.6332627427030583, 0.637585977146235, 0.642994097925169, 0.6488880771738109, 0.6496855345911949, 0.6527028022809983, 0.6836323000536378, 0.6749225251097911, 0.6686050114499252, 0.6899923473166103, 0.6873507524497623, 0.6980167983249262, 0.6967602624374187, 0.6625399287188914, 0.7183095321026357, 0.7042906962261801, 0.6996033206559522, 0.7425054508917598, 0.7355602056369319, 0.7056893729140584, 0.7688888888888888, 0.7367001934235976, 0.7859449319527395, 0.7626278215070723, 0.7432846466992808, 0.7616194001115852, 0.7873199886158808, 0.7691822955738935, 0.8171199662660763, 0.783532294605714, 0.8162304866850322, 0.8220254492981766, 0.8050855589317129, 0.8209725015444879, 0.8288478633264601, 0.8545814600727896, 0.8444081061622913, 0.8260955525444685, 0.8626273227102318, 0.8756643397201337, 0.8654553166789455, 0.8727998866514355, 0.8872380132070056, 0.8832477613471017, 0.9085479656588279, 0.8842823003580547, 0.9197388255305013, 0.9258803048219683, 0.9335967025462731, 0.9436124985715546, 0.931341836943854, 0.9477717281710022, 0.9335522714833059, 0.9416576620363338, 0.9588161384894597, 0.954312717191728, 0.9650236770805597, 0.9385492683058461, 0.9574510990118975, 0.9692703117404875, 0.9503496978928442, 0.9793639576378266, 0.9644095640059067], "trainLoss": [1.0798059701919556, 1.0701409578323364, 1.0633751153945923, 1.0550428628921509, 1.0523197650909424, 1.0504815578460693, 1.0452139377593994, 1.0386086702346802, 1.0301597118377686, 1.0297316312789917, 1.0167055130004883, 1.0057569742202759, 1.0117161273956299, 1.001074194908142, 0.9902966022491455, 0.9749516248703003, 0.9662604331970215, 0.9560242295265198, 0.9478002786636353, 0.9224077463150024, 0.9161190390586853, 0.8896602988243103, 0.88582444190979, 0.8892989158630371, 0.8682318329811096, 0.8378267884254456, 0.852920413017273, 0.8431869149208069, 0.818688690662384, 0.7852322459220886, 0.8037204742431641, 0.792087972164154, 0.805891215801239, 0.7753498554229736, 0.7406885623931885, 0.7622029781341553, 0.7720859050750732, 0.731561541557312, 0.7322109937667847, 0.6968113780021667, 0.7134086489677429, 0.7043024897575378, 0.6805711984634399, 0.6778659820556641, 0.6776087880134583, 0.6565472483634949, 0.6338942646980286, 0.6484464406967163, 0.6254687905311584, 0.6104174852371216, 0.5900643467903137, 0.5892118215560913, 0.5339452028274536, 0.5616453886032104, 0.5509604215621948, 0.5243926644325256, 0.47200125455856323, 0.4848175644874573, 0.46731486916542053, 0.48987582325935364, 0.43613240122795105, 0.4385375380516052, 0.42552587389945984, 0.4123486280441284, 0.4429043233394623, 0.4106435477733612, 0.3798133134841919, 0.3661886155605316, 0.33172541856765747, 0.339496910572052, 0.32731717824935913, 0.32483500242233276, 0.31122902035713196, 0.27222245931625366, 0.2675652503967285, 0.25796130299568176, 0.25244826078414917, 0.22876809537410736, 0.20258529484272003, 0.18228039145469666, 0.1745196282863617, 0.1563783884048462, 0.16928641498088837, 0.18663309514522552, 0.20687982439994812, 0.15177474915981293, 0.14852750301361084, 0.10677118599414825, 0.12288343906402588, 0.12456189841032028, 0.11517195403575897, 0.09950345754623413, 0.09904773533344269, 0.07460833340883255, 0.10537734627723694], "testRumorAcc": [0.4461538461538462, 0.4461538461538462, 0.5076923076923077, 0.5230769230769231, 0.6461538461538462, 0.5076923076923077, 0.5846153846153846, 0.6153846153846154, 0.676923076923077, 0.6307692307692307, 0.6615384615384615, 0.6153846153846154, 0.6615384615384615, 0.6461538461538462, 0.6153846153846154, 0.6461538461538462, 0.6615384615384615, 0.6307692307692307, 0.6307692307692307], "testRumorF1": [0.20567375886524822, 0.2555805243445693, 0.39656729900632337, 0.3990407891551682, 0.5886217948717949, 0.5020540849498089, 0.5659917143788112, 0.5953345272535244, 0.6308359415753781, 0.6040735221063089, 0.6183150183150182, 0.6002554278416347, 0.6240740740740741, 0.6131592421915003, 0.5974778367599903, 0.6018371156302191, 0.6154228855721393, 0.5887315887315887, 0.6002238116090108], "testLoss": [1.0686097145080566, 1.0575389862060547, 1.0540074110031128, 1.0132269859313965, 0.9753535985946655, 1.0115445852279663, 0.9363166093826294, 0.8938577175140381, 0.8876798748970032, 0.822892963886261, 0.8186473250389099, 0.8225697875022888, 0.8155772089958191, 0.8222893476486206, 0.8523257970809937, 0.8869627118110657, 0.9239171147346497, 0.9621744751930237, 1.1065378189086914]}