{"epoch": 210, "macroF1Rumor": 0.7492032449659569, "accRumor": 0.7538461538461538, "loss": 2.6770124435424805, "trainRumorAcc": [0.36538461538461536, 0.4461538461538462, 0.4461538461538462, 0.45384615384615384, 0.4461538461538462, 0.45, 0.47692307692307695, 0.46153846153846156, 0.5230769230769231, 0.5192307692307693, 0.5192307692307693, 0.5115384615384615, 0.5307692307692308, 0.55, 0.573076923076923, 0.5923076923076923, 0.6153846153846154, 0.6384615384615384, 0.6307692307692307, 0.6346153846153846, 0.6423076923076924, 0.6692307692307692, 0.676923076923077, 0.6846153846153846, 0.6730769230769231, 0.6846153846153846, 0.6923076923076923, 0.6961538461538461, 0.6961538461538461, 0.6884615384615385, 0.6961538461538461, 0.7192307692307692, 0.7230769230769231, 0.7461538461538462, 0.7192307692307692, 0.7346153846153847, 0.7384615384615385, 0.7230769230769231, 0.7807692307692308, 0.7576923076923077, 0.7615384615384615, 0.7730769230769231, 0.7538461538461538, 0.7692307692307693, 0.7807692307692308, 0.7884615384615384, 0.8038461538461539, 0.8, 0.7961538461538461, 0.8038461538461539, 0.7846153846153846, 0.8, 0.7923076923076923, 0.8346153846153846, 0.8346153846153846, 0.8076923076923077, 0.8076923076923077, 0.8538461538461538, 0.85, 0.8538461538461538, 0.8807692307692307, 0.8576923076923076, 0.8615384615384616, 0.8653846153846154, 0.8769230769230769, 0.9, 0.8884615384615384, 0.8846153846153846, 0.8884615384615384, 0.9153846153846154, 0.9038461538461539, 0.8807692307692307, 0.9076923076923077, 0.926923076923077, 0.9384615384615385, 0.9153846153846154, 0.9346153846153846, 0.9307692307692308, 0.9115384615384615, 0.9423076923076923, 0.9307692307692308, 0.9615384615384616, 0.9384615384615385, 0.9346153846153846, 0.9653846153846154, 0.9653846153846154, 0.9615384615384616, 0.9807692307692307, 0.9769230769230769, 0.9769230769230769, 0.9615384615384616, 0.9730769230769231, 0.9884615384615385, 0.9807692307692307, 0.9730769230769231, 0.9692307692307692, 0.9769230769230769, 0.9923076923076923, 0.9846153846153847, 0.9653846153846154, 0.9692307692307692, 0.9884615384615385, 0.9769230769230769, 0.9769230769230769, 0.9846153846153847, 0.9769230769230769, 0.9923076923076923, 0.9923076923076923, 0.9923076923076923, 0.9884615384615385, 0.9923076923076923, 0.9923076923076923, 0.9807692307692307, 0.9884615384615385, 0.9961538461538462, 0.9961538461538462, 0.9923076923076923, 1.0, 0.9923076923076923, 0.9961538461538462, 0.9923076923076923, 0.9961538461538462, 1.0, 0.9961538461538462, 0.9923076923076923, 1.0, 1.0, 0.9961538461538462, 1.0, 1.0, 0.9961538461538462, 1.0, 0.9961538461538462, 0.9961538461538462, 1.0, 0.9923076923076923, 0.9961538461538462, 1.0, 0.9923076923076923, 1.0, 0.9961538461538462, 1.0, 1.0, 1.0, 1.0, 0.9961538461538462, 0.9923076923076923, 0.9923076923076923, 1.0, 1.0, 1.0, 0.9961538461538462, 1.0, 0.9923076923076923, 1.0, 0.9961538461538462, 1.0, 1.0, 1.0, 1.0, 1.0, 1.0, 0.9961538461538462, 1.0, 1.0, 0.9961538461538462, 1.0, 1.0, 1.0, 1.0, 1.0, 1.0, 1.0, 1.0, 0.9961538461538462, 1.0, 1.0, 0.9961538461538462, 1.0, 0.9961538461538462, 1.0, 1.0, 0.9961538461538462, 0.9961538461538462, 1.0, 1.0, 1.0, 1.0, 1.0, 1.0, 1.0, 1.0, 0.9961538461538462, 0.9923076923076923, 0.9884615384615385, 1.0, 1.0, 0.9923076923076923, 0.9961538461538462, 1.0, 1.0, 1.0, 1.0, 0.9961538461538462, 1.0, 1.0, 1.0, 1.0, 0.9961538461538462, 0.9961538461538462, 1.0, 1.0, 1.0, 0.9961538461538462, 1.0, 1.0, 1.0, 1.0, 1.0, 1.0, 1.0, 1.0, 1.0, 1.0, 1.0, 1.0, 1.0, 1.0, 1.0, 0.9961538461538462, 1.0, 1.0, 1.0, 1.0, 1.0, 1.0, 0.9961538461538462, 1.0, 1.0, 1.0, 1.0, 1.0, 1.0, 1.0, 1.0, 1.0, 1.0, 1.0, 1.0, 0.9961538461538462, 1.0, 1.0, 1.0, 1.0, 1.0, 0.9961538461538462, 0.9961538461538462, 1.0, 1.0, 1.0], "trainRumorF1": [0.27610693400167086, 0.20567375886524822, 0.20567375886524822, 0.22192513368983957, 0.20567375886524822, 0.21388505747126438, 0.27190133220354945, 0.24343909126517826, 0.36140219560878245, 0.35019722174584117, 0.37004107981220663, 0.34487303117968504, 0.4136880840883985, 0.41631367871251673, 0.4840263410203361, 0.534915084915085, 0.572367777990268, 0.6051629618040258, 0.6080972373243124, 0.6008211282415156, 0.6162228704728238, 0.6432883279644614, 0.6470731349650722, 0.6661144396030018, 0.6434204334104648, 0.6584558706893816, 0.6703287545397294, 0.6738884225840748, 0.6801869377438101, 0.6750341089617793, 0.67540538255786, 0.698567075553279, 0.7062164502164502, 0.7310107011734498, 0.7038762227910391, 0.7076390229256472, 0.7167523724499824, 0.7049463384486058, 0.7570750609543714, 0.7406061680255229, 0.740131393923031, 0.7534612086370766, 0.7357027974793682, 0.7485999032729604, 0.761585817051599, 0.7655939264069446, 0.7859800941829654, 0.777626311803527, 0.775089280197714, 0.7820656869200558, 0.765906994130586, 0.774012357120791, 0.7761578250932274, 0.819317015124636, 0.8129053359499112, 0.782729727559136, 0.7876125410369882, 0.8415990114303367, 0.8262048510495715, 0.8354918839514109, 0.8680743236980933, 0.8429757960041541, 0.8466307017301801, 0.8532195184214002, 0.861050420500892, 0.8886299020914405, 0.8804423266474976, 0.866503123432584, 0.873921141651944, 0.9088458758902838, 0.8952623755633331, 0.8693936921095684, 0.8982034292265767, 0.9218499336508253, 0.9353133380061164, 0.9094116398981805, 0.9256880274459719, 0.9249320326243403, 0.9035395076250486, 0.936190356630993, 0.9238459091990981, 0.9563046882195817, 0.9327719860999734, 0.929007827017287, 0.9635194720387418, 0.9614165476865706, 0.9599466925021751, 0.9787163773806465, 0.9733762822546703, 0.9742825698893185, 0.9578738519678454, 0.969757591650677, 0.9875033413525794, 0.9768102903114344, 0.969757591650677, 0.9660282387787631, 0.975363941769317, 0.9932504677893611, 0.9810931315819215, 0.9635124298315958, 0.9686558760475908, 0.9866301104958093, 0.9728821656606236, 0.9769843485814448, 0.9826504377868869, 0.9744782015619596, 0.990794649345502, 0.9908729406599063, 0.9913793103448275, 0.9863746573552703, 0.9908729406599063, 0.9909579633040829, 0.9787301188769977, 0.9866301104958093, 0.9956708341108417, 0.9956708341108417, 0.991451731761238, 1.0, 0.9913793103448275, 0.9966200670966878, 0.9908830898466139, 0.9957079957079958, 1.0, 0.9966302162833954, 0.9913793103448275, 1.0, 1.0, 0.9951746670017593, 1.0, 1.0, 0.9957079957079958, 1.0, 0.9956708341108417, 0.9966302162833954, 1.0, 0.9909579633040829, 0.9956708341108417, 1.0, 0.992303128687568, 1.0, 0.9956708341108417, 1.0, 1.0, 1.0, 1.0, 0.9966302162833954, 0.9923011037833684, 0.9913030439346229, 1.0, 1.0, 1.0, 0.9956708341108417, 1.0, 0.9918320267157478, 1.0, 0.9956708341108417, 1.0, 1.0, 1.0, 1.0, 1.0, 1.0, 0.9957079957079958, 1.0, 1.0, 0.9956708341108417, 1.0, 1.0, 1.0, 1.0, 1.0, 1.0, 1.0, 1.0, 0.9956708341108417, 1.0, 1.0, 0.9951746670017593, 1.0, 0.9956708341108417, 1.0, 1.0, 0.9966200670966878, 0.9956708341108417, 1.0, 1.0, 1.0, 1.0, 1.0, 1.0, 1.0, 1.0, 0.9952016794122057, 0.9913030439346229, 0.9871239871239871, 1.0, 1.0, 0.9908729406599063, 0.9951746670017593, 1.0, 1.0, 1.0, 1.0, 0.9951746670017593, 1.0, 1.0, 1.0, 1.0, 0.9966302162833954, 0.9966200670966878, 1.0, 1.0, 1.0, 0.9966200670966878, 1.0, 1.0, 1.0, 1.0, 1.0, 1.0, 1.0, 1.0, 1.0, 1.0, 1.0, 1.0, 1.0, 1.0, 1.0, 0.9957079957079958, 1.0, 1.0, 1.0, 1.0, 1.0, 1.0, 0.9966302162833954, 1.0, 1.0, 1.0, 1.0, 1.0, 1.0, 1.0, 1.0, 1.0, 1.0, 1.0, 1.0, 0.9966302162833954, 1.0, 1.0, 1.0, 1.0, 1.0, 0.9957079957079958, 0.9956708341108417, 1.0, 1.0, 1.0],