{"epoch": 90, "macroF1Rumor": 0.6792489353464964, "accRumor": 0.6923076923076923, "loss": 1.5242623090744019, "trainRumorAcc": [0.4461538461538462, 0.4461538461538462, 0.4423076923076923, 0.4576923076923077, 0.45384615384615384, 0.5, 0.5, 0.49230769230769234, 0.5076923076923077, 0.49615384615384617, 0.5038461538461538, 0.5307692307692308, 0.5269230769230769, 0.55, 0.5615384615384615, 0.5653846153846154, 0.5576923076923077, 0.5961538461538461, 0.5884615384615385, 0.5884615384615385, 0.6076923076923076, 0.6346153846153846, 0.6307692307692307, 0.6384615384615384, 0.6538461538461539, 0.6461538461538462, 0.6653846153846154, 0.6692307692307692, 0.6846153846153846, 0.6961538461538461, 0.7038461538461539, 0.7192307692307692, 0.7153846153846154, 0.7307692307692307, 0.7192307692307692, 0.7269230769230769, 0.7538461538461538, 0.7384615384615385, 0.7461538461538462, 0.7692307692307693, 0.7769230769230769, 0.8, 0.7923076923076923, 0.8, 0.8192307692307692, 0.8346153846153846, 0.8423076923076923, 0.8153846153846154, 0.8423076923076923, 0.8307692307692308, 0.8615384615384616, 0.8576923076923076, 0.8615384615384616, 0.8576923076923076, 0.8884615384615384, 0.8846153846153846, 0.8884615384615384, 0.9153846153846154, 0.9115384615384615, 0.9192307692307692, 0.9192307692307692, 0.9307692307692308, 0.95, 0.9307692307692308, 0.9461538461538461, 0.9538461538461539, 0.9615384615384616, 0.9653846153846154, 0.95, 0.95, 0.9846153846153847, 0.9807692307692307, 0.9807692307692307, 0.9807692307692307, 0.9692307692307692, 0.9807692307692307, 0.9846153846153847, 0.9846153846153847, 0.9884615384615385, 0.9923076923076923, 0.9961538461538462, 0.9961538461538462, 0.9923076923076923, 1.0, 0.9884615384615385, 0.9884615384615385, 0.9961538461538462, 0.9961538461538462, 0.9923076923076923, 1.0, 0.9923076923076923, 1.0, 1.0, 1.0, 1.0, 1.0, 1.0, 1.0, 1.0, 1.0, 1.0, 0.9961538461538462, 1.0, 1.0, 0.9923076923076923, 0.9961538461538462, 1.0, 1.0, 0.9961538461538462, 0.9923076923076923, 1.0, 1.0, 1.0, 1.0, 1.0, 1.0, 1.0, 1.0, 0.9961538461538462, 0.9961538461538462, 0.9961538461538462, 1.0, 1.0, 1.0, 0.9923076923076923, 1.0, 1.0, 1.0, 1.0, 1.0, 1.0, 0.9961538461538462, 1.0, 1.0, 1.0, 1.0, 1.0, 1.0, 1.0, 1.0], "trainRumorF1": [0.20567375886524822, 0.20567375886524822, 0.20444444444444443, 0.23644257947955824, 0.22862671919275693, 0.3265205004335439, 0.3425751332728077, 0.3461552739232762, 0.3658008658008658, 0.3416454313796869, 0.36107239602318614, 0.38440407998126097, 0.3822691469750293, 0.3965919138332931, 0.4151024363233666, 0.43615011726869035, 0.4182032635455597, 0.4782962338446828, 0.4492340695497629, 0.4731801306099241, 0.5097668668315084, 0.5282389108476065, 0.5645756457564576, 0.5496755842079584, 0.5874741276450679, 0.5810239189348416, 0.6118635339890665, 0.6063525277291054, 0.6399653806974411, 0.6383161905524035, 0.6601932521664963, 0.6743744759719341, 0.6672799692184226, 0.6830382246260168, 0.6710819861828202, 0.6823254236077635, 0.7206576646325157, 0.7011960293330864, 0.7062242429994162, 0.7240385719056293, 0.7420075624133964, 0.7702107773402332, 0.7585840253716842, 0.7681124232056801, 0.7890855847512195, 0.8101214317502702, 0.8154684095860566, 0.7854554955019828, 0.8130333569658935, 0.8008729126003037, 0.8326168518238574, 0.8355606803669892, 0.8405937427825254, 0.8283227065807738, 0.8675356058386535, 0.8596683545921725, 0.8659508062052179, 0.9014810998395131, 0.8965032530696506, 0.9058278911810801, 0.9026467439321365, 0.9187029436828222, 0.9400949324132012, 0.9194370750390921, 0.9361740500174908, 0.9452640631820938, 0.9548742220141815, 0.9573174911157744, 0.9423997345609888, 0.9436807399396111, 0.9815991127243396, 0.9773394318910013, 0.9773394318910013, 0.9780585415794127, 0.9640104652138954, 0.9758733350087961, 0.9819054331259096, 0.9826060878692457, 0.9870125023325246, 0.991451731761238, 0.9956708341108417, 0.9956708341108417, 0.9913793103448275, 1.0, 0.9870125023325246, 0.9867487701920331, 0.9951746670017593, 0.9952016794122057, 0.990794649345502, 1.0, 0.990794649345502, 1.0, 1.0, 1.0, 1.0, 1.0, 1.0, 1.0, 1.0, 1.0, 1.0, 0.9952016794122057, 1.0, 1.0, 0.9903769045709704, 0.9956708341108417, 1.0, 1.0, 0.9956708341108417, 0.9918320267157478, 1.0, 1.0, 1.0, 1.0, 1.0, 1.0, 1.0, 1.0, 0.9956708341108417, 0.9956708341108417, 0.9956708341108417, 1.0, 1.0, 1.0, 0.992328116193815, 1.0, 1.0, 1.0, 1.0, 1.0, 1.0, 0.9952016794122057, 1.0, 1.0, 1.0, 1.0, 1.0, 1.0, 1.0, 1.0], "trainLoss": [1.0786689519882202, 1.0649733543395996, 1.060881495475769, 1.0538814067840576, 1.0473058223724365, 1.0429798364639282, 1.0339558124542236, 1.0319461822509766, 1.0252890586853027, 1.0140420198440552, 1.0094482898712158, 1.0008960962295532, 0.989690363407135, 0.9758887887001038, 0.9744038581848145, 0.9543067216873169, 0.946381688117981, 0.9215843081474304, 0.9145521521568298, 0.8906594514846802, 0.8727671504020691, 0.85735684633255, 0.836039662361145, 0.8221983313560486, 0.7980940937995911, 0.7872464656829834, 0.7697752118110657, 0.7672480940818787, 0.7398706078529358, 0.7205506563186646, 0.7068850994110107, 0.6989075541496277, 0.6766542792320251, 0.6668516993522644, 0.6529099345207214, 0.6492350101470947, 0.6237092614173889, 0.6180129647254944, 0.6025578379631042, 0.5601377487182617, 0.5572512745857239, 0.5395647287368774, 0.524651288986206, 0.5058863759040833, 0.47793617844581604, 0.4600105285644531, 0.43987616896629333, 0.4363088607788086, 0.40321290493011475, 0.43125540018081665, 0.3950183689594269, 0.37746545672416687, 0.3524906635284424, 0.34483224153518677, 0.3071484863758087, 0.30366119742393494, 0.28729671239852905, 0.2438279241323471, 0.2434939593076706, 0.23105953633785248, 0.2155316323041916, 0.19640624523162842, 0.18388497829437256, 0.1881876289844513, 0.163932666182518, 0.16494974493980408, 0.1443900465965271, 0.12492304295301437, 0.14085620641708374, 0.13187839090824127, 0.09882905334234238, 0.09273016452789307, 0.07749459147453308, 0.07596655189990997, 0.07173963636159897, 0.07340767234563828, 0.06402737647294998, 0.0601707324385643, 0.05302806571125984, 0.0483974888920784, 0.03406529501080513, 0.037088312208652496, 0.03299610689282417, 0.023823317140340805, 0.03207340091466904, 0.033117204904556274, 0.024522176012396812, 0.01957564428448677, 0.02130686677992344, 0.014005244709551334, 0.021476570516824722, 0.011242890730500221, 0.008859819732606411, 0.008964380249381065, 0.010881301946938038, 0.009974871762096882, 0.010618890635669231, 0.007483545690774918, 0.009694647043943405, 0.008649707771837711, 0.008408267982304096, 0.005468267947435379, 0.0030611958354711533, 0.002614897908642888, 0.01875915937125683, 0.019096916541457176, 0.0028786510229110718, 0.0034553399309515953, 0.01140208076685667, 0.01579180918633938, 0.002766651101410389, 0.00405199034139514, 0.001952417311258614, 0.002596414415165782, 0.002011306583881378, 0.002382311038672924, 0.0037005755584686995, 0.00570273632183671, 0.006760979536920786, 0.005420178174972534, 0.008026707917451859, 0.0019996976479887962, 0.0018306742422282696, 0.0007776214624755085, 0.008874168619513512, 0.0018495398107916117, 0.0038971824105829, 0.0014254606794565916, 0.0015863737789914012, 0.0012521030148491263, 0.0005340451607480645, 0.011198572814464569, 0.0008751737768761814, 0.0016733501106500626, 0.0011794918682426214, 0.0017502979608252645, 0.00035984310670755804, 0.001488803536631167, 0.003535286756232381, 0.00038216874236240983], "testRumorAcc": [0.4461538461538462, 0.47692307692307695, 0.47692307692307695, 0.5692307692307692, 0.6, 0.5846153846153846, 0.5692307692307692, 0.5692307692307692, 0.5384615384615384, 0.6615384615384615, 0.6153846153846154, 0.6153846153846154, 0.6615384615384615, 0.6307692307692307, 0.5846153846153846, 0.6, 0.6307692307692307, 0.6923076923076923, 0.6615384615384615, 0.676923076923077, 0.6307692307692307, 0.676923076923077, 0.6307692307692307, 0.6153846153846154, 0.6615384615384615, 0.6461538461538462, 0.676923076923077, 0.6461538461538462],