{"epoch": 90, "macroF1Rumor": 0.7649500094321825, "accRumor": 0.7846153846153846, "loss": 0.9727766513824463, "trainRumorAcc": [0.4269230769230769, 0.4461538461538462, 0.4461538461538462, 0.45384615384615384, 0.4807692307692308, 0.4846153846153846, 0.5076923076923077, 0.49230769230769234, 0.5, 0.5076923076923077, 0.5076923076923077, 0.5115384615384615, 0.5346153846153846, 0.5653846153846154, 0.5576923076923077, 0.55, 0.5961538461538461, 0.5923076923076923, 0.5961538461538461, 0.6076923076923076, 0.6538461538461539, 0.6653846153846154, 0.6576923076923077, 0.6384615384615384, 0.6423076923076924, 0.6423076923076924, 0.6961538461538461, 0.6807692307692308, 0.6730769230769231, 0.7038461538461539, 0.7115384615384616, 0.6923076923076923, 0.7038461538461539, 0.7115384615384616, 0.7307692307692307, 0.7307692307692307, 0.7423076923076923, 0.7576923076923077, 0.75, 0.7192307692307692, 0.75, 0.7615384615384615, 0.7884615384615384, 0.8, 0.8, 0.8115384615384615, 0.8423076923076923, 0.823076923076923, 0.8192307692307692, 0.7923076923076923, 0.8384615384615385, 0.8192307692307692, 0.8307692307692308, 0.8538461538461538, 0.8769230769230769, 0.8692307692307693, 0.8769230769230769, 0.8884615384615384, 0.8846153846153846, 0.8807692307692307, 0.8961538461538462, 0.9230769230769231, 0.9076923076923077, 0.926923076923077, 0.9038461538461539, 0.9230769230769231, 0.9461538461538461, 0.9153846153846154, 0.9423076923076923, 0.9576923076923077, 0.9576923076923077, 0.9423076923076923, 0.9769230769230769, 0.9576923076923077, 0.9769230769230769, 0.9769230769230769, 0.9423076923076923, 0.9692307692307692, 0.9692307692307692, 0.9615384615384616, 0.9730769230769231, 0.9692307692307692, 0.9846153846153847, 0.9576923076923077, 0.9807692307692307, 0.9807692307692307, 0.9807692307692307, 0.9807692307692307, 0.9692307692307692, 0.9846153846153847, 0.9923076923076923, 0.9961538461538462, 0.9961538461538462, 0.9730769230769231, 0.9923076923076923, 0.9961538461538462, 0.9846153846153847, 0.9923076923076923, 0.9846153846153847, 1.0, 0.9846153846153847, 0.9961538461538462, 0.9961538461538462, 1.0, 0.9923076923076923, 0.9961538461538462, 0.9846153846153847, 1.0, 0.9807692307692307, 0.9961538461538462, 0.9923076923076923, 1.0, 1.0, 1.0, 1.0, 0.9923076923076923, 0.9961538461538462, 0.9807692307692307, 1.0, 0.9961538461538462, 0.9961538461538462, 0.9923076923076923, 1.0, 0.9961538461538462, 1.0, 0.9961538461538462, 0.9961538461538462, 1.0, 1.0, 0.9923076923076923, 0.9961538461538462, 0.9961538461538462, 0.9961538461538462, 1.0, 0.9961538461538462, 0.9961538461538462, 1.0, 0.9923076923076923, 1.0, 1.0], "trainRumorF1": [0.21406998158379376, 0.20567375886524822, 0.20567375886524822, 0.22831541218637993, 0.3065987101791042, 0.29398454895385423, 0.35779175401816915, 0.3410270173555198, 0.3622807017543859, 0.3709465020576132, 0.35942028985507246, 0.3727237397290695, 0.4049584034035603, 0.4226502859860211, 0.4223835541042975, 0.43563365474471155, 0.48927074685683997, 0.4821781086297215, 0.5163102310694004, 0.5406667190035662, 0.605366027007818, 0.6222766455530032, 0.625171625485826, 0.5986890939477612, 0.6014947818661346, 0.5948785035486587, 0.6630208453721039, 0.6288366995475675, 0.6373601137017392, 0.6645624421086546, 0.6785988655274786, 0.6504166965159873, 0.6685427257322681, 0.6678780417408451, 0.6980707913171865, 0.6913718706171537, 0.7042229849647273, 0.7354561473921603, 0.7151908268297339, 0.6825186611313455, 0.7246329423327444, 0.724888878279344, 0.7670571516836576, 0.7758787239464499, 0.7695747974571144, 0.789970350561014, 0.8237195552985027, 0.794845987751148, 0.8021481822365392, 0.7700884553414952, 0.8174946479368898, 0.7976750174741567, 0.8068846815834766, 0.8392857142857143, 0.8609577231091176, 0.8545323363505183, 0.8638608922281269, 0.8774078533369698, 0.8687714693906644, 0.8714045578907289, 0.8832352996314028, 0.916892459732117, 0.9007936507936508, 0.9204659847633243, 0.8980394836490772, 0.9190935702416319, 0.9406674104949969, 0.9055322128851541, 0.9331974513813218, 0.9522192595817235, 0.9559912063883775, 0.935664219650782, 0.9769126117915871, 0.9542826266964198, 0.9741599061018299, 0.9746935825966178, 0.9343431343431342, 0.967106238284145, 0.9661571938193726, 0.955658442455073, 0.9699878870262456, 0.967635025956613, 0.9838502194673954, 0.953285569013078, 0.9778333376664269, 0.9773394318910013, 0.9773394318910013, 0.9777676950998185, 0.964514835605453, 0.9855554903609823, 0.9909579633040829, 0.9957079957079958, 0.9966302162833954, 0.9725352097480348, 0.9917948651185936, 0.9951746670017593, 0.983248018131739, 0.9913030439346229, 0.9855739760177714, 1.0, 0.9822645838940831, 0.9956708341108417, 0.9951746670017593, 1.0, 0.9917948651185936, 0.9951746670017593, 0.9827586206896552, 1.0, 0.9795362400179527, 0.9956708341108417, 0.992303128687568, 1.0, 1.0, 1.0, 1.0, 0.991451731761238, 0.9952016794122057, 0.9792242354710446, 1.0, 0.9956708341108417, 0.9957079957079958, 0.992328116193815, 1.0, 0.9951746670017593, 1.0, 0.9957079957079958, 0.9956708341108417, 1.0, 1.0, 0.9913793103448275, 0.9956708341108417, 0.9957079957079958, 0.9956708341108417, 1.0, 0.9966200670966878, 0.9966200670966878, 1.0, 0.9932504677893611, 1.0, 1.0],