{"epoch": 120, "macroF1Rumor": 0.6997807017543859, "accRumor": 0.7230769230769231, "loss": 1.8974863290786743, "trainRumorAcc": [0.38846153846153847, 0.45, 0.45, 0.45384615384615384, 0.47307692307692306, 0.47692307692307695, 0.49230769230769234, 0.49230769230769234, 0.5076923076923077, 0.5115384615384615, 0.49615384615384617, 0.5038461538461538, 0.5346153846153846, 0.5307692307692308, 0.5192307692307693, 0.5269230769230769, 0.5461538461538461, 0.5538461538461539, 0.5461538461538461, 0.6, 0.6384615384615384, 0.6269230769230769, 0.6615384615384615, 0.6692307692307692, 0.6884615384615385, 0.6692307692307692, 0.6923076923076923, 0.7076923076923077, 0.7038461538461539, 0.6961538461538461, 0.7076923076923077, 0.7346153846153847, 0.7115384615384616, 0.7153846153846154, 0.7230769230769231, 0.7346153846153847, 0.7192307692307692, 0.7423076923076923, 0.7692307692307693, 0.7653846153846153, 0.7884615384615384, 0.7807692307692308, 0.7846153846153846, 0.7961538461538461, 0.8115384615384615, 0.8115384615384615, 0.8269230769230769, 0.8346153846153846, 0.8346153846153846, 0.8346153846153846, 0.8423076923076923, 0.8538461538461538, 0.8615384615384616, 0.8653846153846154, 0.8769230769230769, 0.8923076923076924, 0.8884615384615384, 0.8884615384615384, 0.9038461538461539, 0.9076923076923077, 0.9076923076923077, 0.9076923076923077, 0.9153846153846154, 0.926923076923077, 0.9192307692307692, 0.95, 0.9461538461538461, 0.9653846153846154, 0.9576923076923077, 0.9846153846153847, 0.9807692307692307, 0.9615384615384616, 0.9884615384615385, 0.9884615384615385, 0.9846153846153847, 0.9961538461538462, 0.9846153846153847, 0.9846153846153847, 0.9923076923076923, 0.9961538461538462, 1.0, 0.9961538461538462, 0.9961538461538462, 1.0, 1.0, 1.0, 1.0, 0.9961538461538462, 0.9923076923076923, 1.0, 1.0, 1.0, 0.9923076923076923, 0.9961538461538462, 1.0, 1.0, 0.9961538461538462, 1.0, 0.9923076923076923, 1.0, 0.9961538461538462, 1.0, 1.0, 1.0, 1.0, 1.0, 1.0, 1.0, 1.0, 1.0, 1.0, 0.9961538461538462, 1.0, 1.0, 0.9961538461538462, 1.0, 1.0, 1.0, 1.0, 1.0, 1.0, 1.0, 1.0, 1.0, 1.0, 1.0, 1.0, 1.0, 1.0, 1.0, 1.0, 0.9961538461538462, 1.0, 0.9961538461538462, 1.0, 1.0, 1.0, 1.0, 1.0, 1.0, 1.0, 1.0, 1.0, 1.0, 1.0, 1.0, 1.0, 1.0, 0.9923076923076923, 1.0, 1.0, 1.0, 1.0, 1.0, 1.0, 1.0, 1.0, 1.0, 1.0, 1.0, 1.0, 1.0, 0.9961538461538462, 1.0, 1.0, 1.0, 1.0, 1.0, 1.0, 1.0], "trainRumorF1": [0.2698765432098766, 0.2947624084302895, 0.2205219347129761, 0.22192513368983957, 0.28795518207282916, 0.28982259570494867, 0.3333333333333333, 0.34138124649073553, 0.3598755670386291, 0.3727237397290695, 0.3523180751173709, 0.37016888150609084, 0.3871206352659633, 0.39797671740616786, 0.38415770609319, 0.3934216110686699, 0.4148697123151514, 0.42300917011682326, 0.4489725675307201, 0.5290094405524619, 0.5754929308754962, 0.5829032659382334, 0.6195226047856451, 0.6416588826760713, 0.6617724867724867, 0.632525146247979, 0.6599287944843305, 0.6811668270001604, 0.6777291505150943, 0.6663378261278169, 0.6796847320067565, 0.7107847313358234, 0.6907922628510864, 0.6834697682713577, 0.6937696811025055, 0.7037782202541928, 0.6805696718740196, 0.7153986609860014, 0.7401296590939364, 0.739203354297694, 0.7666077044025158, 0.751192974896279, 0.7584148563635794, 0.7700483825064035, 0.7920570019623726, 0.7829293424034591, 0.8084001381926377, 0.813725359784416, 0.820325799171953, 0.8148998464285397, 0.8236802314114785, 0.8334045975607273, 0.8463651683782851, 0.849685163321527, 0.8609741984354987, 0.8821512680433842, 0.8725050933028141, 0.8737063822533907, 0.8915548938605432, 0.8966855758225614, 0.8957824763452447, 0.8940380134583998, 0.9048339409769458, 0.9204840695862185, 0.906346048587428, 0.9427240362119824, 0.9379590755785423, 0.960838324311565, 0.9540987392858007, 0.9820854658000862, 0.9788772280526404, 0.9585675448375678, 0.9874270749423748, 0.9859977636693182, 0.9831439258725615, 0.9966302162833954, 0.9836570243892897, 0.9850700548374967, 0.992328116193815, 0.9951746670017593, 1.0, 0.9952016794122057, 0.9956708341108417, 1.0, 1.0, 1.0, 1.0, 0.9957079957079958, 0.9913793103448275, 1.0, 1.0, 1.0, 0.990794649345502, 0.9957079957079958, 1.0, 1.0, 0.9956708341108417, 1.0, 0.9932504677893611, 1.0, 0.9952016794122057, 1.0, 1.0, 1.0, 1.0, 1.0, 1.0, 1.0, 1.0, 1.0, 1.0, 0.9966200670966878, 1.0, 1.0, 0.9952016794122057, 1.0, 1.0, 1.0, 1.0, 1.0, 1.0, 1.0, 1.0, 1.0, 1.0, 1.0, 1.0, 1.0, 1.0, 1.0, 1.0, 0.9952016794122057, 1.0, 0.9957079957079958, 1.0, 1.0, 1.0, 1.0, 1.0, 1.0, 1.0, 1.0, 1.0, 1.0, 1.0, 1.0, 1.0, 1.0, 0.9913793103448275, 1.0, 1.0, 1.0, 1.0, 1.0, 1.0, 1.0, 1.0, 1.0, 1.0, 1.0, 1.0, 1.0, 0.9957079957079958, 1.0, 1.0, 1.0, 1.0, 1.0, 1.0, 1.0],