{"epoch": 155, "macroF1Rumor": 0.7955555555555556, "accRumor": 0.8153846153846154, "loss": 1.6010805368423462, "trainRumorAcc": [0.4461538461538462, 0.4423076923076923, 0.45, 0.4461538461538462, 0.4461538461538462, 0.46923076923076923, 0.48846153846153845, 0.5076923076923077, 0.49615384615384617, 0.5192307692307693, 0.5192307692307693, 0.5384615384615384, 0.5384615384615384, 0.5692307692307692, 0.5846153846153846, 0.5884615384615385, 0.5961538461538461, 0.6076923076923076, 0.6192307692307693, 0.6538461538461539, 0.6384615384615384, 0.6615384615384615, 0.6923076923076923, 0.6461538461538462, 0.6576923076923077, 0.6923076923076923, 0.6884615384615385, 0.7038461538461539, 0.7153846153846154, 0.6846153846153846, 0.7, 0.7307692307692307, 0.6807692307692308, 0.7192307692307692, 0.7230769230769231, 0.7269230769230769, 0.7384615384615385, 0.7423076923076923, 0.7692307692307693, 0.7769230769230769, 0.7846153846153846, 0.8038461538461539, 0.7961538461538461, 0.8038461538461539, 0.7730769230769231, 0.8038461538461539, 0.8192307692307692, 0.8307692307692308, 0.8269230769230769, 0.8461538461538461, 0.8461538461538461, 0.823076923076923, 0.8576923076923076, 0.8423076923076923, 0.8884615384615384, 0.8653846153846154, 0.8730769230769231, 0.8807692307692307, 0.8769230769230769, 0.8846153846153846, 0.8846153846153846, 0.8846153846153846, 0.9076923076923077, 0.8961538461538462, 0.9038461538461539, 0.9346153846153846, 0.9, 0.9115384615384615, 0.9461538461538461, 0.9115384615384615, 0.9153846153846154, 0.9192307692307692, 0.9192307692307692, 0.9615384615384616, 0.9384615384615385, 0.9615384615384616, 0.9615384615384616, 0.95, 0.9692307692307692, 0.9769230769230769, 0.9576923076923077, 0.9538461538461539, 0.9653846153846154, 0.9692307692307692, 0.9730769230769231, 0.9807692307692307, 0.9653846153846154, 0.9769230769230769, 0.9576923076923077, 0.9807692307692307, 0.9769230769230769, 0.9769230769230769, 0.9884615384615385, 0.9884615384615385, 0.9807692307692307, 0.9846153846153847, 0.9923076923076923, 0.9884615384615385, 0.9692307692307692, 0.9730769230769231, 0.9807692307692307, 0.9807692307692307, 0.9923076923076923, 0.9923076923076923, 0.9846153846153847, 0.9769230769230769, 0.9884615384615385, 0.9961538461538462, 1.0, 0.9923076923076923, 1.0, 1.0, 0.9923076923076923, 0.9961538461538462, 0.9769230769230769, 1.0, 0.9961538461538462, 0.9923076923076923, 1.0, 0.9961538461538462, 1.0, 0.9846153846153847, 1.0, 0.9961538461538462, 0.9923076923076923, 0.9923076923076923, 1.0, 1.0, 0.9961538461538462, 0.9961538461538462, 0.9884615384615385, 1.0, 1.0, 0.9961538461538462, 0.9923076923076923, 1.0, 1.0, 0.9961538461538462, 1.0, 0.9923076923076923, 0.9961538461538462, 1.0, 0.9884615384615385, 0.9923076923076923, 0.9923076923076923, 1.0, 0.9961538461538462, 1.0, 1.0, 0.9961538461538462, 0.9961538461538462, 1.0, 1.0, 1.0, 0.9923076923076923, 1.0, 0.9961538461538462, 1.0, 0.9961538461538462, 1.0, 1.0, 1.0, 1.0, 1.0, 1.0, 1.0, 1.0, 1.0, 0.9961538461538462, 1.0, 1.0, 1.0, 0.9961538461538462, 1.0, 1.0, 0.9961538461538462, 1.0, 0.9961538461538462, 1.0, 0.9961538461538462, 1.0, 1.0, 1.0, 1.0, 1.0, 1.0, 1.0, 1.0, 1.0, 1.0, 1.0, 0.9961538461538462, 0.9961538461538462, 1.0, 1.0, 1.0, 1.0, 0.9961538461538462, 1.0, 0.9961538461538462, 1.0, 1.0, 1.0, 1.0, 0.9961538461538462], "trainRumorF1": [0.20567375886524822, 0.21170848267622458, 0.21388505747126438, 0.20567375886524822, 0.21256684491978609, 0.2525861817757962, 0.3074910552624512, 0.32623403975253396, 0.31586105879891185, 0.36879969708443777, 0.36929683306494904, 0.3845839736879227, 0.39558684459388466, 0.4212798638354401, 0.4436519641020891, 0.4443305686286421, 0.45436918653934094, 0.4933336731486437, 0.50518341307815, 0.5765313735844414, 0.5574638458861984, 0.5989033127859636, 0.6469212246302031, 0.5715991325747423, 0.5895516948814751, 0.65, 0.6322849773142171, 0.65832361919141, 0.6765679326540534, 0.6365518711366888, 0.6597224820251046, 0.6851323942096635, 0.6456176282683416, 0.6840810993677234, 0.6901651213555513, 0.7058306341466465, 0.702896060326284, 0.7065079716589276, 0.7449964085031432, 0.7516727787428424, 0.751348230042562, 0.7735804460330953, 0.7698062600968342, 0.7801129756297681, 0.7544187629868278, 0.7771320814494654, 0.8024894763553858, 0.8089772443110776, 0.8066780889361533, 0.8354568010738707, 0.8301453914899293, 0.8063985020061755, 0.8395358143257304, 0.8225957049486462, 0.8806624123147729, 0.8540378945632229, 0.8695833560066024, 0.8670310706682408, 0.8660696215341024, 0.8727318403674994, 0.8754603214915949, 0.8752046698048016, 0.9014025922753438, 0.8807369544101021, 0.8940522754082076, 0.9281901123427169, 0.8881978373369589, 0.9012272334737911, 0.9408829667909474, 0.9013905795350151, 0.9077174961790346, 0.9134486803858, 0.9108011915125459, 0.9582441344450513, 0.9359576813879226, 0.9591010502258257, 0.9597228113017585, 0.9447545166601318, 0.9688774250738961, 0.9747769466425152, 0.9527704433882923, 0.9490968114675544, 0.961149234884854, 0.9650236770805597, 0.9700040330711838, 0.9802144393756991, 0.9648981516751011, 0.9778802459235498, 0.9552198600012877, 0.9773394318910013, 0.9744782015619596, 0.9744782015619596, 0.9879474098958981, 0.9879970869606111, 0.9788826516974072, 0.984173324940497, 0.9908729406599063, 0.9868951233289399, 0.9677410022406702, 0.969695838775891, 0.9766213877933149, 0.9785236074263728, 0.9918270302078399, 0.9913793103448275, 0.9835256545062675, 0.9760090884790164, 0.9874270749423748, 0.9966200670966878, 1.0, 0.992303128687568, 1.0, 1.0, 0.9923011037833684, 0.9957079957079958, 0.9736562271282599, 1.0, 0.9952016794122057, 0.9908729406599063, 1.0, 0.9966200670966878, 1.0, 0.9831439258725615, 1.0, 0.9957079957079958, 0.9913030439346229, 0.9913793103448275, 1.0, 1.0, 0.9956708341108417, 0.9951746670017593, 0.9856050382366172, 1.0, 1.0, 0.9956708341108417, 0.9923011037833684, 1.0, 1.0, 0.9966302162833954, 1.0, 0.9917988133590253, 0.9956708341108417, 1.0, 0.9884475392361622, 0.9918320267157478, 0.992328116193815, 1.0, 0.9957079957079958, 1.0, 1.0, 0.9952016794122057, 0.9956708341108417, 1.0, 1.0, 1.0, 0.9932504677893611, 1.0, 0.9957079957079958, 1.0, 0.9956708341108417, 1.0, 1.0, 1.0, 1.0, 1.0, 1.0, 1.0, 1.0, 1.0, 0.9956708341108417, 1.0, 1.0, 1.0, 0.9956708341108417, 1.0, 1.0, 0.9966302162833954, 1.0, 0.9952016794122057, 1.0, 0.9951746670017593, 1.0, 1.0, 1.0, 1.0, 1.0, 1.0, 1.0, 1.0, 1.0, 1.0, 1.0, 0.9952016794122057, 0.9966200670966878, 1.0, 1.0, 1.0, 1.0, 0.9952016794122057, 1.0, 0.9957079957079958, 1.0, 1.0, 1.0, 1.0, 0.9951746670017593],