{"epoch": 75, "macroF1Rumor": 0.7014368256890116, "accRumor": 0.7076923076923077, "loss": 1.0157129764556885, "trainRumorAcc": [0.4461538461538462, 0.4461538461538462, 0.4423076923076923, 0.48846153846153845, 0.45384615384615384, 0.47307692307692306, 0.4807692307692308, 0.49230769230769234, 0.48846153846153845, 0.5076923076923077, 0.5076923076923077, 0.5038461538461538, 0.5423076923076923, 0.5346153846153846, 0.5153846153846153, 0.5423076923076923, 0.5807692307692308, 0.573076923076923, 0.5692307692307692, 0.6, 0.6, 0.5846153846153846, 0.6576923076923077, 0.6269230769230769, 0.6538461538461539, 0.6461538461538462, 0.6576923076923077, 0.6730769230769231, 0.6884615384615385, 0.6846153846153846, 0.7, 0.6884615384615385, 0.7192307692307692, 0.7192307692307692, 0.7269230769230769, 0.7269230769230769, 0.75, 0.7538461538461538, 0.7846153846153846, 0.7384615384615385, 0.8038461538461539, 0.7692307692307693, 0.8, 0.7923076923076923, 0.7961538461538461, 0.8038461538461539, 0.7923076923076923, 0.8115384615384615, 0.8115384615384615, 0.8384615384615385, 0.8307692307692308, 0.8423076923076923, 0.8423076923076923, 0.8615384615384616, 0.8307692307692308, 0.8692307692307693, 0.8653846153846154, 0.8576923076923076, 0.8961538461538462, 0.8653846153846154, 0.8923076923076924, 0.8884615384615384, 0.8730769230769231, 0.9115384615384615, 0.8961538461538462, 0.9115384615384615, 0.9076923076923077, 0.9115384615384615, 0.9384615384615385, 0.9230769230769231, 0.926923076923077, 0.9307692307692308, 0.95, 0.9538461538461539, 0.9384615384615385, 0.9346153846153846, 0.95, 0.9653846153846154, 0.9538461538461539, 0.95, 0.9538461538461539, 0.9653846153846154, 0.9615384615384616, 0.9653846153846154, 0.9807692307692307, 0.95, 0.9807692307692307, 0.9846153846153847, 0.9769230769230769, 0.9846153846153847, 0.9769230769230769, 0.9884615384615385, 0.9923076923076923, 0.9653846153846154, 0.9807692307692307, 0.9807692307692307, 0.9769230769230769, 0.9961538461538462, 0.9730769230769231, 0.9961538461538462, 0.9961538461538462, 0.9961538461538462, 0.9923076923076923, 0.9807692307692307, 0.9961538461538462, 0.9884615384615385, 0.9961538461538462, 0.9923076923076923, 0.9961538461538462, 0.9923076923076923, 0.9923076923076923, 0.9923076923076923, 0.9923076923076923, 0.9923076923076923, 0.9961538461538462, 0.9846153846153847, 0.9884615384615385, 0.9884615384615385, 1.0, 0.9923076923076923, 0.9846153846153847, 0.9961538461538462, 0.9961538461538462, 0.9961538461538462, 1.0], "trainRumorF1": [0.20567375886524822, 0.20567375886524822, 0.20444444444444443, 0.29584155916741034, 0.22862671919275693, 0.2911116244449578, 0.2997489014438167, 0.3303818001978239, 0.35858178231059584, 0.3548040794417606, 0.35215375640907554, 0.3621958121109225, 0.4064271830971731, 0.39783773051223087, 0.38788350681638123, 0.408866861818779, 0.44115716975461966, 0.4439958478236951, 0.46156240273887333, 0.4824324376563182, 0.5059689048128355, 0.49862025313288855, 0.6210930536044099, 0.5498546836575006, 0.5792150889623814, 0.6173364584609938, 0.6065189025810414, 0.6214587569491513, 0.6571206178633234, 0.642714238356537, 0.6672357723577237, 0.6572189013062268, 0.6759780668349835, 0.6800396423751686, 0.6980703392468097, 0.7021384479717812, 0.7087719298245614, 0.7202561968214173, 0.7583845771076142, 0.7108056373957187, 0.77666557457535, 0.7451073942302013, 0.7777966549628119, 0.7646409259083579, 0.7695851288960429, 0.7867930620403928, 0.7634894573372457, 0.784034632034632, 0.7930102003098867, 0.8136663613518401, 0.8145212059460345, 0.8285011114272298, 0.8196680225153047, 0.8390518736069293, 0.808791517068348, 0.8513364021760884, 0.8533614827231352, 0.8401321314927191, 0.8868685267385331, 0.8514695512713569, 0.8778999273705125, 0.8749076712039674, 0.8571466035921436, 0.9006303489981038, 0.8830822285340979, 0.8992971994790423, 0.9025368248772504, 0.9034998136745162, 0.9321144183853004, 0.9100140646976089, 0.9144292684696449, 0.9219310603925989, 0.9459142788396154, 0.9470257519793123, 0.9334780652858455, 0.9275243235809812, 0.9470740846490348, 0.9614521666261183, 0.9490178107484084, 0.9433974873028602, 0.9472734562951083, 0.9658778567407723, 0.9563046882195817, 0.9616412723870623, 0.9775415716339726, 0.9457810123124065, 0.9792625772468998, 0.9842031234379922, 0.9729997717904054, 0.983248018131739, 0.974826843453149, 0.986504002334093, 0.9913793103448275, 0.9635124298315958, 0.9798755431829068, 0.9778599229400143, 0.9753706709238384, 0.9957079957079958, 0.9717780066617276, 0.9952016794122057, 0.9956708341108417, 0.9956708341108417, 0.9909579633040829, 0.9792605643480284, 0.9957079957079958, 0.9879334190164605, 0.9957079957079958, 0.9913030439346229, 0.9951746670017593, 0.9923256641527564, 0.9909579633040829, 0.9923011037833684, 0.9913793103448275, 0.992328116193815, 0.9966302162833954, 0.9832395773319783, 0.9875033413525794, 0.9869743051823234, 1.0, 0.9913793103448275, 0.9827586206896552, 0.9952016794122057, 0.9956708341108417, 0.9952016794122057, 1.0], "trainLoss": [1.0777778625488281, 1.0677993297576904, 1.0629230737686157, 1.0552024841308594, 1.0504616498947144, 1.038851261138916, 1.026031732559204, 1.0316544771194458, 1.0234954357147217, 1.0249994993209839, 1.0126341581344604, 1.003347396850586, 0.9900233149528503, 0.9909477829933167, 0.9810922741889954, 0.963979184627533, 0.9466382265090942, 0.9284436702728271, 0.9286794662475586, 0.9002574682235718, 0.8835941553115845, 0.8740313053131104, 0.8497578501701355, 0.8369749188423157, 0.8131861686706543, 0.799519419670105, 0.8163029551506042, 0.7779263854026794, 0.7544774413108826, 0.7506892085075378, 0.7303797006607056, 0.7518550753593445, 0.7207168340682983, 0.6936564445495605, 0.7381360530853271, 0.6767011284828186, 0.6581364870071411, 0.6661681532859802, 0.6382466554641724, 0.643276572227478, 0.5932362675666809, 0.596017599105835, 0.5824831128120422, 0.5749129056930542, 0.5231683254241943, 0.5586388111114502, 0.5161267518997192, 0.5170043706893921, 0.48598793148994446, 0.45611771941185, 0.4727484881877899, 0.4383494555950165, 0.4194851219654083, 0.3929743766784668, 0.40543127059936523, 0.38728997111320496, 0.38755765557289124, 0.3820071816444397, 0.3276870846748352, 0.32213762402534485, 0.2993317246437073, 0.29805341362953186, 0.30405956506729126, 0.25855839252471924, 0.25606462359428406, 0.24527102708816528, 0.24554884433746338, 0.22552290558815002, 0.1901482194662094, 0.23634736239910126, 0.19354501366615295, 0.18572856485843658, 0.16576643288135529, 0.14319224655628204, 0.16787181794643402, 0.1527162492275238, 0.13804300129413605, 0.12307339906692505, 0.13259832561016083, 0.13008631765842438, 0.13701443374156952, 0.12219339609146118, 0.09993995726108551, 0.10788428783416748, 0.0721198171377182, 0.11182468384504318, 0.08586609363555908, 0.07231859862804413, 0.0700012594461441, 0.05694974958896637, 0.07173696160316467, 0.05984673276543617, 0.04753686860203743, 0.08219655603170395, 0.06119810417294502, 0.05623335391283035, 0.07353074103593826, 0.0393233560025692, 0.07583353668451309, 0.030467242002487183, 0.030377192422747612, 0.025101106613874435, 0.04113864153623581, 0.04630380496382713, 0.028388040140271187, 0.03901863098144531, 0.027574151754379272, 0.03121316246688366, 0.027159908786416054, 0.024793347343802452, 0.03552952781319618, 0.03310585021972656, 0.03652019798755646, 0.02456524595618248, 0.032440029084682465, 0.05531822517514229, 0.0283470768481493, 0.02149510569870472, 0.013811804354190826, 0.02075183391571045, 0.03229086473584175, 0.014432393014431, 0.013828802853822708, 0.010505874641239643, 0.010943148285150528],