{"epoch": 70, "macroF1Rumor": 0.7395502645502646, "accRumor": 0.7538461538461538, "loss": 0.8447254300117493, "trainRumorAcc": [0.4461538461538462, 0.45384615384615384, 0.45, 0.47307692307692306, 0.49615384615384617, 0.5115384615384615, 0.49615384615384617, 0.5192307692307693, 0.5192307692307693, 0.5384615384615384, 0.5346153846153846, 0.55, 0.5576923076923077, 0.573076923076923, 0.5692307692307692, 0.5961538461538461, 0.6076923076923076, 0.6038461538461538, 0.6153846153846154, 0.6423076923076924, 0.6461538461538462, 0.6653846153846154, 0.6730769230769231, 0.6884615384615385, 0.6923076923076923, 0.7076923076923077, 0.7346153846153847, 0.7423076923076923, 0.7346153846153847, 0.7269230769230769, 0.7538461538461538, 0.7423076923076923, 0.7730769230769231, 0.7846153846153846, 0.7423076923076923, 0.7807692307692308, 0.7923076923076923, 0.8038461538461539, 0.8115384615384615, 0.8076923076923077, 0.8115384615384615, 0.8461538461538461, 0.8269230769230769, 0.8461538461538461, 0.8307692307692308, 0.8538461538461538, 0.8538461538461538, 0.8653846153846154, 0.8807692307692307, 0.8653846153846154, 0.8692307692307693, 0.8884615384615384, 0.9, 0.9, 0.8923076923076924, 0.9192307692307692, 0.9153846153846154, 0.9384615384615385, 0.9307692307692308, 0.9423076923076923, 0.9384615384615385, 0.9461538461538461, 0.9576923076923077, 0.9653846153846154, 0.95, 0.9653846153846154, 0.9807692307692307, 0.9692307692307692, 0.9692307692307692, 0.9884615384615385, 0.9846153846153847, 0.9730769230769231, 0.9923076923076923, 0.9884615384615385, 1.0, 0.9884615384615385, 0.9961538461538462, 0.9923076923076923, 1.0, 0.9961538461538462, 0.9961538461538462, 0.9961538461538462, 0.9961538461538462, 0.9923076923076923, 1.0, 0.9961538461538462, 0.9923076923076923, 1.0, 1.0, 1.0, 1.0, 1.0, 1.0, 1.0, 1.0, 1.0, 1.0, 0.9961538461538462, 1.0, 1.0, 0.9961538461538462, 1.0, 1.0, 1.0, 0.9923076923076923, 1.0, 1.0, 1.0, 0.9961538461538462, 1.0, 1.0, 1.0, 1.0, 1.0, 1.0, 0.9961538461538462, 1.0, 1.0, 1.0, 1.0], "trainRumorF1": [0.20567375886524822, 0.22894633764198982, 0.214349376114082, 0.28775351565260404, 0.3410054890219561, 0.360082350739285, 0.3420252759558471, 0.37526881720430105, 0.37833885209713025, 0.3941538974017322, 0.3940740740740741, 0.40588568194680247, 0.4232431969720105, 0.4328311471754452, 0.43444797147454023, 0.46197232147210204, 0.4891463862052097, 0.5094958644690629, 0.5238782381639524, 0.5773835251914906, 0.5688926617619318, 0.6102487646791552, 0.6126381315446605, 0.6370777168113156, 0.6470969265046552, 0.6701050305555937, 0.6999266500493326, 0.7069082963819806, 0.7118326861278347, 0.6928299135122163, 0.7158253312281974, 0.7127204585537918, 0.7451282051282052, 0.751162782002677, 0.7066150205522957, 0.7477559528236708, 0.7683173195368317, 0.7759072490148187, 0.7833159553870931, 0.7854962413343568, 0.7838432482819716, 0.8245564512856216, 0.796450437882663, 0.8175881678406779, 0.8006204034676855, 0.8301277780778672, 0.8282170633267812, 0.840338279036204, 0.8608635147834889, 0.839627716243586, 0.8461060641354142, 0.8632027090816802, 0.880970291103508, 0.8858640855011091, 0.8775121275121275, 0.9052075000350862, 0.9013984327908379, 0.9292632331902717, 0.9195151879397993, 0.934158462259728, 0.9280197222291448, 0.9383376127793263, 0.9508719774165999, 0.9596201642373473, 0.9426808321421215, 0.9608135341620484, 0.9792625772468998, 0.9629510914617297, 0.9653340123928359, 0.986504002334093, 0.9822499605238294, 0.9697632666538386, 0.9918320267157478, 0.986504002334093, 1.0, 0.9859977636693182, 0.9966302162833954, 0.9903769045709704, 1.0, 0.9957079957079958, 0.9957079957079958, 0.9957079957079958, 0.9951746670017593, 0.9908729406599063, 1.0, 0.9957079957079958, 0.9913030439346229, 1.0, 1.0, 1.0, 1.0, 1.0, 1.0, 1.0, 1.0, 1.0, 1.0, 0.9956708341108417, 1.0, 1.0, 0.9966200670966878, 1.0, 1.0, 1.0, 0.9932504677893611, 1.0, 1.0, 1.0, 0.9957079957079958, 1.0, 1.0, 1.0, 1.0, 1.0, 1.0, 0.9952016794122057, 1.0, 1.0, 1.0, 1.0], "trainLoss": [1.0726523399353027, 1.0608569383621216, 1.0556026697158813, 1.046598196029663, 1.0359951257705688, 1.0292739868164062, 1.0235260725021362, 1.0137139558792114, 1.0029315948486328, 0.9970269799232483, 0.9833884239196777, 0.9660273790359497, 0.9465582370758057, 0.938551664352417, 0.913034200668335, 0.9056398868560791, 0.8735661506652832, 0.8497022986412048, 0.8370230197906494, 0.8018372058868408, 0.7817565202713013, 0.7635059952735901, 0.7533918619155884, 0.7502899169921875, 0.7196296453475952, 0.7005010843276978, 0.6886582374572754, 0.6836515665054321, 0.6942219138145447, 0.6676076650619507, 0.6237579584121704, 0.656400740146637, 0.6366380453109741, 0.6133731603622437, 0.6034819483757019, 0.5607303977012634, 0.5631645321846008, 0.5664386749267578, 0.5300771594047546, 0.5270333290100098, 0.5375936627388, 0.48519909381866455, 0.4824085831642151, 0.4524904489517212, 0.43206414580345154, 0.3937119245529175, 0.3716517984867096, 0.37393462657928467, 0.35997268557548523, 0.3522127568721771, 0.3265201151371002, 0.30998313426971436, 0.26984724402427673, 0.2720169425010681, 0.26208025217056274, 0.26229384541511536, 0.21374855935573578, 0.1999581754207611, 0.21018560230731964, 0.1802753508090973, 0.17404434084892273, 0.1668138951063156, 0.14685314893722534, 0.12048675864934921, 0.12281734496355057, 0.10773317515850067, 0.09738094359636307, 0.08439047634601593, 0.0960969552397728, 0.06706087291240692, 0.05623334273695946, 0.08371613174676895, 0.0455542653799057, 0.05025986209511757, 0.03727129474282265, 0.04351723566651344, 0.038019999861717224, 0.03061019442975521, 0.018818676471710205, 0.02889457903802395, 0.022376490756869316, 0.019664162769913673, 0.015290876850485802, 0.022150158882141113, 0.009547862224280834, 0.01498252060264349, 0.019198784604668617, 0.007978931069374084, 0.011622577905654907, 0.009877667762339115, 0.005799833685159683, 0.004120432306081057, 0.010119031183421612, 0.005360901355743408, 0.005661428906023502, 0.0043343715369701385, 0.005133147817105055, 0.009392798878252506, 0.006182738114148378, 0.002260932233184576, 0.011579584330320358, 0.0018210592679679394, 0.004824820905923843, 0.0022770515643060207, 0.05935223773121834, 0.0008991626091301441, 0.002035766141489148, 0.002702197525650263, 0.010261421091854572, 0.0020382015500217676, 0.001002078759483993, 0.001040625385940075, 0.0010131149319931865, 0.002084352308884263, 0.002155213849619031, 0.009311648085713387, 0.0014835646143183112, 0.0006890974473208189, 0.0005371467559598386, 0.0017005628906190395], "testRumorAcc": [0.4307692307692308, 0.4307692307692308, 0.5076923076923077, 0.6307692307692307, 0.676923076923077, 0.6461538461538462, 0.676923076923077, 0.676923076923077, 0.6615384615384615, 0.6923076923076923, 0.7076923076923077, 0.7230769230769231, 0.7538461538461538, 0.7538461538461538, 0.7230769230769231, 0.7538461538461538, 0.7230769230769231, 0.7076923076923077, 0.7384615384615385, 0.7076923076923077, 0.6923076923076923, 0.7076923076923077, 0.6923076923076923, 0.7230769230769231], "testRumorF1": [0.2028985507246377, 0.2650439486139283, 0.3412220231956431, 0.5628218694885362, 0.6270753512132824, 0.6174242424242423, 0.6420162213265662, 0.6481566820276498, 0.6338859020310633, 0.6595848595848596, 0.6875017455662618, 0.6953060011883542, 0.7388632872503841, 0.7395502645502646, 0.709925558312655, 0.7394054395951929, 0.7084230280951593, 0.689659946832078, 0.7236519607843137, 0.6856617647058824, 0.6675424512236656, 0.6924709277650455, 0.6831981012308881, 0.7108904167727697], "testLoss": [1.0796566009521484, 1.0642222166061401, 1.063484787940979, 0.9648847579956055, 0.9065513014793396, 0.8290947079658508, 0.7867782115936279, 0.7539144158363342, 0.741240918636322, 0.7419115304946899, 0.7542101740837097, 0.8095254302024841, 0.7839565873146057, 0.8447254300117493, 0.8836348056793213, 1.0263113975524902, 1.107265591621399, 1.156321406364441, 1.3736779689788818, 1.3994190692901611, 1.7224812507629395, 1.5242156982421875, 1.3682245016098022, 1.3853036165237427]}