{"epoch": 55, "macroF1Rumor": 0.6324585383634044, "accRumor": 0.6615384615384615, "loss": 0.9611771106719971, "trainRumorAcc": [0.4153846153846154, 0.4461538461538462, 0.4461538461538462, 0.4461538461538462, 0.4461538461538462, 0.4461538461538462, 0.4576923076923077, 0.47692307692307695, 0.4807692307692308, 0.5038461538461538, 0.5192307692307693, 0.5115384615384615, 0.5230769230769231, 0.5576923076923077, 0.5461538461538461, 0.5769230769230769, 0.573076923076923, 0.573076923076923, 0.6230769230769231, 0.6307692307692307, 0.6269230769230769, 0.6423076923076924, 0.6807692307692308, 0.6846153846153846, 0.6884615384615385, 0.6807692307692308, 0.7269230769230769, 0.7307692307692307, 0.7538461538461538, 0.7615384615384615, 0.75, 0.7615384615384615, 0.7884615384615384, 0.7769230769230769, 0.7807692307692308, 0.7884615384615384, 0.7884615384615384, 0.8, 0.8115384615384615, 0.8153846153846154, 0.8384615384615385, 0.8115384615384615, 0.823076923076923, 0.85, 0.85, 0.8807692307692307, 0.8423076923076923, 0.8730769230769231, 0.8730769230769231, 0.8846153846153846, 0.8884615384615384, 0.8961538461538462, 0.9192307692307692, 0.9076923076923077, 0.9192307692307692, 0.9192307692307692, 0.9346153846153846, 0.9423076923076923, 0.9346153846153846, 0.95, 0.9615384615384616, 0.9615384615384616, 0.9653846153846154, 0.95, 0.9615384615384616, 0.9730769230769231, 0.9769230769230769, 0.9769230769230769, 0.9884615384615385, 0.9769230769230769, 0.9884615384615385, 0.9923076923076923, 1.0, 0.9884615384615385, 0.9846153846153847, 1.0, 0.9846153846153847, 1.0, 0.9923076923076923, 1.0, 0.9884615384615385, 0.9923076923076923, 1.0, 1.0, 1.0, 1.0, 1.0, 1.0, 0.9961538461538462, 1.0, 1.0, 0.9961538461538462, 0.9961538461538462, 0.9961538461538462, 1.0, 1.0, 1.0, 1.0, 1.0, 1.0, 0.9961538461538462, 1.0, 0.9961538461538462, 1.0, 0.9961538461538462], "trainRumorF1": [0.2637619314991578, 0.20567375886524822, 0.20567375886524822, 0.20567375886524822, 0.20567375886524822, 0.20567375886524822, 0.229799881515398, 0.281039565135084, 0.2994862731848464, 0.3363165182987142, 0.3666142557651992, 0.36460041310874985, 0.3850148724892149, 0.41727798806562505, 0.41703857066175914, 0.4454413233376508, 0.49652106749773806, 0.4662974368253989, 0.5498627521183912, 0.5628650244797141, 0.5697191697191698, 0.5937425148070726, 0.6555732578037411, 0.6409252025747226, 0.6429959977129789, 0.6433330667093266, 0.6968429468429469, 0.700883350883351, 0.7280010530010531, 0.7298652794451114, 0.7200080401231205, 0.7305311808458325, 0.7591736407427491, 0.7449152883415832, 0.7577762028506182, 0.7609523809523809, 0.7594918747771233, 0.7613438299425094, 0.7792852624920936, 0.7886414754835808, 0.8111192232365428, 0.7762518412673213, 0.7900778089013382, 0.8237903785445734, 0.821668063419387, 0.8576571813611155, 0.8120129964654792, 0.8488608136221898, 0.8513246689269081, 0.8634410176328974, 0.8660549125310503, 0.8802991929818348, 0.9023625239325899, 0.8875136324879538, 0.903015972407713, 0.903413601249762, 0.9231795146563079, 0.9287056682507894, 0.9220081584233762, 0.9399897813202535, 0.9520634218910082, 0.9524073551001336, 0.9581653978205701, 0.9401135969562088, 0.9520634218910082, 0.9684542325079839, 0.9743783367056738, 0.9717582993542505, 0.9863746573552703, 0.9723839480365056, 0.9858884096888344, 0.9903769045709704, 1.0, 0.9863746573552703, 0.9810931315819215, 1.0, 0.9826073917607099, 1.0, 0.9913793103448275, 1.0, 0.9869410847982957, 0.990794649345502, 1.0, 1.0, 1.0, 1.0, 1.0, 1.0, 0.9957079957079958, 1.0, 1.0, 0.9956708341108417, 0.9966200670966878, 0.9957079957079958, 1.0, 1.0, 1.0, 1.0, 1.0, 1.0, 0.9966302162833954, 1.0, 0.9966200670966878, 1.0, 0.9956708341108417], "trainLoss": [1.0808229446411133, 1.0672837495803833, 1.063900113105774, 1.0601544380187988, 1.0562481880187988, 1.0512429475784302, 1.0462372303009033, 1.0404548645019531, 1.0336802005767822, 1.0238642692565918, 1.0144689083099365, 1.0051590204238892, 0.9955859780311584, 0.9800639748573303, 0.9625021815299988, 0.9532099366188049, 0.9335863590240479, 0.9235060214996338, 0.8944928646087646, 0.8793480396270752, 0.8605441451072693, 0.8264231085777283, 0.8218910694122314, 0.800135612487793, 0.7724612951278687, 0.7733709216117859, 0.7327631115913391, 0.7249752879142761, 0.6960088610649109, 0.6747211813926697, 0.676560640335083, 0.659986674785614, 0.6221922039985657, 0.6171289682388306, 0.5905787348747253, 0.5745706558227539, 0.5633977055549622, 0.5443540811538696, 0.49421486258506775, 0.5059361457824707, 0.46189722418785095, 0.4447973966598511, 0.43351301550865173, 0.40004655718803406, 0.41700300574302673, 0.3693332076072693, 0.37386563420295715, 0.34655430912971497, 0.32858970761299133, 0.29202374815940857, 0.28333592414855957, 0.27410659193992615, 0.23686988651752472, 0.24891680479049683, 0.21795456111431122, 0.2179396152496338, 0.20652857422828674, 0.1904730200767517, 0.16163873672485352, 0.1629333645105362, 0.13935105502605438, 0.13562564551830292, 0.12340088188648224, 0.11706911772489548, 0.0865965336561203, 0.10020812600851059, 0.08638173341751099, 0.08142966032028198, 0.07280775904655457, 0.07198036462068558, 0.06617359071969986, 0.05278879404067993, 0.042725469917058945, 0.04876948520541191, 0.04749827831983566, 0.02859058789908886, 0.050444021821022034, 0.03203602507710457, 0.03590436279773712, 0.027757393196225166, 0.03126034885644913, 0.04051223397254944, 0.015643121674656868, 0.01685084030032158, 0.01567237637937069, 0.013592280447483063, 0.014705493114888668, 0.01466501597315073, 0.013763711787760258, 0.00963041465729475, 0.011198951862752438, 0.02376103773713112, 0.01690434105694294, 0.008056857623159885, 0.00871641468256712, 0.005435829982161522, 0.004511964973062277, 0.003999821376055479, 0.004597311839461327, 0.009886355139315128, 0.007170727010816336, 0.004510221537202597, 0.007319585885852575, 0.0040117595344781876, 0.00892386119812727], "testRumorAcc": [0.4461538461538462, 0.4461538461538462, 0.5076923076923077, 0.5230769230769231, 0.5692307692307692, 0.6307692307692307, 0.6307692307692307, 0.6615384615384615, 0.6615384615384615, 0.676923076923077, 0.6615384615384615, 0.6153846153846154, 0.6307692307692307, 0.6307692307692307, 0.6307692307692307, 0.6461538461538462, 0.6307692307692307, 0.6307692307692307, 0.6615384615384615, 0.6461538461538462, 0.6153846153846154], "testRumorF1": [0.20567375886524822, 0.2555805243445693, 0.4062566594212164, 0.48973693467575563, 0.4701072781293234, 0.6002530044275775, 0.5968488649940263, 0.6218655394984863, 0.6218655394984863, 0.6181818181818182, 0.6324585383634044, 0.5840567840567841, 0.5890830346475507, 0.5951678951678953, 0.5890830346475507, 0.6124300704166551, 0.603299058574568, 0.5890830346475507, 0.6254141099876127, 0.6203824424163408, 0.5854346957795233], "testLoss": [1.0680898427963257, 1.0609755516052246, 1.031747817993164, 0.999091625213623, 0.9998396635055542, 0.8497410416603088, 0.8012422323226929, 0.8047279715538025, 0.8546295166015625, 0.8744469285011292, 0.9611771106719971, 1.0382428169250488, 1.1560474634170532, 1.2530481815338135, 1.438742756843567, 1.556339979171753, 1.6333762407302856, 1.7680842876434326, 1.8104267120361328, 1.8388267755508423, 2.027498483657837]}