{"epoch": 120, "macroF1Rumor": 0.7126984126984127, "accRumor": 0.7230769230769231, "loss": 2.5548508167266846, "trainRumorAcc": [0.4423076923076923, 0.4461538461538462, 0.45384615384615384, 0.45, 0.47307692307692306, 0.47307692307692306, 0.49230769230769234, 0.5192307692307693, 0.5576923076923077, 0.6, 0.6576923076923077, 0.6576923076923077, 0.676923076923077, 0.6615384615384615, 0.6961538461538461, 0.6923076923076923, 0.7115384615384616, 0.7153846153846154, 0.7538461538461538, 0.7538461538461538, 0.7961538461538461, 0.7692307692307693, 0.7923076923076923, 0.7961538461538461, 0.8076923076923077, 0.8076923076923077, 0.8269230769230769, 0.8307692307692308, 0.8538461538461538, 0.8769230769230769, 0.8730769230769231, 0.8923076923076924, 0.8807692307692307, 0.8846153846153846, 0.9076923076923077, 0.926923076923077, 0.9346153846153846, 0.9115384615384615, 0.9461538461538461, 0.9615384615384616, 0.9653846153846154, 0.9846153846153847, 0.9807692307692307, 0.9846153846153847, 0.9961538461538462, 0.9923076923076923, 0.9846153846153847, 1.0, 0.9961538461538462, 0.9961538461538462, 0.9923076923076923, 0.9961538461538462, 0.9961538461538462, 0.9923076923076923, 1.0, 1.0, 1.0, 1.0, 1.0, 1.0, 1.0, 1.0, 1.0, 1.0, 1.0, 1.0, 1.0, 1.0, 1.0, 1.0, 1.0, 1.0, 1.0, 1.0, 1.0, 1.0, 1.0, 1.0, 1.0, 1.0, 0.9961538461538462, 1.0, 1.0, 1.0, 1.0, 1.0, 1.0, 1.0, 1.0, 1.0, 1.0, 1.0, 1.0, 1.0, 1.0, 1.0, 1.0, 1.0, 1.0, 1.0, 1.0, 1.0, 1.0, 1.0, 1.0, 1.0, 1.0, 1.0, 1.0, 1.0, 1.0, 1.0, 1.0, 1.0, 1.0, 1.0, 1.0, 1.0, 1.0, 1.0, 1.0, 1.0, 1.0, 1.0, 1.0, 1.0, 1.0, 1.0, 1.0, 1.0, 1.0, 1.0, 1.0, 1.0, 1.0, 1.0, 1.0, 1.0, 1.0, 1.0, 1.0, 1.0, 1.0, 1.0, 1.0, 1.0, 1.0, 1.0, 1.0, 1.0, 1.0, 1.0, 1.0, 1.0, 1.0, 1.0, 1.0, 1.0, 1.0, 1.0, 1.0, 1.0, 1.0, 1.0, 1.0, 1.0, 1.0, 1.0, 1.0, 1.0], "trainRumorF1": [0.20499108734402852, 0.20567375886524822, 0.2230976570599212, 0.24426078971533516, 0.2650284799698725, 0.3218721037998146, 0.36440045079908207, 0.3669998128392289, 0.4560819025935305, 0.5309200069105101, 0.6275870897855683, 0.6253308596165739, 0.6413724255095705, 0.6308044063257051, 0.6691417788509831, 0.6541035359310317, 0.6879217273954117, 0.691634015751593, 0.7345840907724259, 0.7316724388861849, 0.7747195512820513, 0.7511624985646502, 0.7735926905911327, 0.7781728395061728, 0.7881434894013509, 0.7850171079032108, 0.8083824841106395, 0.8125646793369468, 0.8365613444313188, 0.8616604504582647, 0.8564994860680321, 0.8784622883421281, 0.8677824608555779, 0.8705054106123624, 0.8959298871063576, 0.9167933966695575, 0.9305383277403939, 0.9027125437595703, 0.9396358543417368, 0.9592155151378643, 0.9614165476865706, 0.983248018131739, 0.9793639576378266, 0.9846297781341887, 0.9966302162833954, 0.991451731761238, 0.9832395773319783, 1.0, 0.9957079957079958, 0.9957079957079958, 0.9923256641527564, 0.9966200670966878, 0.9956708341108417, 0.9913793103448275, 1.0, 1.0, 1.0, 1.0, 1.0, 1.0, 1.0, 1.0, 1.0, 1.0, 1.0, 1.0, 1.0, 1.0, 1.0, 1.0, 1.0, 1.0, 1.0, 1.0, 1.0, 1.0, 1.0, 1.0, 1.0, 1.0, 0.9966302162833954, 1.0, 1.0, 1.0, 1.0, 1.0, 1.0, 1.0, 1.0, 1.0, 1.0, 1.0, 1.0, 1.0, 1.0, 1.0, 1.0, 1.0, 1.0, 1.0, 1.0, 1.0, 1.0, 1.0, 1.0, 1.0, 1.0, 1.0, 1.0, 1.0, 1.0, 1.0, 1.0, 1.0, 1.0, 1.0, 1.0, 1.0, 1.0, 1.0, 1.0, 1.0, 1.0, 1.0, 1.0, 1.0, 1.0, 1.0, 1.0, 1.0, 1.0, 1.0, 1.0, 1.0, 1.0, 1.0, 1.0, 1.0, 1.0, 1.0, 1.0, 1.0, 1.0, 1.0, 1.0, 1.0, 1.0, 1.0, 1.0, 1.0, 1.0, 1.0, 1.0, 1.0, 1.0, 1.0, 1.0, 1.0, 1.0, 1.0, 1.0, 1.0, 1.0, 1.0, 1.0, 1.0, 1.0, 1.0, 1.0, 1.0], "trainLoss": [1.0814379453659058, 1.063675045967102, 1.0598222017288208, 1.0504016876220703, 1.0415382385253906, 1.0303685665130615, 0.9935278296470642, 0.9898335337638855, 0.950943112373352, 0.9097593426704407, 0.8619927763938904, 0.8187811374664307, 0.7725883722305298, 0.766839861869812, 0.7555752396583557, 0.7444363832473755, 0.7256737351417542, 0.6907808184623718, 0.6656121015548706, 0.6437338590621948, 0.6076930165290833, 0.5995779633522034, 0.5507644414901733, 0.5341176986694336, 0.4850260615348816, 0.47653424739837646, 0.45371899008750916, 0.4286654591560364, 0.4038582146167755, 0.3745711147785187, 0.36507201194763184, 0.31028762459754944, 0.3027329444885254, 0.29311493039131165, 0.25047677755355835, 0.22940751910209656, 0.18683220446109772, 0.20183655619621277, 0.15236005187034607, 0.13347551226615906, 0.11193708330392838, 0.0897417664527893, 0.07856792956590652, 0.07237410545349121, 0.04889131337404251, 0.04069734737277031, 0.045215822756290436, 0.02554364874958992, 0.024224940687417984, 0.022308923304080963, 0.027099870145320892, 0.01751871407032013, 0.0171350110322237, 0.02344341389834881, 0.00928643811494112, 0.004919126629829407, 0.0055379788391292095, 0.0068327938206493855, 0.00483555905520916, 0.0034277737140655518, 0.005792656913399696, 0.004311397671699524, 0.0013718153350055218, 0.0027911104261875153, 0.0023266023490577936, 0.003010608023032546, 0.0015870720380917192, 0.0010333405807614326, 0.00106132123619318, 0.004331106785684824, 0.0009192186407744884, 0.00140608090441674, 0.0014306411612778902, 0.00044281751615926623, 0.0014369030250236392, 0.00039620319148525596, 0.0008352154400199652, 0.0011283145286142826, 0.00048817734932526946, 0.0002552035148255527, 0.010016186162829399, 0.0010545247932896018, 0.00017298650345765054, 0.00017776981985662133, 0.002214497420936823, 0.0003189198032487184, 0.00025757664116099477, 8.672989497426897e-05, 0.00017191594815813005, 0.0002289639669470489, 0.00014853884931653738, 0.0002237000735476613, 6.604800000786781e-05, 6.902472523506731e-05, 0.000149796818732284, 0.0001328247890342027, 0.00011248225928284228, 0.0002982855658046901, 0.0014720697654411197, 0.0007366325589828193, 0.00031865230994299054, 0.00016391451936215162, 3.8939750083955005e-05, 8.568333578296006e-05, 5.9183261328144e-05, 0.00020637622219510376, 0.00017900166858453304, 0.0016159461811184883, 4.252074359101243e-05, 0.0010641074040904641, 0.0011862836545333266, 0.00031368195777758956, 3.748399103642441e-05, 8.168754720827565e-05, 8.779360359767452e-05, 1.5742167306598276e-05, 1.2905859875900205e-05, 0.00010696377285057679, 4.036700556753203e-05, 3.096874206676148e-05, 1.1695213288476225e-05, 6.455534276028629e-06, 1.7874323020805605e-05, 5.688415967597393e-06, 5.297610186971724e-05, 2.60021370195318e-05, 4.289652224542806e-06, 7.073918095557019e-05, 6.05735658609774e-06, 3.8327332731569186e-05, 3.2332077353203204e-06, 8.160187462635804e-06, 4.670115686167264e-06, 8.509071449225303e-06, 2.0695790681202197e-06, 5.155743110663025e-06, 1.9847811927320436e-06, 1.519431634733337e-06, 6.5386520873289555e-06, 3.525186684782966e-06, 3.2503478450962575e-06, 4.99698035127949e-06, 2.895969828387024e-06, 2.9730576898145955e-06, 2.2817414446762996e-06, 6.923251589796564e-07, 5.662387252414192e-07, 0.00018514266412239522, 3.1639135613659164e-06, 3.131427729385905e-05, 4.325511326896958e-06, 0.00022017319861333817, 2.058535983451293e-06, 1.6087784388219006e-05, 0.00041893834713846445, 1.5148200418479973e-06, 6.4755804487504065e-06, 1.194536525872536e-05, 2.7113551368529443e-06, 7.393348641926423e-05, 2.6855548185267253e-06, 3.5854321822625934e-07, 7.216615358629497e-07, 2.7628650514088804e-06, 1.9769164282479323e-05, 1.1879270687131793e-06, 4.966987035004422e-06, 6.927569415893231e-07, 1.6719517361707403e-06, 3.988891137396422e-07], "testRumorAcc": [0.4461538461538462, 0.38461538461538464, 0.676923076923077, 0.7076923076923077, 0.6615384615384615, 0.676923076923077, 0.6461538461538462, 0.6923076923076923, 0.6461538461538462, 0.6615384615384615, 0.6461538461538462, 0.6923076923076923, 0.6923076923076923, 0.676923076923077, 0.7076923076923077, 0.676923076923077, 0.6461538461538462, 0.676923076923077, 0.6923076923076923, 0.6615384615384615, 0.6923076923076923, 0.6615384615384615, 0.676923076923077, 0.7230769230769231, 0.7076923076923077, 0.7076923076923077, 0.7076923076923077, 0.7076923076923077, 0.7076923076923077, 0.6615384615384615, 0.6615384615384615, 0.6615384615384615, 0.676923076923077, 0.7076923076923077],