{"epoch": 160, "macroF1Rumor": 0.6973180076628352, "accRumor": 0.7076923076923077, "loss": 2.5842642784118652, "trainRumorAcc": [0.38076923076923075, 0.4461538461538462, 0.4461538461538462, 0.46923076923076923, 0.4423076923076923, 0.5, 0.5153846153846153, 0.5153846153846153, 0.5615384615384615, 0.5961538461538461, 0.6192307692307693, 0.6192307692307693, 0.6461538461538462, 0.6730769230769231, 0.6730769230769231, 0.7192307692307692, 0.7230769230769231, 0.7192307692307692, 0.7230769230769231, 0.7538461538461538, 0.7576923076923077, 0.7769230769230769, 0.7769230769230769, 0.7769230769230769, 0.8346153846153846, 0.7884615384615384, 0.8115384615384615, 0.8538461538461538, 0.8576923076923076, 0.8692307692307693, 0.8576923076923076, 0.8538461538461538, 0.8653846153846154, 0.9076923076923077, 0.9230769230769231, 0.8923076923076924, 0.9076923076923077, 0.9115384615384615, 0.926923076923077, 0.9384615384615385, 0.9384615384615385, 0.926923076923077, 0.9538461538461539, 0.9423076923076923, 0.9423076923076923, 0.9576923076923077, 0.9692307692307692, 0.9615384615384616, 0.9769230769230769, 0.9807692307692307, 0.9923076923076923, 0.9538461538461539, 0.9923076923076923, 0.9692307692307692, 0.9692307692307692, 0.9923076923076923, 0.9846153846153847, 0.9807692307692307, 0.9807692307692307, 1.0, 0.9846153846153847, 1.0, 0.9923076923076923, 1.0, 0.9884615384615385, 0.9846153846153847, 0.9923076923076923, 0.9923076923076923, 1.0, 0.9884615384615385, 0.9961538461538462, 0.9884615384615385, 0.9846153846153847, 0.9961538461538462, 0.9961538461538462, 1.0, 0.9923076923076923, 0.9923076923076923, 1.0, 0.9961538461538462, 0.9961538461538462, 0.9961538461538462, 0.9961538461538462, 1.0, 0.9884615384615385, 1.0, 1.0, 1.0, 1.0, 0.9961538461538462, 0.9961538461538462, 0.9923076923076923, 0.9846153846153847, 1.0, 0.9961538461538462, 1.0, 1.0, 0.9961538461538462, 0.9961538461538462, 1.0, 1.0, 0.9961538461538462, 1.0, 1.0, 1.0, 1.0, 0.9923076923076923, 1.0, 0.9769230769230769, 1.0, 0.9961538461538462, 1.0, 1.0, 1.0, 1.0, 0.9961538461538462, 1.0, 1.0, 1.0, 1.0, 1.0, 0.9923076923076923, 1.0, 0.9961538461538462, 1.0, 1.0, 1.0, 1.0, 1.0, 1.0, 1.0, 1.0, 0.9961538461538462, 1.0, 1.0, 1.0, 1.0, 0.9961538461538462, 1.0, 1.0, 1.0, 1.0, 0.9961538461538462, 0.9961538461538462, 1.0, 1.0, 1.0, 1.0, 1.0, 0.9961538461538462, 1.0, 0.9961538461538462, 1.0, 1.0, 1.0, 0.9961538461538462, 1.0, 1.0, 1.0, 1.0, 0.9961538461538462, 1.0, 1.0, 1.0, 1.0, 1.0, 1.0, 0.9884615384615385, 1.0, 1.0, 1.0, 1.0, 1.0, 0.9961538461538462, 0.9961538461538462, 1.0, 1.0, 1.0, 1.0, 1.0, 1.0, 1.0, 1.0, 1.0, 1.0, 1.0, 0.9961538461538462, 1.0, 0.9961538461538462, 1.0, 1.0, 1.0, 1.0, 1.0, 1.0, 1.0, 1.0, 1.0, 1.0, 1.0, 1.0, 1.0, 1.0, 1.0, 1.0, 1.0, 0.9961538461538462, 1.0, 1.0, 1.0], "trainRumorF1": [0.28571428571428575, 0.2425782688766114, 0.2422815279958137, 0.285, 0.27112074628826693, 0.36596995728552156, 0.3900188323917138, 0.3974093561915577, 0.48571330919374556, 0.5007916186288441, 0.5590764790764791, 0.5755597504063762, 0.6028168423669744, 0.6421075786395455, 0.6517458845882013, 0.690281954115247, 0.6944031869941165, 0.6959687831804438, 0.6984989400366141, 0.7372709051954335, 0.7318311318311319, 0.7516916434887294, 0.7611774362432109, 0.7555656602791913, 0.8210194408886021, 0.7716529559456825, 0.791125477200938, 0.8415840223779899, 0.8427942069824547, 0.8586393925306061, 0.8450544405089859, 0.8472237132462576, 0.8552981632715517, 0.9013956459776894, 0.9166081005939705, 0.8810662519740728, 0.8998886742851012, 0.9061058381162986, 0.9226155187847936, 0.9372263326978129, 0.9325689405782059, 0.9201160596509433, 0.9514951690664893, 0.9406246111733233, 0.9381623408551193, 0.9565671406832136, 0.9688529661767843, 0.9577544561052806, 0.9768279129903155, 0.9796527717473774, 0.992303128687568, 0.9528869286287088, 0.9913030439346229, 0.9706643875469867, 0.9653091084515545, 0.9913793103448275, 0.9831274600496998, 0.9803620152457362, 0.979776874568496, 1.0, 0.985535831689678, 1.0, 0.9903769045709704, 1.0, 0.9884475392361622, 0.9827314750182263, 0.9923011037833684, 0.9932504677893611, 1.0, 0.9875033413525794, 0.9956708341108417, 0.9875033413525794, 0.9822645838940831, 0.9952016794122057, 0.9957079957079958, 1.0, 0.9918270302078399, 0.9913793103448275, 1.0, 0.9966302162833954, 0.9966200670966878, 0.9956708341108417, 0.9966200670966878, 1.0, 0.988933634789552, 1.0, 1.0, 1.0, 1.0, 0.9966200670966878, 0.9966200670966878, 0.9932700316508413, 0.9827586206896552, 1.0, 0.9966302162833954, 1.0, 1.0, 0.9952016794122057, 0.9952016794122057, 1.0, 1.0, 0.9966200670966878, 1.0, 1.0, 1.0, 1.0, 0.9913793103448275, 1.0, 0.9750109200910115, 1.0, 0.9951746670017593, 1.0, 1.0, 1.0, 1.0, 0.9966302162833954, 1.0, 1.0, 1.0, 1.0, 1.0, 0.992328116193815, 1.0, 0.9966302162833954, 1.0, 1.0, 1.0, 1.0, 1.0, 1.0, 1.0, 1.0, 0.9966200670966878, 1.0, 1.0, 1.0, 1.0, 0.9951746670017593, 1.0, 1.0, 1.0, 1.0, 0.9957079957079958, 0.9951746670017593, 1.0, 1.0, 1.0, 1.0, 1.0, 0.9951746670017593, 1.0, 0.9966302162833954, 1.0, 1.0, 1.0, 0.9956708341108417, 1.0, 1.0, 1.0, 1.0, 0.9957079957079958, 1.0, 1.0, 1.0, 1.0, 1.0, 1.0, 0.986504002334093, 1.0, 1.0, 1.0, 1.0, 1.0, 0.9956708341108417, 0.9957079957079958, 1.0, 1.0, 1.0, 1.0, 1.0, 1.0, 1.0, 1.0, 1.0, 1.0, 1.0, 0.9966200670966878, 1.0, 0.9966302162833954, 1.0, 1.0, 1.0, 1.0, 1.0, 1.0, 1.0, 1.0, 1.0, 1.0, 1.0, 1.0, 1.0, 1.0, 1.0, 1.0, 1.0, 0.9956708341108417, 1.0, 1.0, 1.0],