{"epoch": 65, "macroF1Rumor": 0.7213713242634266, "accRumor": 0.7384615384615385, "loss": 1.2829760313034058, "trainRumorAcc": [0.4423076923076923, 0.4423076923076923, 0.4576923076923077, 0.5076923076923077, 0.46923076923076923, 0.49615384615384617, 0.5192307692307693, 0.5230769230769231, 0.5269230769230769, 0.5269230769230769, 0.5307692307692308, 0.5538461538461539, 0.5961538461538461, 0.573076923076923, 0.5961538461538461, 0.6115384615384616, 0.6692307692307692, 0.6961538461538461, 0.6923076923076923, 0.6961538461538461, 0.6961538461538461, 0.7038461538461539, 0.7384615384615385, 0.7384615384615385, 0.7038461538461539, 0.7346153846153847, 0.7653846153846153, 0.7692307692307693, 0.7730769230769231, 0.7730769230769231, 0.7961538461538461, 0.7730769230769231, 0.7923076923076923, 0.8307692307692308, 0.823076923076923, 0.8307692307692308, 0.8384615384615385, 0.8423076923076923, 0.8846153846153846, 0.8846153846153846, 0.9, 0.9038461538461539, 0.9115384615384615, 0.926923076923077, 0.9153846153846154, 0.95, 0.926923076923077, 0.9576923076923077, 0.9653846153846154, 0.9692307692307692, 0.9807692307692307, 0.9769230769230769, 0.9807692307692307, 0.9884615384615385, 1.0, 0.9846153846153847, 0.9923076923076923, 0.9846153846153847, 0.9961538461538462, 0.9923076923076923, 0.9961538461538462, 0.9961538461538462, 1.0, 0.9961538461538462, 0.9961538461538462, 0.9961538461538462, 1.0, 0.9961538461538462, 1.0, 1.0, 1.0, 0.9961538461538462, 1.0, 1.0, 1.0, 1.0, 1.0, 0.9923076923076923, 1.0, 0.9923076923076923, 0.9923076923076923, 1.0, 1.0, 0.9961538461538462, 0.9961538461538462, 1.0, 1.0, 1.0, 1.0, 1.0, 1.0, 1.0, 1.0, 1.0, 1.0, 1.0, 1.0, 1.0, 1.0, 1.0, 0.9961538461538462, 1.0, 1.0, 1.0, 1.0, 0.9923076923076923, 0.9961538461538462, 1.0, 1.0, 1.0, 1.0, 1.0, 1.0, 1.0, 1.0], "trainRumorF1": [0.25513579921898993, 0.20444444444444443, 0.2971474304007317, 0.35454545454545455, 0.3082010582010582, 0.3561115341382936, 0.3589170565914752, 0.38946386946386946, 0.3964347184656996, 0.39553517217451645, 0.43108887381275435, 0.42867003222954286, 0.49506782164920765, 0.510196220055375, 0.5018014802122748, 0.5534292595021056, 0.6092739412215612, 0.6663980848718473, 0.6571288994347128, 0.6463649808051369, 0.655552747205053, 0.6681376161736908, 0.7057154541205795, 0.7046659026783854, 0.6674140865721666, 0.7078565578565579, 0.7362179487179487, 0.7426143790849674, 0.7400618347156471, 0.7453133100112845, 0.774447383028047, 0.7485274618137604, 0.7576688026938165, 0.8099245695399541, 0.7926688508778713, 0.8061977502759187, 0.8159262761745554, 0.8246445133714285, 0.8658516028782183, 0.8666681703864936, 0.885702687497531, 0.8939611365059403, 0.8990914842308032, 0.9197156971262248, 0.9042649727767694, 0.9418863682812181, 0.9169480046532063, 0.9543417366946779, 0.9622040319714737, 0.9664334323078635, 0.9788772280526404, 0.9742825698893185, 0.9793639576378266, 0.9870125023325246, 1.0, 0.9831365333402765, 0.9913793103448275, 0.9830191543366918, 0.9956708341108417, 0.9918320267157478, 0.9956708341108417, 0.9966200670966878, 1.0, 0.9957079957079958, 0.9956708341108417, 0.9957079957079958, 1.0, 0.9957079957079958, 1.0, 1.0, 1.0, 0.9956708341108417, 1.0, 1.0, 1.0, 1.0, 1.0, 0.9913793103448275, 1.0, 0.9932504677893611, 0.9913793103448275, 1.0, 1.0, 0.9957079957079958, 0.9957079957079958, 1.0, 1.0, 1.0, 1.0, 1.0, 1.0, 1.0, 1.0, 1.0, 1.0, 1.0, 1.0, 1.0, 1.0, 1.0, 0.9957079957079958, 1.0, 1.0, 1.0, 1.0, 0.9903769045709704, 0.9951746670017593, 1.0, 1.0, 1.0, 1.0, 1.0, 1.0, 1.0, 1.0], "trainLoss": [1.077083706855774, 1.0626646280288696, 1.0518440008163452, 1.0447765588760376, 1.0366744995117188, 1.0329949855804443, 1.0164786577224731, 1.0037838220596313, 0.9850949645042419, 0.9871505498886108, 0.9522839188575745, 0.9460718035697937, 0.917279839515686, 0.8965930938720703, 0.8710088729858398, 0.8612096905708313, 0.8064526319503784, 0.8031497597694397, 0.774905264377594, 0.7632408142089844, 0.7376435399055481, 0.7082103490829468, 0.7085996270179749, 0.6821995973587036, 0.6680712103843689, 0.660236656665802, 0.6272017359733582, 0.599528431892395, 0.5766053795814514, 0.5555866956710815, 0.562495231628418, 0.5291332006454468, 0.49327003955841064, 0.47901710867881775, 0.4515836238861084, 0.45375606417655945, 0.4082721769809723, 0.39776313304901123, 0.360073447227478, 0.31065258383750916, 0.2910636365413666, 0.27844005823135376, 0.24433837831020355, 0.21810777485370636, 0.2098725289106369, 0.17487919330596924, 0.1815614551305771, 0.14364637434482574, 0.13803738355636597, 0.10860341787338257, 0.0866859182715416, 0.07787244766950607, 0.0877629816532135, 0.06718186289072037, 0.04320352524518967, 0.05471497401595116, 0.04952636733651161, 0.046820368617773056, 0.04063674062490463, 0.04006735607981682, 0.02641671523451805, 0.03006441332399845, 0.014756496995687485, 0.0183921717107296, 0.02030150219798088, 0.019429586827754974, 0.015950882807374, 0.01895921863615513, 0.01735924556851387, 0.00918077863752842, 0.008260827511548996, 0.012353118509054184, 0.004643610212951899, 0.00565246120095253, 0.006886499002575874, 0.005386203993111849, 0.007839640602469444, 0.014044411480426788, 0.0028727089520543814, 0.025228064507246017, 0.015132857486605644, 0.0038561178371310234, 0.0033815191127359867, 0.009474547579884529, 0.008890305645763874, 0.0046342844143509865, 0.005935938563197851, 0.0025923987850546837, 0.0021538955625146627, 0.0026124492287635803, 0.0013197108637541533, 0.0009197825565934181, 0.006680384743958712, 0.003342271316796541, 0.0009949600789695978, 0.002993247704580426, 0.00300609297119081, 0.003646472003310919, 0.0016409665113314986, 0.0007935879402793944, 0.004192625172436237, 0.0015512444078922272, 0.0017031508032232523, 0.0033812904730439186, 0.00204506516456604, 0.019400160759687424, 0.007528231013566256, 0.0012800022959709167, 0.0010471092537045479, 0.0018163971835747361, 0.00023392454022541642, 0.0013288055779412389, 0.0010092882439494133, 0.0006240526563487947, 9.19890298973769e-05], "testRumorAcc": [0.4153846153846154, 0.5076923076923077, 0.5384615384615384, 0.6615384615384615, 0.676923076923077, 0.676923076923077, 0.7384615384615385, 0.7076923076923077, 0.7384615384615385, 0.7076923076923077, 0.7230769230769231, 0.7076923076923077, 0.7384615384615385, 0.7230769230769231, 0.7076923076923077, 0.6923076923076923, 0.7076923076923077, 0.7384615384615385, 0.7076923076923077, 0.7384615384615385, 0.7076923076923077, 0.7076923076923077, 0.676923076923077], "testRumorF1": [0.19780219780219785, 0.35721544715447157, 0.4286762586157193, 0.6201998314674371, 0.6221485777409556, 0.6395257296466975, 0.7119868637110017, 0.6776264671001512, 0.7007554818500091, 0.6873192225556187, 0.6964831161552473, 0.6726973684210527, 0.7213713242634266, 0.6956021756021755, 0.6909688013136289, 0.6716079716079717, 0.6559874234292838, 0.7174656574151949, 0.6776264671001512, 0.7181522181522181, 0.6924242424242424, 0.6787301587301587, 0.6398348813209495], "testLoss": [1.0687228441238403, 1.048669695854187, 1.0839197635650635, 0.8654189705848694, 0.7994171380996704, 0.7632246613502502, 0.763676643371582, 0.8060194253921509, 0.8299902081489563, 0.8397545218467712, 0.9904385209083557, 1.1862788200378418, 1.2829760313034058, 1.5465446710586548, 1.5408310890197754, 1.6845901012420654, 1.847499966621399, 1.724714756011963, 1.8367727994918823, 1.8620233535766602, 2.015953302383423, 1.9170883893966675, 2.0858027935028076]}