{"epoch": 105, "macroF1Rumor": 0.6963752665245203, "accRumor": 0.7076923076923077, "loss": 2.495542287826538, "trainRumorAcc": [0.3730769230769231, 0.45, 0.4653846153846154, 0.4576923076923077, 0.5038461538461538, 0.4807692307692308, 0.49615384615384617, 0.49615384615384617, 0.4846153846153846, 0.5153846153846153, 0.5230769230769231, 0.5384615384615384, 0.5346153846153846, 0.5384615384615384, 0.5538461538461539, 0.6076923076923076, 0.5846153846153846, 0.6115384615384616, 0.6115384615384616, 0.676923076923077, 0.6653846153846154, 0.6961538461538461, 0.6884615384615385, 0.6846153846153846, 0.7076923076923077, 0.7038461538461539, 0.75, 0.75, 0.7576923076923077, 0.7807692307692308, 0.8, 0.8076923076923077, 0.8384615384615385, 0.8461538461538461, 0.8307692307692308, 0.8769230769230769, 0.8692307692307693, 0.8807692307692307, 0.9076923076923077, 0.9423076923076923, 0.9346153846153846, 0.9346153846153846, 0.9461538461538461, 0.9576923076923077, 0.9653846153846154, 0.9769230769230769, 0.9769230769230769, 0.9884615384615385, 0.9923076923076923, 0.9884615384615385, 0.9923076923076923, 0.9961538461538462, 0.9923076923076923, 1.0, 0.9884615384615385, 1.0, 1.0, 0.9961538461538462, 1.0, 1.0, 1.0, 1.0, 1.0, 1.0, 1.0, 1.0, 0.9961538461538462, 0.9961538461538462, 1.0, 1.0, 1.0, 1.0, 1.0, 1.0, 1.0, 1.0, 1.0, 1.0, 1.0, 1.0, 1.0, 1.0, 1.0, 1.0, 1.0, 1.0, 1.0, 1.0, 1.0, 1.0, 1.0, 1.0, 1.0, 1.0, 1.0, 1.0, 1.0, 0.9961538461538462, 1.0, 1.0, 1.0, 1.0, 1.0, 1.0, 1.0, 1.0, 1.0, 1.0, 1.0, 1.0, 0.9961538461538462, 1.0, 1.0, 1.0, 1.0, 1.0, 1.0, 1.0, 1.0, 1.0, 1.0, 1.0, 1.0, 1.0, 1.0, 1.0, 1.0, 1.0, 1.0, 1.0, 1.0, 1.0, 1.0, 1.0, 1.0, 1.0, 1.0, 1.0, 1.0, 1.0, 1.0, 1.0, 1.0, 1.0, 1.0, 1.0, 1.0, 1.0, 1.0, 1.0, 1.0, 1.0, 1.0, 1.0, 1.0], "trainRumorF1": [0.2934389273122298, 0.2213007118667496, 0.256207275682394, 0.2577532228360958, 0.34729687982700036, 0.3177368941641938, 0.3745105135793007, 0.35776177030762507, 0.3710040127641508, 0.37204968944099387, 0.4192986566697907, 0.42099315407923427, 0.4111934577050856, 0.4322357316374575, 0.46328814853706274, 0.5179305372843691, 0.5425020048115478, 0.5728702401634471, 0.569569266752099, 0.6427890922357604, 0.6366876198873223, 0.6634247832556647, 0.6648815285841252, 0.6491535431627597, 0.6828031190215795, 0.678293457604444, 0.7255961844197137, 0.7318295471233136, 0.7400355537610439, 0.7627646977204776, 0.7828611817924797, 0.7924949066681352, 0.8271305967355497, 0.8373463901689707, 0.8180512839847965, 0.8661983333155798, 0.856266918984689, 0.8694281745684841, 0.8994075898100666, 0.9388931254546119, 0.9284384186464969, 0.9278669486956161, 0.9436600801840344, 0.9553862607054096, 0.9627804736427357, 0.9783204664760143, 0.975879506517285, 0.9879334190164605, 0.9913793103448275, 0.988933634789552, 0.9918320267157478, 0.9956708341108417, 0.9917948651185936, 1.0, 0.9898602012900635, 1.0, 1.0, 0.9957079957079958, 1.0, 1.0, 1.0, 1.0, 1.0, 1.0, 1.0, 1.0, 0.9957079957079958, 0.9956708341108417, 1.0, 1.0, 1.0, 1.0, 1.0, 1.0, 1.0, 1.0, 1.0, 1.0, 1.0, 1.0, 1.0, 1.0, 1.0, 1.0, 1.0, 1.0, 1.0, 1.0, 1.0, 1.0, 1.0, 1.0, 1.0, 1.0, 1.0, 1.0, 1.0, 0.9957079957079958, 1.0, 1.0, 1.0, 1.0, 1.0, 1.0, 1.0, 1.0, 1.0, 1.0, 1.0, 1.0, 0.9966302162833954, 1.0, 1.0, 1.0, 1.0, 1.0, 1.0, 1.0, 1.0, 1.0, 1.0, 1.0, 1.0, 1.0, 1.0, 1.0, 1.0, 1.0, 1.0, 1.0, 1.0, 1.0, 1.0, 1.0, 1.0, 1.0, 1.0, 1.0, 1.0, 1.0, 1.0, 1.0, 1.0, 1.0, 1.0, 1.0, 1.0, 1.0, 1.0, 1.0, 1.0, 1.0, 1.0, 1.0, 1.0], "trainLoss": [1.0916743278503418, 1.0692247152328491, 1.056141972541809, 1.0513627529144287, 1.0437037944793701, 1.0477360486984253, 1.0353741645812988, 1.0300332307815552, 1.0202664136886597, 1.0122435092926025, 0.9999853372573853, 0.9946504831314087, 0.967710554599762, 0.962711751461029, 0.9547629952430725, 0.9194874167442322, 0.9161753058433533, 0.8923405408859253, 0.8921288251876831, 0.855820894241333, 0.8291335701942444, 0.8012073040008545, 0.7617873549461365, 0.7583101391792297, 0.7201494574546814, 0.7043054699897766, 0.6766168475151062, 0.6463899612426758, 0.6360293030738831, 0.5954647660255432, 0.5697838664054871, 0.5329055190086365, 0.4854595363140106, 0.4610901176929474, 0.4497354030609131, 0.38390612602233887, 0.3740004301071167, 0.3380853831768036, 0.2970254123210907, 0.2709563672542572, 0.2284235805273056, 0.2209642082452774, 0.20749379694461823, 0.16687239706516266, 0.1328170895576477, 0.11367829144001007, 0.1090770810842514, 0.08822686225175858, 0.07785701751708984, 0.07374834269285202, 0.06019796431064606, 0.04138791561126709, 0.044464051723480225, 0.029831137508153915, 0.04306037724018097, 0.03035164438188076, 0.017522180452942848, 0.01783079095184803, 0.015265198424458504, 0.021503103896975517, 0.015925835818052292, 0.012212890200316906, 0.013068461790680885, 0.008322599343955517, 0.008973470889031887, 0.005701893009245396, 0.009988400153815746, 0.014192617498338223, 0.0043710144236683846, 0.005645936820656061, 0.002187055302783847, 0.005672152154147625, 0.0030963881872594357, 0.0021322909742593765, 0.00347828958183527, 0.0029385786037892103, 0.003465446876361966, 0.002242212649434805, 0.00387135474011302, 0.0025457204319536686, 0.0012210598215460777, 0.002289433032274246, 0.00122958910651505, 0.0018237035255879164, 0.0014844686957076192, 0.0011332443682476878, 0.0007756028790026903, 0.0007330136140808463, 0.000556616170797497, 0.0005655067507177591, 0.00020821677753701806, 0.0007462335634045303, 0.0006732574547640979, 0.0007349671213887632, 0.0004601279506459832, 0.0003784485161304474, 0.0002679255267139524, 0.006562683265656233, 0.0004695221141446382, 0.0006181021453812718, 0.000348993664374575, 0.0001733019744278863, 0.0001411374832969159, 0.0001487459085183218, 0.00022003745834808797, 6.630557618336752e-05, 0.0002240139147033915, 0.00028914064751006663, 0.000304075627354905, 0.002750667044892907, 0.004713172558695078, 0.0002520802663639188, 0.00020465956185944378, 5.624368350254372e-05, 0.00017143071454484016, 0.00021052495867479593, 3.980113615398295e-05, 8.878921653376892e-05, 9.118547313846648e-05, 9.909891377901658e-05, 9.351431799586862e-05, 0.0001300447474932298, 8.887121657608077e-05, 3.9977421693038195e-05, 0.00010794741683639586, 5.2351566409925e-05, 4.8593563406029716e-05, 7.857970922486857e-05, 6.66829218971543e-05, 1.883796721813269e-05, 2.578844032541383e-05, 4.1507275454932824e-05, 4.273201193427667e-05, 3.742938133655116e-05, 1.34454203362111e-05, 3.882840974256396e-05, 0.0025329268537461758, 7.994370389496908e-05, 1.8770289898384362e-05, 8.652068936498836e-05, 4.0525043004890904e-05, 1.502552186138928e-05, 3.303077755845152e-05, 2.0655623302445747e-05, 3.763939821510576e-05, 1.6297446563839912e-05, 2.1997584553901106e-05, 3.224017928005196e-05, 2.523367220419459e-05, 1.2688937204075046e-05, 7.2304628702113405e-06, 6.310938715614611e-06, 2.14644314837642e-05, 1.1128589903819375e-05, 1.9222226910642348e-05], "testRumorAcc": [0.4461538461538462, 0.4461538461538462, 0.5384615384615384, 0.6153846153846154, 0.6615384615384615, 0.6153846153846154, 0.6615384615384615, 0.6461538461538462, 0.6461538461538462, 0.6461538461538462, 0.6153846153846154, 0.6461538461538462, 0.6461538461538462, 0.6461538461538462, 0.676923076923077, 0.676923076923077, 0.6615384615384615, 0.6615384615384615, 0.6923076923076923, 0.676923076923077, 0.7076923076923077, 0.676923076923077, 0.676923076923077, 0.6923076923076923, 0.676923076923077, 0.7076923076923077, 0.7076923076923077, 0.6923076923076923, 0.6923076923076923, 0.7076923076923077, 0.6461538461538462],