{"epoch": 35, "macroF1Rumor": 0.6977633055949829, "accRumor": 0.7230769230769231, "loss": 0.747732937335968, "trainRumorAcc": [0.38076923076923075, 0.4846153846153846, 0.45, 0.47307692307692306, 0.48846153846153845, 0.5346153846153846, 0.5076923076923077, 0.5076923076923077, 0.5269230769230769, 0.49615384615384617, 0.5269230769230769, 0.5423076923076923, 0.5576923076923077, 0.5576923076923077, 0.5807692307692308, 0.573076923076923, 0.6038461538461538, 0.5769230769230769, 0.6307692307692307, 0.65, 0.6653846153846154, 0.676923076923077, 0.6807692307692308, 0.6884615384615385, 0.6961538461538461, 0.7, 0.7192307692307692, 0.75, 0.7615384615384615, 0.7576923076923077, 0.7769230769230769, 0.7923076923076923, 0.7730769230769231, 0.7807692307692308, 0.8, 0.7961538461538461, 0.8153846153846154, 0.8269230769230769, 0.8423076923076923, 0.8423076923076923, 0.8692307692307693, 0.8653846153846154, 0.8692307692307693, 0.8961538461538462, 0.9115384615384615, 0.9115384615384615, 0.9115384615384615, 0.9115384615384615, 0.9423076923076923, 0.95, 0.9384615384615385, 0.95, 0.95, 0.95, 0.9653846153846154, 0.9730769230769231, 0.9615384615384616, 0.9846153846153847, 0.9653846153846154, 0.9692307692307692, 0.9923076923076923, 0.9807692307692307, 0.9923076923076923, 0.9884615384615385, 0.9923076923076923, 0.9846153846153847, 0.9923076923076923, 0.9923076923076923, 0.9923076923076923, 0.9846153846153847, 0.9961538461538462, 1.0, 0.9961538461538462, 0.9884615384615385, 1.0, 1.0, 0.9961538461538462, 1.0, 0.9884615384615385, 0.9961538461538462, 1.0, 1.0, 1.0, 1.0, 0.9923076923076923], "trainRumorF1": [0.27438034968155445, 0.3147089738536329, 0.23307893925377735, 0.27468619438121095, 0.31968810916179335, 0.3865961505115312, 0.3734622616169756, 0.36331484607346676, 0.3767321729365525, 0.3744526873443103, 0.39299018743756986, 0.3987985701292383, 0.42355138271811926, 0.43561653499953223, 0.4506764159256644, 0.4746615861744219, 0.4817910771399143, 0.48893288777465904, 0.567228132387707, 0.5973206015966127, 0.6081358688437541, 0.6183586844368567, 0.6519716464573814, 0.6465026033991551, 0.6565683032836317, 0.6655762591141018, 0.6768413708391153, 0.7233507674107282, 0.7343741951476428, 0.7302842867533124, 0.7391041969693614, 0.7634598241382763, 0.7399373253197504, 0.7431767208601654, 0.7647655625824213, 0.769866876479373, 0.7870535841722183, 0.7957045787918413, 0.8220008125961534, 0.8091963090457067, 0.8429626447118368, 0.842163807579524, 0.8455813924799207, 0.8827430109005415, 0.8960298124658995, 0.8938588618757395, 0.8924603174603174, 0.8982554500420266, 0.935245338550112, 0.9427534471229655, 0.9290628985249353, 0.9427277941226438, 0.9422049205330939, 0.9424369747899161, 0.9604920083310945, 0.9694605837659437, 0.9582441344450513, 0.9832395773319783, 0.9595180817148781, 0.9643346159026888, 0.992303128687568, 0.9783541705542077, 0.9908830898466139, 0.9863746573552703, 0.9913793103448275, 0.9827586206896552, 0.9908729406599063, 0.990794649345502, 0.9913793103448275, 0.9827314750182263, 0.9951746670017593, 1.0, 0.9956708341108417, 0.9875033413525794, 1.0, 1.0, 0.9966200670966878, 1.0, 0.9859977636693182, 0.9957079957079958, 1.0, 1.0, 1.0, 1.0, 0.992328116193815], "trainLoss": [1.0899908542633057, 1.0647592544555664, 1.0630440711975098, 1.0534193515777588, 1.0451661348342896, 1.0334506034851074, 1.0234512090682983, 1.0195177793502808, 1.0083402395248413, 1.0049866437911987, 0.9918250441551208, 0.9736678004264832, 0.9548623561859131, 0.9274219274520874, 0.9136598706245422, 0.8981426954269409, 0.8779435157775879, 0.884505033493042, 0.8387290239334106, 0.8226168751716614, 0.8085729479789734, 0.7795133590698242, 0.7596158385276794, 0.7474161982536316, 0.7412700653076172, 0.7229081392288208, 0.6748610734939575, 0.6690800786018372, 0.6283774375915527, 0.6175768971443176, 0.6062667369842529, 0.5563769936561584, 0.5589820146560669, 0.5343098044395447, 0.519805371761322, 0.4712936580181122, 0.46125003695487976, 0.4482135474681854, 0.4326993525028229, 0.3788253366947174, 0.3404995799064636, 0.3452822268009186, 0.31751564145088196, 0.28868740797042847, 0.262643963098526, 0.23916958272457123, 0.2357902079820633, 0.21832303702831268, 0.1778661012649536, 0.16885000467300415, 0.16552519798278809, 0.14651978015899658, 0.14730709791183472, 0.1233322024345398, 0.10459965467453003, 0.09001319855451584, 0.10739385336637497, 0.07418299466371536, 0.08453600108623505, 0.0834694355726242, 0.06451292335987091, 0.06088932603597641, 0.036243878304958344, 0.043225519359111786, 0.033794552087783813, 0.03476262837648392, 0.03210633993148804, 0.037442948669195175, 0.03133106976747513, 0.03133514150977135, 0.020368153229355812, 0.012863196432590485, 0.012756308540701866, 0.025186484679579735, 0.014996839687228203, 0.007146001327782869, 0.021029140800237656, 0.013035910204052925, 0.03206611052155495, 0.01503012329339981, 0.005024069454520941, 0.007593683898448944, 0.0036466552410274744, 0.006360104773193598, 0.016365058720111847], "testRumorAcc": [0.4307692307692308, 0.4461538461538462, 0.5538461538461539, 0.5692307692307692, 0.6461538461538462, 0.676923076923077, 0.7230769230769231, 0.7076923076923077, 0.6615384615384615, 0.6461538461538462, 0.6615384615384615, 0.6307692307692307, 0.676923076923077, 0.6615384615384615, 0.6307692307692307, 0.6615384615384615, 0.676923076923077], "testRumorF1": [0.26522702104097445, 0.2555805243445693, 0.5124183006535947, 0.4963545226703121, 0.5946475887652357, 0.624150497389934, 0.6977633055949829, 0.6705128205128207, 0.6468864468864469, 0.6247807017543859, 0.6464031329435117, 0.6106154382016452, 0.6361416361416362, 0.6346900320331638, 0.6225868725868726, 0.6387309790410566, 0.6473118279569893], "testLoss": [1.0615744590759277, 1.0525325536727905, 1.037545084953308, 0.9561321139335632, 0.8711370825767517, 0.7944522500038147, 0.747732937335968, 0.7442781925201416, 0.8063121438026428, 0.9271042943000793, 1.0322586297988892, 1.1343357563018799, 1.356344223022461, 1.4236583709716797, 1.6197055578231812, 1.7082147598266602, 1.8368637561798096]}