{"epoch": 145, "macroF1Rumor": 0.7378602756892231, "accRumor": 0.7538461538461538, "loss": 2.2753396034240723, "trainRumorAcc": [0.4076923076923077, 0.4461538461538462, 0.4346153846153846, 0.4461538461538462, 0.45, 0.47307692307692306, 0.46923076923076923, 0.4846153846153846, 0.49230769230769234, 0.5192307692307693, 0.5076923076923077, 0.5307692307692308, 0.5769230769230769, 0.5769230769230769, 0.5884615384615385, 0.6269230769230769, 0.6307692307692307, 0.6615384615384615, 0.6807692307692308, 0.65, 0.6615384615384615, 0.6730769230769231, 0.676923076923077, 0.6653846153846154, 0.7076923076923077, 0.6923076923076923, 0.6884615384615385, 0.7192307692307692, 0.7076923076923077, 0.7230769230769231, 0.7230769230769231, 0.7730769230769231, 0.7461538461538462, 0.7384615384615385, 0.7884615384615384, 0.7615384615384615, 0.7923076923076923, 0.7884615384615384, 0.8, 0.823076923076923, 0.8192307692307692, 0.8076923076923077, 0.8346153846153846, 0.8384615384615385, 0.8807692307692307, 0.8769230769230769, 0.9038461538461539, 0.8807692307692307, 0.8923076923076924, 0.9115384615384615, 0.9384615384615385, 0.9423076923076923, 0.926923076923077, 0.9230769230769231, 0.9461538461538461, 0.9461538461538461, 0.95, 0.9692307692307692, 0.9538461538461539, 0.9576923076923077, 0.9846153846153847, 0.9807692307692307, 0.9769230769230769, 0.9884615384615385, 0.9730769230769231, 1.0, 0.9961538461538462, 0.9807692307692307, 0.9961538461538462, 0.9807692307692307, 0.9961538461538462, 0.9961538461538462, 0.9923076923076923, 1.0, 1.0, 0.9923076923076923, 1.0, 1.0, 1.0, 1.0, 0.9961538461538462, 1.0, 0.9961538461538462, 0.9923076923076923, 1.0, 0.9961538461538462, 0.9923076923076923, 0.9961538461538462, 1.0, 1.0, 1.0, 1.0, 0.9961538461538462, 1.0, 0.9961538461538462, 1.0, 1.0, 0.9961538461538462, 1.0, 1.0, 1.0, 0.9961538461538462, 1.0, 0.9923076923076923, 0.9961538461538462, 0.9961538461538462, 1.0, 0.9884615384615385, 1.0, 1.0, 1.0, 1.0, 1.0, 1.0, 1.0, 1.0, 1.0, 1.0, 1.0, 0.9961538461538462, 1.0, 1.0, 1.0, 1.0, 1.0, 1.0, 1.0, 1.0, 0.9961538461538462, 0.9961538461538462, 1.0, 1.0, 1.0, 1.0, 1.0, 1.0, 1.0, 1.0, 1.0, 1.0, 1.0, 1.0, 1.0, 1.0, 1.0, 1.0, 1.0, 0.9961538461538462, 1.0, 1.0, 1.0, 1.0, 1.0, 1.0, 1.0, 1.0, 1.0, 1.0, 1.0, 1.0, 1.0, 0.9961538461538462, 1.0, 1.0, 1.0, 1.0, 1.0, 1.0, 1.0, 0.9923076923076923, 1.0, 1.0, 1.0, 1.0, 0.9961538461538462, 1.0, 1.0, 0.9961538461538462, 0.9961538461538462, 1.0, 1.0, 1.0, 1.0, 1.0, 1.0, 1.0, 0.9923076923076923, 1.0, 1.0, 1.0, 1.0, 1.0, 1.0, 1.0, 1.0], "trainRumorF1": [0.27615081196948227, 0.20567375886524822, 0.2320171411080502, 0.20567375886524822, 0.2268297739995853, 0.27468619438121095, 0.27704755847643275, 0.29734254028039336, 0.33075650569447096, 0.3836752835455762, 0.39178356892193017, 0.4282094594594595, 0.5063583046133381, 0.48765782369012406, 0.5363742862526318, 0.5744047619047619, 0.56275079137346, 0.6346235463882522, 0.6510250282555115, 0.6019369639540093, 0.6345438476150275, 0.6428911144490712, 0.6515415265905432, 0.6260087832702599, 0.6880996423726723, 0.6443768008179199, 0.65662433117282, 0.6877057015164433, 0.679368949878295, 0.6851719632685361, 0.6896975903388761, 0.7472230873040591, 0.7147772367948889, 0.70865909389124, 0.7649198139961139, 0.7247191482288718, 0.7665645131333275, 0.7612510824218449, 0.7707716582644987, 0.7938637330623881, 0.7905062900337142, 0.7840632581348207, 0.807561572889842, 0.8150031592988697, 0.86672002134187, 0.8625668449197862, 0.8896334643530501, 0.8678475039876762, 0.8770885536444583, 0.9006669178349296, 0.9294991586013257, 0.9325396825396824, 0.9187242015581069, 0.914278206355463, 0.9408816158042165, 0.9395846237588453, 0.946271050521251, 0.9664142652769261, 0.948247687777363, 0.9561528145455996, 0.9835256545062675, 0.9780585415794127, 0.9744782015619596, 0.986134021017742, 0.9715171063766322, 1.0, 0.9952016794122057, 0.9798378259916722, 0.9952016794122057, 0.977651702210211, 0.9957079957079958, 0.9966200670966878, 0.992328116193815, 1.0, 1.0, 0.9918320267157478, 1.0, 1.0, 1.0, 1.0, 0.9951746670017593, 1.0, 0.9966200670966878, 0.9913793103448275, 1.0, 0.9956708341108417, 0.9913793103448275, 0.9966200670966878, 1.0, 1.0, 1.0, 1.0, 0.9956708341108417, 1.0, 0.9966200670966878, 1.0, 1.0, 0.9956708341108417, 1.0, 1.0, 1.0, 0.9956708341108417, 1.0, 0.992328116193815, 0.9957079957079958, 0.9952016794122057, 1.0, 0.988933634789552, 1.0, 1.0, 1.0, 1.0, 1.0, 1.0, 1.0, 1.0, 1.0, 1.0, 1.0, 0.9966302162833954, 1.0, 1.0, 1.0, 1.0, 1.0, 1.0, 1.0, 1.0, 0.9951746670017593, 0.9957079957079958, 1.0, 1.0, 1.0, 1.0, 1.0, 1.0, 1.0, 1.0, 1.0, 1.0, 1.0, 1.0, 1.0, 1.0, 1.0, 1.0, 1.0, 0.9956708341108417, 1.0, 1.0, 1.0, 1.0, 1.0, 1.0, 1.0, 1.0, 1.0, 1.0, 1.0, 1.0, 1.0, 0.9952016794122057, 1.0, 1.0, 1.0, 1.0, 1.0, 1.0, 1.0, 0.9903769045709704, 1.0, 1.0, 1.0, 1.0, 0.9966302162833954, 1.0, 1.0, 0.9956708341108417, 0.9957079957079958, 1.0, 1.0, 1.0, 1.0, 1.0, 1.0, 1.0, 0.9903769045709704, 1.0, 1.0, 1.0, 1.0, 1.0, 1.0, 1.0, 1.0],