{"epoch": 45, "macroF1Rumor": 0.681288801422283, "accRumor": 0.7076923076923077, "loss": 1.2575539350509644, "trainRumorAcc": [0.4269230769230769, 0.4807692307692308, 0.46923076923076923, 0.47307692307692306, 0.47692307692307695, 0.5192307692307693, 0.5192307692307693, 0.5384615384615384, 0.5807692307692308, 0.6, 0.6384615384615384, 0.6423076923076924, 0.6384615384615384, 0.6692307692307692, 0.6961538461538461, 0.7, 0.7076923076923077, 0.7115384615384616, 0.7307692307692307, 0.7615384615384615, 0.7346153846153847, 0.75, 0.7692307692307693, 0.7692307692307693, 0.7807692307692308, 0.7923076923076923, 0.8, 0.8384615384615385, 0.8461538461538461, 0.8346153846153846, 0.8653846153846154, 0.8576923076923076, 0.9038461538461539, 0.8846153846153846, 0.9192307692307692, 0.9076923076923077, 0.9153846153846154, 0.9153846153846154, 0.9615384615384616, 0.9538461538461539, 0.9346153846153846, 0.9615384615384616, 0.9653846153846154, 0.9769230769230769, 0.95, 0.9846153846153847, 0.9769230769230769, 0.9846153846153847, 0.9961538461538462, 0.9807692307692307, 0.9846153846153847, 0.9884615384615385, 0.9884615384615385, 0.9807692307692307, 0.9961538461538462, 1.0, 0.9961538461538462, 0.9961538461538462, 0.9961538461538462, 0.9961538461538462, 1.0, 1.0, 0.9923076923076923, 0.9961538461538462, 1.0, 0.9961538461538462, 0.9961538461538462, 1.0, 0.9961538461538462, 0.9961538461538462, 1.0, 1.0, 1.0, 1.0, 0.9923076923076923, 1.0, 1.0, 1.0, 1.0, 1.0, 1.0, 0.9923076923076923, 1.0, 1.0, 0.9961538461538462, 1.0, 1.0, 1.0, 0.9961538461538462, 1.0, 1.0, 0.9961538461538462, 0.9961538461538462, 1.0, 1.0], "trainRumorF1": [0.3108006850781417, 0.2952586393603105, 0.3024971118812761, 0.32608296856178215, 0.3371096981113613, 0.3781907882209716, 0.37045497810774797, 0.4368843536096494, 0.4900912776727666, 0.5084109329609835, 0.5881749829118251, 0.6005192367844854, 0.5747011992434093, 0.626414908423555, 0.6554828008218933, 0.6633377599243205, 0.6749932720803719, 0.6897435897435896, 0.7109540786011374, 0.7411411411411413, 0.7094930747123676, 0.7293962178172705, 0.7517773054765953, 0.7478765050680322, 0.7638888888888888, 0.7714514001762192, 0.7764327581154539, 0.8244279835390946, 0.8321131853626612, 0.8208076469767168, 0.8513919684651392, 0.8436261259753121, 0.8914710550396058, 0.8746184530580298, 0.9076575013118423, 0.8969572752707634, 0.9082587024894716, 0.9053684479155274, 0.9583329700510048, 0.9488289609110633, 0.9313783794814388, 0.9572505994072712, 0.9621746742315569, 0.975851986287558, 0.942896317024282, 0.9846297781341887, 0.9733762822546703, 0.9855559174978413, 0.9956708341108417, 0.9793639576378266, 0.9841435224134049, 0.9866301104958093, 0.9871239871239871, 0.9775500124337334, 0.9966302162833954, 1.0, 0.9956708341108417, 0.9957079957079958, 0.9957079957079958, 0.9956708341108417, 1.0, 1.0, 0.9932504677893611, 0.9966200670966878, 1.0, 0.9957079957079958, 0.9966200670966878, 1.0, 0.9957079957079958, 0.9957079957079958, 1.0, 1.0, 1.0, 1.0, 0.9932504677893611, 1.0, 1.0, 1.0, 1.0, 1.0, 1.0, 0.9932504677893611, 1.0, 1.0, 0.9956708341108417, 1.0, 1.0, 1.0, 0.9966200670966878, 1.0, 1.0, 0.9957079957079958, 0.9966200670966878, 1.0, 1.0], "trainLoss": [1.0841931104660034, 1.063127875328064, 1.0513516664505005, 1.0431764125823975, 1.0314836502075195, 1.0199919939041138, 0.9946706891059875, 0.9742323756217957, 0.9354611039161682, 0.8970139622688293, 0.8478251695632935, 0.832192063331604, 0.8053141832351685, 0.7834603786468506, 0.759473979473114, 0.7513361573219299, 0.7078592777252197, 0.7031106948852539, 0.6814324259757996, 0.6648328900337219, 0.6554492712020874, 0.6073616147041321, 0.5934327840805054, 0.5793883800506592, 0.5379484295845032, 0.5171911120414734, 0.5113654136657715, 0.4560684561729431, 0.40792420506477356, 0.4361839294433594, 0.3933495879173279, 0.3730005621910095, 0.31946200132369995, 0.30955997109413147, 0.2818337082862854, 0.269395649433136, 0.26244601607322693, 0.21927891671657562, 0.18013259768486023, 0.1780063956975937, 0.18694372475147247, 0.13969185948371887, 0.12438768148422241, 0.12029709666967392, 0.11291533708572388, 0.0811840295791626, 0.08066683262586594, 0.08084981143474579, 0.04332315921783447, 0.09020789712667465, 0.061116382479667664, 0.03929989039897919, 0.0434274822473526, 0.04639051854610443, 0.030939938500523567, 0.024556607007980347, 0.026603663340210915, 0.022934455424547195, 0.027452511712908745, 0.02853132039308548, 0.01632411777973175, 0.013436825945973396, 0.023160062730312347, 0.02445492520928383, 0.011573574505746365, 0.012181864120066166, 0.01251294557005167, 0.010843565687537193, 0.0157204307615757, 0.01021173968911171, 0.006717114243656397, 0.0056635052897036076, 0.00449370127171278, 0.0017839708598330617, 0.01729302853345871, 0.005895737558603287, 0.005601890850812197, 0.005703114904463291, 0.004959534853696823, 0.0021284904796630144, 0.0026283415500074625, 0.01876317895948887, 0.007313505746424198, 0.0027918601408600807, 0.005224321037530899, 0.0014309847028926015, 0.003873698879033327, 0.0013575527118518949, 0.008755718357861042, 0.0019664911087602377, 0.0009389105252921581, 0.012428048998117447, 0.011036397889256477, 0.002025278052315116, 0.002353308256715536], "testRumorAcc": [0.4307692307692308, 0.6, 0.6461538461538462, 0.6461538461538462, 0.6307692307692307, 0.6461538461538462, 0.676923076923077, 0.6461538461538462, 0.7076923076923077, 0.676923076923077, 0.7076923076923077, 0.6, 0.6923076923076923, 0.6615384615384615, 0.6, 0.6461538461538462, 0.676923076923077, 0.676923076923077, 0.6923076923076923], "testRumorF1": [0.24825174825174826, 0.5395913154533843, 0.5855855855855856, 0.5948275862068966, 0.5881535947712418, 0.6133936993020185, 0.6559947668442201, 0.6222768222768222, 0.681288801422283, 0.6539639147074904, 0.681288801422283, 0.590504037872459, 0.6686074995289241, 0.6444444444444444, 0.5837348201880221, 0.6204298980453277, 0.6555555555555554, 0.6492063492063492, 0.6628205128205128], "testLoss": [1.060513973236084, 0.9781669974327087, 0.9188232421875, 0.8580243587493896, 0.8197251558303833, 0.8161511421203613, 0.9066759943962097, 1.0557646751403809, 1.2575539350509644, 1.3917479515075684, 1.652943730354309, 1.808233380317688, 1.959578514099121, 2.1449053287506104, 2.290479898452759, 2.2526581287384033, 2.217804193496704, 2.364319324493408, 2.550854206085205]}