{"epoch": 25, "macroF1Rumor": 0.7170990153446293, "accRumor": 0.7384615384615385, "loss": 0.7589257955551147, "trainRumorAcc": [0.41923076923076924, 0.45, 0.4423076923076923, 0.46923076923076923, 0.47307692307692306, 0.4846153846153846, 0.5076923076923077, 0.48846153846153845, 0.5269230769230769, 0.5576923076923077, 0.6153846153846154, 0.6230769230769231, 0.6461538461538462, 0.6615384615384615, 0.676923076923077, 0.6653846153846154, 0.676923076923077, 0.7115384615384616, 0.6961538461538461, 0.7269230769230769, 0.7423076923076923, 0.7538461538461538, 0.7538461538461538, 0.7807692307692308, 0.7807692307692308, 0.7846153846153846, 0.7769230769230769, 0.8115384615384615, 0.8115384615384615, 0.8153846153846154, 0.8076923076923077, 0.8423076923076923, 0.8461538461538461, 0.8538461538461538, 0.85, 0.8576923076923076, 0.8653846153846154, 0.8846153846153846, 0.9038461538461539, 0.9038461538461539, 0.9153846153846154, 0.926923076923077, 0.926923076923077, 0.9346153846153846, 0.9423076923076923, 0.9423076923076923, 0.9346153846153846, 0.9730769230769231, 0.9653846153846154, 0.9884615384615385, 0.9769230769230769, 0.9884615384615385, 0.9923076923076923, 0.9807692307692307, 0.9846153846153847, 1.0, 0.9923076923076923, 1.0, 1.0, 1.0, 0.9884615384615385, 1.0, 0.9961538461538462, 0.9884615384615385, 1.0, 1.0, 0.9961538461538462, 0.9961538461538462, 1.0, 0.9884615384615385, 1.0, 1.0, 0.9961538461538462, 0.9961538461538462, 0.9961538461538462], "trainRumorF1": [0.2450561658258319, 0.21388505747126438, 0.21770682148040635, 0.2727668845315904, 0.2987887854890923, 0.33892339544513456, 0.37149142232852045, 0.38470226502013277, 0.4435446216722107, 0.5318508755287954, 0.5748759579039738, 0.6064004872889652, 0.6194765907790191, 0.6399157814144893, 0.6512780490705435, 0.6347633002401707, 0.6560128219180189, 0.6851748251748252, 0.672238580133317, 0.7008949366226704, 0.7169729107575945, 0.7306663268363933, 0.733524461802697, 0.7575203496531536, 0.7536262661364016, 0.7593148275772958, 0.7434711700336701, 0.7875243664717351, 0.7780125569637343, 0.7877452761700016, 0.781599100664674, 0.8147623682525552, 0.8223106151915861, 0.8328800337339238, 0.8215340737820854, 0.834533225422752, 0.8425066272059306, 0.8642585242884965, 0.8877315932758799, 0.8866479925303454, 0.8999152274926038, 0.9132539682539682, 0.9178032521685772, 0.9246377582808402, 0.9357142857142858, 0.9348584093998621, 0.9238342417626754, 0.9689271384383997, 0.9616897017078504, 0.9863746573552703, 0.9723839480365056, 0.9870125023325246, 0.9923256641527564, 0.9788826516974072, 0.9820854658000862, 1.0, 0.9913793103448275, 1.0, 1.0, 1.0, 0.9871239871239871, 1.0, 0.9952016794122057, 0.9879970869606111, 1.0, 1.0, 0.9951746670017593, 0.9957079957079958, 1.0, 0.9870125023325246, 1.0, 1.0, 0.9957079957079958, 0.9956708341108417, 0.9956708341108417], "trainLoss": [1.087262511253357, 1.066254734992981, 1.057674527168274, 1.0514789819717407, 1.048010230064392, 1.0379379987716675, 1.0192921161651611, 0.9942297339439392, 0.9621426463127136, 0.9316582083702087, 0.909232497215271, 0.8816735148429871, 0.8612679839134216, 0.8106842041015625, 0.7777575850486755, 0.781833827495575, 0.7430477738380432, 0.7403486371040344, 0.7153635025024414, 0.7060031294822693, 0.665672242641449, 0.6417720913887024, 0.6563233733177185, 0.6351847052574158, 0.6146759390830994, 0.5766964554786682, 0.5760493278503418, 0.5253375172615051, 0.5234552025794983, 0.5004929900169373, 0.48781242966651917, 0.44697242975234985, 0.43994054198265076, 0.4122355580329895, 0.386863112449646, 0.3454657793045044, 0.3525773882865906, 0.3008813261985779, 0.2901013493537903, 0.27101266384124756, 0.26003119349479675, 0.23064854741096497, 0.20169225335121155, 0.17346034944057465, 0.18856841325759888, 0.1552734524011612, 0.16819557547569275, 0.11301513761281967, 0.11304197460412979, 0.07803356647491455, 0.07629148662090302, 0.0737081915140152, 0.05700268968939781, 0.06630414724349976, 0.06310150027275085, 0.03532874584197998, 0.03295008838176727, 0.02361353673040867, 0.020511185750365257, 0.02184462547302246, 0.030895188450813293, 0.017922185361385345, 0.019881023094058037, 0.031129363924264908, 0.01042438019067049, 0.010192519053816795, 0.015230601653456688, 0.012517603114247322, 0.008028878830373287, 0.023932164534926414, 0.006445545703172684, 0.005718383006751537, 0.008495917543768883, 0.009330150671303272, 0.013239983469247818], "testRumorAcc": [0.4, 0.49230769230769234, 0.6307692307692307, 0.6307692307692307, 0.7384615384615385, 0.6923076923076923, 0.6615384615384615, 0.6923076923076923, 0.6923076923076923, 0.7076923076923077, 0.6923076923076923, 0.6615384615384615, 0.676923076923077, 0.7076923076923077, 0.6307692307692307], "testRumorF1": [0.215034965034965, 0.3382663847780127, 0.5724372759856632, 0.5867724867724867, 0.7170990153446293, 0.6696620583717358, 0.6558109833971904, 0.6830717768050959, 0.6685185185185185, 0.688420181968569, 0.6716079716079717, 0.6487867177522351, 0.6607568827907812, 0.6953475643130816, 0.6329434212709475], "testLoss": [1.0669338703155518, 1.0583385229110718, 0.9348086714744568, 0.8565638065338135, 0.7589257955551147, 0.7265999913215637, 0.7907967567443848, 0.8421899676322937, 0.9576003551483154, 1.103169322013855, 1.3351597785949707, 1.5942212343215942, 1.7566438913345337, 1.7956701517105103, 2.1802539825439453]}