{"epoch": 65, "macroF1Rumor": 0.6893217893217893, "accRumor": 0.6923076923076923, "loss": 2.0940752029418945, "trainRumorAcc": [0.4153846153846154, 0.4461538461538462, 0.4423076923076923, 0.4653846153846154, 0.5038461538461538, 0.5115384615384615, 0.5076923076923077, 0.5192307692307693, 0.5423076923076923, 0.5384615384615384, 0.5769230769230769, 0.5923076923076923, 0.6153846153846154, 0.65, 0.6461538461538462, 0.6615384615384615, 0.6923076923076923, 0.676923076923077, 0.7230769230769231, 0.7423076923076923, 0.7192307692307692, 0.7653846153846153, 0.7423076923076923, 0.7538461538461538, 0.7653846153846153, 0.7923076923076923, 0.7576923076923077, 0.8192307692307692, 0.8192307692307692, 0.8461538461538461, 0.8692307692307693, 0.85, 0.8461538461538461, 0.8653846153846154, 0.8923076923076924, 0.8807692307692307, 0.8884615384615384, 0.9076923076923077, 0.9076923076923077, 0.9153846153846154, 0.9230769230769231, 0.9230769230769231, 0.9192307692307692, 0.9576923076923077, 0.9653846153846154, 0.9346153846153846, 0.9692307692307692, 0.9461538461538461, 0.9461538461538461, 0.9730769230769231, 0.9846153846153847, 0.9730769230769231, 0.9807692307692307, 0.9846153846153847, 0.9692307692307692, 0.9884615384615385, 0.9846153846153847, 0.9884615384615385, 0.9884615384615385, 0.9961538461538462, 0.9923076923076923, 0.9846153846153847, 0.9769230769230769, 0.9961538461538462, 0.9884615384615385, 0.9846153846153847, 0.9923076923076923, 0.9923076923076923, 1.0, 0.9961538461538462, 0.9961538461538462, 1.0, 1.0, 0.9846153846153847, 0.9923076923076923, 0.9884615384615385, 0.9961538461538462, 0.9961538461538462, 0.9807692307692307, 0.9846153846153847, 0.9923076923076923, 0.9884615384615385, 0.9769230769230769, 1.0, 0.9961538461538462, 1.0, 1.0, 1.0, 1.0, 1.0, 1.0, 1.0, 0.9961538461538462, 1.0, 1.0, 1.0, 1.0, 1.0, 1.0, 0.9923076923076923, 1.0, 0.9961538461538462, 0.9923076923076923, 1.0, 1.0, 0.9961538461538462, 0.9961538461538462, 1.0, 1.0, 1.0, 1.0, 1.0, 1.0, 1.0, 1.0], "trainRumorF1": [0.2924786773565981, 0.20567375886524822, 0.20444444444444443, 0.308080808080808, 0.3196275371416614, 0.35523841884698154, 0.36320232147579534, 0.3735155932645069, 0.4214173275985942, 0.4108795963476517, 0.4375131198939692, 0.4675979453061783, 0.4996094315703168, 0.5645792701028778, 0.5596050907652058, 0.5981758192688392, 0.6326346275135839, 0.6044620401239984, 0.6678085181311295, 0.693065978412593, 0.6711101152641042, 0.7350016604272637, 0.6927218529260363, 0.7211638254940379, 0.7395756253359896, 0.7612872585504165, 0.7273765632906818, 0.7884225275529624, 0.8010733966225665, 0.8190026855019682, 0.8495268225207829, 0.8241819916044991, 0.8207008821025558, 0.8494404564258585, 0.8766531162301648, 0.8628534585981394, 0.8735110829163566, 0.9002849002849002, 0.9006309852740911, 0.9054047741596937, 0.9171195077059605, 0.9176872890101625, 0.907810935221463, 0.9530205827318898, 0.9599685581612597, 0.9298162664344076, 0.9656691531602579, 0.9427526334305995, 0.9404504168221973, 0.9687201865021358, 0.9831439258725615, 0.9721472597034816, 0.9792058914222489, 0.9827314750182263, 0.9653340123928359, 0.988933634789552, 0.9831365333402765, 0.9889460238297447, 0.9884475392361622, 0.9951746670017593, 0.990794649345502, 0.9850576657973039, 0.9758811160279949, 0.9966200670966878, 0.9874270749423748, 0.9827586206896552, 0.992328116193815, 0.9908830898466139, 1.0, 0.9952016794122057, 0.9952016794122057, 1.0, 1.0, 0.9855554903609823, 0.9917988133590253, 0.9884294807162322, 0.9957079957079958, 0.9956708341108417, 0.9807538091419407, 0.9855735488809124, 0.9903769045709704, 0.9898602012900635, 0.9764860462534881, 1.0, 0.9956708341108417, 1.0, 1.0, 1.0, 1.0, 1.0, 1.0, 1.0, 0.9956708341108417, 1.0, 1.0, 1.0, 1.0, 1.0, 1.0, 0.9913793103448275, 1.0, 0.9951746670017593, 0.9913793103448275, 1.0, 1.0, 0.9951746670017593, 0.9952016794122057, 1.0, 1.0, 1.0, 1.0, 1.0, 1.0, 1.0, 1.0], "trainLoss": [1.0806257724761963, 1.0655391216278076, 1.0582377910614014, 1.0495331287384033, 1.0427124500274658, 1.0250500440597534, 1.0289183855056763, 1.0067840814590454, 0.994084894657135, 0.9656631350517273, 0.9246779084205627, 0.8772919774055481, 0.8266277313232422, 0.8072134256362915, 0.8043181896209717, 0.762990415096283, 0.7509916424751282, 0.7228394150733948, 0.7156550884246826, 0.6651702523231506, 0.655006468296051, 0.6453750729560852, 0.5991564989089966, 0.5611677169799805, 0.5640869140625, 0.5302144885063171, 0.521082878112793, 0.4743918180465698, 0.45810753107070923, 0.4159456789493561, 0.3973357081413269, 0.38482609391212463, 0.3856632113456726, 0.3227091431617737, 0.31259480118751526, 0.3106362819671631, 0.2560688257217407, 0.24409079551696777, 0.24443387985229492, 0.2316630482673645, 0.19686435163021088, 0.21816812455654144, 0.17669913172721863, 0.13354791700839996, 0.11286330968141556, 0.1553061604499817, 0.09494104236364365, 0.1560613512992859, 0.1278257817029953, 0.09126735478639603, 0.05478638783097267, 0.0700843408703804, 0.07053310424089432, 0.04998936131596565, 0.06448597460985184, 0.04383121058344841, 0.06734104454517365, 0.03870160132646561, 0.0323975533246994, 0.028991609811782837, 0.02823047898709774, 0.0456036776304245, 0.06264354288578033, 0.021497543901205063, 0.028965679928660393, 0.03337188437581062, 0.02289563976228237, 0.03439737483859062, 0.009323031641542912, 0.02778015471994877, 0.010466879233717918, 0.008900051936507225, 0.010001739487051964, 0.04825635254383087, 0.018600907176733017, 0.016801755875349045, 0.01588473841547966, 0.012381142005324364, 0.027472123503684998, 0.02738610841333866, 0.013431663624942303, 0.026566477492451668, 0.055301692336797714, 0.0037527272943407297, 0.017132865265011787, 0.005549054127186537, 0.005841407459229231, 0.0029270874802023172, 0.002451881766319275, 0.0024862922728061676, 0.0020719224121421576, 0.00851696077734232, 0.006015988532453775, 0.00530942901968956, 0.004005251452326775, 0.0029538897797465324, 0.0022205535788089037, 0.002178598428145051, 0.004440124612301588, 0.01506856083869934, 0.004843727219849825, 0.009838833473622799, 0.020332487300038338, 0.0017918470548465848, 0.0050309267826378345, 0.02735293097794056, 0.00462381774559617, 0.0011276048608124256, 0.0018582271877676249, 0.004134009592235088, 0.0011844233376905322, 0.0030579501762986183, 0.001595542300492525, 0.0005486900918185711, 0.0016377432039007545], "testRumorAcc": [0.46153846153846156, 0.5538461538461539, 0.6307692307692307, 0.6461538461538462, 0.6307692307692307, 0.6923076923076923, 0.6, 0.6, 0.6615384615384615, 0.6307692307692307, 0.6615384615384615, 0.676923076923077, 0.6923076923076923, 0.6923076923076923, 0.6615384615384615, 0.6307692307692307, 0.6615384615384615, 0.6615384615384615, 0.6461538461538462, 0.6615384615384615, 0.6615384615384615, 0.6153846153846154, 0.6461538461538462], "testRumorF1": [0.23963133640552994, 0.40988547317661245, 0.5365424430641821, 0.5688259818519427, 0.6135642135642136, 0.6609532012632787, 0.5917748917748917, 0.590870296133454, 0.6455459770114943, 0.6133101820450908, 0.6457580733442803, 0.6676587301587302, 0.6893217893217893, 0.6835763936213711, 0.6603908144344601, 0.6087827880931329, 0.6635650660040904, 0.6479919846372214, 0.6283950617283951, 0.636807117508872, 0.6561377866796586, 0.6134680134680135, 0.6276198679299455], "testLoss": [1.0609090328216553, 1.0049934387207031, 0.8785601258277893, 0.8554227352142334, 0.8996948003768921, 0.9949304461479187, 1.0918054580688477, 1.2708501815795898, 1.4199738502502441, 1.5177239179611206, 1.653320550918579, 1.7901920080184937, 2.0940752029418945, 2.1778948307037354, 2.1914443969726562, 2.258298635482788, 2.4054996967315674, 2.388155937194824, 2.486711025238037, 2.5989766120910645, 3.05432391166687, 2.7589759826660156, 2.83176851272583]}