{"epoch": 50, "macroF1Rumor": 0.670285039137498, "accRumor": 0.6923076923076923, "loss": 1.6974750757217407, "trainRumorAcc": [0.4346153846153846, 0.4461538461538462, 0.4461538461538462, 0.46153846153846156, 0.45384615384615384, 0.5, 0.4807692307692308, 0.5038461538461538, 0.5115384615384615, 0.5230769230769231, 0.5615384615384615, 0.5846153846153846, 0.5884615384615385, 0.5807692307692308, 0.6153846153846154, 0.6346153846153846, 0.6384615384615384, 0.6538461538461539, 0.6923076923076923, 0.7153846153846154, 0.7230769230769231, 0.7230769230769231, 0.7269230769230769, 0.7423076923076923, 0.75, 0.7653846153846153, 0.7769230769230769, 0.8, 0.8076923076923077, 0.8038461538461539, 0.8384615384615385, 0.8461538461538461, 0.8346153846153846, 0.8769230769230769, 0.8538461538461538, 0.9038461538461539, 0.8923076923076924, 0.9038461538461539, 0.9192307692307692, 0.926923076923077, 0.9192307692307692, 0.9538461538461539, 0.9615384615384616, 0.9653846153846154, 0.9461538461538461, 0.9846153846153847, 0.9653846153846154, 0.9692307692307692, 0.9653846153846154, 0.9692307692307692, 1.0, 0.9807692307692307, 0.9923076923076923, 0.9923076923076923, 0.9846153846153847, 0.9807692307692307, 0.9923076923076923, 0.9884615384615385, 0.9923076923076923, 0.9923076923076923, 0.9923076923076923, 0.9884615384615385, 1.0, 0.9923076923076923, 0.9961538461538462, 0.9923076923076923, 0.9961538461538462, 0.9846153846153847, 1.0, 0.9923076923076923, 0.9961538461538462, 0.9923076923076923, 1.0, 1.0, 1.0, 0.9961538461538462, 0.9923076923076923, 0.9961538461538462, 0.9923076923076923, 1.0, 0.9923076923076923, 1.0, 1.0, 0.9961538461538462, 1.0, 1.0, 1.0, 1.0, 1.0, 1.0, 1.0, 1.0, 0.9961538461538462, 1.0, 1.0, 1.0, 1.0, 1.0, 0.9961538461538462, 0.9961538461538462], "trainRumorF1": [0.20904817861339597, 0.20567375886524822, 0.20567375886524822, 0.28093388464269303, 0.2652198825383183, 0.36186729276392327, 0.3341614906832298, 0.3582285115303983, 0.3758520505084367, 0.39124296183119706, 0.41861986700621473, 0.4415554294282931, 0.4507618558466016, 0.4436242117241527, 0.5108901812572849, 0.5377921389615496, 0.5685224786088093, 0.5713546588546589, 0.6474041061603216, 0.6749999999999999, 0.6867201426024955, 0.676824912522853, 0.6813118614303959, 0.7115399252311342, 0.7002178649237473, 0.7333458317710285, 0.7490372474747474, 0.7583542818836936, 0.7796926366287756, 0.7712038089807517, 0.8114179004935308, 0.8210748543990203, 0.810708456654963, 0.8561374326038296, 0.8340527907222895, 0.8849003477713618, 0.8755229623227031, 0.8925662394842363, 0.9033746751174138, 0.9166593785893781, 0.9082781105422266, 0.9465216996548523, 0.9566384437838883, 0.9619379296584499, 0.9387217909161, 0.9833460656990068, 0.9624661803151505, 0.9655459854419451, 0.960567714343458, 0.9626824302729252, 1.0, 0.9772395670347153, 0.9908830898466139, 0.9917948651185936, 0.9822499605238294, 0.9778333376664269, 0.9913793103448275, 0.9875551506400339, 0.9908830898466139, 0.9909579633040829, 0.9913793103448275, 0.9884044932099852, 1.0, 0.9913793103448275, 0.9952016794122057, 0.9913793103448275, 0.9956708341108417, 0.9817562149157979, 1.0, 0.9908729406599063, 0.9966302162833954, 0.992303128687568, 1.0, 1.0, 1.0, 0.9956708341108417, 0.9903769045709704, 0.9966302162833954, 0.9918320267157478, 1.0, 0.9913793103448275, 1.0, 1.0, 0.9966302162833954, 1.0, 1.0, 1.0, 1.0, 1.0, 1.0, 1.0, 1.0, 0.9952016794122057, 1.0, 1.0, 1.0, 1.0, 1.0, 0.9957079957079958, 0.9957079957079958], "trainLoss": [1.0792032480239868, 1.0643466711044312, 1.0536789894104004, 1.0521169900894165, 1.0343358516693115, 1.0295850038528442, 1.0216715335845947, 1.0186446905136108, 0.9944216012954712, 0.9803552031517029, 0.9746910929679871, 0.9550577998161316, 0.9097697734832764, 0.9087103605270386, 0.8744737505912781, 0.8502979278564453, 0.8236674070358276, 0.7860857248306274, 0.7670574188232422, 0.7404518723487854, 0.7157285809516907, 0.7176843285560608, 0.6753546595573425, 0.642113208770752, 0.6254149079322815, 0.5830352902412415, 0.5461498498916626, 0.5128822922706604, 0.5160480737686157, 0.485250860452652, 0.4439805746078491, 0.4056885242462158, 0.41658884286880493, 0.3565787374973297, 0.3462215065956116, 0.2863699197769165, 0.27604833245277405, 0.23466838896274567, 0.24412901699543, 0.203865647315979, 0.18206585943698883, 0.15006782114505768, 0.12457157671451569, 0.1336604654788971, 0.11962036043405533, 0.08991978317499161, 0.09257496893405914, 0.08600831031799316, 0.0784839317202568, 0.09103220701217651, 0.04643043503165245, 0.06578224152326584, 0.03831712529063225, 0.039836686104536057, 0.05094624310731888, 0.04909147322177887, 0.030185187235474586, 0.037045106291770935, 0.02317085862159729, 0.027306480333209038, 0.021233757957816124, 0.03464934229850769, 0.01247413270175457, 0.016918472945690155, 0.015777356922626495, 0.019349854439496994, 0.012687338516116142, 0.029373357072472572, 0.007156324572861195, 0.029270553961396217, 0.013683106750249863, 0.01742294616997242, 0.007602924481034279, 0.011166106909513474, 0.004216763656586409, 0.01392826996743679, 0.014638537541031837, 0.011692912317812443, 0.012685554102063179, 0.004287226125597954, 0.014505310915410519, 0.006320123095065355, 0.002193799475207925, 0.009108474478125572, 0.0045621138997375965, 0.0011225020280107856, 0.0065770335495471954, 0.001151842181570828, 0.0021569221280515194, 0.0009971675463020802, 0.001659703440964222, 0.0038095039781183004, 0.008996829390525818, 0.002543024020269513, 0.001990423072129488, 0.0017835809849202633, 0.0028755394741892815, 0.0004473976732697338, 0.01003958098590374, 0.012320693582296371], "testRumorAcc": [0.46153846153846156, 0.46153846153846156, 0.6, 0.6461538461538462, 0.6615384615384615, 0.6615384615384615, 0.7076923076923077, 0.6923076923076923, 0.6615384615384615, 0.6923076923076923, 0.6615384615384615, 0.6923076923076923, 0.676923076923077, 0.676923076923077, 0.6307692307692307, 0.6615384615384615, 0.676923076923077, 0.6461538461538462, 0.6615384615384615, 0.6615384615384615], "testRumorF1": [0.3413848631239936, 0.262962962962963, 0.517094017094017, 0.5515151515151516, 0.5958028616852146, 0.6185990338164251, 0.6664102564102564, 0.6655265863003458, 0.6399140636143203, 0.670285039137498, 0.6420790538437596, 0.6520634920634921, 0.657725613544579, 0.657725613544579, 0.5974514374514376, 0.6370035193564605, 0.649021229666391, 0.6167763157894737, 0.6328924162257495, 0.6345093658526494], "testLoss": [1.0651928186416626, 1.0530273914337158, 1.0331933498382568, 0.8794829845428467, 0.8260718584060669, 0.9109317064285278, 1.0033973455429077, 1.186826229095459, 1.4924615621566772, 1.6974750757217407, 2.153306722640991, 2.308931827545166, 2.5015859603881836, 2.4750277996063232, 2.8767364025115967, 2.733062744140625, 2.886225938796997, 2.9889516830444336, 3.051616907119751, 3.431311845779419]}