{"epoch": 35, "macroF1Rumor": 0.6553644648018514, "accRumor": 0.676923076923077, "loss": 0.8881369829177856, "trainRumorAcc": [0.40384615384615385, 0.4423076923076923, 0.45384615384615384, 0.45, 0.4807692307692308, 0.4807692307692308, 0.5, 0.5461538461538461, 0.5846153846153846, 0.5807692307692308, 0.6038461538461538, 0.6115384615384616, 0.6346153846153846, 0.6230769230769231, 0.6230769230769231, 0.676923076923077, 0.676923076923077, 0.6730769230769231, 0.7115384615384616, 0.6884615384615385, 0.6961538461538461, 0.7423076923076923, 0.7153846153846154, 0.7769230769230769, 0.7884615384615384, 0.7615384615384615, 0.7576923076923077, 0.8115384615384615, 0.8153846153846154, 0.8, 0.823076923076923, 0.8307692307692308, 0.8538461538461538, 0.8423076923076923, 0.8576923076923076, 0.8846153846153846, 0.8653846153846154, 0.9153846153846154, 0.9192307692307692, 0.926923076923077, 0.9384615384615385, 0.9576923076923077, 0.9576923076923077, 0.9692307692307692, 0.9692307692307692, 0.9576923076923077, 0.9730769230769231, 0.9846153846153847, 0.9769230769230769, 0.9884615384615385, 0.9846153846153847, 0.9884615384615385, 0.9730769230769231, 0.9807692307692307, 0.9884615384615385, 0.9961538461538462, 1.0, 1.0, 0.9961538461538462, 1.0, 0.9961538461538462, 1.0, 0.9961538461538462, 1.0, 1.0, 1.0, 0.9961538461538462, 1.0, 0.9961538461538462, 1.0, 1.0, 1.0, 1.0, 1.0, 1.0, 1.0, 1.0, 1.0, 1.0, 1.0, 1.0, 1.0, 1.0, 1.0, 1.0], "trainRumorF1": [0.2986463620981388, 0.20444444444444443, 0.2405510018214936, 0.23853912710932645, 0.29189944134078216, 0.32763014197306156, 0.3436779517048902, 0.3836251811807106, 0.4431064598103654, 0.4334325396825398, 0.45725006051803435, 0.4840757808499745, 0.5444121269595287, 0.5197931697931698, 0.5353508222162533, 0.6185474640611259, 0.6344041922989291, 0.6230398735538759, 0.6646018169962927, 0.65679932638631, 0.6440461885983658, 0.6992271602557923, 0.6764707280606048, 0.7456236897274633, 0.7538517707192406, 0.7321390772607895, 0.7244731688209948, 0.7855848376095845, 0.7874509803921569, 0.7759120617944147, 0.8001219209640262, 0.8024952255721486, 0.8316448531649295, 0.821986268890584, 0.8377003026158749, 0.8695158738917704, 0.8499202072023898, 0.9029403035935425, 0.9082671221368418, 0.9198899172139829, 0.9330892908412288, 0.9546407560942902, 0.9516538196681253, 0.9673877586741879, 0.9667262635774637, 0.953484089366409, 0.9706022325697116, 0.9831365333402765, 0.9751515255379798, 0.9879970869606111, 0.983248018131739, 0.9859977636693182, 0.9730857131038619, 0.9788826516974072, 0.9861008076610197, 0.9956708341108417, 1.0, 1.0, 0.9966302162833954, 1.0, 0.9966200670966878, 1.0, 0.9957079957079958, 1.0, 1.0, 1.0, 0.9957079957079958, 1.0, 0.9957079957079958, 1.0, 1.0, 1.0, 1.0, 1.0, 1.0, 1.0, 1.0, 1.0, 1.0, 1.0, 1.0, 1.0, 1.0, 1.0, 1.0], "trainLoss": [1.0859360694885254, 1.0638545751571655, 1.0589247941970825, 1.0528559684753418, 1.0432177782058716, 1.04208242893219, 1.0279616117477417, 1.0041829347610474, 0.9423969984054565, 0.9184025526046753, 0.877465009689331, 0.8461735248565674, 0.825918436050415, 0.8286787271499634, 0.7990028858184814, 0.7820331454277039, 0.7678960561752319, 0.7649253606796265, 0.7437077164649963, 0.7177845239639282, 0.701530396938324, 0.6813670992851257, 0.6728936433792114, 0.6404507160186768, 0.6311205625534058, 0.6162789463996887, 0.5790327787399292, 0.5454189777374268, 0.5272796154022217, 0.4951339066028595, 0.47690650820732117, 0.4522863030433655, 0.4377734661102295, 0.42236968874931335, 0.364226371049881, 0.3521484434604645, 0.3433941602706909, 0.29167747497558594, 0.2696627080440521, 0.24710537493228912, 0.22611580789089203, 0.19466236233711243, 0.18414928019046783, 0.16469188034534454, 0.15361446142196655, 0.16102121770381927, 0.12380074709653854, 0.11363491415977478, 0.09416767209768295, 0.06627307832241058, 0.07673492282629013, 0.05920444801449776, 0.07577697187662125, 0.04800344258546829, 0.037391044199466705, 0.033354539424180984, 0.021411677822470665, 0.019031422212719917, 0.018210411071777344, 0.014748022891581059, 0.019516371190547943, 0.012082134373486042, 0.022455710917711258, 0.009900114499032497, 0.0045222691260278225, 0.008220328018069267, 0.009975356049835682, 0.0039193578995764256, 0.016868114471435547, 0.006139540579169989, 0.004098854027688503, 0.0029065751004964113, 0.003438481828197837, 0.00568824727088213, 0.005545662250369787, 0.005355147644877434, 0.002271559787914157, 0.0018858986441046, 0.0028008383233100176, 0.0015160897746682167, 0.002230585552752018, 0.0009439490386284888, 0.001201294013299048, 0.0012281090021133423, 0.0017855133628472686], "testRumorAcc": [0.4, 0.5692307692307692, 0.6153846153846154, 0.6153846153846154, 0.6461538461538462, 0.676923076923077, 0.676923076923077, 0.6461538461538462, 0.6615384615384615, 0.6, 0.6153846153846154, 0.6, 0.6, 0.5846153846153846, 0.5846153846153846, 0.5846153846153846, 0.5846153846153846], "testRumorF1": [0.215034965034965, 0.4152823920265781, 0.5630952380952382, 0.5180073499387505, 0.5898342341117419, 0.6470635277652822, 0.6553644648018514, 0.5953159041394335, 0.6305568827307958, 0.5547638773819387, 0.5721393034825871, 0.5555774429013866, 0.5504201680672268, 0.5432900432900433, 0.5309090909090909, 0.541757443718228, 0.541757443718228], "testLoss": [1.0683703422546387, 0.9549051523208618, 0.9437795281410217, 0.8670602440834045, 0.8889088034629822, 0.8388944864273071, 0.8881369829177856, 1.0701173543930054, 1.182629108428955, 1.4612269401550293, 1.3998494148254395, 1.8162405490875244, 1.7498704195022583, 2.0107247829437256, 2.4865846633911133, 2.219177007675171, 2.2570717334747314]}