{"epoch": 30, "macroF1Rumor": 0.6739250427775018, "accRumor": 0.6923076923076923, "loss": 0.8244340419769287, "trainRumorAcc": [0.4461538461538462, 0.45, 0.47307692307692306, 0.5115384615384615, 0.48846153846153845, 0.4807692307692308, 0.5, 0.49615384615384617, 0.5153846153846153, 0.5230769230769231, 0.5692307692307692, 0.5576923076923077, 0.5961538461538461, 0.6230769230769231, 0.6192307692307693, 0.65, 0.6730769230769231, 0.6730769230769231, 0.6692307692307692, 0.7269230769230769, 0.7192307692307692, 0.7230769230769231, 0.7346153846153847, 0.7423076923076923, 0.7346153846153847, 0.7384615384615385, 0.7923076923076923, 0.8038461538461539, 0.8153846153846154, 0.8192307692307692, 0.8307692307692308, 0.85, 0.8653846153846154, 0.8615384615384616, 0.8769230769230769, 0.8923076923076924, 0.9038461538461539, 0.9076923076923077, 0.8961538461538462, 0.926923076923077, 0.9115384615384615, 0.9346153846153846, 0.9423076923076923, 0.9615384615384616, 0.9423076923076923, 0.9615384615384616, 0.9538461538461539, 0.9730769230769231, 0.9730769230769231, 0.9769230769230769, 0.9730769230769231, 0.9730769230769231, 0.9846153846153847, 0.9846153846153847, 0.9961538461538462, 0.9961538461538462, 0.9923076923076923, 0.9961538461538462, 0.9961538461538462, 0.9923076923076923, 1.0, 0.9923076923076923, 0.9923076923076923, 0.9961538461538462, 1.0, 1.0, 0.9923076923076923, 0.9961538461538462, 1.0, 0.9961538461538462, 1.0, 1.0, 1.0, 1.0, 1.0, 1.0, 0.9923076923076923, 1.0, 0.9846153846153847, 0.9961538461538462], "trainRumorF1": [0.21256684491978609, 0.2268297739995853, 0.2793028322440087, 0.3501306457633446, 0.34786399925667033, 0.35032019971779005, 0.34989648033126297, 0.3739754435554119, 0.3698065198590533, 0.390115078350117, 0.42911497642244795, 0.4230330134493818, 0.495723278331974, 0.5485309035149799, 0.5105040357768315, 0.5838145580762383, 0.6234552449821537, 0.6202695107159899, 0.6087129054520358, 0.6953106000528683, 0.6745916450696131, 0.6784411276948591, 0.6871180611102224, 0.7107450980392157, 0.7030555452944726, 0.7084444444444445, 0.7696439943778813, 0.7792398685472417, 0.7940900675849724, 0.7945645905095763, 0.8105178906782938, 0.8272120462674533, 0.8488095238095238, 0.8426024955436721, 0.8600674741558448, 0.8826832754747804, 0.8904357839017969, 0.893715397842148, 0.8818544855463388, 0.9162279736315649, 0.9007506947036622, 0.9265729068969732, 0.9327013150894717, 0.9569599696148422, 0.9323205655186723, 0.9560294108170458, 0.9505370053506389, 0.9702619620422347, 0.9707880405554824, 0.975851986287558, 0.9719292002370157, 0.9681641860131562, 0.9815991127243396, 0.983248018131739, 0.9956708341108417, 0.9957079957079958, 0.9917988133590253, 0.9952016794122057, 0.9956708341108417, 0.9923256641527564, 1.0, 0.9917948651185936, 0.9903769045709704, 0.9966302162833954, 1.0, 1.0, 0.9908729406599063, 0.9957079957079958, 1.0, 0.9966302162833954, 1.0, 1.0, 1.0, 1.0, 1.0, 1.0, 0.9913793103448275, 1.0, 0.9846297781341887, 0.9951746670017593], "trainLoss": [1.0759721994400024, 1.0631544589996338, 1.0528298616409302, 1.0499756336212158, 1.0389454364776611, 1.0313893556594849, 1.023607611656189, 1.0149885416030884, 0.9961971640586853, 0.991177499294281, 0.9579886794090271, 0.9400158524513245, 0.899206817150116, 0.8660550117492676, 0.8549957275390625, 0.8392919301986694, 0.7915703058242798, 0.7848272323608398, 0.7820583581924438, 0.7199358940124512, 0.714435875415802, 0.6966925859451294, 0.6742838025093079, 0.6106101870536804, 0.6276564002037048, 0.5772593021392822, 0.5492584705352783, 0.5096845030784607, 0.4927710294723511, 0.4900481104850769, 0.4428732693195343, 0.4000556766986847, 0.3754805028438568, 0.3501422107219696, 0.3145778775215149, 0.29263660311698914, 0.2710362374782562, 0.2523939907550812, 0.2608637809753418, 0.2122727781534195, 0.21458788216114044, 0.164677694439888, 0.16222169995307922, 0.14268098771572113, 0.1472497284412384, 0.12481389939785004, 0.12127681821584702, 0.09616051614284515, 0.08997365832328796, 0.08445124328136444, 0.08093768358230591, 0.07795692980289459, 0.05333087220788002, 0.05636335909366608, 0.038986604660749435, 0.03615652397274971, 0.040784988552331924, 0.0326605886220932, 0.02447914332151413, 0.026574965566396713, 0.016955934464931488, 0.025902068242430687, 0.022731594741344452, 0.03186783194541931, 0.015344775281846523, 0.010352167300879955, 0.020691843703389168, 0.015203629620373249, 0.010780094191432, 0.01725924387574196, 0.009840322658419609, 0.0046659051440656185, 0.007177586667239666, 0.00780946109443903, 0.007262269966304302, 0.0036245742812752724, 0.031048839911818504, 0.003925377037376165, 0.02892816625535488, 0.008537606336176395], "testRumorAcc": [0.4307692307692308, 0.49230769230769234, 0.6307692307692307, 0.6461538461538462, 0.676923076923077, 0.6923076923076923, 0.6923076923076923, 0.6615384615384615, 0.6615384615384615, 0.6461538461538462, 0.6615384615384615, 0.6615384615384615, 0.676923076923077, 0.676923076923077, 0.6307692307692307, 0.676923076923077], "testRumorF1": [0.22777777777777777, 0.31468531468531474, 0.5494505494505495, 0.5776760742435799, 0.6475177897149007, 0.6739250427775018, 0.6599511599511599, 0.6444444444444444, 0.6507183908045977, 0.6357109227871941, 0.6489035087719298, 0.6487435935711798, 0.6646293152235427, 0.6620557210053161, 0.615343491045175, 0.6670384670384671], "testLoss": [1.0642391443252563, 1.0374901294708252, 0.9301266670227051, 0.8415402770042419, 0.8088324069976807, 0.8244340419769287, 0.856898844242096, 0.9764881134033203, 1.0705405473709106, 1.2795552015304565, 1.446365237236023, 1.5917508602142334, 1.6474337577819824, 1.6883280277252197, 1.9045320749282837, 2.0116326808929443]}