{"epoch": 95, "macroF1Rumor": 0.6990196078431373, "accRumor": 0.7076923076923077, "loss": 1.4653888940811157, "trainRumorAcc": [0.46153846153846156, 0.43846153846153846, 0.45384615384615384, 0.45384615384615384, 0.46923076923076923, 0.48846153846153845, 0.49615384615384617, 0.49615384615384617, 0.5153846153846153, 0.5307692307692308, 0.5384615384615384, 0.5307692307692308, 0.5961538461538461, 0.6, 0.6307692307692307, 0.6576923076923077, 0.6615384615384615, 0.6576923076923077, 0.6846153846153846, 0.6884615384615385, 0.6884615384615385, 0.7269230769230769, 0.7115384615384616, 0.7269230769230769, 0.7461538461538462, 0.75, 0.7538461538461538, 0.7615384615384615, 0.7538461538461538, 0.8, 0.8076923076923077, 0.8192307692307692, 0.8307692307692308, 0.8153846153846154, 0.8269230769230769, 0.8307692307692308, 0.8423076923076923, 0.8576923076923076, 0.8653846153846154, 0.8692307692307693, 0.8961538461538462, 0.9153846153846154, 0.9192307692307692, 0.9423076923076923, 0.9423076923076923, 0.9346153846153846, 0.9653846153846154, 0.9653846153846154, 0.9692307692307692, 0.9730769230769231, 0.9884615384615385, 0.9769230769230769, 0.9807692307692307, 0.9884615384615385, 0.9923076923076923, 1.0, 0.9961538461538462, 0.9961538461538462, 0.9923076923076923, 1.0, 1.0, 1.0, 1.0, 1.0, 1.0, 1.0, 1.0, 1.0, 1.0, 1.0, 1.0, 1.0, 1.0, 1.0, 1.0, 1.0, 1.0, 1.0, 1.0, 1.0, 1.0, 1.0, 1.0, 0.9961538461538462, 1.0, 1.0, 1.0, 1.0, 1.0, 1.0, 1.0, 1.0, 1.0, 1.0, 1.0, 1.0, 1.0, 1.0, 1.0, 1.0, 1.0, 1.0, 1.0, 1.0, 1.0, 1.0, 1.0, 0.9961538461538462, 1.0, 1.0, 1.0, 1.0, 1.0, 1.0, 1.0, 1.0, 1.0, 1.0, 1.0, 1.0, 1.0, 1.0, 1.0, 1.0, 1.0, 1.0, 1.0, 0.9923076923076923, 1.0, 1.0, 1.0, 1.0, 1.0, 1.0, 1.0, 1.0, 1.0, 1.0, 1.0, 1.0, 1.0, 1.0, 1.0, 1.0, 1.0], "trainRumorF1": [0.31396607722843733, 0.20320855614973263, 0.22831541218637993, 0.26069094304388424, 0.2632019959516076, 0.32990423231387084, 0.3434325285420176, 0.36176871914671693, 0.36625258799171845, 0.40926119913776765, 0.459842936436325, 0.42469841134992775, 0.5571684686407605, 0.5238406791201823, 0.6069765688048955, 0.622167744864374, 0.6345024181915209, 0.6344380094380094, 0.6592024809104473, 0.6686980313803308, 0.6742362758514014, 0.7073597812056379, 0.686188302924584, 0.7052790864880648, 0.7278113835111758, 0.7316385156528847, 0.7346243998531162, 0.7429152364055304, 0.7309142163465027, 0.7731607901975495, 0.7879436956008717, 0.7934680437255665, 0.8132290959028189, 0.7996753542138969, 0.8044683642105014, 0.8056649750996604, 0.817783445791886, 0.8371269754232693, 0.8443509189200985, 0.8429321152255741, 0.8788137042792129, 0.903003032424018, 0.9051187376217004, 0.9322444041137327, 0.9347150295426158, 0.9285246445301166, 0.9604972346478009, 0.9622812248271245, 0.9631982254486791, 0.9692595562683776, 0.9859977636693182, 0.9734634628987532, 0.9788861728009802, 0.9863746573552703, 0.990794649345502, 1.0, 0.9966302162833954, 0.9966200670966878, 0.9932294285235462, 1.0, 1.0, 1.0, 1.0, 1.0, 1.0, 1.0, 1.0, 1.0, 1.0, 1.0, 1.0, 1.0, 1.0, 1.0, 1.0, 1.0, 1.0, 1.0, 1.0, 1.0, 1.0, 1.0, 1.0, 0.9966200670966878, 1.0, 1.0, 1.0, 1.0, 1.0, 1.0, 1.0, 1.0, 1.0, 1.0, 1.0, 1.0, 1.0, 1.0, 1.0, 1.0, 1.0, 1.0, 1.0, 1.0, 1.0, 1.0, 1.0, 0.9951746670017593, 1.0, 1.0, 1.0, 1.0, 1.0, 1.0, 1.0, 1.0, 1.0, 1.0, 1.0, 1.0, 1.0, 1.0, 1.0, 1.0, 1.0, 1.0, 1.0, 0.992328116193815, 1.0, 1.0, 1.0, 1.0, 1.0, 1.0, 1.0, 1.0, 1.0, 1.0, 1.0, 1.0, 1.0, 1.0, 1.0, 1.0, 1.0], "trainLoss": [1.0806256532669067, 1.0662751197814941, 1.0610382556915283, 1.050721526145935, 1.046580195426941, 1.0386155843734741, 1.0287193059921265, 1.0219471454620361, 1.003509759902954, 1.0105559825897217, 0.9860453605651855, 0.9581577777862549, 0.9318035244941711, 0.9057092070579529, 0.8914490342140198, 0.8695225715637207, 0.8438488841056824, 0.8162326216697693, 0.8122236728668213, 0.7875819206237793, 0.7774259448051453, 0.745006263256073, 0.7282898426055908, 0.7155275940895081, 0.6800926327705383, 0.6580415368080139, 0.6338940262794495, 0.5957182049751282, 0.603385329246521, 0.5688875317573547, 0.5407339930534363, 0.5367125868797302, 0.4934186041355133, 0.4597060978412628, 0.45305362343788147, 0.4409460425376892, 0.40038007497787476, 0.38378044962882996, 0.3469774127006531, 0.3244425654411316, 0.2996448576450348, 0.2447945922613144, 0.24408872425556183, 0.1941983699798584, 0.2013663500547409, 0.18492211401462555, 0.12037143111228943, 0.12827858328819275, 0.11798977851867676, 0.09727108478546143, 0.06959712505340576, 0.07497663795948029, 0.06557991355657578, 0.049518778920173645, 0.03831661865115166, 0.028117986395955086, 0.024875912815332413, 0.023340517655014992, 0.037754785269498825, 0.01609489880502224, 0.0145948501303792, 0.010143359191715717, 0.010845634154975414, 0.00936191063374281, 0.005328092724084854, 0.007697222754359245, 0.0034486567601561546, 0.007529656868427992, 0.0036797337234020233, 0.003142647910863161, 0.0018048577476292849, 0.0031003605108708143, 0.0017081693513318896, 0.0013242453569546342, 0.002027238253504038, 0.0026459291111677885, 0.0008120487909764051, 0.004895265679806471, 0.0018185655353590846, 0.0021857605315744877, 0.0016581211239099503, 0.0014429056318476796, 0.0005347203696146607, 0.009172623045742512, 0.004282131791114807, 0.0008289549150504172, 0.0008704288047738373, 0.0001655853702686727, 0.002528903540223837, 0.0007480371277779341, 0.0006045297486707568, 0.0004153371846769005, 0.0011803072411566973, 0.0008700700127519667, 0.0001408672396792099, 0.00017512986960355192, 0.00048087406321428716, 0.00034643171238712966, 9.426644101040438e-05, 9.580067126080394e-05, 0.0005544449086301029, 8.078318205662072e-05, 0.0006019673892296851, 0.00043181204819120467, 5.415099803940393e-05, 0.0009199174237437546, 0.0002932729257736355, 0.006857867818325758, 0.00019166451238561422, 0.00013880967162549496, 0.00014574298984371126, 0.0005219648592174053, 0.00030078794225119054, 0.0005333333974704146, 4.2538191337371245e-05, 3.371040656929836e-05, 0.00013795327686239034, 0.0001438927138224244, 4.453712608665228e-05, 2.5138644559774548e-05, 7.552857277914882e-05, 1.419834097760031e-05, 1.3881150152883492e-05, 2.331373980268836e-05, 4.856421583099291e-05, 2.089049303322099e-05, 0.006202638149261475, 0.006352010183036327, 0.0003615902387537062, 0.001805358799174428, 0.00031730852788314223, 5.425619019661099e-05, 2.61320765275741e-05, 6.957380537642166e-05, 5.417948341346346e-05, 0.0002161288430215791, 2.002957626245916e-05, 0.00011429617006797343, 3.427591218496673e-05, 2.6930496460408904e-05, 0.00011614233517320827, 1.5232837540679611e-05, 2.8313994334894232e-05, 9.25390577322105e-06, 4.731857552542351e-05], "testRumorAcc": [0.4307692307692308, 0.4461538461538462, 0.5538461538461539, 0.5846153846153846, 0.6153846153846154, 0.6615384615384615, 0.6307692307692307, 0.676923076923077, 0.6615384615384615, 0.6461538461538462, 0.6461538461538462, 0.6307692307692307, 0.6615384615384615, 0.6615384615384615, 0.6615384615384615, 0.6615384615384615, 0.6923076923076923, 0.6923076923076923, 0.7076923076923077, 0.6923076923076923, 0.7076923076923077, 0.6615384615384615, 0.6615384615384615, 0.6923076923076923, 0.7076923076923077, 0.676923076923077, 0.6923076923076923, 0.676923076923077, 0.6923076923076923], "testRumorF1": [0.2028985507246377, 0.3685714285714286, 0.46015325670498086, 0.5438339438339438, 0.5824587706146928, 0.6325980392156862, 0.5936507936507938, 0.643452380952381, 0.6350196280261976, 0.6231729055258467, 0.6252851091560769, 0.6138986013986014, 0.6427807486631018, 0.6427807486631018, 0.65041195363776, 0.6367857681290517, 0.680106385988739, 0.6830459770114943, 0.6990196078431373, 0.6845315904139433, 0.6950635992101759, 0.6538793103448275, 0.6490497076023392, 0.680106385988739, 0.6986908090356366, 0.664201764726896, 0.6808365226899945, 0.6556437389770723, 0.6859383306751727],