{"epoch": 25, "macroF1Rumor": 0.6646893736445976, "accRumor": 0.7076923076923077, "loss": 0.7949166297912598, "trainRumorAcc": [0.4076923076923077, 0.4576923076923077, 0.45384615384615384, 0.4807692307692308, 0.5192307692307693, 0.5, 0.5153846153846153, 0.5115384615384615, 0.5192307692307693, 0.5384615384615384, 0.5884615384615385, 0.5769230769230769, 0.6076923076923076, 0.6423076923076924, 0.6576923076923077, 0.7, 0.7038461538461539, 0.7307692307692307, 0.7192307692307692, 0.7576923076923077, 0.7692307692307693, 0.7884615384615384, 0.7884615384615384, 0.7923076923076923, 0.823076923076923, 0.8038461538461539, 0.8346153846153846, 0.8461538461538461, 0.8576923076923076, 0.8653846153846154, 0.8846153846153846, 0.8846153846153846, 0.9038461538461539, 0.9153846153846154, 0.9346153846153846, 0.9423076923076923, 0.9384615384615385, 0.9576923076923077, 0.9615384615384616, 0.9807692307692307, 0.9846153846153847, 1.0, 0.9923076923076923, 1.0, 0.9961538461538462, 0.9961538461538462, 0.9961538461538462, 0.9923076923076923, 0.9923076923076923, 1.0, 1.0, 1.0, 1.0, 1.0, 1.0, 1.0, 1.0, 1.0, 1.0, 1.0, 1.0, 1.0, 0.9961538461538462, 1.0, 1.0, 1.0, 1.0, 1.0, 1.0, 1.0, 1.0, 1.0, 1.0, 1.0, 1.0], "trainRumorF1": [0.2559218559218559, 0.23619271445358406, 0.22862671919275693, 0.29545930110901863, 0.3769184470801079, 0.35293020133180325, 0.3788419829168763, 0.3768919407061102, 0.38184663536776214, 0.4026179782989889, 0.5112100142329362, 0.47746349147456363, 0.5276757997214568, 0.5843947713326207, 0.6133377896613191, 0.6645124683842552, 0.6789445232505731, 0.7037914703964975, 0.6971173815523496, 0.7422297177902211, 0.7424464426758194, 0.7659154876433024, 0.7620457733854065, 0.772975713245036, 0.7994179894179895, 0.7791473935038291, 0.8116749673820025, 0.8255772830269912, 0.8394952891965333, 0.8510337468320661, 0.8674741147505296, 0.8702225891273772, 0.8925444102788037, 0.9052260491964232, 0.9282642881714089, 0.935664219650782, 0.9331165648624342, 0.9510157711841755, 0.9566274868082765, 0.9788328395406435, 0.9826073917607099, 1.0, 0.9903769045709704, 1.0, 0.9951746670017593, 0.9952016794122057, 0.9956708341108417, 0.9904287138584248, 0.9903769045709704, 1.0, 1.0, 1.0, 1.0, 1.0, 1.0, 1.0, 1.0, 1.0, 1.0, 1.0, 1.0, 1.0, 0.9952016794122057, 1.0, 1.0, 1.0, 1.0, 1.0, 1.0, 1.0, 1.0, 1.0, 1.0, 1.0, 1.0], "trainLoss": [1.0872211456298828, 1.0629299879074097, 1.0568515062332153, 1.0507068634033203, 1.0348783731460571, 1.0265394449234009, 1.0183701515197754, 1.0052300691604614, 0.9970604777336121, 0.9783036708831787, 0.9326843619346619, 0.897074818611145, 0.8459259271621704, 0.7977336645126343, 0.783473014831543, 0.7483717799186707, 0.7205095291137695, 0.6950253844261169, 0.6818401217460632, 0.6585303544998169, 0.6296327114105225, 0.6023637056350708, 0.5737938284873962, 0.5301439762115479, 0.5197783708572388, 0.4889276325702667, 0.47213953733444214, 0.41260865330696106, 0.39260590076446533, 0.37682369351387024, 0.3224560618400574, 0.3168787360191345, 0.2867020070552826, 0.2587834298610687, 0.22293026745319366, 0.18444178998470306, 0.16325624287128448, 0.16354653239250183, 0.12076755613088608, 0.10506322234869003, 0.08520704507827759, 0.05508383736014366, 0.05823139846324921, 0.03902488201856613, 0.040541697293519974, 0.043449580669403076, 0.027664141729474068, 0.02800561860203743, 0.029810117557644844, 0.014587908051908016, 0.01195469219237566, 0.012271138839423656, 0.008006270974874496, 0.007591628469526768, 0.008474710397422314, 0.005541088990867138, 0.004566083662211895, 0.004816724453121424, 0.003959746565669775, 0.0032966025173664093, 0.0020115296356379986, 0.003697238629683852, 0.0054009053856134415, 0.0035968797747045755, 0.0015126573853194714, 0.0006975248688831925, 0.000514398911036551, 0.0009379696566611528, 0.0012809471227228642, 0.00041245404281653464, 0.0014020425733178854, 0.0005032367771491408, 0.0005495012737810612, 0.0004883185029029846, 0.0003410654317121953], "testRumorAcc": [0.4461538461538462, 0.49230769230769234, 0.6615384615384615, 0.6615384615384615, 0.7076923076923077, 0.6461538461538462, 0.6461538461538462, 0.6307692307692307, 0.5846153846153846, 0.6153846153846154, 0.5846153846153846, 0.6, 0.6153846153846154, 0.6, 0.6], "testRumorF1": [0.20567375886524822, 0.31468531468531474, 0.6122045855379189, 0.5959928229665071, 0.6646893736445976, 0.5933893557422968, 0.6403406891211769, 0.6190476190476191, 0.561874906702493, 0.5996729277637604, 0.561874906702493, 0.5865315929605819, 0.6068965517241379, 0.5848703555199145, 0.5865315929605819], "testLoss": [1.0869320631027222, 1.0321824550628662, 0.9004117846488953, 0.8204238414764404, 0.7949166297912598, 0.931175708770752, 0.9585149884223938, 1.1631114482879639, 1.5183186531066895, 1.8308788537979126, 2.1364762783050537, 2.3495535850524902, 2.5352425575256348, 2.794739007949829, 3.0005931854248047]}