{"epoch": 110, "macroF1Rumor": 0.6964462438146648, "accRumor": 0.7076923076923077, "loss": 2.237407684326172, "trainRumorAcc": [0.41923076923076924, 0.4461538461538462, 0.45384615384615384, 0.49230769230769234, 0.4807692307692308, 0.5192307692307693, 0.5, 0.49615384615384617, 0.5, 0.5192307692307693, 0.5307692307692308, 0.5115384615384615, 0.5192307692307693, 0.573076923076923, 0.5615384615384615, 0.5961538461538461, 0.5961538461538461, 0.6115384615384616, 0.6115384615384616, 0.6461538461538462, 0.6846153846153846, 0.6730769230769231, 0.6884615384615385, 0.7269230769230769, 0.7115384615384616, 0.7423076923076923, 0.7576923076923077, 0.7461538461538462, 0.7692307692307693, 0.7730769230769231, 0.7807692307692308, 0.8192307692307692, 0.7923076923076923, 0.823076923076923, 0.8346153846153846, 0.8384615384615385, 0.8269230769230769, 0.8653846153846154, 0.8846153846153846, 0.8807692307692307, 0.8961538461538462, 0.9076923076923077, 0.9076923076923077, 0.9423076923076923, 0.9384615384615385, 0.9423076923076923, 0.9307692307692308, 0.9423076923076923, 0.9769230769230769, 0.9807692307692307, 0.9730769230769231, 0.9692307692307692, 0.9730769230769231, 0.9769230769230769, 0.9769230769230769, 0.9961538461538462, 0.9846153846153847, 0.9769230769230769, 0.9884615384615385, 0.9730769230769231, 0.9807692307692307, 0.9961538461538462, 0.9884615384615385, 0.9846153846153847, 1.0, 1.0, 0.9884615384615385, 1.0, 0.9923076923076923, 1.0, 0.9923076923076923, 1.0, 1.0, 1.0, 1.0, 0.9961538461538462, 0.9961538461538462, 1.0, 0.9961538461538462, 1.0, 0.9961538461538462, 0.9961538461538462, 0.9923076923076923, 0.9961538461538462, 0.9961538461538462, 0.9923076923076923, 0.9961538461538462, 0.9961538461538462, 0.9923076923076923, 0.9961538461538462, 1.0, 1.0, 1.0, 1.0, 0.9961538461538462, 0.9961538461538462, 0.9961538461538462, 0.9846153846153847, 1.0, 0.9961538461538462, 1.0, 0.9961538461538462, 0.9923076923076923, 0.9961538461538462, 1.0, 1.0, 1.0, 1.0, 1.0, 1.0, 1.0, 1.0, 1.0, 0.9961538461538462, 1.0, 1.0, 1.0, 1.0, 1.0, 1.0, 1.0, 1.0, 1.0, 0.9961538461538462, 1.0, 0.9961538461538462, 1.0, 0.9923076923076923, 0.9961538461538462, 0.9923076923076923, 1.0, 1.0, 1.0, 1.0, 0.9961538461538462, 1.0, 1.0, 0.9961538461538462, 1.0, 1.0, 1.0, 1.0, 1.0, 0.9961538461538462, 1.0, 1.0, 1.0, 1.0, 0.9961538461538462, 1.0, 0.9961538461538462, 1.0, 1.0, 0.9961538461538462, 1.0, 1.0, 1.0, 1.0, 1.0, 1.0], "trainRumorF1": [0.22147525676937443, 0.20567375886524822, 0.22192513368983957, 0.3617532292345251, 0.32720220220220214, 0.3718900043649061, 0.3479155483986402, 0.35375453390401973, 0.35217958065442656, 0.38515750853363423, 0.39024050676969124, 0.38221609046150523, 0.38067815608799216, 0.43290870488322725, 0.4265143191972461, 0.4588944021053787, 0.4742388867087111, 0.4896939619520264, 0.504883546996406, 0.5828765753840214, 0.6389593155529244, 0.6131247215451948, 0.639354533541148, 0.6859664056293271, 0.6663823597785862, 0.7097550046001079, 0.7240696470840863, 0.7059865652912084, 0.7267933716394879, 0.730885182308179, 0.7496477669307677, 0.7878724662890096, 0.7577891247448315, 0.7930475690541079, 0.8132501485442661, 0.8160057143557861, 0.800242635288483, 0.8468652794479791, 0.8656608963518605, 0.8684418905443163, 0.8805685305740475, 0.8938065635903157, 0.8980634960115124, 0.9306688201301094, 0.9310489470925148, 0.9358834689844455, 0.9199279238695873, 0.9333074150462246, 0.9733762822546703, 0.9793125082480404, 0.9707880405554824, 0.9653184088930362, 0.9697632666538386, 0.9726492695398417, 0.9743301115590084, 0.9951746670017593, 0.983729107730113, 0.9744608215372833, 0.986504002334093, 0.9717780066617276, 0.9793639576378266, 0.9956708341108417, 0.9874270749423748, 0.9822645838940831, 1.0, 1.0, 0.9875033413525794, 1.0, 0.9913793103448275, 1.0, 0.9932504677893611, 1.0, 1.0, 1.0, 1.0, 0.9957079957079958, 0.9956708341108417, 1.0, 0.9956708341108417, 1.0, 0.9952016794122057, 0.9957079957079958, 0.9917948651185936, 0.9952016794122057, 0.9956708341108417, 0.992328116193815, 0.9957079957079958, 0.9956708341108417, 0.9903769045709704, 0.9957079957079958, 1.0, 1.0, 1.0, 1.0, 0.9966200670966878, 0.9966302162833954, 0.9957079957079958, 0.9826060878692457, 1.0, 0.9957079957079958, 1.0, 0.9966200670966878, 0.9918320267157478, 0.9956708341108417, 1.0, 1.0, 1.0, 1.0, 1.0, 1.0, 1.0, 1.0, 1.0, 0.9951746670017593, 1.0, 1.0, 1.0, 1.0, 1.0, 1.0, 1.0, 1.0, 1.0, 0.9966200670966878, 1.0, 0.9966302162833954, 1.0, 0.9903769045709704, 0.9956708341108417, 0.9913793103448275, 1.0, 1.0, 1.0, 1.0, 0.9956708341108417, 1.0, 1.0, 0.9956708341108417, 1.0, 1.0, 1.0, 1.0, 1.0, 0.9956708341108417, 1.0, 1.0, 1.0, 1.0, 0.9951746670017593, 1.0, 0.9956708341108417, 1.0, 1.0, 0.9956708341108417, 1.0, 1.0, 1.0, 1.0, 1.0, 1.0],