{"epoch": 50, "macroF1Rumor": 0.7186831407787762, "accRumor": 0.7230769230769231, "loss": 1.2128092050552368, "trainRumorAcc": [0.4076923076923077, 0.4576923076923077, 0.4576923076923077, 0.48846153846153845, 0.4846153846153846, 0.49615384615384617, 0.49230769230769234, 0.5038461538461538, 0.5230769230769231, 0.5538461538461539, 0.5538461538461539, 0.5846153846153846, 0.5769230769230769, 0.6038461538461538, 0.6384615384615384, 0.6384615384615384, 0.6538461538461539, 0.6923076923076923, 0.7, 0.7076923076923077, 0.7115384615384616, 0.7192307692307692, 0.7461538461538462, 0.7346153846153847, 0.75, 0.7730769230769231, 0.8, 0.8076923076923077, 0.8153846153846154, 0.8307692307692308, 0.8346153846153846, 0.8192307692307692, 0.8461538461538461, 0.8461538461538461, 0.8730769230769231, 0.8961538461538462, 0.8884615384615384, 0.9076923076923077, 0.9230769230769231, 0.9346153846153846, 0.9576923076923077, 0.9461538461538461, 0.9615384615384616, 0.9653846153846154, 0.9692307692307692, 0.9807692307692307, 0.9769230769230769, 0.9923076923076923, 0.9961538461538462, 0.9961538461538462, 1.0, 1.0, 1.0, 0.9961538461538462, 0.9961538461538462, 0.9923076923076923, 1.0, 1.0, 1.0, 1.0, 1.0, 0.9961538461538462, 1.0, 1.0, 1.0, 1.0, 1.0, 1.0, 1.0, 1.0, 1.0, 1.0, 1.0, 0.9961538461538462, 1.0, 0.9961538461538462, 1.0, 1.0, 1.0, 1.0, 1.0, 1.0, 1.0, 1.0, 1.0, 1.0, 1.0, 1.0, 1.0, 1.0, 1.0, 1.0, 1.0, 1.0, 1.0, 1.0, 1.0, 1.0, 1.0, 1.0], "trainRumorF1": [0.30724162174830094, 0.23595272651876428, 0.24749544626593808, 0.3468232303537126, 0.34371951569403797, 0.35283446712018146, 0.3445177841039233, 0.3698527778338752, 0.3803298699823993, 0.4251745697441714, 0.41035582233966944, 0.4552575808233055, 0.4490780832792091, 0.4620894294611904, 0.5677792592257802, 0.5023272469270488, 0.5939524250577045, 0.6277565827738839, 0.6482655978810662, 0.6681711976483946, 0.6779132370450899, 0.6735660832004381, 0.7065879626389181, 0.6896150257596041, 0.7056846930918613, 0.7411132260142926, 0.7658242342452869, 0.7797766540509182, 0.7825994894999421, 0.8004341364205256, 0.8103758072476276, 0.7901339666590715, 0.8230775730093213, 0.8218784495917166, 0.857672145186886, 0.8748376186632845, 0.8697664643146915, 0.8927914668692335, 0.9142540123726787, 0.9263400074617585, 0.9529334320023236, 0.9428569507197156, 0.956762897620957, 0.9616700164496971, 0.9680743792463061, 0.9773394318910013, 0.973772384944312, 0.9923011037833684, 0.9952016794122057, 0.9956708341108417, 1.0, 1.0, 1.0, 0.9957079957079958, 0.9966302162833954, 0.9932294285235462, 1.0, 1.0, 1.0, 1.0, 1.0, 0.9966200670966878, 1.0, 1.0, 1.0, 1.0, 1.0, 1.0, 1.0, 1.0, 1.0, 1.0, 1.0, 0.9956708341108417, 1.0, 0.9966302162833954, 1.0, 1.0, 1.0, 1.0, 1.0, 1.0, 1.0, 1.0, 1.0, 1.0, 1.0, 1.0, 1.0, 1.0, 1.0, 1.0, 1.0, 1.0, 1.0, 1.0, 1.0, 1.0, 1.0, 1.0], "trainLoss": [1.0853034257888794, 1.0619797706604004, 1.0540366172790527, 1.0454245805740356, 1.0367546081542969, 1.0315157175064087, 1.0135760307312012, 1.0151315927505493, 1.0035141706466675, 0.9803362488746643, 0.970852792263031, 0.9384159445762634, 0.927618682384491, 0.8938160538673401, 0.8638707399368286, 0.8305644392967224, 0.8135031461715698, 0.7776919007301331, 0.7544834613800049, 0.7274500131607056, 0.7024968862533569, 0.6834024786949158, 0.6559208631515503, 0.6422489285469055, 0.6239429116249084, 0.5972546339035034, 0.5791765451431274, 0.5569498538970947, 0.5120913982391357, 0.495679646730423, 0.4615093469619751, 0.45310163497924805, 0.4098762273788452, 0.38406744599342346, 0.3641986548900604, 0.30845725536346436, 0.31554287672042847, 0.2553803026676178, 0.2326807975769043, 0.20611420273780823, 0.19324281811714172, 0.16277337074279785, 0.1340651661157608, 0.12308301031589508, 0.11093038320541382, 0.09440940618515015, 0.07396173477172852, 0.06530534476041794, 0.06477785855531693, 0.043526533991098404, 0.03787151351571083, 0.031029678881168365, 0.034267786890268326, 0.0343252569437027, 0.025647075846791267, 0.026714548468589783, 0.013377613388001919, 0.01272784173488617, 0.012509999796748161, 0.008221866562962532, 0.00930500403046608, 0.011349703185260296, 0.006431418005377054, 0.0072009204886853695, 0.0043584066443145275, 0.006278393790125847, 0.006306773982942104, 0.004879254847764969, 0.0025252962950617075, 0.002355745527893305, 0.004590071737766266, 0.003204946406185627, 0.0029884830582886934, 0.0060432045720517635, 0.0026945210993289948, 0.008501013740897179, 0.0008318953914567828, 0.001158848637714982, 0.0011360456701368093, 0.0005116123356856406, 0.001399027300067246, 0.002277086256071925, 0.0021003070287406445, 0.00114178447984159, 0.0006895448314025998, 0.0002482654817868024, 0.0013082996010780334, 0.0004766866913996637, 0.0006290514138527215, 0.00025306615862064064, 0.0002788238925859332, 0.00046123986248858273, 0.00019426821381784976, 0.00022301971330307424, 0.00010666858725016937, 0.0002148314961232245, 0.0009926686761900783, 0.0010642685228958726, 0.00031666026916354895, 0.0002953391522169113], "testRumorAcc": [0.4307692307692308, 0.47692307692307695, 0.5692307692307692, 0.6153846153846154, 0.6923076923076923, 0.6461538461538462, 0.6923076923076923, 0.6923076923076923, 0.7076923076923077, 0.7230769230769231, 0.7076923076923077, 0.6615384615384615, 0.676923076923077, 0.676923076923077, 0.7076923076923077, 0.6153846153846154, 0.6461538461538462, 0.6461538461538462, 0.676923076923077, 0.6461538461538462], "testRumorF1": [0.20071684587813618, 0.3358649789029536, 0.46721844934917933, 0.5429984779299848, 0.638095238095238, 0.6127090110140957, 0.666775861897813, 0.6686074995289241, 0.6952434351929725, 0.7186831407787762, 0.6969746673956624, 0.6444444444444444, 0.6567948083374581, 0.6575311755639625, 0.7085282893645263, 0.5918048057010048, 0.6295703446467168, 0.6298850574712643, 0.6559947668442201, 0.6204298980453277], "testLoss": [1.0866791009902954, 1.0488029718399048, 0.9917399287223816, 0.8713110089302063, 0.7990252375602722, 0.7987228035926819, 0.8051701188087463, 0.914108157157898, 1.0416741371154785, 1.2128092050552368, 1.4905476570129395, 1.599205732345581, 1.7469055652618408, 1.8758366107940674, 2.1823370456695557, 2.0013201236724854, 2.2463130950927734, 2.215726613998413, 2.305509567260742, 2.2052414417266846]}