{"epoch": 45, "macroF1Rumor": 0.7296672160060139, "accRumor": 0.7538461538461538, "loss": 0.900783896446228, "trainRumorAcc": [0.38461538461538464, 0.45, 0.4653846153846154, 0.5, 0.4807692307692308, 0.49615384615384617, 0.5230769230769231, 0.5346153846153846, 0.5230769230769231, 0.5346153846153846, 0.5153846153846153, 0.5538461538461539, 0.5846153846153846, 0.573076923076923, 0.6, 0.6192307692307693, 0.5846153846153846, 0.6076923076923076, 0.6384615384615384, 0.6538461538461539, 0.6846153846153846, 0.6692307692307692, 0.6730769230769231, 0.7076923076923077, 0.7230769230769231, 0.7461538461538462, 0.7384615384615385, 0.7615384615384615, 0.7884615384615384, 0.8115384615384615, 0.823076923076923, 0.8153846153846154, 0.8115384615384615, 0.8307692307692308, 0.8423076923076923, 0.8615384615384616, 0.8730769230769231, 0.8846153846153846, 0.8884615384615384, 0.8961538461538462, 0.9192307692307692, 0.9115384615384615, 0.9384615384615385, 0.9230769230769231, 0.926923076923077, 0.9307692307692308, 0.9384615384615385, 0.9384615384615385, 0.9423076923076923, 0.9769230769230769, 0.9461538461538461, 0.9692307692307692, 0.9538461538461539, 0.9730769230769231, 0.9846153846153847, 0.9730769230769231, 0.9884615384615385, 0.9884615384615385, 0.9653846153846154, 0.9884615384615385, 0.9961538461538462, 0.9923076923076923, 0.9884615384615385, 1.0, 0.9961538461538462, 0.9923076923076923, 0.9884615384615385, 0.9884615384615385, 0.9961538461538462, 1.0, 0.9961538461538462, 1.0, 0.9961538461538462, 0.9923076923076923, 1.0, 1.0, 1.0, 1.0, 1.0, 1.0, 0.9884615384615385, 1.0, 1.0, 0.9961538461538462, 0.9961538461538462, 1.0, 1.0, 1.0, 0.9961538461538462, 1.0, 1.0, 1.0, 0.9923076923076923, 1.0, 0.9961538461538462], "trainRumorF1": [0.26159754224270354, 0.21388505747126438, 0.26148487424919775, 0.3381052363682637, 0.337363834422658, 0.3990230809228088, 0.35724392642156505, 0.3984537155553906, 0.41025895465779394, 0.3862089201877934, 0.409575770496781, 0.4368740483390165, 0.46052942978059924, 0.4579016803890414, 0.5063957980813754, 0.5628388273059654, 0.4704240377188886, 0.536768475792866, 0.5797612986230873, 0.597976076468317, 0.6515773115773116, 0.6290943139257746, 0.6347091701983908, 0.6793493524794879, 0.6878912586264624, 0.7183269701691807, 0.7111305905626848, 0.7293756520809662, 0.7581845238095238, 0.7818175150904126, 0.799013444079501, 0.799421569484512, 0.7888765734176362, 0.8101661580721241, 0.8208878745972404, 0.840899279140047, 0.84737820854685, 0.8677670311185871, 0.8751619323173996, 0.8808941277984413, 0.9069303596125727, 0.8988733786648075, 0.9280695071738223, 0.9096150990207127, 0.9183936940529233, 0.9225053667925086, 0.9286171142906343, 0.9292519170014634, 0.9334835472437192, 0.974266244016002, 0.9406807391225586, 0.9676635418294262, 0.9478382264232712, 0.9714456904566943, 0.9810931315819215, 0.9702619620422347, 0.9869947596263385, 0.9863746573552703, 0.9621995366504329, 0.9871239871239871, 0.9952016794122057, 0.9913793103448275, 0.9889460238297447, 1.0, 0.9957079957079958, 0.9923256641527564, 0.9875033413525794, 0.9871239871239871, 0.9956708341108417, 1.0, 0.9957079957079958, 1.0, 0.9966200670966878, 0.9909579633040829, 1.0, 1.0, 1.0, 1.0, 1.0, 1.0, 0.9871239871239871, 1.0, 1.0, 0.9966200670966878, 0.9957079957079958, 1.0, 1.0, 1.0, 0.9951746670017593, 1.0, 1.0, 1.0, 0.9932504677893611, 1.0, 0.9956708341108417], "trainLoss": [1.0829846858978271, 1.0607024431228638, 1.0571565628051758, 1.0462768077850342, 1.0504851341247559, 1.0281562805175781, 1.0285130739212036, 1.0196808576583862, 1.0083060264587402, 0.9957377314567566, 0.9945211410522461, 0.9841529130935669, 0.9544276595115662, 0.9383912682533264, 0.9149515628814697, 0.8891199827194214, 0.8897207975387573, 0.8514559268951416, 0.8245231509208679, 0.8088477849960327, 0.7870064973831177, 0.793447732925415, 0.7525956034660339, 0.7190483808517456, 0.690455973148346, 0.6703658699989319, 0.6569960117340088, 0.5918437242507935, 0.5900586843490601, 0.564210832118988, 0.5139035582542419, 0.4704298675060272, 0.4866929054260254, 0.4550924599170685, 0.41314470767974854, 0.4000093638896942, 0.35443514585494995, 0.32776084542274475, 0.32730209827423096, 0.3129947781562805, 0.2690327763557434, 0.27148181200027466, 0.21693341434001923, 0.21133261919021606, 0.22587060928344727, 0.19271332025527954, 0.1775766760110855, 0.14634248614311218, 0.138926699757576, 0.12004022300243378, 0.1268029361963272, 0.09349081665277481, 0.13659001886844635, 0.08006460219621658, 0.06615699082612991, 0.08280990272760391, 0.0617060586810112, 0.053907230496406555, 0.07360147684812546, 0.04368932172656059, 0.04282300919294357, 0.03695899248123169, 0.039113376289606094, 0.02877023071050644, 0.02276003360748291, 0.031162841245532036, 0.03216782584786415, 0.04521074518561363, 0.019221633672714233, 0.01589334011077881, 0.015020561404526234, 0.010419026017189026, 0.021096117794513702, 0.02214927412569523, 0.015155276283621788, 0.009405751712620258, 0.01430597435683012, 0.0070759910158813, 0.017411204054951668, 0.009172924794256687, 0.029365215450525284, 0.008345541544258595, 0.00789628829807043, 0.017803285270929337, 0.008009592071175575, 0.004868093878030777, 0.010364177636802197, 0.0031218770891427994, 0.006361308973282576, 0.001513566356152296, 0.003488873364403844, 0.0031310701742768288, 0.022364573553204536, 0.001962029142305255, 0.016285274177789688], "testRumorAcc": [0.4461538461538462, 0.47692307692307695, 0.5230769230769231, 0.6153846153846154, 0.676923076923077, 0.7384615384615385, 0.7230769230769231, 0.7230769230769231, 0.7538461538461538, 0.7230769230769231, 0.7076923076923077, 0.6923076923076923, 0.6615384615384615, 0.6461538461538462, 0.676923076923077, 0.7076923076923077, 0.676923076923077, 0.6923076923076923, 0.6615384615384615], "testRumorF1": [0.23411371237458198, 0.2704252269469661, 0.5036796536796536, 0.5682497013142175, 0.6243493348756507, 0.6978190311523645, 0.6814479638009049, 0.6879757923236184, 0.7296672160060139, 0.7063545463040838, 0.6858471374600407, 0.6682115270350565, 0.6201998314674371, 0.6149964463397298, 0.6549037169726825, 0.6877880184331797, 0.6468074409250879, 0.6731786731786732, 0.6284722222222222], "testLoss": [1.0648138523101807, 1.0725665092468262, 1.021775722503662, 0.9312410950660706, 0.930575966835022, 0.7900155186653137, 0.7919567823410034, 0.829269528388977, 0.900783896446228, 0.962082028388977, 1.0593634843826294, 1.275978684425354, 1.6897932291030884, 1.7516268491744995, 1.7404537200927734, 1.7454179525375366, 2.2494101524353027, 2.097851037979126, 2.100780963897705]}