{"epoch": 55, "macroF1Rumor": 0.7166666666666667, "accRumor": 0.7384615384615385, "loss": 0.7851634621620178, "trainRumorAcc": [0.4307692307692308, 0.4461538461538462, 0.45, 0.45384615384615384, 0.4807692307692308, 0.47692307692307695, 0.49615384615384617, 0.5115384615384615, 0.5153846153846153, 0.5115384615384615, 0.5192307692307693, 0.5269230769230769, 0.5153846153846153, 0.5192307692307693, 0.5384615384615384, 0.5423076923076923, 0.5576923076923077, 0.5769230769230769, 0.6076923076923076, 0.6038461538461538, 0.6230769230769231, 0.6307692307692307, 0.6461538461538462, 0.6576923076923077, 0.6615384615384615, 0.6692307692307692, 0.6846153846153846, 0.676923076923077, 0.7076923076923077, 0.6961538461538461, 0.6961538461538461, 0.7307692307692307, 0.75, 0.75, 0.7884615384615384, 0.7769230769230769, 0.8038461538461539, 0.7846153846153846, 0.8076923076923077, 0.8153846153846154, 0.8153846153846154, 0.8692307692307693, 0.8538461538461538, 0.8884615384615384, 0.8884615384615384, 0.9, 0.9076923076923077, 0.926923076923077, 0.9461538461538461, 0.926923076923077, 0.9538461538461539, 0.9576923076923077, 0.9461538461538461, 0.9653846153846154, 0.9307692307692308, 0.9692307692307692, 0.9653846153846154, 0.9923076923076923, 0.9923076923076923, 0.9769230769230769, 0.9769230769230769, 0.9961538461538462, 0.9807692307692307, 0.9846153846153847, 0.9923076923076923, 0.9961538461538462, 1.0, 0.9961538461538462, 0.9961538461538462, 0.9961538461538462, 0.9884615384615385, 0.9961538461538462, 0.9923076923076923, 0.9961538461538462, 1.0, 1.0, 1.0, 0.9923076923076923, 0.9961538461538462, 1.0, 0.9923076923076923, 1.0, 1.0, 1.0, 1.0, 1.0, 1.0, 1.0, 1.0, 1.0, 1.0, 1.0, 1.0, 0.9961538461538462, 1.0, 1.0, 1.0, 0.9961538461538462, 0.9961538461538462, 1.0, 1.0, 1.0, 1.0, 1.0, 0.9961538461538462], "trainRumorF1": [0.20234869015356818, 0.20567375886524822, 0.21388505747126438, 0.22230924481127814, 0.2916900093370682, 0.3099617879676531, 0.34732571067346507, 0.39416205061366344, 0.38191529229555793, 0.3970400617031895, 0.3856566305939498, 0.3845720022440724, 0.39484707426419635, 0.3855699855699857, 0.4220042068755118, 0.4106781554349716, 0.4454374385776825, 0.44470558172054847, 0.5038772529571317, 0.4919085592769803, 0.5179470134260397, 0.5112775747596119, 0.5603562581805933, 0.5852397991812629, 0.6128794095947642, 0.5929422357993787, 0.62792863243597, 0.6318671200481368, 0.672132033017514, 0.6395472755508541, 0.6575057402023693, 0.6751979421544639, 0.7104387579615082, 0.7182047080413158, 0.7576041372160965, 0.736783803706929, 0.7734971919906459, 0.7539253048780488, 0.7823979514645364, 0.7916800034142074, 0.7890482442529422, 0.8514576468926168, 0.8335645626265921, 0.8778873512406385, 0.8706349206349207, 0.886487656599629, 0.8957771430541522, 0.9198899172139829, 0.9395628551283647, 0.9196824730486902, 0.9510157711841752, 0.951092631092631, 0.941535991193179, 0.9601118297363126, 0.9207695305487076, 0.9660282387787631, 0.9619439007913949, 0.992303128687568, 0.9913793103448275, 0.9741398202936665, 0.9769769924582691, 0.9952016794122057, 0.9775500124337334, 0.9824222429039556, 0.9923011037833684, 0.9966200670966878, 1.0, 0.9966200670966878, 0.9966200670966878, 0.9956708341108417, 0.9870125023325246, 0.9952016794122057, 0.992328116193815, 0.9956708341108417, 1.0, 1.0, 1.0, 0.992328116193815, 0.9956708341108417, 1.0, 0.9932504677893611, 1.0, 1.0, 1.0, 1.0, 1.0, 1.0, 1.0, 1.0, 1.0, 1.0, 1.0, 1.0, 0.9952016794122057, 1.0, 1.0, 1.0, 0.9966302162833954, 0.9966302162833954, 1.0, 1.0, 1.0, 1.0, 1.0, 0.9966200670966878], "trainLoss": [1.0831583738327026, 1.0670897960662842, 1.058686375617981, 1.054590106010437, 1.0534383058547974, 1.042861819267273, 1.0343999862670898, 1.034600019454956, 1.0188045501708984, 1.0190435647964478, 1.0175553560256958, 1.0038994550704956, 0.9981518387794495, 0.990398108959198, 0.9849088191986084, 0.9673488736152649, 0.9481377005577087, 0.9144056439399719, 0.8920652866363525, 0.8804522752761841, 0.8510720729827881, 0.8348594903945923, 0.8065743446350098, 0.7923511862754822, 0.7676436901092529, 0.7690262198448181, 0.7418358325958252, 0.7156499624252319, 0.7062641978263855, 0.7005903720855713, 0.6796835064888, 0.6580849885940552, 0.6166932582855225, 0.616619348526001, 0.5771515965461731, 0.5663015246391296, 0.5264965891838074, 0.518486738204956, 0.4714754819869995, 0.4483186602592468, 0.4190412759780884, 0.3718004524707794, 0.3663586676120758, 0.34366852045059204, 0.3251461982727051, 0.2971014976501465, 0.26476356387138367, 0.22163641452789307, 0.2123389095067978, 0.20463912189006805, 0.1609240621328354, 0.1439947932958603, 0.14115530252456665, 0.12113682180643082, 0.12938159704208374, 0.11291766911745071, 0.09131204336881638, 0.06273332983255386, 0.06457560509443283, 0.07955021411180496, 0.07493297010660172, 0.03866247832775116, 0.05889057368040085, 0.06495693325996399, 0.04033078998327255, 0.03423149511218071, 0.026837142184376717, 0.02804163284599781, 0.02785959094762802, 0.022604243829846382, 0.02408990077674389, 0.01760983280837536, 0.024778131395578384, 0.017781471833586693, 0.00865105539560318, 0.014524572528898716, 0.008150565437972546, 0.02803594060242176, 0.014075527898967266, 0.008460482582449913, 0.02166322059929371, 0.010257619433104992, 0.006886753253638744, 0.006017821375280619, 0.005484995897859335, 0.007059968542307615, 0.0029023438692092896, 0.0028152880258858204, 0.004028388299047947, 0.005883171223104, 0.002903140615671873, 0.006619271356612444, 0.006847381591796875, 0.006461530923843384, 0.0046173748560249805, 0.006094585172832012, 0.0010257225949317217, 0.016866499558091164, 0.017233356833457947, 0.006398509256541729, 0.003765534609556198, 0.0012703204993158579, 0.004207692574709654, 0.003651922568678856, 0.0083462567999959], "testRumorAcc": [0.4461538461538462, 0.4307692307692308, 0.47692307692307695, 0.6153846153846154, 0.6153846153846154, 0.6307692307692307, 0.6923076923076923, 0.7076923076923077, 0.7076923076923077, 0.7384615384615385, 0.7384615384615385, 0.6923076923076923, 0.6615384615384615, 0.7076923076923077, 0.7076923076923077, 0.7076923076923077, 0.6923076923076923, 0.6615384615384615, 0.6615384615384615, 0.7230769230769231, 0.7076923076923077], "testRumorF1": [0.23411371237458198, 0.22777777777777777, 0.32303531492172466, 0.5098464317976513, 0.5139023527058426, 0.582010582010582, 0.6582800284292822, 0.6520107063585324, 0.6616835016835018, 0.6909959349593496, 0.7166666666666667, 0.6518414918414918, 0.6230936819172113, 0.6868471035137702, 0.6923558897243107, 0.695431424442067, 0.6823651491784238, 0.6345093658526494, 0.6423487913683993, 0.7056835637480798, 0.695431424442067], "testLoss": [1.068813443183899, 1.07478928565979, 1.0652737617492676, 0.944026529788971, 0.905876100063324, 0.8440507650375366, 0.7802818417549133, 0.7383944392204285, 0.7734403610229492, 0.760839581489563, 0.7851634621620178, 0.952924907207489, 1.2571978569030762, 1.2520225048065186, 1.288352370262146, 1.5035512447357178, 1.5832619667053223, 1.8443065881729126, 1.867419958114624, 1.9874241352081299, 2.0480446815490723]}