{"epoch": 50, "macroF1Rumor": 0.6789351851851851, "accRumor": 0.7076923076923077, "loss": 1.2880934476852417, "trainRumorAcc": [0.41923076923076924, 0.45384615384615384, 0.45384615384615384, 0.49615384615384617, 0.49615384615384617, 0.5153846153846153, 0.5153846153846153, 0.5192307692307693, 0.55, 0.5538461538461539, 0.6307692307692307, 0.6576923076923077, 0.7, 0.6615384615384615, 0.7038461538461539, 0.6807692307692308, 0.7307692307692307, 0.7692307692307693, 0.7384615384615385, 0.7615384615384615, 0.7807692307692308, 0.7961538461538461, 0.8115384615384615, 0.7961538461538461, 0.8307692307692308, 0.8461538461538461, 0.8538461538461538, 0.8615384615384616, 0.8807692307692307, 0.8884615384615384, 0.8846153846153846, 0.8923076923076924, 0.9192307692307692, 0.9615384615384616, 0.9461538461538461, 0.9461538461538461, 0.9538461538461539, 0.9846153846153847, 0.9692307692307692, 0.9730769230769231, 0.9653846153846154, 0.9730769230769231, 0.9846153846153847, 0.9961538461538462, 0.9961538461538462, 0.9923076923076923, 0.9923076923076923, 1.0, 0.9961538461538462, 0.9923076923076923, 0.9961538461538462, 1.0, 0.9884615384615385, 1.0, 0.9961538461538462, 1.0, 0.9961538461538462, 1.0, 0.9961538461538462, 0.9884615384615385, 1.0, 1.0, 1.0, 0.9961538461538462, 1.0, 1.0, 1.0, 1.0, 1.0, 1.0, 0.9961538461538462, 1.0, 1.0, 1.0, 1.0, 1.0, 0.9884615384615385, 1.0, 1.0, 1.0, 1.0, 1.0, 1.0, 1.0, 1.0, 1.0, 1.0, 1.0, 1.0, 1.0, 1.0, 1.0, 1.0, 1.0, 0.9923076923076923, 1.0, 1.0, 1.0, 1.0, 1.0], "trainRumorF1": [0.24415040741571356, 0.24594453165881738, 0.2403556575362111, 0.33903908707940067, 0.361941894731111, 0.36795774647887325, 0.3813428706454547, 0.37981646265892416, 0.42029441820642416, 0.45527741179915093, 0.5713319732307074, 0.626764271621392, 0.6680716683097353, 0.6387539996235648, 0.6840097279221767, 0.6576389353431297, 0.7073876343540259, 0.7501637260500242, 0.7138900648910731, 0.7424009876240709, 0.7594273778497326, 0.780110919869956, 0.7887277618353316, 0.7789028992176714, 0.814910081286048, 0.8337189126662811, 0.8375892439387574, 0.8445514210541534, 0.8723292432237693, 0.8754791504791504, 0.8693286193970188, 0.8791432719385703, 0.9122343833168233, 0.9559467877926296, 0.941633079564114, 0.9388485581770518, 0.9490815380793785, 0.9827586206896552, 0.9663859930499866, 0.9715171063766322, 0.9620976989922575, 0.9694869726630162, 0.9826504377868869, 0.9956708341108417, 0.9966302162833954, 0.9913793103448275, 0.9913030439346229, 1.0, 0.9966200670966878, 0.9923011037833684, 0.9956708341108417, 1.0, 0.9884475392361622, 1.0, 0.9966200670966878, 1.0, 0.9966200670966878, 1.0, 0.9966302162833954, 0.9880117103308647, 1.0, 1.0, 1.0, 0.9966302162833954, 1.0, 1.0, 1.0, 1.0, 1.0, 1.0, 0.9951746670017593, 1.0, 1.0, 1.0, 1.0, 1.0, 0.9879970869606111, 1.0, 1.0, 1.0, 1.0, 1.0, 1.0, 1.0, 1.0, 1.0, 1.0, 1.0, 1.0, 1.0, 1.0, 1.0, 1.0, 1.0, 0.9913793103448275, 1.0, 1.0, 1.0, 1.0, 1.0], "trainLoss": [1.0822231769561768, 1.0653693675994873, 1.0507407188415527, 1.043881893157959, 1.0299373865127563, 1.0178452730178833, 1.0132341384887695, 0.994289219379425, 0.9654878377914429, 0.9436991214752197, 0.895422637462616, 0.8492833375930786, 0.8205793499946594, 0.7879520058631897, 0.7495695948600769, 0.7400417923927307, 0.6817420721054077, 0.6659306883811951, 0.652694582939148, 0.6167997717857361, 0.5764020681381226, 0.566078245639801, 0.5147148966789246, 0.5114904046058655, 0.46154671907424927, 0.4325616955757141, 0.38415631651878357, 0.36730512976646423, 0.3507794737815857, 0.31640657782554626, 0.2839449346065521, 0.27729666233062744, 0.23824965953826904, 0.1833486557006836, 0.1890491098165512, 0.15133371949195862, 0.15930375456809998, 0.1047743558883667, 0.1281871497631073, 0.09113370627164841, 0.08547133207321167, 0.0860358402132988, 0.0572972372174263, 0.045927248895168304, 0.04088002070784569, 0.0363476425409317, 0.030618660151958466, 0.019002698361873627, 0.025371063500642776, 0.0290968157351017, 0.020153528079390526, 0.011240914463996887, 0.03875396400690079, 0.006973728071898222, 0.022397518157958984, 0.010950465686619282, 0.007756520994007587, 0.0037426683120429516, 0.012458892539143562, 0.024045458063483238, 0.007246190216392279, 0.0034142788499593735, 0.0033292854204773903, 0.011766999959945679, 0.008047642186284065, 0.004291897639632225, 0.00612228037789464, 0.002031258773058653, 0.001354470383375883, 0.002980845281854272, 0.006631603464484215, 0.0017365447711199522, 0.004124064464122057, 0.0006439777207560837, 0.003268977627158165, 0.002479440299794078, 0.023484155535697937, 0.0012357588857412338, 0.009338363073766232, 0.0004781655443366617, 0.0013803507899865508, 0.004042323678731918, 0.0011162390001118183, 0.0003144398215226829, 0.00026626171893440187, 0.0003203784872312099, 0.0006286727148108184, 0.0005535471136681736, 0.0007597847143188119, 0.0005263066268526018, 0.00032111830660142004, 0.0004300805157981813, 0.003227135632187128, 0.00033758743666112423, 0.01457070279866457, 0.00024061788280960172, 0.0007842510240152478, 0.00020007864804938436, 9.945790225174278e-05, 0.00015976147551555187], "testRumorAcc": [0.46153846153846156, 0.6, 0.6461538461538462, 0.6153846153846154, 0.676923076923077, 0.6615384615384615, 0.7076923076923077, 0.6923076923076923, 0.676923076923077, 0.7076923076923077, 0.6461538461538462, 0.7076923076923077, 0.676923076923077, 0.6923076923076923, 0.676923076923077, 0.7076923076923077, 0.676923076923077, 0.6923076923076923, 0.6615384615384615, 0.6461538461538462], "testRumorF1": [0.2404479578392622, 0.534604587107368, 0.570701828572893, 0.6090715949047659, 0.6336253118861814, 0.6258518855065879, 0.6690031890372895, 0.6563128955285817, 0.6420162213265662, 0.6789351851851851, 0.63926892305521, 0.6661168170972093, 0.6604968604968605, 0.6573199380216924, 0.663463933667841, 0.6623347666825927, 0.653442096156223, 0.6491361950185479, 0.629036729036729, 0.6067886067886067], "testLoss": [1.076043963432312, 1.0015848875045776, 0.8919682502746582, 0.8300842046737671, 0.7674058079719543, 0.8488434553146362, 0.9305657744407654, 1.018795371055603, 1.17348051071167, 1.2880934476852417, 1.4913982152938843, 1.5656263828277588, 1.501189112663269, 1.829973578453064, 1.7103888988494873, 1.9595980644226074, 1.7725207805633545, 1.997999906539917, 1.9169085025787354, 2.0157558917999268]}