{"epoch": 110, "macroF1Rumor": 0.6676316515026192, "accRumor": 0.7076923076923077, "loss": 0.9051163196563721, "trainRumorAcc": [0.4076923076923077, 0.45, 0.4423076923076923, 0.4461538461538462, 0.4461538461538462, 0.4461538461538462, 0.4461538461538462, 0.4461538461538462, 0.4461538461538462, 0.4461538461538462, 0.4461538461538462, 0.4461538461538462, 0.4461538461538462, 0.4423076923076923, 0.45, 0.4461538461538462, 0.45384615384615384, 0.4807692307692308, 0.4846153846153846, 0.46153846153846156, 0.5192307692307693, 0.5038461538461538, 0.5076923076923077, 0.48846153846153845, 0.5038461538461538, 0.5, 0.5307692307692308, 0.55, 0.5230769230769231, 0.5346153846153846, 0.5461538461538461, 0.5384615384615384, 0.5538461538461539, 0.55, 0.5269230769230769, 0.5423076923076923, 0.5269230769230769, 0.5423076923076923, 0.5423076923076923, 0.55, 0.5423076923076923, 0.55, 0.5538461538461539, 0.5576923076923077, 0.5653846153846154, 0.5615384615384615, 0.573076923076923, 0.5692307692307692, 0.5384615384615384, 0.5692307692307692, 0.573076923076923, 0.5653846153846154, 0.5692307692307692, 0.6, 0.5769230769230769, 0.5846153846153846, 0.5692307692307692, 0.5769230769230769, 0.5653846153846154, 0.6153846153846154, 0.5846153846153846, 0.6, 0.6115384615384616, 0.6115384615384616, 0.6230769230769231, 0.6038461538461538, 0.5923076923076923, 0.5961538461538461, 0.6192307692307693, 0.6230769230769231, 0.6307692307692307, 0.6346153846153846, 0.6038461538461538, 0.6384615384615384, 0.6038461538461538, 0.6269230769230769, 0.6576923076923077, 0.6576923076923077, 0.6576923076923077, 0.6346153846153846, 0.65, 0.6692307692307692, 0.6615384615384615, 0.6384615384615384, 0.6461538461538462, 0.6538461538461539, 0.6615384615384615, 0.7192307692307692, 0.7038461538461539, 0.6961538461538461, 0.7038461538461539, 0.7038461538461539, 0.6961538461538461, 0.7115384615384616, 0.7153846153846154, 0.7038461538461539, 0.7038461538461539, 0.6884615384615385, 0.6961538461538461, 0.676923076923077, 0.7076923076923077, 0.7076923076923077, 0.7192307692307692, 0.7230769230769231, 0.7307692307692307, 0.7076923076923077, 0.7038461538461539, 0.6884615384615385, 0.7307692307692307, 0.7115384615384616, 0.7384615384615385, 0.7538461538461538, 0.7346153846153847, 0.7307692307692307, 0.7807692307692308, 0.7192307692307692, 0.7423076923076923, 0.75, 0.7692307692307693, 0.7615384615384615, 0.7615384615384615, 0.7307692307692307, 0.7538461538461538, 0.7615384615384615, 0.7615384615384615, 0.7730769230769231, 0.7769230769230769, 0.7769230769230769, 0.7653846153846153, 0.7730769230769231, 0.7807692307692308, 0.8038461538461539, 0.75, 0.7730769230769231, 0.8076923076923077, 0.75, 0.7923076923076923, 0.7538461538461538, 0.7923076923076923, 0.8, 0.7846153846153846, 0.8153846153846154, 0.8115384615384615, 0.823076923076923, 0.8076923076923077, 0.8038461538461539, 0.8076923076923077, 0.7884615384615384, 0.8153846153846154, 0.8269230769230769, 0.8038461538461539, 0.7846153846153846, 0.8269230769230769, 0.8384615384615385, 0.8076923076923077, 0.8153846153846154, 0.8115384615384615, 0.8307692307692308, 0.823076923076923, 0.8307692307692308], "trainRumorF1": [0.25090044172612985, 0.21388505747126438, 0.20499108734402852, 0.20567375886524822, 0.20567375886524822, 0.20567375886524822, 0.20567375886524822, 0.20567375886524822, 0.20567375886524822, 0.20567375886524822, 0.20567375886524822, 0.20567375886524822, 0.20567375886524822, 0.20444444444444443, 0.2205219347129761, 0.21256684491978609, 0.22192513368983957, 0.2830065359477124, 0.28936906725802525, 0.24931693989071035, 0.34328603337274993, 0.32532264127302346, 0.325, 0.3104191495296295, 0.3346978557504873, 0.3265205004335439, 0.3759685569904548, 0.39605171208944795, 0.3604572134692617, 0.3865477027036619, 0.3959244352587113, 0.37367724867724866, 0.40697868087941363, 0.39835323884469415, 0.37420774647887317, 0.3935897435897437, 0.37854064369492035, 0.39174904046143616, 0.3977583972540366, 0.40287338548070367, 0.4009532079891754, 0.4012451942388248, 0.40697868087941363, 0.4205307110195196, 0.4270138211411166, 0.41241721854304636, 0.4215193863612483, 0.43017305219217744, 0.4090127645365775, 0.427070044347245, 0.43187488246724753, 0.42821931129771834, 0.43222581454143705, 0.4729491456879993, 0.43733611660440935, 0.44414141859486983, 0.4399378210923202, 0.45486104883468353, 0.4384831376684943, 0.5096192498140066, 0.48420995831590874, 0.498620179514357, 0.5143206537617174, 0.5146854113272025, 0.5292790954720451, 0.5124880136660083, 0.5024181965977197, 0.5097208937775651, 0.5491284194032774, 0.5583001762194894, 0.5481009178192278, 0.5722003512809641, 0.5328666113494095, 0.5667791774669142, 0.5372222222222223, 0.5819160549595332, 0.6060170391602019, 0.6023254228041462, 0.5991054177654828, 0.5775251237092308, 0.6084739342017076, 0.6195075142944915, 0.6110342080366479, 0.5798361310951239, 0.600121622931394, 0.6038240406471455, 0.6156144693880542, 0.6874525231523947, 0.6561567179691853, 0.670885309581066, 0.6642104970687116, 0.6522158720676464, 0.6546120303970335, 0.6792257404065051, 0.6893415015236423, 0.6741586522564978, 0.6707717835281009, 0.65224809010478, 0.666812053036003, 0.6439498055688727, 0.6679539124152069, 0.6857886043736133, 0.6821351359581013, 0.7053846153846154, 0.7071837351174673, 0.6853629569111593, 0.6739286370176014, 0.6543040467568769, 0.7021322544249348, 0.6788993596713785, 0.7139855150197153, 0.7257433768875416, 0.7218263867521874, 0.7089714465622049, 0.7584771071933103, 0.6863081617086193, 0.7233517127488853, 0.7315257817824258, 0.7478603738458026, 0.7380216060997563, 0.7383836950867736, 0.7064151010639304, 0.7302629578963368, 0.7391631722912254, 0.7431985481356117, 0.7551756458793869, 0.7577548090726386, 0.7598648562503985, 0.7466025641025641, 0.7597354497354498, 0.7559118619517506, 0.7782443915690028, 0.7331746031746031, 0.741220305076269, 0.7780480655335986, 0.7325687719852816, 0.7688151029314106, 0.7346854342987713, 0.7691498316498318, 0.7835573499728182, 0.7560239973701511, 0.7947024485486023, 0.7955026455026455, 0.808033273915627, 0.7926570406870596, 0.7827449396067707, 0.7859614640495286, 0.774141578593964, 0.7987008293096082, 0.812190402170231, 0.784994334868249, 0.762174366758372, 0.8141510955118326, 0.8182976978241835, 0.7921960042313634, 0.8009662320107988, 0.7911231069125807, 0.8166959508422925, 0.8064891131669937, 0.8144324396425238],