{"epoch": 120, "macroF1Rumor": 0.672241541094, "accRumor": 0.6923076923076923, "loss": 0.9763705134391785, "trainRumorAcc": [0.4423076923076923, 0.4461538461538462, 0.4461538461538462, 0.4461538461538462, 0.4461538461538462, 0.4423076923076923, 0.4461538461538462, 0.4461538461538462, 0.4461538461538462, 0.4461538461538462, 0.4461538461538462, 0.4461538461538462, 0.4653846153846154, 0.4423076923076923, 0.46923076923076923, 0.45, 0.47307692307692306, 0.46153846153846156, 0.4576923076923077, 0.46923076923076923, 0.46923076923076923, 0.49615384615384617, 0.48846153846153845, 0.49615384615384617, 0.5269230769230769, 0.48846153846153845, 0.5153846153846153, 0.4846153846153846, 0.49230769230769234, 0.5192307692307693, 0.49615384615384617, 0.5269230769230769, 0.5, 0.5384615384615384, 0.5153846153846153, 0.5384615384615384, 0.5538461538461539, 0.5230769230769231, 0.5269230769230769, 0.5153846153846153, 0.5115384615384615, 0.5384615384615384, 0.55, 0.5115384615384615, 0.5423076923076923, 0.5346153846153846, 0.5423076923076923, 0.5384615384615384, 0.5346153846153846, 0.5384615384615384, 0.5692307692307692, 0.5653846153846154, 0.5653846153846154, 0.5576923076923077, 0.5615384615384615, 0.5653846153846154, 0.5692307692307692, 0.5576923076923077, 0.5846153846153846, 0.5461538461538461, 0.573076923076923, 0.5615384615384615, 0.5692307692307692, 0.5923076923076923, 0.5807692307692308, 0.6076923076923076, 0.6038461538461538, 0.5846153846153846, 0.5884615384615385, 0.5884615384615385, 0.6038461538461538, 0.5846153846153846, 0.6230769230769231, 0.6038461538461538, 0.5923076923076923, 0.6076923076923076, 0.6192307692307693, 0.6115384615384616, 0.6461538461538462, 0.6230769230769231, 0.6346153846153846, 0.6423076923076924, 0.6692307692307692, 0.6692307692307692, 0.6307692307692307, 0.6269230769230769, 0.65, 0.6461538461538462, 0.6461538461538462, 0.6461538461538462, 0.6653846153846154, 0.6653846153846154, 0.6692307692307692, 0.65, 0.6615384615384615, 0.65, 0.676923076923077, 0.6807692307692308, 0.6653846153846154, 0.6692307692307692, 0.6692307692307692, 0.6884615384615385, 0.6730769230769231, 0.6846153846153846, 0.6807692307692308, 0.6884615384615385, 0.676923076923077, 0.6538461538461539, 0.6846153846153846, 0.6807692307692308, 0.6846153846153846, 0.6846153846153846, 0.6961538461538461, 0.7230769230769231, 0.6923076923076923, 0.6961538461538461, 0.7076923076923077, 0.6846153846153846, 0.7076923076923077, 0.6884615384615385, 0.7269230769230769, 0.7, 0.7076923076923077, 0.676923076923077, 0.6923076923076923, 0.7076923076923077, 0.7192307692307692, 0.7153846153846154, 0.7269230769230769, 0.7307692307692307, 0.7269230769230769, 0.7192307692307692, 0.7115384615384616, 0.7423076923076923, 0.7307692307692307, 0.7230769230769231, 0.7461538461538462, 0.7576923076923077, 0.7461538461538462, 0.7115384615384616, 0.7346153846153847, 0.7423076923076923, 0.75, 0.7230769230769231, 0.7692307692307693, 0.7615384615384615, 0.7461538461538462, 0.7538461538461538, 0.7576923076923077, 0.7653846153846153, 0.7692307692307693, 0.7692307692307693, 0.7769230769230769, 0.7692307692307693, 0.7692307692307693, 0.7653846153846153, 0.7576923076923077, 0.7923076923076923, 0.7769230769230769, 0.8076923076923077, 0.75, 0.7846153846153846, 0.823076923076923, 0.7730769230769231, 0.7769230769230769, 0.8, 0.7961538461538461, 0.8115384615384615, 0.7961538461538461, 0.7730769230769231], "trainRumorF1": [0.2055406613047364, 0.20567375886524822, 0.20567375886524822, 0.20567375886524822, 0.20567375886524822, 0.20444444444444443, 0.20567375886524822, 0.20622222222222222, 0.20622222222222222, 0.20732797140303846, 0.20677361853832443, 0.21350059737156513, 0.25650443832262015, 0.2055406613047364, 0.25282279267651414, 0.22169996083039564, 0.2789202176524628, 0.26439621830683285, 0.2307481394437916, 0.28510561843895177, 0.2812303829252982, 0.3293249347839919, 0.3225972356155577, 0.3268461743535057, 0.3651053558112897, 0.32538016160844946, 0.3523165182987142, 0.33383076820277524, 0.330026455026455, 0.36266836548962506, 0.3478260869565218, 0.3768192488262911, 0.34548381059329963, 0.3929948047595106, 0.3621336327905671, 0.39049235993208825, 0.4015117157974301, 0.3825055187637969, 0.3814955134596211, 0.3662216056875325, 0.3764077919174274, 0.3985386289326849, 0.4116870319274734, 0.38422939068100354, 0.40572097139655483, 0.39200654982528044, 0.4097293220734442, 0.40113885916999825, 0.4028046632036559, 0.40418656221489263, 0.43707099001216654, 0.4366964456465317, 0.4348076830727942, 0.43133185879087516, 0.43311567659393746, 0.4383536990694112, 0.43598389914179386, 0.4328896857226639, 0.46048585558056354, 0.44041668955163765, 0.4509933818021709, 0.4447911063295678, 0.4564157192012675, 0.45871630321279033, 0.48315210347476717, 0.49317932161611827, 0.4940783646977445, 0.49112858945271953, 0.4900596989526968, 0.5011126230591586, 0.5014943189326131, 0.47774871513968975, 0.5345648604269294, 0.493557885065152, 0.516501902108223, 0.524039646697897, 0.5456638049023267, 0.5163360484858905, 0.5803691517454789, 0.5320605466137407, 0.5618240807498198, 0.5472533267236267, 0.5936991558503147, 0.6088316266516566, 0.5553936646700124, 0.5595555741663526, 0.6006218092038244, 0.5747186147186146, 0.5677357621802066, 0.5848498056736042, 0.6098857075527278, 0.6016191164078487, 0.6123025355104208, 0.5987011052521822, 0.6008574758574758, 0.5819974586285381, 0.6353605935127674, 0.6268294447241349, 0.6154404237914175, 0.6130952380952381, 0.6153779790790467, 0.6321459517037038, 0.618594901238859, 0.6393646537437386, 0.6180139305139306, 0.6251009640964724, 0.6285873763867896, 0.621017206752429, 0.6376705490142401, 0.6283706234807921, 0.651262714942409, 0.6300136726502888, 0.6584776050888582, 0.6620000257469844, 0.6402319902319903, 0.6541889483065954, 0.6697820244597413, 0.6471118432380448, 0.6651973383056372, 0.6480857161512792, 0.6850595524588786, 0.6543194645991115, 0.661764680698762, 0.6343989343989344, 0.6557398010551326, 0.6821269817329688, 0.6768591733079639, 0.6795298531289911, 0.690653899652034, 0.6958977452877741, 0.6918349871302364, 0.6746031746031745, 0.6750070442378134, 0.7198366067931286, 0.6831649194617536, 0.6939912097469687, 0.7102175674519495, 0.722039072039072, 0.7172442740033894, 0.6666370791171076, 0.6988461296610703, 0.7112078129064545, 0.7206314153682575, 0.69966718793857, 0.7458087775188688, 0.7313160238956803, 0.7213855479798271, 0.7277575403912694, 0.7254672770054221, 0.7348540429978435, 0.7440702883535718, 0.7453103288559518, 0.7514124867323816, 0.7509349937117292, 0.7427266864809902, 0.7365685843946714, 0.722543958474803, 0.7647695512005116, 0.7468175448272304, 0.7808299034684972, 0.7207367394953056, 0.7543619281378661, 0.7984852725277265, 0.7557142857142857, 0.7586974150883926, 0.768843695404283, 0.7831624096349818, 0.7801604369346306, 0.7775175341017571, 0.7495807371900144],