{"epoch": 135, "macroF1Rumor": 0.6260124133708147, "accRumor": 0.6615384615384615, "loss": 0.9178065657615662, "trainRumorAcc": [0.3423076923076923, 0.4230769230769231, 0.4423076923076923, 0.4461538461538462, 0.4461538461538462, 0.4461538461538462, 0.45384615384615384, 0.45, 0.4576923076923077, 0.46923076923076923, 0.45, 0.47692307692307695, 0.47692307692307695, 0.5, 0.48846153846153845, 0.4807692307692308, 0.5076923076923077, 0.4846153846153846, 0.5346153846153846, 0.5115384615384615, 0.5346153846153846, 0.5346153846153846, 0.5384615384615384, 0.5576923076923077, 0.5538461538461539, 0.5346153846153846, 0.5769230769230769, 0.5423076923076923, 0.5615384615384615, 0.5615384615384615, 0.5653846153846154, 0.5653846153846154, 0.5653846153846154, 0.5692307692307692, 0.5423076923076923, 0.573076923076923, 0.573076923076923, 0.5653846153846154, 0.5807692307692308, 0.5884615384615385, 0.6076923076923076, 0.5846153846153846, 0.5923076923076923, 0.5923076923076923, 0.5807692307692308, 0.6, 0.6346153846153846, 0.6153846153846154, 0.6115384615384616, 0.6192307692307693, 0.5961538461538461, 0.6230769230769231, 0.6038461538461538, 0.6076923076923076, 0.6269230769230769, 0.6538461538461539, 0.6192307692307693, 0.6307692307692307, 0.65, 0.6346153846153846, 0.6346153846153846, 0.6461538461538462, 0.5961538461538461, 0.6192307692307693, 0.65, 0.6423076923076924, 0.6115384615384616, 0.6307692307692307, 0.6384615384615384, 0.6807692307692308, 0.6384615384615384, 0.6269230769230769, 0.6807692307692308, 0.6307692307692307, 0.6423076923076924, 0.6576923076923077, 0.6692307692307692, 0.6576923076923077, 0.6653846153846154, 0.6423076923076924, 0.6692307692307692, 0.6846153846153846, 0.6884615384615385, 0.6653846153846154, 0.6576923076923077, 0.6730769230769231, 0.7192307692307692, 0.6884615384615385, 0.7038461538461539, 0.676923076923077, 0.7038461538461539, 0.6846153846153846, 0.7, 0.6884615384615385, 0.6923076923076923, 0.7038461538461539, 0.6884615384615385, 0.7076923076923077, 0.6923076923076923, 0.7269230769230769, 0.6884615384615385, 0.6653846153846154, 0.6961538461538461, 0.6923076923076923, 0.7269230769230769, 0.7, 0.7153846153846154, 0.7153846153846154, 0.7192307692307692, 0.7384615384615385, 0.7307692307692307, 0.7346153846153847, 0.7384615384615385, 0.7576923076923077, 0.7269230769230769, 0.7461538461538462, 0.7692307692307693, 0.7384615384615385, 0.7461538461538462, 0.7346153846153847, 0.75, 0.7538461538461538, 0.7230769230769231, 0.7615384615384615, 0.7807692307692308, 0.7692307692307693, 0.7461538461538462, 0.7576923076923077, 0.7538461538461538, 0.7730769230769231, 0.8038461538461539, 0.7730769230769231, 0.7423076923076923, 0.7923076923076923, 0.7692307692307693, 0.7615384615384615, 0.7538461538461538, 0.7423076923076923, 0.7692307692307693, 0.7730769230769231, 0.7769230769230769, 0.8, 0.7807692307692308, 0.8038461538461539, 0.7884615384615384, 0.8115384615384615, 0.7692307692307693, 0.7923076923076923, 0.8038461538461539, 0.7653846153846153, 0.7961538461538461, 0.8038461538461539, 0.7961538461538461, 0.8153846153846154, 0.8269230769230769, 0.8038461538461539, 0.8153846153846154, 0.8076923076923077, 0.7884615384615384, 0.8038461538461539, 0.823076923076923, 0.823076923076923, 0.823076923076923, 0.8076923076923077, 0.8269230769230769, 0.8346153846153846, 0.8076923076923077, 0.8307692307692308, 0.8115384615384615, 0.7961538461538461, 0.823076923076923, 0.8307692307692308, 0.823076923076923, 0.8269230769230769, 0.8115384615384615, 0.8192307692307692, 0.8538461538461538, 0.8576923076923076, 0.8269230769230769, 0.8346153846153846, 0.8346153846153846, 0.823076923076923, 0.8423076923076923, 0.8269230769230769, 0.8346153846153846], "trainRumorF1": [0.19691866267465072, 0.24632914756494584, 0.20444444444444443, 0.20567375886524822, 0.20567375886524822, 0.20567375886524822, 0.24017113783533764, 0.21388505747126438, 0.23010752688172043, 0.2524872698785742, 0.2268297739995853, 0.2814364640883978, 0.2812868544472175, 0.34912221089591117, 0.2956238361266294, 0.29545930110901863, 0.35242508495520547, 0.3206364513018322, 0.37777777777777777, 0.3614906832298137, 0.378358432692973, 0.38251999019979066, 0.387316153269335, 0.40531097134870714, 0.4063513695761731, 0.3862089201877934, 0.4288329678744214, 0.39487832484436897, 0.4117760576366405, 0.41541749944481454, 0.41907964381343793, 0.41200828157349895, 0.42279930532942583, 0.4214773563097614, 0.4004329004329004, 0.43561597167875094, 0.4254727359528405, 0.41895868704018113, 0.43266406663777746, 0.4402515723270441, 0.4870747038155269, 0.45311515969410715, 0.45245422618303976, 0.4697029662711187, 0.44122898260485494, 0.47478102662654614, 0.5129979281760234, 0.5032617845117845, 0.4958566930521357, 0.5018203020404451, 0.464896972733261, 0.5183427917605133, 0.49523354492298605, 0.4745509378243033, 0.5161661933400157, 0.5517036036871878, 0.5016844860229425, 0.5176376465697657, 0.5520797335537025, 0.5301217507099861, 0.5248377293963565, 0.5512719312094135, 0.48917748917748916, 0.5106040851803565, 0.5470809351933145, 0.5361768223917956, 0.5157407407407407, 0.531872896739657, 0.5340920234837877, 0.6144048066815188, 0.5549068059582206, 0.5299283512640408, 0.6106088391710984, 0.5359703215060615, 0.5760201127309776, 0.5789866548864984, 0.5889072525763174, 0.5835317247708987, 0.5909838862334256, 0.5618761693425576, 0.6077529491184109, 0.618784991276047, 0.6207511114532834, 0.6043045488562245, 0.596522097307849, 0.6066262047645027, 0.6713408595761537, 0.6254908039437679, 0.657534503056595, 0.6198331761739692, 0.6365116775059191, 0.6314443773722205, 0.6445125299613378, 0.6370633638863347, 0.6209219518506756, 0.6491649253841937, 0.6459146720986816, 0.6516249499844396, 0.6381095188348912, 0.6753191484010648, 0.6310471135286893, 0.5972895927254127, 0.6476404311297554, 0.6298393169586499, 0.6749000814102682, 0.6460360576353084, 0.6844540470537881, 0.6759131486743698, 0.6780730493872102, 0.7014392954476375, 0.6890287258775017, 0.6954489997301055, 0.6863216419822594, 0.722039072039072, 0.6793978790879217, 0.7063842284393549, 0.7375964276979637, 0.6985132448987871, 0.6962315699157804, 0.6999334547492295, 0.7151215572533484, 0.7145944143038104, 0.6860018953840464, 0.7290722798262417, 0.7444271121622301, 0.7415809355608687, 0.7105679105706114, 0.722543958474803, 0.715127915071354, 0.7313626232958671, 0.7703659147869675, 0.7408164052145835, 0.7073589573286357, 0.7662267749477052, 0.7327618657538789, 0.7398401584592751, 0.7201962480198638, 0.6999588790393624, 0.7405122916319752, 0.7363107320639845, 0.752572306920133, 0.770586286126841, 0.7449674770584047, 0.7832197490808556, 0.759279365524112, 0.781072773504636, 0.7422719077883425, 0.7700928276251089, 0.7762010977596505, 0.7283179808117651, 0.76848461669608, 0.769185888308812, 0.773080136238031, 0.7961715703651188, 0.8009070644839111, 0.7717728280379781, 0.79489938564544, 0.7839458112737465, 0.7623156714325764, 0.7759426705074164, 0.8016397103391073, 0.8015180809165772, 0.7960695389266818, 0.7801496942863166, 0.8052807624394944, 0.8126232859315565, 0.7890435925148874, 0.8097966436806706, 0.7860392156862744, 0.7723140182870746, 0.7925868864155454, 0.8117314299845023, 0.8016676486867712, 0.8030635442815495, 0.7905761671939411, 0.7943245509999741, 0.8367880485527545, 0.8322995902416869, 0.8037862797132237, 0.8125741042181627, 0.808982456140351, 0.8013112601365204, 0.8171428571428572, 0.8078291101826526, 0.8138008329737653],