{"epoch": 105, "macroF1Rumor": 0.5576081576081576, "accRumor": 0.6153846153846154, "loss": 0.9238911867141724, "trainRumorAcc": [0.43846153846153846, 0.4461538461538462, 0.4461538461538462, 0.4461538461538462, 0.4461538461538462, 0.4461538461538462, 0.45, 0.4461538461538462, 0.47692307692307695, 0.4461538461538462, 0.48846153846153845, 0.49230769230769234, 0.4807692307692308, 0.48846153846153845, 0.49230769230769234, 0.5269230769230769, 0.5153846153846153, 0.5153846153846153, 0.5230769230769231, 0.5230769230769231, 0.5192307692307693, 0.5384615384615384, 0.5230769230769231, 0.5269230769230769, 0.5230769230769231, 0.5269230769230769, 0.5307692307692308, 0.5538461538461539, 0.5423076923076923, 0.5346153846153846, 0.5346153846153846, 0.5615384615384615, 0.5653846153846154, 0.5461538461538461, 0.5461538461538461, 0.5423076923076923, 0.5769230769230769, 0.5423076923076923, 0.5615384615384615, 0.5653846153846154, 0.5653846153846154, 0.5692307692307692, 0.5769230769230769, 0.5692307692307692, 0.5576923076923077, 0.5846153846153846, 0.5807692307692308, 0.5807692307692308, 0.5884615384615385, 0.5923076923076923, 0.6, 0.6038461538461538, 0.5923076923076923, 0.6076923076923076, 0.6230769230769231, 0.6, 0.6115384615384616, 0.6230769230769231, 0.6307692307692307, 0.6230769230769231, 0.6384615384615384, 0.6307692307692307, 0.6346153846153846, 0.6384615384615384, 0.6346153846153846, 0.65, 0.6730769230769231, 0.6807692307692308, 0.6384615384615384, 0.6461538461538462, 0.6653846153846154, 0.6576923076923077, 0.6961538461538461, 0.6653846153846154, 0.6807692307692308, 0.6615384615384615, 0.6961538461538461, 0.6576923076923077, 0.6730769230769231, 0.676923076923077, 0.6961538461538461, 0.6923076923076923, 0.6653846153846154, 0.6730769230769231, 0.6884615384615385, 0.7076923076923077, 0.676923076923077, 0.7153846153846154, 0.6961538461538461, 0.7038461538461539, 0.6807692307692308, 0.6807692307692308, 0.6923076923076923, 0.6730769230769231, 0.6846153846153846, 0.7, 0.6961538461538461, 0.6846153846153846, 0.7115384615384616, 0.7115384615384616, 0.7230769230769231, 0.7076923076923077, 0.7192307692307692, 0.7038461538461539, 0.7153846153846154, 0.7153846153846154, 0.7230769230769231, 0.6884615384615385, 0.7230769230769231, 0.7461538461538462, 0.6884615384615385, 0.7038461538461539, 0.7153846153846154, 0.7269230769230769, 0.7461538461538462, 0.7115384615384616, 0.7384615384615385, 0.7192307692307692, 0.7653846153846153, 0.7153846153846154, 0.7461538461538462, 0.7, 0.7346153846153847, 0.7653846153846153, 0.7576923076923077, 0.7461538461538462, 0.7769230769230769, 0.7461538461538462, 0.7846153846153846, 0.7384615384615385, 0.7692307692307693, 0.7576923076923077, 0.7115384615384616, 0.7538461538461538, 0.7615384615384615, 0.7653846153846153, 0.7538461538461538, 0.7807692307692308, 0.7615384615384615, 0.7423076923076923, 0.7576923076923077, 0.7653846153846153, 0.7846153846153846, 0.7769230769230769, 0.7769230769230769, 0.7923076923076923, 0.7769230769230769, 0.7576923076923077, 0.7692307692307693, 0.7884615384615384, 0.7846153846153846, 0.7769230769230769, 0.7807692307692308, 0.8, 0.8269230769230769], "trainRumorF1": [0.20430107526881716, 0.20567375886524822, 0.20567375886524822, 0.20567375886524822, 0.20732797140303846, 0.20567375886524822, 0.214349376114082, 0.20622222222222222, 0.2849968612680477, 0.20622222222222222, 0.3098859792006014, 0.32671957671957674, 0.30497076023391817, 0.30666666666666664, 0.3120588828392821, 0.36719458220018136, 0.361692610484881, 0.36313824263714894, 0.36539932140974524, 0.3703933747412009, 0.3687298306682621, 0.3846960167714885, 0.3685811415280014, 0.38359630944320194, 0.3733026695910791, 0.3814956695536309, 0.38532909894763057, 0.4085055160008481, 0.4029065528648747, 0.3835974178403756, 0.40257707630588985, 0.4349232746063996, 0.43238540991941615, 0.4145411605937921, 0.4219517692134325, 0.4224055161894215, 0.4516376500247358, 0.41514030798804824, 0.43120454424802257, 0.4303942652329749, 0.4533113072043653, 0.45213663555749073, 0.45452246458214646, 0.471569809500844, 0.45446187122334264, 0.49665189191896425, 0.46459795077402827, 0.4717902597649433, 0.49563393432490366, 0.49653840988450165, 0.49429794257638576, 0.5215112058892335, 0.49629458425561285, 0.5368342834998124, 0.5549289356005582, 0.5291083369816459, 0.5198743285699806, 0.558041906068662, 0.5670442846639315, 0.5541762549172772, 0.5834620280960402, 0.5654664289958408, 0.5737404387471322, 0.5800550830594358, 0.5824164828474632, 0.618601747815231, 0.6246870109546165, 0.6341777797274375, 0.5846158396532043, 0.6033907952512604, 0.6190764234587074, 0.6051337949450631, 0.654732510288066, 0.6267990657434664, 0.6402218398032014, 0.6189289851292333, 0.6570607475888514, 0.6085697011393606, 0.6360516934046346, 0.6449147633234028, 0.6581355349157207, 0.6431337343144308, 0.6301225675218683, 0.6358719551680583, 0.6542639685715237, 0.6718805231530577, 0.6441527536719569, 0.6800294743465555, 0.6583280694962338, 0.6652132813423135, 0.6513005202080833, 0.6437367802585193, 0.6505404114099765, 0.6349020248648501, 0.6502807652041497, 0.658176508760545, 0.6566267066267066, 0.6451228109916393, 0.6835709395513673, 0.687322201607916, 0.684410886964958, 0.6784408191983505, 0.6876449210140944, 0.6653846153846154, 0.6803297120834982, 0.6815736132793573, 0.6908136421655614, 0.6617904654608309, 0.701656050636367, 0.7205982686688479, 0.6512128562765312, 0.6669417626907505, 0.6764361885104919, 0.6962940365025467, 0.7083040833040833, 0.690865411375358, 0.705194005613237, 0.6861114023574123, 0.73570742231365, 0.6898656898656897, 0.7213312553573307, 0.675125145376731, 0.7130126806438352, 0.741922077922078, 0.7378653955020328, 0.7185399016314914, 0.750443105281815, 0.7198956854129267, 0.762417222377973, 0.7150506691456308, 0.7507812658182996, 0.7309909020668192, 0.6826870299560284, 0.7373245678616694, 0.7428371223917782, 0.7365685843946714, 0.7237566137566138, 0.7580068139942685, 0.7415019555345564, 0.721680216802168, 0.7240765701629489, 0.7414933492952717, 0.7556422144091531, 0.7604618702532758, 0.7429828867701901, 0.7756824102389851, 0.7587798509442697, 0.7385661028660744, 0.745003704020753, 0.7646258503401361, 0.7651383101957144, 0.7478198583865178, 0.7565893890438149, 0.7782920822398016, 0.8097305479731197],