{"epoch": 80, "macroF1Rumor": 0.5982879431155294, "accRumor": 0.6461538461538462, "loss": 0.9605010151863098, "trainRumorAcc": [0.33076923076923076, 0.4269230769230769, 0.43846153846153846, 0.4461538461538462, 0.4461538461538462, 0.4461538461538462, 0.4461538461538462, 0.4461538461538462, 0.4461538461538462, 0.4461538461538462, 0.4461538461538462, 0.45, 0.46153846153846156, 0.45384615384615384, 0.4653846153846154, 0.4846153846153846, 0.5076923076923077, 0.5, 0.5, 0.5038461538461538, 0.5038461538461538, 0.5076923076923077, 0.5230769230769231, 0.5269230769230769, 0.5269230769230769, 0.5230769230769231, 0.5307692307692308, 0.5384615384615384, 0.5230769230769231, 0.5346153846153846, 0.5384615384615384, 0.573076923076923, 0.5538461538461539, 0.573076923076923, 0.5538461538461539, 0.5769230769230769, 0.5769230769230769, 0.5807692307692308, 0.5769230769230769, 0.5923076923076923, 0.6, 0.5961538461538461, 0.5923076923076923, 0.6076923076923076, 0.6, 0.6115384615384616, 0.6, 0.6269230769230769, 0.6269230769230769, 0.6307692307692307, 0.6307692307692307, 0.6346153846153846, 0.6230769230769231, 0.6423076923076924, 0.6538461538461539, 0.6423076923076924, 0.6307692307692307, 0.6423076923076924, 0.6576923076923077, 0.6653846153846154, 0.6615384615384615, 0.6615384615384615, 0.6884615384615385, 0.6538461538461539, 0.6692307692307692, 0.6807692307692308, 0.7115384615384616, 0.676923076923077, 0.6884615384615385, 0.6884615384615385, 0.6961538461538461, 0.6846153846153846, 0.6846153846153846, 0.7, 0.7115384615384616, 0.7076923076923077, 0.7115384615384616, 0.7038461538461539, 0.7153846153846154, 0.7076923076923077, 0.7192307692307692, 0.7192307692307692, 0.7423076923076923, 0.7461538461538462, 0.7192307692307692, 0.7230769230769231, 0.7192307692307692, 0.7346153846153847, 0.7230769230769231, 0.7153846153846154, 0.7615384615384615, 0.7576923076923077, 0.7653846153846153, 0.75, 0.7692307692307693, 0.7461538461538462, 0.7461538461538462, 0.7653846153846153, 0.7346153846153847, 0.7576923076923077, 0.7692307692307693, 0.7807692307692308, 0.7192307692307692, 0.7692307692307693, 0.7769230769230769, 0.7576923076923077, 0.7692307692307693, 0.7769230769230769, 0.7423076923076923, 0.7884615384615384, 0.7923076923076923, 0.7923076923076923, 0.8038461538461539, 0.7769230769230769, 0.8, 0.7961538461538461, 0.7692307692307693, 0.8076923076923077, 0.823076923076923, 0.8153846153846154, 0.7923076923076923, 0.8115384615384615, 0.8192307692307692, 0.8192307692307692, 0.7961538461538461, 0.8153846153846154, 0.8076923076923077, 0.8115384615384615, 0.8, 0.8269230769230769], "trainRumorF1": [0.3024688018059858, 0.2632275132275132, 0.2166856077162922, 0.20567375886524822, 0.20567375886524822, 0.20567375886524822, 0.20567375886524822, 0.20567375886524822, 0.20567375886524822, 0.20567375886524822, 0.20567375886524822, 0.21388505747126438, 0.26437908496732027, 0.22831541218637993, 0.250886524822695, 0.2935574229691877, 0.325, 0.3245238095238095, 0.3173844114665904, 0.34774309192913844, 0.34729687982700036, 0.3510904921879166, 0.36764348986773454, 0.3696760101929378, 0.37633630737079016, 0.37473591549295776, 0.37772382713024627, 0.39145299145299145, 0.37535402577885674, 0.39036580696808326, 0.38961911500882707, 0.4238683127572016, 0.40427305523449264, 0.4209988962472406, 0.4035653650254669, 0.4279835390946502, 0.42525557231439587, 0.4304352653786365, 0.4285714285714286, 0.4393939393939394, 0.44566421108382687, 0.44265936027565017, 0.4401036857691965, 0.46129048888403673, 0.4573313799948971, 0.4655036392324528, 0.47198014231995344, 0.49466052359012824, 0.5041921872873281, 0.5128484906408405, 0.5122404601571269, 0.524551282051282, 0.5158333333333333, 0.5301541232091946, 0.5537738383024443, 0.5392610677420805, 0.5206053413627046, 0.5475894352417594, 0.5631325547850452, 0.5881629785739374, 0.5838834742944331, 0.5845301534956707, 0.6215741105190703, 0.5825800216044118, 0.6088450292397661, 0.6210443741950592, 0.6637942458043948, 0.6183191756254512, 0.637712285456188, 0.6466420053376575, 0.6536019536019536, 0.6316849816849818, 0.6411199213795536, 0.658698623814903, 0.6754739564478623, 0.6674164678464357, 0.6727942321467503, 0.6605281158851445, 0.6905571847507331, 0.6763076508299438, 0.6854712748857974, 0.6855616203442289, 0.7187945952026884, 0.7198153257059289, 0.6827680712572798, 0.7011965001054185, 0.6925181682864899, 0.7120968711740151, 0.691715627285812, 0.6857195436142804, 0.7378624171077002, 0.734028364368752, 0.7463964339581514, 0.7219674340333198, 0.7570707070707071, 0.7268248461641512, 0.7352688701294278, 0.7512616070688596, 0.7132270985719261, 0.7394200260107359, 0.7604658113388001, 0.7666666666666666, 0.6998768036760105, 0.7480859193243692, 0.7598167435519413, 0.7388432628244993, 0.7520892373112922, 0.7582623054321168, 0.7265360598693933, 0.7787959909569708, 0.7754172832453912, 0.7725565645321929, 0.7933282334126655, 0.7603062494018568, 0.785730924095704, 0.7823686675843491, 0.7580837173579109, 0.8012304113482496, 0.8147693705975915, 0.7986652196838712, 0.7826522435897436, 0.800227136407242, 0.812157457769649, 0.805994030331922, 0.7837827500478104, 0.8047486150872961, 0.7974659070343874, 0.805516896933575, 0.7934595524956971, 0.8223197393699003], "trainLoss": [1.0998806953430176, 1.0836740732192993, 1.072869896888733, 1.069496989250183, 1.0645471811294556, 1.0625437498092651, 1.0601532459259033, 1.0586018562316895, 1.0574344396591187, 1.0548077821731567, 1.051719069480896, 1.05007004737854, 1.0473403930664062, 1.045854926109314, 1.041981816291809, 1.0382660627365112, 1.037014365196228, 1.034286379814148, 1.031402826309204, 1.0276110172271729, 1.0245649814605713, 1.0188286304473877, 1.0166277885437012, 1.01474928855896, 1.0095345973968506, 1.0065187215805054, 0.9997460246086121, 0.9950578212738037, 0.9937807321548462, 0.9845346808433533, 0.9812050461769104, 0.9738040566444397, 0.9661262631416321, 0.9618626236915588, 0.9568885564804077, 0.9483566880226135, 0.9458386301994324, 0.9329482913017273, 0.9248596429824829, 0.908184289932251, 0.9034918546676636, 0.9056735038757324, 0.8898364901542664, 0.8851451873779297, 0.8871739506721497, 0.8758442997932434, 0.8635085821151733, 0.8666782975196838, 0.8614750504493713, 0.8576907515525818, 0.8501494526863098, 0.844684898853302, 0.8430781960487366, 0.8422061204910278, 0.8247329592704773, 0.8244591951370239, 0.8193975687026978, 0.8092187643051147, 0.8112807869911194, 0.8036879897117615, 0.7856236100196838, 0.7893170714378357, 0.7859437465667725, 0.7819794416427612, 0.7750912308692932, 0.7649063467979431, 0.7606967091560364, 0.7581202983856201, 0.7548822164535522, 0.7534887194633484, 0.7548449039459229, 0.7394809722900391, 0.7373629212379456, 0.7489235401153564, 0.7296860814094543, 0.7272710204124451, 0.7214639186859131, 0.7108927965164185, 0.7063400149345398, 0.7344399690628052, 0.6996555924415588, 0.7124506831169128, 0.6853898167610168, 0.6796184778213501, 0.6811238527297974, 0.6852626204490662, 0.6909469366073608, 0.6775317788124084, 0.6893857717514038, 0.6722857356071472, 0.6611824631690979, 0.6614349484443665, 0.6308888792991638, 0.6573000550270081, 0.6205793023109436, 0.6380407810211182, 0.6286711096763611, 0.6232656240463257, 0.6270266771316528, 0.6275486350059509, 0.5949487686157227, 0.6109299063682556, 0.6168758869171143, 0.6275519728660583, 0.5802006125450134, 0.604106068611145, 0.5695183873176575, 0.5851472020149231, 0.5713111758232117, 0.5616405010223389, 0.5340703129768372, 0.5621271133422852, 0.5441555380821228, 0.5624577403068542, 0.5515618920326233, 0.5399784445762634, 0.544896125793457, 0.5193800330162048, 0.49400025606155396, 0.5207061767578125, 0.5357577204704285, 0.5214051008224487, 0.5059093832969666, 0.49312126636505127, 0.48030927777290344, 0.48613670468330383, 0.4945163428783417, 0.45951634645462036, 0.4822593629360199, 0.45339739322662354],