{"epoch": 105, "macroF1Rumor": 0.7226399331662489, "accRumor": 0.7384615384615385, "loss": 0.8376258611679077, "trainRumorAcc": [0.3923076923076923, 0.4461538461538462, 0.4461538461538462, 0.4461538461538462, 0.4461538461538462, 0.4461538461538462, 0.45, 0.45, 0.46923076923076923, 0.45384615384615384, 0.49230769230769234, 0.49615384615384617, 0.49230769230769234, 0.5115384615384615, 0.5192307692307693, 0.5192307692307693, 0.5115384615384615, 0.5307692307692308, 0.5346153846153846, 0.5384615384615384, 0.5423076923076923, 0.55, 0.5423076923076923, 0.55, 0.5615384615384615, 0.5615384615384615, 0.5769230769230769, 0.5653846153846154, 0.5807692307692308, 0.6, 0.5653846153846154, 0.5807692307692308, 0.6, 0.573076923076923, 0.5807692307692308, 0.5807692307692308, 0.6076923076923076, 0.5923076923076923, 0.6038461538461538, 0.6115384615384616, 0.5846153846153846, 0.6076923076923076, 0.6230769230769231, 0.6230769230769231, 0.6115384615384616, 0.6153846153846154, 0.6346153846153846, 0.6384615384615384, 0.65, 0.6538461538461539, 0.6423076923076924, 0.65, 0.6653846153846154, 0.6461538461538462, 0.6653846153846154, 0.676923076923077, 0.6692307692307692, 0.7076923076923077, 0.676923076923077, 0.6884615384615385, 0.6692307692307692, 0.6846153846153846, 0.6846153846153846, 0.6884615384615385, 0.6576923076923077, 0.6884615384615385, 0.7, 0.7076923076923077, 0.7038461538461539, 0.6961538461538461, 0.6961538461538461, 0.7153846153846154, 0.7153846153846154, 0.7423076923076923, 0.7423076923076923, 0.7, 0.7269230769230769, 0.7038461538461539, 0.7115384615384616, 0.7307692307692307, 0.7269230769230769, 0.7423076923076923, 0.7230769230769231, 0.7576923076923077, 0.7307692307692307, 0.7346153846153847, 0.7230769230769231, 0.7576923076923077, 0.7384615384615385, 0.75, 0.7730769230769231, 0.7653846153846153, 0.75, 0.7538461538461538, 0.7807692307692308, 0.7769230769230769, 0.75, 0.7653846153846153, 0.7653846153846153, 0.7653846153846153, 0.7769230769230769, 0.7846153846153846, 0.7769230769230769, 0.7576923076923077, 0.7884615384615384, 0.7961538461538461, 0.7846153846153846, 0.8076923076923077, 0.7961538461538461, 0.7923076923076923, 0.8, 0.8, 0.7961538461538461, 0.8038461538461539, 0.8153846153846154, 0.8153846153846154, 0.8269230769230769, 0.8153846153846154, 0.7961538461538461, 0.823076923076923, 0.8038461538461539, 0.823076923076923, 0.7961538461538461, 0.823076923076923, 0.8346153846153846, 0.8307692307692308, 0.8269230769230769, 0.8346153846153846, 0.8346153846153846, 0.8153846153846154, 0.8423076923076923, 0.8692307692307693, 0.8346153846153846, 0.823076923076923, 0.823076923076923, 0.8461538461538461, 0.8576923076923076, 0.85, 0.85, 0.8461538461538461, 0.8346153846153846, 0.8807692307692307, 0.8692307692307693, 0.8461538461538461, 0.8846153846153846, 0.8769230769230769, 0.8461538461538461, 0.8769230769230769, 0.8538461538461538, 0.8692307692307693, 0.8615384615384616, 0.8807692307692307, 0.8807692307692307, 0.8730769230769231, 0.8730769230769231], "trainRumorF1": [0.25948717948717953, 0.20567375886524822, 0.20567375886524822, 0.20567375886524822, 0.20567375886524822, 0.20567375886524822, 0.21388505747126438, 0.21388505747126438, 0.26321297749869177, 0.22831541218637993, 0.3059501095328952, 0.31893431893431895, 0.2981816187158882, 0.33783840893915196, 0.3576498516320475, 0.3599169506796725, 0.35523841884698154, 0.3697089947089947, 0.3899344881190318, 0.38165877927436, 0.3909325909723604, 0.4001709401709402, 0.39659876895742113, 0.4037204625439919, 0.4112554112554112, 0.4112554112554112, 0.4260905349794239, 0.4139059830892496, 0.4335664335664336, 0.4655555555555555, 0.4220008712887903, 0.4468561193549571, 0.4670390731619809, 0.4507213317517767, 0.4452774384363145, 0.45418189522750146, 0.47364832743240476, 0.46053694909181947, 0.48840206185567014, 0.47807749611088224, 0.4771097657003698, 0.5047404537511083, 0.5089973222320505, 0.5111190296741026, 0.5079857640699926, 0.5162268430121161, 0.5593838074728928, 0.5544410075121521, 0.566264638426779, 0.5859499413456248, 0.5731999013763797, 0.5734387563655856, 0.5789331924159044, 0.5527924750146972, 0.6046336152235193, 0.6109659754017417, 0.5946997776130467, 0.6572406360070667, 0.611439842209073, 0.6334339192783853, 0.6100826863411665, 0.6229040248585583, 0.6399498716492912, 0.6361528326745718, 0.5968857103451133, 0.6359226617476259, 0.6490258409077597, 0.6620720259429937, 0.6462629119044814, 0.6426158645276292, 0.6568951000911051, 0.663104848783343, 0.6625133856386496, 0.7031440209596823, 0.6974111488589406, 0.6577418876920996, 0.6694742660964185, 0.6569034679389302, 0.6763189015758698, 0.689727425937679, 0.6861276446137475, 0.7032631987297094, 0.6732848604530742, 0.7204652111813917, 0.6922406569465394, 0.6979482205728303, 0.6797589229337427, 0.7161625196508918, 0.7139855150197153, 0.7141463397037354, 0.7380009896091044, 0.7344849859295676, 0.7060667218365957, 0.7121212121212123, 0.7457751692825166, 0.7532871900357402, 0.7043125723959726, 0.74064505760392, 0.7320038222355724, 0.7373412502061685, 0.7510473970826744, 0.7560239973701511, 0.7471081456732139, 0.7290972438492682, 0.7617852361828265, 0.7618148676825925, 0.7483308270676692, 0.7763140050975602, 0.7724713312076924, 0.757129585390455, 0.777658019967062, 0.7732653775653966, 0.7632539498739129, 0.7741877394636015, 0.7943098349523116, 0.7889151778306102, 0.8005977397963949, 0.7899913844961003, 0.7712684232915447, 0.7905167509392342, 0.7810152538134534, 0.7987970698597874, 0.7641514244540516, 0.7974149659863946, 0.8105485537688928, 0.8085621405351339, 0.8020635246284972, 0.8134925303181205, 0.8094473576703637, 0.7907887605166115, 0.8178823529411764, 0.8550956151209773, 0.8157215083171335, 0.7925089168509452, 0.796810771402423, 0.8198486590038314, 0.8406644941962416, 0.8301942745516414, 0.8269938928974557, 0.8222749314779674, 0.8148762956632263, 0.8656287044265186, 0.8511781584612148, 0.8199255339996082, 0.862981804913305, 0.8603020165475453, 0.8226702529737752, 0.8619715661229063, 0.821513452737264, 0.8481744098139264, 0.8383743530190787, 0.8633835008768812, 0.859578678582828, 0.8551968754981667, 0.8500343284751245],