{"epoch": 95, "macroF1Rumor": 0.7015474526250389, "accRumor": 0.7230769230769231, "loss": 0.8483206629753113, "trainRumorAcc": [0.4, 0.4461538461538462, 0.4461538461538462, 0.45384615384615384, 0.45, 0.4461538461538462, 0.45384615384615384, 0.45, 0.46153846153846156, 0.4653846153846154, 0.4653846153846154, 0.4846153846153846, 0.4807692307692308, 0.46153846153846156, 0.49615384615384617, 0.5192307692307693, 0.5115384615384615, 0.49230769230769234, 0.5615384615384615, 0.5269230769230769, 0.5384615384615384, 0.573076923076923, 0.5884615384615385, 0.5538461538461539, 0.573076923076923, 0.5846153846153846, 0.573076923076923, 0.6269230769230769, 0.5961538461538461, 0.6230769230769231, 0.6192307692307693, 0.6192307692307693, 0.6038461538461538, 0.6230769230769231, 0.6423076923076924, 0.6269230769230769, 0.6384615384615384, 0.6384615384615384, 0.6346153846153846, 0.6230769230769231, 0.6307692307692307, 0.6653846153846154, 0.6384615384615384, 0.6461538461538462, 0.6384615384615384, 0.6384615384615384, 0.65, 0.6807692307692308, 0.6653846153846154, 0.6538461538461539, 0.6538461538461539, 0.6692307692307692, 0.6653846153846154, 0.65, 0.6846153846153846, 0.6923076923076923, 0.6538461538461539, 0.6807692307692308, 0.6615384615384615, 0.6807692307692308, 0.7, 0.6807692307692308, 0.6807692307692308, 0.6807692307692308, 0.6884615384615385, 0.6923076923076923, 0.7038461538461539, 0.6807692307692308, 0.676923076923077, 0.7153846153846154, 0.7153846153846154, 0.7038461538461539, 0.7, 0.7307692307692307, 0.7153846153846154, 0.7038461538461539, 0.7192307692307692, 0.75, 0.7153846153846154, 0.7192307692307692, 0.7230769230769231, 0.7307692307692307, 0.7192307692307692, 0.7346153846153847, 0.7461538461538462, 0.7538461538461538, 0.7423076923076923, 0.7423076923076923, 0.7807692307692308, 0.7307692307692307, 0.7461538461538462, 0.7538461538461538, 0.7461538461538462, 0.7692307692307693, 0.7423076923076923, 0.7461538461538462, 0.7538461538461538, 0.7653846153846153, 0.7769230769230769, 0.7807692307692308, 0.7923076923076923, 0.8038461538461539, 0.7807692307692308, 0.7807692307692308, 0.7769230769230769, 0.7807692307692308, 0.7923076923076923, 0.7884615384615384, 0.8, 0.8, 0.8153846153846154, 0.8, 0.823076923076923, 0.8153846153846154, 0.8038461538461539, 0.8, 0.8384615384615385, 0.8192307692307692, 0.8269230769230769, 0.8346153846153846, 0.8538461538461538, 0.8192307692307692, 0.8307692307692308, 0.8153846153846154, 0.8423076923076923, 0.8576923076923076, 0.8192307692307692, 0.8423076923076923, 0.8346153846153846, 0.8692307692307693, 0.8615384615384616, 0.85, 0.8538461538461538, 0.85, 0.8538461538461538, 0.8615384615384616, 0.8769230769230769, 0.8769230769230769, 0.8576923076923076, 0.8884615384615384, 0.8846153846153846, 0.8769230769230769, 0.8807692307692307, 0.9, 0.9076923076923077], "trainRumorF1": [0.2581456368690411, 0.20622222222222222, 0.20622222222222222, 0.22831541218637993, 0.21388505747126438, 0.20567375886524822, 0.26929493596160264, 0.21529271206690562, 0.23799451625538584, 0.26148487424919775, 0.2511384335154827, 0.28037955310682583, 0.30604352002673013, 0.24343909126517826, 0.30782276870892517, 0.3474792518270779, 0.3637126886281788, 0.3214397496087637, 0.41135976685328624, 0.3784766956135597, 0.4208625298509851, 0.46916632642259826, 0.502329530846155, 0.4661218817316379, 0.49475967932633647, 0.5042151284411347, 0.4939613217758913, 0.5720349026609016, 0.5245765746006045, 0.5637783114604308, 0.5704274208781962, 0.5742807270976286, 0.5514170891654335, 0.5810725029042269, 0.5995088655187178, 0.5925846702317291, 0.6032297608432561, 0.600502003489275, 0.599416317726177, 0.5885027963162924, 0.6050761020588608, 0.6342996080404117, 0.599432352915499, 0.614375640462597, 0.6101988335297213, 0.611833292846781, 0.6118794630650566, 0.6492108939513396, 0.6433283155781998, 0.632277280391254, 0.6208560570846654, 0.6376956376956376, 0.6345482537234853, 0.6305831109564141, 0.6597842445623142, 0.6656061196843684, 0.6336086700527952, 0.6609559553573267, 0.6413282247765006, 0.6531276802047893, 0.6699603892189788, 0.6582382529750951, 0.6563139485469582, 0.6596034959192854, 0.6642713334679254, 0.659657604431534, 0.67833411548177, 0.6557332713524532, 0.6504774364426865, 0.6977814173256768, 0.6893727974271696, 0.6790006239142986, 0.6781205354948475, 0.7056677404509895, 0.6946697219321654, 0.682661927795713, 0.7003793103448276, 0.732272531894491, 0.6986757345194969, 0.6929187710437711, 0.7026828551304353, 0.7074054693102313, 0.7008996001419963, 0.7139181090871912, 0.7273033283249757, 0.7362337422657381, 0.727887274960195, 0.7239415177048061, 0.760095238095238, 0.7128648495381404, 0.721710990003673, 0.7258747099022701, 0.7276035055349133, 0.745983942710032, 0.7229023615497044, 0.7216290562358427, 0.7356333428662917, 0.7445810901077144, 0.7648747170379208, 0.7617028903779889, 0.7711482272476632, 0.7911714357005594, 0.7614192153228297, 0.7595814211357262, 0.7538413000085473, 0.7702352194007237, 0.7696921779464475, 0.7731050157167992, 0.7869920033430206, 0.7743736233198883, 0.7973387652839404, 0.7862319733760632, 0.8102730101375087, 0.801654397192574, 0.7894245221737006, 0.7856552538370719, 0.8273106015635766, 0.8059335551526537, 0.8149539581074849, 0.8221910462651203, 0.8493920723022891, 0.806789250018579, 0.8157081014223871, 0.80164296382882, 0.8325146792004312, 0.8452619517784442, 0.804879966334337, 0.8247370693251779, 0.8219134221595458, 0.8543107422775472, 0.8516202667608083, 0.8361453992714312, 0.8429764029943668, 0.8363738798923984, 0.8411360909991797, 0.845587926684973, 0.8617905229570787, 0.8675928377078507, 0.8462152036358289, 0.877848538057674, 0.8723541163610079, 0.8636736850782212, 0.8699099995852516, 0.8940947104735347, 0.8941514251746696],