{"epoch": 145, "macroF1Rumor": 0.6648048737600976, "accRumor": 0.7076923076923077, "loss": 1.0280689001083374, "trainRumorAcc": [0.36538461538461536, 0.45, 0.4461538461538462, 0.46153846153846156, 0.45, 0.45384615384615384, 0.45, 0.46923076923076923, 0.5, 0.4807692307692308, 0.5192307692307693, 0.5, 0.5115384615384615, 0.5307692307692308, 0.5423076923076923, 0.5461538461538461, 0.5423076923076923, 0.5384615384615384, 0.5576923076923077, 0.5423076923076923, 0.5461538461538461, 0.5576923076923077, 0.5538461538461539, 0.5846153846153846, 0.5615384615384615, 0.6, 0.5961538461538461, 0.6038461538461538, 0.5653846153846154, 0.5923076923076923, 0.5846153846153846, 0.6, 0.5884615384615385, 0.6346153846153846, 0.6153846153846154, 0.6076923076923076, 0.6307692307692307, 0.6384615384615384, 0.6269230769230769, 0.6230769230769231, 0.65, 0.6153846153846154, 0.6576923076923077, 0.65, 0.6653846153846154, 0.6576923076923077, 0.6807692307692308, 0.676923076923077, 0.6461538461538462, 0.6615384615384615, 0.6884615384615385, 0.6576923076923077, 0.7153846153846154, 0.6846153846153846, 0.7038461538461539, 0.7, 0.7115384615384616, 0.7384615384615385, 0.7038461538461539, 0.7153846153846154, 0.7346153846153847, 0.7346153846153847, 0.7307692307692307, 0.7461538461538462, 0.7423076923076923, 0.7230769230769231, 0.7461538461538462, 0.7307692307692307, 0.7230769230769231, 0.7384615384615385, 0.7461538461538462, 0.75, 0.7538461538461538, 0.7538461538461538, 0.7269230769230769, 0.7346153846153847, 0.7653846153846153, 0.7538461538461538, 0.7769230769230769, 0.7576923076923077, 0.7461538461538462, 0.7615384615384615, 0.7576923076923077, 0.7807692307692308, 0.7692307692307693, 0.7846153846153846, 0.7769230769230769, 0.7769230769230769, 0.7807692307692308, 0.7846153846153846, 0.7653846153846153, 0.7923076923076923, 0.7961538461538461, 0.7807692307692308, 0.8, 0.8076923076923077, 0.7730769230769231, 0.7730769230769231, 0.8115384615384615, 0.7923076923076923, 0.8038461538461539, 0.8115384615384615, 0.823076923076923, 0.8076923076923077, 0.8, 0.823076923076923, 0.8, 0.8307692307692308, 0.8115384615384615, 0.8423076923076923, 0.8192307692307692, 0.8307692307692308, 0.8346153846153846, 0.8153846153846154, 0.8269230769230769, 0.8269230769230769, 0.8269230769230769, 0.823076923076923, 0.8423076923076923, 0.8153846153846154, 0.8384615384615385, 0.8538461538461538, 0.8115384615384615, 0.8307692307692308, 0.8423076923076923, 0.8461538461538461, 0.8576923076923076, 0.8461538461538461, 0.8538461538461538, 0.8346153846153846, 0.8692307692307693, 0.8653846153846154, 0.8730769230769231, 0.8615384615384616, 0.8769230769230769, 0.8615384615384616, 0.8730769230769231, 0.8423076923076923, 0.8615384615384616, 0.8538461538461538, 0.8692307692307693, 0.8769230769230769, 0.8730769230769231, 0.8807692307692307, 0.8461538461538461, 0.8807692307692307, 0.8961538461538462, 0.85, 0.8807692307692307, 0.8807692307692307, 0.8807692307692307, 0.8884615384615384, 0.9038461538461539, 0.9153846153846154, 0.9038461538461539, 0.8846153846153846, 0.9153846153846154, 0.8807692307692307, 0.9115384615384615, 0.9038461538461539, 0.9115384615384615, 0.8923076923076924, 0.9153846153846154, 0.9115384615384615, 0.9153846153846154, 0.8846153846153846, 0.9192307692307692, 0.9230769230769231, 0.9307692307692308, 0.9153846153846154, 0.9153846153846154, 0.926923076923077, 0.9230769230769231, 0.9307692307692308, 0.9384615384615385, 0.9307692307692308, 0.9115384615384615, 0.95, 0.926923076923077, 0.9576923076923077, 0.9307692307692308, 0.9307692307692308, 0.95, 0.9576923076923077, 0.9461538461538461, 0.9461538461538461, 0.9692307692307692, 0.9653846153846154, 0.9538461538461539, 0.9692307692307692, 0.9346153846153846, 0.926923076923077, 0.9653846153846154, 0.9692307692307692, 0.95], "trainRumorF1": [0.3135545392314135, 0.214349376114082, 0.20677361853832443, 0.23824926421307224, 0.22169996083039564, 0.22230924481127814, 0.21529271206690562, 0.252959927140255, 0.3204761904761905, 0.2916900093370682, 0.36156935434043863, 0.3134546976354886, 0.3581379544682297, 0.376488632262721, 0.3810192115768463, 0.4040932395126305, 0.40229209017184714, 0.3962013958125623, 0.4144465981488159, 0.41158216515822205, 0.4052546426820863, 0.42197219250333157, 0.41057213043659063, 0.47503155556846827, 0.44019429265330895, 0.49179894179894185, 0.49933017437826566, 0.514751517916075, 0.44893452077069984, 0.5057910504529602, 0.5045250854270487, 0.5001153174524727, 0.4968480794567751, 0.5785714285714286, 0.5479564421955861, 0.5361033835865435, 0.5878595340575254, 0.5804829877008709, 0.5753551042081507, 0.5749401950993834, 0.6072888570520443, 0.5572059435159356, 0.6110680948079322, 0.6111823120013581, 0.6280165998888799, 0.6291363031814021, 0.6380331920307601, 0.6355497519656207, 0.6046057397332866, 0.6283376686898331, 0.6478778944782263, 0.6175766998817941, 0.6763556632110727, 0.652494199974306, 0.6732984156764644, 0.6697061453291776, 0.6691048434862695, 0.7046441856883677, 0.6726863200369967, 0.6785640286504409, 0.7078840453986843, 0.6997207655987333, 0.6932219647750807, 0.7095124211650683, 0.7106589213287081, 0.689038254715411, 0.7186868686868687, 0.7004636941997053, 0.6930784089514249, 0.7030969030969031, 0.7116047244492644, 0.7270069293149359, 0.7229310573493323, 0.7237935149198815, 0.6998188476288062, 0.7082941527385973, 0.7349018136407598, 0.725378787878788, 0.7558855012085309, 0.73216270695025, 0.715407064666501, 0.7324886096677474, 0.7323229121707011, 0.7545905385054786, 0.7432492242705866, 0.7565091912917999, 0.754498288478871, 0.7512516847747803, 0.7550608226340311, 0.7594517396629681, 0.7443774963689179, 0.7659615384615385, 0.7717874982888545, 0.7546989166036785, 0.7801918692259749, 0.7815341300067011, 0.7487443996977277, 0.7442246479987343, 0.7869284196618279, 0.7689789180617419, 0.7794889435756308, 0.7927797910441434, 0.8009089718154024, 0.7779926341794203, 0.7787889408902542, 0.8026033862681424, 0.7736297562428432, 0.8050161402165621, 0.7860846560846562, 0.8190351290421597, 0.7956441292172935, 0.8110358456588891, 0.8126576627406292, 0.7926518652406926, 0.8020105820105821, 0.8025434173669468, 0.8072852312398733, 0.7953439153439154, 0.82260780155517, 0.7926518652406926, 0.813968253968254, 0.8324340715645064, 0.7844080815267156, 0.8102888467214843, 0.820252351790268, 0.8235289634146342, 0.8342436907027432, 0.8273758650765476, 0.8288085890434828, 0.8140392156862745, 0.8556955065726995, 0.8431832552496923, 0.8551914098972923, 0.843670926314451, 0.8565068203845096, 0.8423366872267001, 0.8545908421848272, 0.8195867594349567, 0.8457800477999462, 0.836693755537746, 0.8525010004001601, 0.8513783448520291, 0.8502194999325559, 0.8610140110170756, 0.8289798721333991, 0.8567419437878824, 0.8819422817398527, 0.8334190610139979, 0.8648396948655792, 0.8619298588947079, 0.8612674243260142, 0.8742593049334292, 0.8842407251658724, 0.9024523806604795, 0.881974905010582, 0.8640900693127008, 0.9009540276398239, 0.8571422657156343, 0.8993763077418316, 0.8875659538548875, 0.8987149111394149, 0.8793272374107777, 0.9085519365133754, 0.8937149982893056, 0.9023465718622413, 0.8643818971762883, 0.9077734957853103, 0.9104341841093454, 0.9200565051594757, 0.9037688148381573, 0.9024523806604795, 0.9172870250291504, 0.9121157929152465, 0.9194444444444444, 0.9296122317398913, 0.9211211809821759, 0.893813769396168, 0.9415111433553641, 0.917426573214593, 0.9513798259002617, 0.9208753661086857, 0.920730444657778, 0.9422049205330939, 0.9524059504240081, 0.9397821151875068, 0.9377378556065632, 0.9666791091203185, 0.9618929119489028, 0.9496796477899895, 0.9633179307881067, 0.9268120287209766, 0.9132686488518408, 0.9601285337640139, 0.9655328433213514, 0.9440415595319306],