{"epoch": 150, "macroF1Rumor": 0.7173245614035088, "accRumor": 0.7384615384615385, "loss": 1.0191481113433838, "trainRumorAcc": [0.35384615384615387, 0.43846153846153846, 0.4461538461538462, 0.4423076923076923, 0.4423076923076923, 0.45, 0.4846153846153846, 0.45384615384615384, 0.49615384615384617, 0.4576923076923077, 0.5, 0.5, 0.5230769230769231, 0.47692307692307695, 0.5230769230769231, 0.5076923076923077, 0.5076923076923077, 0.5, 0.5, 0.5230769230769231, 0.5153846153846153, 0.5346153846153846, 0.5346153846153846, 0.5346153846153846, 0.5307692307692308, 0.5192307692307693, 0.5423076923076923, 0.5346153846153846, 0.5192307692307693, 0.5384615384615384, 0.5423076923076923, 0.5423076923076923, 0.5346153846153846, 0.5461538461538461, 0.5615384615384615, 0.573076923076923, 0.5384615384615384, 0.5615384615384615, 0.5653846153846154, 0.55, 0.5692307692307692, 0.55, 0.55, 0.5692307692307692, 0.573076923076923, 0.6, 0.5846153846153846, 0.5807692307692308, 0.5846153846153846, 0.6076923076923076, 0.6192307692307693, 0.5923076923076923, 0.5961538461538461, 0.6192307692307693, 0.6115384615384616, 0.6115384615384616, 0.5807692307692308, 0.6115384615384616, 0.6192307692307693, 0.6192307692307693, 0.6230769230769231, 0.5961538461538461, 0.6192307692307693, 0.6346153846153846, 0.6269230769230769, 0.6269230769230769, 0.6192307692307693, 0.6192307692307693, 0.6346153846153846, 0.6346153846153846, 0.65, 0.6230769230769231, 0.6346153846153846, 0.6307692307692307, 0.6384615384615384, 0.6346153846153846, 0.6423076923076924, 0.6807692307692308, 0.6538461538461539, 0.6692307692307692, 0.6538461538461539, 0.6730769230769231, 0.6269230769230769, 0.6692307692307692, 0.6615384615384615, 0.6692307692307692, 0.6538461538461539, 0.6846153846153846, 0.6615384615384615, 0.6576923076923077, 0.6884615384615385, 0.7115384615384616, 0.6730769230769231, 0.6923076923076923, 0.6923076923076923, 0.6961538461538461, 0.7, 0.6884615384615385, 0.6923076923076923, 0.7153846153846154, 0.6884615384615385, 0.7153846153846154, 0.6807692307692308, 0.7153846153846154, 0.7153846153846154, 0.7230769230769231, 0.7076923076923077, 0.7115384615384616, 0.7076923076923077, 0.7038461538461539, 0.7076923076923077, 0.7346153846153847, 0.7115384615384616, 0.7346153846153847, 0.7307692307692307, 0.7384615384615385, 0.7384615384615385, 0.7423076923076923, 0.7346153846153847, 0.7576923076923077, 0.7615384615384615, 0.7615384615384615, 0.7730769230769231, 0.7615384615384615, 0.7461538461538462, 0.7461538461538462, 0.7846153846153846, 0.7769230769230769, 0.7615384615384615, 0.7846153846153846, 0.7807692307692308, 0.8192307692307692, 0.8076923076923077, 0.7769230769230769, 0.7653846153846153, 0.7807692307692308, 0.7692307692307693, 0.7769230769230769, 0.7730769230769231, 0.8, 0.7692307692307693, 0.7769230769230769, 0.8192307692307692, 0.8153846153846154, 0.7923076923076923, 0.7846153846153846, 0.823076923076923, 0.8153846153846154, 0.8192307692307692, 0.8038461538461539, 0.8038461538461539, 0.8038461538461539, 0.8307692307692308, 0.8346153846153846, 0.8115384615384615, 0.8384615384615385, 0.8384615384615385, 0.8115384615384615, 0.8538461538461538, 0.8192307692307692, 0.8076923076923077, 0.8461538461538461, 0.8269230769230769, 0.8269230769230769, 0.8038461538461539, 0.8269230769230769, 0.8153846153846154, 0.8653846153846154, 0.8769230769230769, 0.8269230769230769, 0.8615384615384616, 0.8384615384615385, 0.8653846153846154, 0.85, 0.85, 0.8884615384615384, 0.8692307692307693, 0.8730769230769231, 0.8961538461538462, 0.8576923076923076, 0.8576923076923076, 0.8461538461538461, 0.8615384615384616, 0.8923076923076924, 0.8692307692307693, 0.8807692307692307, 0.8923076923076924, 0.8730769230769231, 0.8769230769230769, 0.8846153846153846, 0.8576923076923076, 0.8807692307692307, 0.8961538461538462, 0.8846153846153846, 0.8846153846153846, 0.8769230769230769, 0.9, 0.8846153846153846, 0.8846153846153846, 0.8923076923076924], "trainRumorF1": [0.26513098464317975, 0.21831191451301604, 0.20567375886524822, 0.20444444444444443, 0.20444444444444443, 0.21388505747126438, 0.31249841519385346, 0.22192513368983957, 0.30782276870892517, 0.23595272651876428, 0.3099906629318394, 0.32688857883197125, 0.35775310193914844, 0.289626174828634, 0.3604572134692617, 0.354076681064363, 0.34168215037780253, 0.34018881968112197, 0.3444444444444444, 0.3658078368223296, 0.36578953182651736, 0.3865477027036619, 0.3865477027036619, 0.3856085384747805, 0.3789025821596244, 0.3705176642142242, 0.39895998844431607, 0.3963880912982763, 0.3703703703703704, 0.4030906864125232, 0.39487832484436897, 0.40615537631858006, 0.3865477027036619, 0.4124170148897897, 0.420590319840955, 0.4292486935847178, 0.40661748034629386, 0.4187592421022035, 0.42591641225392146, 0.4151125641527184, 0.43380336265163005, 0.4204340179240853, 0.42360482810380556, 0.43842704278377836, 0.4423372263295118, 0.47909710953189216, 0.45083333333333336, 0.5045710138190596, 0.4710946551711674, 0.49967396944141124, 0.5425542485860648, 0.49539939884711975, 0.48720025494940683, 0.5438375678101706, 0.5275647890340543, 0.5287238338423296, 0.4996194988113132, 0.5356176186643637, 0.5484847942221028, 0.5375683166489296, 0.5667827324737894, 0.5101491824800095, 0.5453391053391053, 0.5617848970251716, 0.5543947131538373, 0.5824624596889022, 0.5534517115955878, 0.5796666576822574, 0.5701119222864196, 0.5834907241743156, 0.5975297382806123, 0.5580262389450242, 0.5605394605394606, 0.5823092002337285, 0.5789617099430563, 0.589964898921454, 0.5862048073262666, 0.6235945823507979, 0.6076311927956993, 0.6184373635966827, 0.611872354678603, 0.6266673840738735, 0.5911090264748802, 0.6379404727725141, 0.6196128937360552, 0.62679166379449, 0.6311113397700834, 0.6475232178540041, 0.6128247447888012, 0.6264939786412179, 0.6665820949619428, 0.6733271361751729, 0.6445521426034083, 0.6549717709413527, 0.6531298604737734, 0.6686955764541972, 0.6714161722048507, 0.6584255716331188, 0.6646613829478278, 0.6986048037840867, 0.6637553882776813, 0.6837367932195519, 0.6559637168881881, 0.6924884360714736, 0.684459357237027, 0.700963977299964, 0.6796639132024506, 0.6888811521302008, 0.678231793285828, 0.688879175166174, 0.6842390619089649, 0.7186622762284971, 0.6971693991773616, 0.709005726515162, 0.7207690366170326, 0.7252626030441846, 0.7196447307869306, 0.7169522322333831, 0.7222269980108841, 0.7409417592344422, 0.7472200728239374, 0.7381174226037958, 0.7545095853279995, 0.7513103605708795, 0.7322900173218644, 0.735247959824231, 0.7679887960060373, 0.7593321094501267, 0.7552575757575758, 0.769427704911576, 0.7629374100726013, 0.7987062691191104, 0.7964266674282667, 0.7646652246338977, 0.7528019634913331, 0.766380759311577, 0.7542362399505257, 0.7644861645984881, 0.7502301868231845, 0.7886825442476866, 0.7562235662787895, 0.7627803002418819, 0.8073481365831093, 0.7994815155698727, 0.7795039587558993, 0.7667685138139212, 0.8096390168970814, 0.8024711152114734, 0.8086405182734436, 0.7920806805608459, 0.7883072583453807, 0.7827012052321928, 0.825466907819849, 0.8135843996663917, 0.7995356037151703, 0.8267872598170407, 0.8267020788920281, 0.7976190476190478, 0.845546102209981, 0.801170445045089, 0.7933780204232294, 0.8355026078447457, 0.8105531988547275, 0.8167115467331322, 0.7916953984123078, 0.8163972127827549, 0.8044876462628986, 0.8593299193825202, 0.8664019421879661, 0.8081227533665968, 0.8492466141723104, 0.8277444754387006, 0.858138226191005, 0.8364255904674343, 0.8418857479793601, 0.8832389721418492, 0.8602025634701524, 0.8655927046019926, 0.888177409259726, 0.8494220562835566, 0.8512648789428273, 0.8342205696732706, 0.854692018065711, 0.8873604701967333, 0.8623602484472049, 0.8737995758279734, 0.883027440966221, 0.8669492900262131, 0.8727949451117252, 0.882719801868738, 0.8509230192921633, 0.8717203590867147, 0.8939215798436173, 0.8812566774806637, 0.8786761050380175, 0.8710775304608264, 0.8959859688054416, 0.8801023829097504, 0.883817233234604, 0.8834557843178533],