{"epoch": 100, "macroF1Rumor": 0.6913154533844189, "accRumor": 0.7230769230769231, "loss": 0.8594536185264587, "trainRumorAcc": [0.38076923076923075, 0.4461538461538462, 0.4461538461538462, 0.4461538461538462, 0.4461538461538462, 0.4461538461538462, 0.45384615384615384, 0.45, 0.48846153846153845, 0.47307692307692306, 0.4846153846153846, 0.46153846153846156, 0.4846153846153846, 0.49230769230769234, 0.5, 0.5230769230769231, 0.5269230769230769, 0.5192307692307693, 0.5461538461538461, 0.5346153846153846, 0.5307692307692308, 0.5423076923076923, 0.5153846153846153, 0.5192307692307693, 0.55, 0.5538461538461539, 0.5576923076923077, 0.5653846153846154, 0.5653846153846154, 0.5653846153846154, 0.5769230769230769, 0.5692307692307692, 0.5653846153846154, 0.5846153846153846, 0.6, 0.5846153846153846, 0.5923076923076923, 0.573076923076923, 0.5769230769230769, 0.6, 0.6038461538461538, 0.6115384615384616, 0.6269230769230769, 0.6384615384615384, 0.6153846153846154, 0.6115384615384616, 0.6115384615384616, 0.6307692307692307, 0.6115384615384616, 0.6423076923076924, 0.6038461538461538, 0.5923076923076923, 0.6269230769230769, 0.6423076923076924, 0.6192307692307693, 0.6230769230769231, 0.6153846153846154, 0.6153846153846154, 0.6307692307692307, 0.6269230769230769, 0.6346153846153846, 0.6615384615384615, 0.6615384615384615, 0.6461538461538462, 0.6346153846153846, 0.6576923076923077, 0.6576923076923077, 0.6461538461538462, 0.6692307692307692, 0.6384615384615384, 0.6730769230769231, 0.6692307692307692, 0.6961538461538461, 0.6653846153846154, 0.6807692307692308, 0.6653846153846154, 0.6807692307692308, 0.7, 0.6692307692307692, 0.7076923076923077, 0.6961538461538461, 0.7269230769230769, 0.6730769230769231, 0.7076923076923077, 0.7115384615384616, 0.676923076923077, 0.6923076923076923, 0.7, 0.7346153846153847, 0.6884615384615385, 0.7038461538461539, 0.7307692307692307, 0.7038461538461539, 0.6961538461538461, 0.7230769230769231, 0.7461538461538462, 0.7153846153846154, 0.7115384615384616, 0.7076923076923077, 0.7192307692307692, 0.7576923076923077, 0.7192307692307692, 0.7615384615384615, 0.7346153846153847, 0.7807692307692308, 0.75, 0.7423076923076923, 0.7346153846153847, 0.7730769230769231, 0.7384615384615385, 0.7576923076923077, 0.7538461538461538, 0.7384615384615385, 0.7730769230769231, 0.7692307692307693, 0.7346153846153847, 0.7423076923076923, 0.7846153846153846, 0.8038461538461539, 0.7769230769230769, 0.7846153846153846, 0.7961538461538461, 0.7576923076923077, 0.7769230769230769, 0.7846153846153846, 0.7961538461538461, 0.7961538461538461, 0.7923076923076923, 0.7923076923076923, 0.8, 0.8076923076923077, 0.8, 0.7961538461538461, 0.7692307692307693, 0.8076923076923077, 0.7884615384615384, 0.7923076923076923, 0.7730769230769231, 0.8, 0.8153846153846154, 0.8269230769230769, 0.8076923076923077, 0.8, 0.8153846153846154, 0.8, 0.8076923076923077, 0.8115384615384615, 0.85, 0.8423076923076923, 0.823076923076923], "trainRumorF1": [0.2559488441841383, 0.20567375886524822, 0.20567375886524822, 0.20567375886524822, 0.20567375886524822, 0.20567375886524822, 0.222700119474313, 0.21388505747126438, 0.3032634214379153, 0.2699724517906336, 0.29778814218076466, 0.25963815218086905, 0.31659986002417767, 0.30492424242424243, 0.3241287792343907, 0.3766233766233766, 0.35721247563352826, 0.3683229813664597, 0.38984741784037563, 0.3865477027036619, 0.3696969696969697, 0.39473251028806583, 0.3572771548306717, 0.3910297702761201, 0.4126164874551972, 0.41477522564528496, 0.41867786793474177, 0.41828646119335694, 0.4305916305916306, 0.435345330997505, 0.4309295317075256, 0.4320324053237318, 0.44206485007942203, 0.45083333333333336, 0.4807395547121575, 0.45107100928972543, 0.46338920473711004, 0.4417505298091792, 0.44249999999999995, 0.4866634069231594, 0.4730042765502495, 0.5017350831696824, 0.5106113541755161, 0.5286329144819711, 0.502460407239819, 0.491013444931147, 0.4996440629352023, 0.5113425925925926, 0.5066401971522454, 0.5462105409539703, 0.5023247436446863, 0.4906776396195334, 0.5345977158835823, 0.5467442502122642, 0.5259512417407155, 0.536699107866991, 0.5218509140942966, 0.5271800597668518, 0.5485863889244603, 0.5469260703082148, 0.5479939674479031, 0.5995912731824238, 0.5811505909820517, 0.5620991835825596, 0.5592969657375145, 0.5876342819617836, 0.5706160819847116, 0.5869487420228326, 0.6082264941070953, 0.571348398014284, 0.6062575245853999, 0.6144545642113951, 0.6423357357924443, 0.6038853352286188, 0.6414227877423384, 0.6030490225149908, 0.6359654078371326, 0.6601148869214272, 0.6191210702157959, 0.6696306429548563, 0.6554468554497478, 0.673739081431389, 0.6334632803252536, 0.6771758536440021, 0.6722402346765478, 0.6334338950699129, 0.634920634920635, 0.6530855208495422, 0.6927175513006243, 0.6631384757292746, 0.6614335839598997, 0.6880963239658892, 0.6719050949779107, 0.6622407122602024, 0.6831668990894877, 0.7073675966493383, 0.6836103854737395, 0.6695383941999954, 0.6763978555517801, 0.6959652124322782, 0.7273994222504051, 0.6931047442751308, 0.727224688988136, 0.7076713873036004, 0.7567860762035519, 0.721027631554028, 0.7171832611832611, 0.7098085953541521, 0.740551445548275, 0.71028714366405, 0.734084743968941, 0.7311932693610349, 0.7171461312232784, 0.7471163079437674, 0.7459934978007267, 0.7148501886452733, 0.7186633325755855, 0.7651001080782308, 0.7902461198779142, 0.7627841024223173, 0.7490980392156863, 0.7763259838528654, 0.7356282271944923, 0.7547592064875076, 0.7640971656823958, 0.7785742755679911, 0.7831916573127561, 0.7646355184956192, 0.7747128911857595, 0.7776394451503866, 0.7880715110815841, 0.7760006351553891, 0.7833531381261665, 0.7424272876488734, 0.788905324591843, 0.7624610828752364, 0.77452187243355, 0.7537016879185865, 0.7786739901719115, 0.7991014036468581, 0.8126931036346475, 0.7824196345204749, 0.7892798066658063, 0.7952688240405196, 0.7835251043689863, 0.7928966608496437, 0.7972430634969334, 0.8375332439115963, 0.8288444946396404, 0.8102456347080413],