{"epoch": 135, "macroF1Rumor": 0.5895293790030632, "accRumor": 0.6, "loss": 1.0333386659622192, "trainRumorAcc": [0.38461538461538464, 0.4307692307692308, 0.46153846153846156, 0.45384615384615384, 0.4461538461538462, 0.46923076923076923, 0.46923076923076923, 0.4653846153846154, 0.5076923076923077, 0.4807692307692308, 0.5, 0.49230769230769234, 0.49615384615384617, 0.5, 0.5, 0.5153846153846153, 0.5076923076923077, 0.5230769230769231, 0.5153846153846153, 0.5153846153846153, 0.5230769230769231, 0.5384615384615384, 0.5307692307692308, 0.5230769230769231, 0.5192307692307693, 0.5307692307692308, 0.5230769230769231, 0.5423076923076923, 0.5230769230769231, 0.5384615384615384, 0.5307692307692308, 0.5423076923076923, 0.5423076923076923, 0.55, 0.5269230769230769, 0.5461538461538461, 0.5461538461538461, 0.5461538461538461, 0.5461538461538461, 0.5576923076923077, 0.5615384615384615, 0.5769230769230769, 0.5576923076923077, 0.5423076923076923, 0.5653846153846154, 0.5769230769230769, 0.5653846153846154, 0.5653846153846154, 0.5692307692307692, 0.6153846153846154, 0.5538461538461539, 0.5769230769230769, 0.5653846153846154, 0.6038461538461538, 0.5923076923076923, 0.6, 0.573076923076923, 0.5884615384615385, 0.5846153846153846, 0.5961538461538461, 0.5807692307692308, 0.5807692307692308, 0.6192307692307693, 0.5846153846153846, 0.5961538461538461, 0.6038461538461538, 0.6038461538461538, 0.5923076923076923, 0.6115384615384616, 0.6, 0.6, 0.6307692307692307, 0.5846153846153846, 0.5846153846153846, 0.6192307692307693, 0.6346153846153846, 0.6269230769230769, 0.6384615384615384, 0.6269230769230769, 0.6307692307692307, 0.6269230769230769, 0.6307692307692307, 0.6269230769230769, 0.6538461538461539, 0.6423076923076924, 0.6692307692307692, 0.6538461538461539, 0.676923076923077, 0.65, 0.6538461538461539, 0.6538461538461539, 0.65, 0.6846153846153846, 0.6692307692307692, 0.6653846153846154, 0.6538461538461539, 0.6730769230769231, 0.6730769230769231, 0.6615384615384615, 0.6884615384615385, 0.6730769230769231, 0.6961538461538461, 0.7, 0.7, 0.7, 0.7, 0.7038461538461539, 0.7192307692307692, 0.7115384615384616, 0.7307692307692307, 0.7115384615384616, 0.7384615384615385, 0.7269230769230769, 0.7461538461538462, 0.7384615384615385, 0.7538461538461538, 0.7615384615384615, 0.7384615384615385, 0.75, 0.7076923076923077, 0.75, 0.7538461538461538, 0.7307692307692307, 0.7461538461538462, 0.7769230769230769, 0.7692307692307693, 0.7538461538461538, 0.7692307692307693, 0.7884615384615384, 0.7730769230769231, 0.7884615384615384, 0.7846153846153846, 0.7730769230769231, 0.8038461538461539, 0.7961538461538461, 0.8076923076923077, 0.8, 0.7730769230769231, 0.7846153846153846, 0.8, 0.8038461538461539, 0.8115384615384615, 0.8038461538461539, 0.8115384615384615, 0.8, 0.8076923076923077, 0.7923076923076923, 0.7961538461538461, 0.8, 0.8307692307692308, 0.823076923076923, 0.8153846153846154, 0.8115384615384615, 0.8153846153846154, 0.8576923076923076, 0.7923076923076923, 0.85, 0.8461538461538461, 0.8153846153846154, 0.8769230769230769, 0.8423076923076923, 0.8653846153846154, 0.8423076923076923, 0.8692307692307693, 0.8769230769230769, 0.8192307692307692, 0.8576923076923076, 0.8576923076923076, 0.85, 0.8653846153846154, 0.8615384615384616, 0.8576923076923076, 0.8884615384615384, 0.8576923076923076, 0.8576923076923076, 0.8692307692307693, 0.8730769230769231, 0.8730769230769231, 0.8653846153846154, 0.8730769230769231, 0.8923076923076924, 0.8923076923076924, 0.8461538461538461, 0.8884615384615384, 0.8846153846153846], "trainRumorF1": [0.26667825522644045, 0.2028985507246377, 0.25963815218086905, 0.2407569552323118, 0.24760348583877992, 0.2583409856137129, 0.2853652831561712, 0.3033339695870713, 0.3617826850265456, 0.29924242424242425, 0.341065429531275, 0.34829931972789113, 0.348627578955002, 0.3466205557577964, 0.3583307229125335, 0.37128681246140416, 0.3636363636363637, 0.3621820508718605, 0.37575232317396123, 0.37453556676422356, 0.377995642701525, 0.3921274705751721, 0.38110403397027603, 0.38174793776756816, 0.379897970259416, 0.3852813852813853, 0.39365597985160977, 0.39870291978725714, 0.3825055187637969, 0.3929948047595106, 0.38877665544332213, 0.3999562276436109, 0.3980959024970761, 0.406306032003789, 0.39950777678419497, 0.39924888054311714, 0.40991384351395527, 0.4031425364758698, 0.4031425364758698, 0.4180685380182818, 0.4245952922933103, 0.4372749226004751, 0.42232771859716517, 0.4009532079891754, 0.4263989395586474, 0.436053302820091, 0.42871067011972414, 0.4215488215488216, 0.42426800104499507, 0.4757976323193714, 0.42181544196304294, 0.439127765685253, 0.43109830410443917, 0.45794748736735785, 0.45121348063335104, 0.4558932406143552, 0.44499074808353156, 0.4450054391690353, 0.47286818121475144, 0.46991779246726706, 0.44110648758979215, 0.4484472277155204, 0.5062541764116272, 0.46504494976203076, 0.4636979198438358, 0.4860701590577752, 0.4767301622983313, 0.4622619639013082, 0.47758707927484295, 0.474129985698395, 0.4699878079074557, 0.5237240436080536, 0.46878441152634703, 0.4717649512949045, 0.5051507755158565, 0.5177368535419383, 0.5379531668782621, 0.5281972718460047, 0.5269957096044053, 0.5483072829547229, 0.5203680206326505, 0.5443981744928238, 0.5434391358009992, 0.5671846081308365, 0.5541523787654071, 0.6021860492448726, 0.5879504362527841, 0.6049541796529748, 0.581664742235661, 0.5716291899897964, 0.5761260311658447, 0.5672663139329805, 0.6207908254008907, 0.6176992721462808, 0.6148783051392925, 0.5849687890137328, 0.5959451706439658, 0.6254826462002349, 0.5811867324428567, 0.6484227725087626, 0.6274840288114946, 0.6464141414141414, 0.6570460704607046, 0.6650671872994923, 0.6562071937785318, 0.6601710571834448, 0.6699860617591256, 0.6671716319804225, 0.6674452425920689, 0.688126808911624, 0.6766177726389927, 0.6955687624460981, 0.6831814302782044, 0.6966673564587444, 0.7018775354608553, 0.7125659543040674, 0.730389785573732, 0.7068404202044755, 0.7154899260162418, 0.6681435654824183, 0.7164527221861602, 0.7331742968483587, 0.6985004556223801, 0.7137579792703844, 0.739698581024603, 0.7474139983381026, 0.7221726747464924, 0.744946693716321, 0.7563343749784428, 0.756577993245903, 0.7596992481203008, 0.7624561244142285, 0.7471514000949218, 0.7839226066679271, 0.7651328567709897, 0.784412991384028, 0.7893813655514137, 0.7404399011527069, 0.7654005602240895, 0.7776816144131913, 0.784894266766007, 0.79383406255064, 0.784509350298824, 0.7989913449664002, 0.7811183658760011, 0.7920430655774652, 0.7770538529751887, 0.7712507225112267, 0.783269231662405, 0.8054480697675652, 0.811470758331526, 0.8015711147038096, 0.7967983431025062, 0.8013167201910223, 0.8453879256018294, 0.7740735441407928, 0.8326068515399059, 0.8359732058076896, 0.8010490505405263, 0.8648586894657909, 0.8319898609446632, 0.8510328570847974, 0.8334200421156943, 0.8616291116291116, 0.869666519094935, 0.8081932102984735, 0.8459944237360367, 0.8471591934194477, 0.8270634920634921, 0.8584526534188001, 0.8474089635854343, 0.8485987874065022, 0.8764705882352941, 0.8499862348098893, 0.844337143607936, 0.8614784205693296, 0.863516247700797, 0.8618916230268221, 0.8522289448963329, 0.8663502889954149, 0.883212259476091, 0.8849576472827638, 0.8311383911383912, 0.8771008212039807, 0.8742983159583],