{"epoch": 135, "macroF1Rumor": 0.6320836965998257, "accRumor": 0.6615384615384615, "loss": 0.8852392435073853, "trainRumorAcc": [0.4461538461538462, 0.4461538461538462, 0.4461538461538462, 0.45, 0.4461538461538462, 0.45384615384615384, 0.45384615384615384, 0.4576923076923077, 0.49230769230769234, 0.4807692307692308, 0.47692307692307695, 0.5, 0.5153846153846153, 0.5, 0.5038461538461538, 0.5038461538461538, 0.5115384615384615, 0.5038461538461538, 0.5038461538461538, 0.49615384615384617, 0.49615384615384617, 0.5038461538461538, 0.4846153846153846, 0.49230769230769234, 0.5076923076923077, 0.5307692307692308, 0.5115384615384615, 0.5153846153846153, 0.5230769230769231, 0.5, 0.5269230769230769, 0.5230769230769231, 0.5307692307692308, 0.5461538461538461, 0.5307692307692308, 0.5307692307692308, 0.5461538461538461, 0.5307692307692308, 0.5461538461538461, 0.55, 0.5692307692307692, 0.5653846153846154, 0.5653846153846154, 0.5769230769230769, 0.5769230769230769, 0.6, 0.6, 0.5846153846153846, 0.573076923076923, 0.6038461538461538, 0.6269230769230769, 0.6230769230769231, 0.5961538461538461, 0.6269230769230769, 0.6192307692307693, 0.6230769230769231, 0.6269230769230769, 0.6346153846153846, 0.6192307692307693, 0.6346153846153846, 0.6384615384615384, 0.6384615384615384, 0.6230769230769231, 0.6423076923076924, 0.6653846153846154, 0.6384615384615384, 0.6576923076923077, 0.676923076923077, 0.6615384615384615, 0.6961538461538461, 0.6653846153846154, 0.6692307692307692, 0.6884615384615385, 0.6615384615384615, 0.6807692307692308, 0.6884615384615385, 0.6846153846153846, 0.6961538461538461, 0.7115384615384616, 0.6923076923076923, 0.7076923076923077, 0.676923076923077, 0.6846153846153846, 0.7, 0.7076923076923077, 0.7307692307692307, 0.7307692307692307, 0.7423076923076923, 0.7423076923076923, 0.7307692307692307, 0.7192307692307692, 0.7423076923076923, 0.75, 0.7576923076923077, 0.7346153846153847, 0.7538461538461538, 0.7538461538461538, 0.7384615384615385, 0.7807692307692308, 0.7461538461538462, 0.7423076923076923, 0.7807692307692308, 0.7807692307692308, 0.7961538461538461, 0.7769230769230769, 0.7807692307692308, 0.7730769230769231, 0.7961538461538461, 0.7730769230769231, 0.8076923076923077, 0.7846153846153846, 0.8038461538461539, 0.8038461538461539, 0.8038461538461539, 0.8076923076923077, 0.8115384615384615, 0.823076923076923, 0.8153846153846154, 0.8307692307692308, 0.8192307692307692, 0.8423076923076923, 0.8346153846153846, 0.8115384615384615, 0.8384615384615385, 0.8269230769230769, 0.8615384615384616, 0.8192307692307692, 0.8653846153846154, 0.8307692307692308, 0.8538461538461538, 0.8384615384615385, 0.8692307692307693, 0.8576923076923076, 0.8461538461538461, 0.8461538461538461, 0.8730769230769231, 0.8576923076923076, 0.8576923076923076, 0.8692307692307693, 0.8846153846153846, 0.8615384615384616, 0.8576923076923076, 0.8769230769230769, 0.8807692307692307, 0.8807692307692307, 0.8884615384615384, 0.8807692307692307, 0.8730769230769231, 0.8807692307692307, 0.8807692307692307, 0.8730769230769231, 0.8923076923076924, 0.9, 0.8769230769230769, 0.8923076923076924, 0.8846153846153846, 0.9192307692307692, 0.8961538461538462, 0.9076923076923077, 0.9076923076923077, 0.8884615384615384, 0.9, 0.8923076923076924, 0.9115384615384615, 0.9, 0.926923076923077, 0.9038461538461539, 0.926923076923077, 0.926923076923077, 0.9115384615384615, 0.9038461538461539, 0.9115384615384615, 0.9153846153846154, 0.9461538461538461, 0.926923076923077, 0.9192307692307692, 0.95, 0.9192307692307692, 0.9346153846153846, 0.9423076923076923, 0.95, 0.9346153846153846, 0.9538461538461539, 0.9230769230769231, 0.9653846153846154], "trainRumorF1": [0.20567375886524822, 0.20567375886524822, 0.20567375886524822, 0.214349376114082, 0.20567375886524822, 0.24626151012891342, 0.22862671919275693, 0.23619271445358406, 0.3219573543703195, 0.2872082166199813, 0.28944758896055456, 0.3495282914650582, 0.34683381549341047, 0.34584385901599907, 0.3457104720300934, 0.3553283295260887, 0.35879917184265014, 0.3535085604051121, 0.3560807009082871, 0.34513457556935817, 0.35342388228636107, 0.35706727135298566, 0.3594778364583043, 0.34829931972789113, 0.3823757228500186, 0.39385791232888373, 0.37717124956242815, 0.391071767958637, 0.3992148223035275, 0.37280601632983235, 0.3995850528800264, 0.39793319231447205, 0.4064454374326078, 0.41403949413543, 0.40902423090897394, 0.41161554913677145, 0.4259868421052631, 0.4109701100830004, 0.41939409542485806, 0.4209053549147493, 0.4507309709200699, 0.453329693081246, 0.4422442244224423, 0.4540846750149076, 0.4667006594383924, 0.4970421575259088, 0.4860646599777035, 0.4842405528823077, 0.4678133064544954, 0.49259600674695014, 0.5258162336664624, 0.5302013368455499, 0.5066994834463466, 0.5481278387061039, 0.5463711473019464, 0.5476750484661878, 0.5498546836575006, 0.5621783124850611, 0.5515449072232813, 0.558231235707423, 0.585793562708102, 0.5673038041734745, 0.5589370125485132, 0.5770804383200312, 0.6207203448755388, 0.5891605638239231, 0.6042072657283772, 0.6324918360603681, 0.6154845946417614, 0.64528081676857, 0.6185177218122249, 0.6151261015541668, 0.6392095798144857, 0.6208445086851982, 0.6423790303021019, 0.6561393365155759, 0.6326809964776464, 0.6482396238791471, 0.6724507720661412, 0.6414388684890521, 0.6718445562488066, 0.6281746414302088, 0.6454555470408355, 0.654958740598642, 0.6729958779377384, 0.6843760555157985, 0.6901890507767504, 0.7007070833856325, 0.7036021732666259, 0.6966560010038271, 0.6822781921438308, 0.7077669380835534, 0.7123801217093625, 0.7277970282763312, 0.6936235859269484, 0.723912327722919, 0.714886785870252, 0.7053673175289404, 0.7514066496163684, 0.707441245231943, 0.7098501016260164, 0.7445631766084659, 0.7498773808954194, 0.7616787065703474, 0.739849018977092, 0.7432199798718152, 0.741669748140844, 0.7684656291104129, 0.7303865594835722, 0.7834589479652384, 0.7519553481235377, 0.7739585248065772, 0.7732636622981931, 0.7651929725462168, 0.7808533439053861, 0.7877386572282495, 0.7912713574302513, 0.7815873015873015, 0.8022080520130032, 0.7953034927473598, 0.8141657971182666, 0.810676297561987, 0.7840303390774936, 0.8092697466870148, 0.7981250303589644, 0.8352062570191364, 0.7823981821519822, 0.8391017984663174, 0.7958268988491355, 0.8353729790007284, 0.816760271183334, 0.8456317506426437, 0.8297896909128851, 0.8178525356795981, 0.8242276411685484, 0.850984864080507, 0.835244912511656, 0.832550645068097, 0.8489590218109716, 0.86337513061651, 0.8399761158381849, 0.8315501983800487, 0.856430560807688, 0.8613220241367575, 0.8616285134133822, 0.8686989033287557, 0.8584221295418585, 0.8458314715251453, 0.8615079365079366, 0.8542413854027097, 0.8537029765177099, 0.8709703779366701, 0.8837733148077976, 0.8546222090894676, 0.8736431211440084, 0.8664803782023088, 0.903873206344194, 0.8764560606658086, 0.8856212781772005, 0.8933670975576474, 0.8682746097101846, 0.8789488133486296, 0.874341591120194, 0.8918937224286762, 0.8823028337442892, 0.9128258667161128, 0.8852334096380553, 0.9102258585596797, 0.9129244326820204, 0.8954204937789069, 0.8877356426791455, 0.8941864970217498, 0.903182070009012, 0.9338987319882559, 0.9162752822168049, 0.897885056503072, 0.9401433583789215, 0.9051187376217004, 0.9231245789125987, 0.9294956720053905, 0.9421996910326981, 0.9215392703497199, 0.9440956459212037, 0.9089534180278281, 0.9586071908675718],