{"epoch": 85, "macroF1Rumor": 0.6940723456149952, "accRumor": 0.7230769230769231, "loss": 0.9670282602310181, "trainRumorAcc": [0.34615384615384615, 0.43846153846153846, 0.4461538461538462, 0.4461538461538462, 0.4461538461538462, 0.4576923076923077, 0.4461538461538462, 0.47692307692307695, 0.47692307692307695, 0.5038461538461538, 0.5076923076923077, 0.5192307692307693, 0.5076923076923077, 0.5076923076923077, 0.5423076923076923, 0.5153846153846153, 0.5269230769230769, 0.5346153846153846, 0.5346153846153846, 0.55, 0.5538461538461539, 0.5269230769230769, 0.5576923076923077, 0.5461538461538461, 0.5576923076923077, 0.5576923076923077, 0.5384615384615384, 0.5461538461538461, 0.5461538461538461, 0.5423076923076923, 0.5461538461538461, 0.5538461538461539, 0.5769230769230769, 0.5615384615384615, 0.5576923076923077, 0.5576923076923077, 0.55, 0.5653846153846154, 0.5615384615384615, 0.573076923076923, 0.5653846153846154, 0.5615384615384615, 0.5653846153846154, 0.5807692307692308, 0.5769230769230769, 0.5923076923076923, 0.6076923076923076, 0.6076923076923076, 0.5961538461538461, 0.6115384615384616, 0.6230769230769231, 0.6269230769230769, 0.6384615384615384, 0.6269230769230769, 0.6538461538461539, 0.6307692307692307, 0.6384615384615384, 0.6346153846153846, 0.6576923076923077, 0.6615384615384615, 0.6538461538461539, 0.6576923076923077, 0.65, 0.6653846153846154, 0.6615384615384615, 0.6653846153846154, 0.6692307692307692, 0.6615384615384615, 0.6653846153846154, 0.6692307692307692, 0.676923076923077, 0.6846153846153846, 0.6730769230769231, 0.676923076923077, 0.6884615384615385, 0.6846153846153846, 0.6884615384615385, 0.7038461538461539, 0.676923076923077, 0.7076923076923077, 0.6923076923076923, 0.7115384615384616, 0.6807692307692308, 0.7115384615384616, 0.6884615384615385, 0.6846153846153846, 0.6961538461538461, 0.7153846153846154, 0.7, 0.7076923076923077, 0.7461538461538462, 0.7153846153846154, 0.7269230769230769, 0.7192307692307692, 0.7461538461538462, 0.7269230769230769, 0.7346153846153847, 0.7538461538461538, 0.7192307692307692, 0.7423076923076923, 0.7423076923076923, 0.7653846153846153, 0.7576923076923077, 0.7538461538461538, 0.7576923076923077, 0.75, 0.7615384615384615, 0.7692307692307693, 0.7730769230769231, 0.7692307692307693, 0.7692307692307693, 0.7692307692307693, 0.7538461538461538, 0.7653846153846153, 0.7730769230769231, 0.7692307692307693, 0.7538461538461538, 0.8115384615384615, 0.8038461538461539, 0.8153846153846154, 0.8115384615384615, 0.7769230769230769, 0.8192307692307692, 0.8076923076923077, 0.7961538461538461, 0.8038461538461539, 0.8192307692307692, 0.8538461538461538, 0.8153846153846154, 0.8384615384615385, 0.8153846153846154, 0.8038461538461539, 0.8307692307692308, 0.8269230769230769, 0.8461538461538461], "trainRumorF1": [0.2064676616915423, 0.3197147950089127, 0.20732797140303846, 0.20567375886524822, 0.20567375886524822, 0.23108080543171025, 0.20567375886524822, 0.280859010270775, 0.271847200418629, 0.31862631862631857, 0.3366471734892788, 0.3553290083410566, 0.33339049905676554, 0.34618473895582325, 0.3934993520367063, 0.3502008032128514, 0.37420774647887317, 0.379296066252588, 0.39067841494535127, 0.3965919138332931, 0.40753045404208194, 0.3761962962168807, 0.4076015453691135, 0.39992906640475806, 0.40870124748323894, 0.40917166333555405, 0.394686855530229, 0.40301724137931033, 0.39924888054311714, 0.3966255144032922, 0.39898367616859837, 0.41068007662835254, 0.4255894989681654, 0.41349180505807004, 0.4098765432098765, 0.41123955280581787, 0.4188832048984077, 0.42742524053145137, 0.4334843922665937, 0.43564992082263143, 0.445540593331392, 0.4327984693062346, 0.43868654063693197, 0.46765854420493597, 0.4628486616510568, 0.48326184426999846, 0.5054682396100306, 0.5094075575368159, 0.5002493843911754, 0.5370499694874658, 0.5391969560911324, 0.5497838828799684, 0.5750252971275673, 0.5692683384991076, 0.5988528689243727, 0.581404579643435, 0.5834259945638746, 0.5842374951589359, 0.6122003904524549, 0.6101095793566631, 0.6130778189305544, 0.6199755741989709, 0.6100659729306944, 0.6315422818490304, 0.6212930700735578, 0.6255195131552946, 0.645952482889873, 0.6231953735206248, 0.632711141836617, 0.6368012301463718, 0.6412254412254411, 0.6588629953699693, 0.6406829125930248, 0.6493818220373874, 0.66143301312587, 0.6531080352207811, 0.6561746842764871, 0.6795962498548705, 0.6540831031236497, 0.6905352711804325, 0.6600463422707712, 0.6876013806114002, 0.6555304810284891, 0.6881430013590889, 0.6669182909929763, 0.664385026737968, 0.6774619580821132, 0.6881117796708112, 0.6794548637159289, 0.6909856583083339, 0.7275960986804361, 0.6933897430683432, 0.7109595099528515, 0.7024632427493717, 0.7306600355380843, 0.7097169715867803, 0.7220238095238095, 0.7389558232931727, 0.6925067215641277, 0.726802555106597, 0.7288078493549665, 0.7459934978007267, 0.7416331994645248, 0.7377103839528462, 0.741094509541884, 0.7322940994748223, 0.7510907734575426, 0.7566265972775447, 0.758954952888787, 0.7566407628327133, 0.7544065923022812, 0.7536294137129076, 0.7411793219818991, 0.7508080545181258, 0.7591289929071797, 0.755923385998574, 0.7377103839528462, 0.7995180025421277, 0.79270232394813, 0.804594744616586, 0.7985948183025995, 0.7646768947781619, 0.8079886038542977, 0.7984315368290061, 0.783219954648526, 0.795445655538074, 0.8112517708334734, 0.8435130526039617, 0.7976674369098088, 0.8279717869881805, 0.8055709913295054, 0.7917861724128906, 0.8238587424633935, 0.8151908697363243, 0.8358757639004916],