{"epoch": 135, "macroF1Rumor": 0.7171418619694482, "accRumor": 0.7384615384615385, "loss": 0.7450003623962402, "trainRumorAcc": [0.4423076923076923, 0.4461538461538462, 0.4461538461538462, 0.46153846153846156, 0.4461538461538462, 0.45384615384615384, 0.45, 0.45384615384615384, 0.45384615384615384, 0.45384615384615384, 0.46923076923076923, 0.4846153846153846, 0.47307692307692306, 0.46923076923076923, 0.5038461538461538, 0.49615384615384617, 0.47692307692307695, 0.5, 0.5115384615384615, 0.5307692307692308, 0.5153846153846153, 0.5307692307692308, 0.5346153846153846, 0.5307692307692308, 0.5307692307692308, 0.5461538461538461, 0.5538461538461539, 0.5692307692307692, 0.5692307692307692, 0.5538461538461539, 0.5769230769230769, 0.5692307692307692, 0.5692307692307692, 0.5692307692307692, 0.5692307692307692, 0.5576923076923077, 0.5884615384615385, 0.5846153846153846, 0.5615384615384615, 0.6038461538461538, 0.5961538461538461, 0.6153846153846154, 0.6153846153846154, 0.6307692307692307, 0.6, 0.6307692307692307, 0.5884615384615385, 0.6269230769230769, 0.6269230769230769, 0.6346153846153846, 0.6192307692307693, 0.6461538461538462, 0.6115384615384616, 0.6538461538461539, 0.6384615384615384, 0.6423076923076924, 0.6192307692307693, 0.6423076923076924, 0.6653846153846154, 0.6384615384615384, 0.6230769230769231, 0.6730769230769231, 0.6615384615384615, 0.6538461538461539, 0.6538461538461539, 0.6576923076923077, 0.6807692307692308, 0.6692307692307692, 0.6384615384615384, 0.6730769230769231, 0.6923076923076923, 0.6615384615384615, 0.6730769230769231, 0.6923076923076923, 0.6961538461538461, 0.676923076923077, 0.6807692307692308, 0.6923076923076923, 0.7076923076923077, 0.6961538461538461, 0.6653846153846154, 0.7, 0.6692307692307692, 0.6846153846153846, 0.6884615384615385, 0.6730769230769231, 0.7, 0.7038461538461539, 0.6923076923076923, 0.6884615384615385, 0.7192307692307692, 0.6884615384615385, 0.7153846153846154, 0.7230769230769231, 0.7230769230769231, 0.7269230769230769, 0.7576923076923077, 0.7076923076923077, 0.7038461538461539, 0.7115384615384616, 0.7346153846153847, 0.7384615384615385, 0.7423076923076923, 0.7384615384615385, 0.75, 0.7153846153846154, 0.7461538461538462, 0.7346153846153847, 0.7384615384615385, 0.7192307692307692, 0.7384615384615385, 0.7692307692307693, 0.7538461538461538, 0.7346153846153847, 0.7538461538461538, 0.7923076923076923, 0.7615384615384615, 0.75, 0.7653846153846153, 0.7730769230769231, 0.7538461538461538, 0.75, 0.7807692307692308, 0.7807692307692308, 0.7653846153846153, 0.7692307692307693, 0.7769230769230769, 0.75, 0.7615384615384615, 0.7730769230769231, 0.7923076923076923, 0.7692307692307693, 0.7961538461538461, 0.7807692307692308, 0.7769230769230769, 0.7961538461538461, 0.7961538461538461, 0.7884615384615384, 0.8, 0.7923076923076923, 0.8307692307692308, 0.7961538461538461, 0.7961538461538461, 0.8115384615384615, 0.7961538461538461, 0.8038461538461539, 0.8115384615384615, 0.7846153846153846, 0.8192307692307692, 0.8, 0.8384615384615385, 0.8384615384615385, 0.7769230769230769, 0.85, 0.8346153846153846, 0.823076923076923, 0.8076923076923077, 0.8269230769230769, 0.8307692307692308, 0.8461538461538461, 0.8346153846153846, 0.823076923076923, 0.8076923076923077, 0.8346153846153846, 0.8538461538461538, 0.8461538461538461, 0.8423076923076923, 0.8307692307692308, 0.8346153846153846, 0.8307692307692308, 0.8538461538461538, 0.8461538461538461, 0.8692307692307693, 0.8730769230769231, 0.85, 0.8692307692307693, 0.8576923076923076, 0.8307692307692308, 0.8730769230769231, 0.8730769230769231, 0.8730769230769231, 0.8769230769230769, 0.8769230769230769, 0.8653846153846154, 0.8807692307692307], "trainRumorF1": [0.218096357226792, 0.20567375886524822, 0.20567375886524822, 0.23774967171193587, 0.20567375886524822, 0.2348905334566759, 0.2205219347129761, 0.22230924481127814, 0.22831541218637993, 0.2651182255702029, 0.2680855343152044, 0.2930529399455953, 0.2745670732256989, 0.2632384450566269, 0.3231060606060606, 0.32221855955912804, 0.281039565135084, 0.3241287792343907, 0.3513129440840284, 0.37383379672536304, 0.3576932411115156, 0.37019441433546274, 0.3706025449101797, 0.382657391492588, 0.3712549759061387, 0.39674068973432036, 0.4082191663239573, 0.42693430824768347, 0.4240374885391727, 0.40664652583357136, 0.45441052909176777, 0.44974493617936045, 0.4422117246772361, 0.44518933786574566, 0.44078605906786034, 0.43702168608447617, 0.4849929709465792, 0.4653561733725707, 0.4489614559274002, 0.5049131513647643, 0.471892382378295, 0.5049447576885397, 0.5129476799011479, 0.5590998726821937, 0.49779817017815886, 0.536921059984096, 0.5174329164047794, 0.5492317250937941, 0.5470731273934936, 0.5677303426719701, 0.5648633874382963, 0.5773453996983409, 0.5452625708853467, 0.5943806629985492, 0.5853332063716622, 0.5799043564787029, 0.5516085221967574, 0.5967336391174403, 0.634635664824344, 0.585793562708102, 0.5647687855910668, 0.635664829686898, 0.6185185185185185, 0.6072370766488414, 0.6132741584246602, 0.6121496780281704, 0.6427273748783114, 0.6413733609385783, 0.5955113807366947, 0.6273131876393437, 0.6408147351019199, 0.6183225913792353, 0.6326996595702296, 0.6568240957814461, 0.6630192248921346, 0.6322204226782168, 0.6404961788581646, 0.6571246225210922, 0.6751836481762047, 0.6533227288794627, 0.6325152187231818, 0.6624503968253969, 0.6426802218288552, 0.6493304937407033, 0.6513801871833546, 0.6395472487559392, 0.6764094301688286, 0.6725481992751442, 0.6573099415204678, 0.65741217846481, 0.6942491777986667, 0.656312348620041, 0.6753363595468859, 0.699856150758424, 0.6995838300186126, 0.6953883970234503, 0.7365826382452889, 0.6781648531648531, 0.6757151440407299, 0.6783558852359617, 0.709936831898347, 0.7083742396629665, 0.7137522162327264, 0.7127680831955451, 0.7241282871150903, 0.6777188934084273, 0.7260656883298392, 0.7042869641294839, 0.721693019490972, 0.693210666381244, 0.7176410570349964, 0.7527222450055656, 0.7296687245944672, 0.7080627916117961, 0.7246638224899096, 0.7734343754248378, 0.733818736204329, 0.7299599409656335, 0.7418042229504075, 0.7368599791013585, 0.7265846542747517, 0.7267963018792081, 0.7629943692935819, 0.7516358580394091, 0.7449890180455956, 0.7477239695366548, 0.7571265051570526, 0.7299220390339327, 0.7322985097765634, 0.7429445992083262, 0.7683993902439025, 0.7467398848451078, 0.7722473519810236, 0.7579802286067346, 0.7543409483868594, 0.7752391931412408, 0.7711330442995825, 0.7623826521713855, 0.7868932942016721, 0.7725043795851804, 0.8139001229608734, 0.7730558890222756, 0.7761216218294443, 0.7963310339354335, 0.777765492161777, 0.7868398069616264, 0.7957689197832566, 0.7597576142467783, 0.8053327391562687, 0.7771515973305166, 0.8209066918744338, 0.819325563124408, 0.7546218487394958, 0.8283859316696868, 0.8177693062687587, 0.8091589355678318, 0.7836052836052837, 0.8076108147847729, 0.8110586931177494, 0.830703251572248, 0.8218446587650657, 0.8017439416600682, 0.7906933715088326, 0.8154727686186857, 0.8392290290690975, 0.8323809523809523, 0.8276470230493219, 0.8090207303322057, 0.8202694073986105, 0.813970246682005, 0.8386335334433109, 0.8286489175109297, 0.8605727028803951, 0.8634817942115373, 0.8321883677755394, 0.8574503190920316, 0.8437552357104504, 0.8132007794312294, 0.8563846547717516, 0.8628477680519735, 0.8577473173653569, 0.8637106357694592, 0.8593137254901961, 0.8544523551507446, 0.8691612780524914],