{"epoch": 140, "macroF1Rumor": 0.6333333333333333, "accRumor": 0.6615384615384615, "loss": 0.8974952101707458, "trainRumorAcc": [0.4, 0.43846153846153846, 0.4423076923076923, 0.4346153846153846, 0.4461538461538462, 0.4461538461538462, 0.4461538461538462, 0.4461538461538462, 0.4461538461538462, 0.4461538461538462, 0.4576923076923077, 0.4576923076923077, 0.45, 0.4846153846153846, 0.48846153846153845, 0.48846153846153845, 0.4846153846153846, 0.49615384615384617, 0.5153846153846153, 0.5153846153846153, 0.5230769230769231, 0.49615384615384617, 0.5038461538461538, 0.5038461538461538, 0.5423076923076923, 0.5076923076923077, 0.5192307692307693, 0.5230769230769231, 0.5269230769230769, 0.5423076923076923, 0.5192307692307693, 0.5230769230769231, 0.5461538461538461, 0.55, 0.5384615384615384, 0.5461538461538461, 0.5461538461538461, 0.5461538461538461, 0.5538461538461539, 0.5576923076923077, 0.5769230769230769, 0.5769230769230769, 0.5653846153846154, 0.5769230769230769, 0.5576923076923077, 0.5884615384615385, 0.5846153846153846, 0.5884615384615385, 0.5961538461538461, 0.6153846153846154, 0.6, 0.5961538461538461, 0.6192307692307693, 0.6346153846153846, 0.6192307692307693, 0.5961538461538461, 0.6384615384615384, 0.65, 0.6153846153846154, 0.6461538461538462, 0.6423076923076924, 0.6230769230769231, 0.6346153846153846, 0.6538461538461539, 0.6461538461538462, 0.6423076923076924, 0.6615384615384615, 0.6692307692307692, 0.6615384615384615, 0.676923076923077, 0.6807692307692308, 0.6538461538461539, 0.6461538461538462, 0.6961538461538461, 0.6961538461538461, 0.6692307692307692, 0.7, 0.676923076923077, 0.6923076923076923, 0.6807692307692308, 0.6961538461538461, 0.6884615384615385, 0.6884615384615385, 0.7076923076923077, 0.7076923076923077, 0.6923076923076923, 0.6961538461538461, 0.6807692307692308, 0.7076923076923077, 0.6961538461538461, 0.7038461538461539, 0.7269230769230769, 0.7038461538461539, 0.7076923076923077, 0.7384615384615385, 0.7076923076923077, 0.7230769230769231, 0.7269230769230769, 0.7269230769230769, 0.7153846153846154, 0.7307692307692307, 0.7384615384615385, 0.7115384615384616, 0.7076923076923077, 0.7346153846153847, 0.7461538461538462, 0.7346153846153847, 0.7384615384615385, 0.7384615384615385, 0.7346153846153847, 0.7307692307692307, 0.7615384615384615, 0.7269230769230769, 0.7576923076923077, 0.7538461538461538, 0.7615384615384615, 0.7769230769230769, 0.7423076923076923, 0.7576923076923077, 0.7692307692307693, 0.7615384615384615, 0.7730769230769231, 0.7730769230769231, 0.7807692307692308, 0.7769230769230769, 0.7846153846153846, 0.7692307692307693, 0.7884615384615384, 0.8115384615384615, 0.7730769230769231, 0.8192307692307692, 0.7769230769230769, 0.7961538461538461, 0.8192307692307692, 0.8076923076923077, 0.8153846153846154, 0.8269230769230769, 0.8076923076923077, 0.8, 0.8346153846153846, 0.8153846153846154, 0.8269230769230769, 0.8269230769230769, 0.8, 0.8346153846153846, 0.8307692307692308, 0.85, 0.8269230769230769, 0.8538461538461538, 0.8461538461538461, 0.8346153846153846, 0.8307692307692308, 0.8423076923076923, 0.8576923076923076, 0.8615384615384616, 0.8423076923076923, 0.8461538461538461, 0.8538461538461538, 0.8615384615384616, 0.8846153846153846, 0.8576923076923076, 0.8730769230769231, 0.85, 0.8730769230769231, 0.8769230769230769, 0.8846153846153846, 0.8846153846153846, 0.8884615384615384, 0.8807692307692307, 0.8923076923076924, 0.8884615384615384, 0.8884615384615384, 0.8923076923076924, 0.9192307692307692, 0.926923076923077, 0.9, 0.8884615384615384, 0.8884615384615384, 0.9076923076923077, 0.926923076923077, 0.8961538461538462, 0.9230769230769231, 0.9153846153846154, 0.9230769230769231, 0.9346153846153846, 0.9038461538461539, 0.9384615384615385, 0.9230769230769231, 0.9307692307692308, 0.9038461538461539], "trainRumorF1": [0.2503105590062112, 0.21789617486338797, 0.20444444444444443, 0.209990749306198, 0.20567375886524822, 0.20622222222222222, 0.20567375886524822, 0.20622222222222222, 0.20567375886524822, 0.21350059737156513, 0.23010752688172043, 0.23644257947955824, 0.21388505747126438, 0.29778814218076466, 0.299906629318394, 0.31407541843113534, 0.3147089738536329, 0.333617767117917, 0.3568807891254661, 0.3481490186860971, 0.3685811415280014, 0.3290049455984174, 0.3475350926445817, 0.35316212438853944, 0.3872679045092838, 0.3503001472420433, 0.3699718827107363, 0.3724867724867725, 0.3777176806286067, 0.3917748917748917, 0.36333533792161316, 0.38780216726868577, 0.4032822860464694, 0.40183912037123654, 0.40113885916999825, 0.4055084447970306, 0.40509234521460136, 0.4009814643244258, 0.4124444355217833, 0.4179128580351142, 0.4598499521360672, 0.4500194828689916, 0.43641500315973386, 0.4593993635212274, 0.44104097853296736, 0.4769172481501249, 0.47812343930487394, 0.48498657753447727, 0.49531187830679135, 0.5266606567922253, 0.5085352569211968, 0.5022799422799423, 0.5285845529940952, 0.5675487048991115, 0.5428150483178111, 0.5155356380708493, 0.5877362465390634, 0.5793173476038558, 0.5483859501722451, 0.5772229719598141, 0.588836405860924, 0.5726744186046512, 0.5762418649866056, 0.5942483188208968, 0.5996648352417807, 0.5939261900046214, 0.6170552678842652, 0.6223734088787419, 0.6260612907064594, 0.6384349208575903, 0.6419684897485917, 0.6068064848084006, 0.6050509977475333, 0.6646098741719257, 0.6664805534218329, 0.6356623748730655, 0.6716041072434304, 0.6438603180336696, 0.6737674984783931, 0.6491098397391689, 0.6653567533883783, 0.6562037719486945, 0.6462870831030035, 0.6767533914150455, 0.6778106225391847, 0.6576423576423576, 0.6648240264154452, 0.6438217229713862, 0.6680809967067459, 0.6539141414141414, 0.6686923298940014, 0.701897747441724, 0.6705684047371098, 0.6662341906019651, 0.7027974511989857, 0.6785226498476641, 0.6922179063652626, 0.6889077634038195, 0.6945023380487919, 0.6854255881876531, 0.6994739057239058, 0.6996446427527299, 0.6734516316859271, 0.6659177399443782, 0.7026058540972998, 0.7122034267804658, 0.7007692307692309, 0.7036257036257036, 0.7072750417996656, 0.6976575203252032, 0.6930233509180878, 0.7200281444592291, 0.6880920690426576, 0.7276710151710152, 0.7253599858618145, 0.7344115149118046, 0.7336198990846102, 0.7043267276422766, 0.7245847176079735, 0.7314140630727617, 0.7300668364561836, 0.7396955345712168, 0.7500115337949705, 0.7522570861953802, 0.744097782559321, 0.7545048947414017, 0.732989995697074, 0.7615846338535414, 0.7864413470245347, 0.740353919345516, 0.7960799973378588, 0.7517828377922576, 0.7728028547253798, 0.8040981240981241, 0.7828334194748239, 0.787732615037258, 0.8011032734499187, 0.7836467920501534, 0.7700219110668464, 0.8147991666219575, 0.7875473246643679, 0.8065458362978521, 0.8006063838918932, 0.7747623801754857, 0.8121328963434227, 0.8050784090129307, 0.8311983691472443, 0.8001158268075561, 0.8371148459383754, 0.832270759543487, 0.8106376715454434, 0.8061977502759187, 0.8249775927371555, 0.8335822741506802, 0.8459804766006317, 0.8238296564731812, 0.8275628398853785, 0.8387165789571549, 0.8414513575993671, 0.8724339982882349, 0.8393143116105138, 0.8552344109790919, 0.8304035840046199, 0.8548027899778646, 0.8615047234231564, 0.8714503434844912, 0.8706019871420222, 0.8769668349056149, 0.8638333415776024, 0.8799729466571048, 0.871851734516078, 0.8727506699768521, 0.8785884513438692, 0.9072884353711329, 0.9171030651125252, 0.8846638655462185, 0.8726886927369842, 0.8724956743214182, 0.8927935687625611, 0.9235352422265368, 0.8861481090314042, 0.9114619367534381, 0.9041695871561233, 0.9138115867667466, 0.9235055517689977, 0.8909280414068376, 0.9297238492605943, 0.9130369588035491, 0.9224163349550346, 0.8963143093277628],