{"epoch": 90, "macroF1Rumor": 0.699796365914787, "accRumor": 0.7384615384615385, "loss": 0.818398654460907, "trainRumorAcc": [0.3076923076923077, 0.4307692307692308, 0.4461538461538462, 0.4461538461538462, 0.4461538461538462, 0.4461538461538462, 0.46153846153846156, 0.4461538461538462, 0.46153846153846156, 0.47307692307692306, 0.46153846153846156, 0.5076923076923077, 0.5115384615384615, 0.5269230769230769, 0.5230769230769231, 0.5307692307692308, 0.5423076923076923, 0.5576923076923077, 0.5461538461538461, 0.5269230769230769, 0.5423076923076923, 0.5615384615384615, 0.5615384615384615, 0.5692307692307692, 0.5769230769230769, 0.5653846153846154, 0.5769230769230769, 0.5692307692307692, 0.5692307692307692, 0.5769230769230769, 0.5923076923076923, 0.5961538461538461, 0.5846153846153846, 0.6076923076923076, 0.6153846153846154, 0.5923076923076923, 0.6, 0.6076923076923076, 0.6038461538461538, 0.6, 0.6230769230769231, 0.6346153846153846, 0.6038461538461538, 0.6230769230769231, 0.6076923076923076, 0.6, 0.6269230769230769, 0.6423076923076924, 0.6307692307692307, 0.6307692307692307, 0.6346153846153846, 0.6307692307692307, 0.6346153846153846, 0.6538461538461539, 0.6692307692307692, 0.6384615384615384, 0.6730769230769231, 0.6461538461538462, 0.6538461538461539, 0.6576923076923077, 0.6538461538461539, 0.6884615384615385, 0.6692307692307692, 0.676923076923077, 0.6807692307692308, 0.676923076923077, 0.7, 0.7076923076923077, 0.6846153846153846, 0.6961538461538461, 0.7192307692307692, 0.7384615384615385, 0.7153846153846154, 0.7153846153846154, 0.7153846153846154, 0.7346153846153847, 0.7346153846153847, 0.6961538461538461, 0.7269230769230769, 0.7153846153846154, 0.7423076923076923, 0.7346153846153847, 0.7461538461538462, 0.7615384615384615, 0.75, 0.7346153846153847, 0.75, 0.7538461538461538, 0.7615384615384615, 0.7653846153846153, 0.7423076923076923, 0.75, 0.7730769230769231, 0.7692307692307693, 0.7653846153846153, 0.7923076923076923, 0.7884615384615384, 0.7769230769230769, 0.7884615384615384, 0.7653846153846153, 0.7923076923076923, 0.7923076923076923, 0.8115384615384615, 0.8153846153846154, 0.8, 0.8038461538461539, 0.8076923076923077, 0.8076923076923077, 0.7961538461538461, 0.8, 0.8076923076923077, 0.8269230769230769, 0.8269230769230769, 0.8384615384615385, 0.8576923076923076, 0.8461538461538461, 0.85, 0.8115384615384615, 0.8384615384615385, 0.8576923076923076, 0.8846153846153846, 0.85, 0.8653846153846154, 0.8538461538461538, 0.8576923076923076, 0.8846153846153846, 0.8807692307692307, 0.8846153846153846, 0.8730769230769231, 0.8769230769230769, 0.8961538461538462, 0.8769230769230769, 0.8961538461538462, 0.8961538461538462, 0.8846153846153846, 0.8923076923076924, 0.9, 0.8923076923076924, 0.9192307692307692, 0.8961538461538462], "trainRumorF1": [0.2581567793129893, 0.21385343467660978, 0.20567375886524822, 0.20567375886524822, 0.20567375886524822, 0.20567375886524822, 0.23751493428912784, 0.21256684491978609, 0.2547697974217311, 0.27468619438121095, 0.25466789103152737, 0.32758620689655166, 0.34630995255244956, 0.3611111111111111, 0.3609190585934772, 0.36588709993340385, 0.3798578931109052, 0.4003682502914077, 0.3903581449813305, 0.3901824962470801, 0.38493730114168073, 0.415255617062846, 0.4054336468129572, 0.4212798638354401, 0.429778325288958, 0.4226502859860211, 0.4385940615098669, 0.4350536973388847, 0.4281197501472563, 0.43567219488487935, 0.45905504122585317, 0.45444444444444443, 0.45351742274819196, 0.46173182003890156, 0.49481354886182904, 0.469000877015449, 0.48342227098111895, 0.4797051242396124, 0.48576836940856305, 0.49820643505141976, 0.5320605466137407, 0.547708277371767, 0.4977272727272728, 0.5436502213890091, 0.5465222254213639, 0.5194377648001832, 0.5619220696616782, 0.5716571001381129, 0.5756303758689761, 0.5610451900345518, 0.5765610315921642, 0.5758183929144681, 0.5655411255411255, 0.6029348203895967, 0.6331170911823866, 0.5819498669728025, 0.6261660277088154, 0.604021698466143, 0.6106227106227106, 0.6248132418431102, 0.6053104351268231, 0.653942466489995, 0.6317931570489993, 0.6486281586859496, 0.6360944609438339, 0.6421437163860025, 0.6597455620005092, 0.6702830924547188, 0.6538878380763827, 0.6682079813795799, 0.6874577728640747, 0.7102039654681719, 0.685889883709367, 0.6795468841788965, 0.6882814448031839, 0.6975550578574095, 0.7067287005163511, 0.6626249755643352, 0.6998647484954487, 0.6866855175805262, 0.7190992151905791, 0.7038593724464386, 0.7214497920380274, 0.7339206357134356, 0.7263795976518178, 0.712588219651642, 0.7239695273079926, 0.7284300601097199, 0.7336934773909564, 0.7359125363108207, 0.7101962976451622, 0.7150119298799126, 0.7446852425180599, 0.7430082682950441, 0.7352988842191306, 0.7693968253968254, 0.7582468041101863, 0.7497723504404473, 0.7609989706630587, 0.7426635971527613, 0.7733563445101908, 0.7628906609959242, 0.788600181549251, 0.7966976264189887, 0.7773793679864088, 0.7781023660067601, 0.7772212456648772, 0.7886554621848739, 0.767136679844993, 0.7773655879797401, 0.7874426058976397, 0.8036641447856402, 0.8077821869488536, 0.814493972525932, 0.84506484791213, 0.8250530225306894, 0.8326829692855299, 0.7861156680467672, 0.8152706896166811, 0.8365100829603872, 0.8727796710168896, 0.8298687517835467, 0.8467935712296614, 0.8326442235157921, 0.8373261661881782, 0.8693035062329669, 0.8625755836774035, 0.8703873140140433, 0.8542133218489808, 0.8582213065070037, 0.8825905815063447, 0.8627816627816628, 0.8800270610615438, 0.8825252853570404, 0.8704124738607497, 0.8800811679053551, 0.8886457586305411, 0.8725954636807352, 0.9057470192085577, 0.8810896811481266],