{"epoch": 110, "macroF1Rumor": 0.6302808302808303, "accRumor": 0.6615384615384615, "loss": 0.8611811995506287, "trainRumorAcc": [0.4307692307692308, 0.4461538461538462, 0.4461538461538462, 0.4461538461538462, 0.4461538461538462, 0.4461538461538462, 0.4461538461538462, 0.45, 0.4461538461538462, 0.45, 0.45, 0.47307692307692306, 0.4576923076923077, 0.4807692307692308, 0.4807692307692308, 0.49615384615384617, 0.48846153846153845, 0.49615384615384617, 0.49230769230769234, 0.5076923076923077, 0.5076923076923077, 0.5, 0.5076923076923077, 0.4846153846153846, 0.5269230769230769, 0.5230769230769231, 0.5230769230769231, 0.5423076923076923, 0.5346153846153846, 0.5076923076923077, 0.5307692307692308, 0.5384615384615384, 0.5269230769230769, 0.5384615384615384, 0.5230769230769231, 0.5269230769230769, 0.5423076923076923, 0.5384615384615384, 0.5307692307692308, 0.5615384615384615, 0.5423076923076923, 0.55, 0.5423076923076923, 0.5615384615384615, 0.573076923076923, 0.5461538461538461, 0.5423076923076923, 0.5538461538461539, 0.5653846153846154, 0.5769230769230769, 0.5807692307692308, 0.5769230769230769, 0.5923076923076923, 0.6115384615384616, 0.5923076923076923, 0.5923076923076923, 0.5846153846153846, 0.6153846153846154, 0.6, 0.5961538461538461, 0.5769230769230769, 0.5884615384615385, 0.6153846153846154, 0.5961538461538461, 0.6115384615384616, 0.6269230769230769, 0.6, 0.6, 0.6269230769230769, 0.6, 0.6384615384615384, 0.6384615384615384, 0.6538461538461539, 0.6153846153846154, 0.6384615384615384, 0.6538461538461539, 0.6230769230769231, 0.6461538461538462, 0.6423076923076924, 0.6192307692307693, 0.6269230769230769, 0.6269230769230769, 0.6423076923076924, 0.6692307692307692, 0.6269230769230769, 0.6923076923076923, 0.6730769230769231, 0.6269230769230769, 0.6807692307692308, 0.6846153846153846, 0.6576923076923077, 0.6884615384615385, 0.6653846153846154, 0.6807692307692308, 0.6846153846153846, 0.676923076923077, 0.676923076923077, 0.7076923076923077, 0.6961538461538461, 0.6615384615384615, 0.6961538461538461, 0.7, 0.7, 0.6807692307692308, 0.7269230769230769, 0.7269230769230769, 0.7038461538461539, 0.6884615384615385, 0.7230769230769231, 0.6807692307692308, 0.6923076923076923, 0.7076923076923077, 0.7, 0.7038461538461539, 0.7230769230769231, 0.7461538461538462, 0.7307692307692307, 0.7269230769230769, 0.7346153846153847, 0.7307692307692307, 0.7115384615384616, 0.7423076923076923, 0.7538461538461538, 0.7192307692307692, 0.7192307692307692, 0.7076923076923077, 0.7538461538461538, 0.7423076923076923, 0.7192307692307692, 0.75, 0.7461538461538462, 0.7307692307692307, 0.7461538461538462, 0.7384615384615385, 0.7538461538461538, 0.7615384615384615, 0.7730769230769231, 0.7653846153846153, 0.7615384615384615, 0.7692307692307693, 0.75, 0.7, 0.7653846153846153, 0.7730769230769231, 0.7461538461538462, 0.75, 0.7692307692307693, 0.7615384615384615, 0.7807692307692308, 0.7576923076923077, 0.7769230769230769, 0.7769230769230769, 0.7423076923076923, 0.8038461538461539, 0.7923076923076923, 0.8038461538461539, 0.823076923076923, 0.7769230769230769, 0.7961538461538461, 0.8], "trainRumorF1": [0.21041666666666667, 0.20567375886524822, 0.20567375886524822, 0.20567375886524822, 0.20567375886524822, 0.20567375886524822, 0.20567375886524822, 0.214349376114082, 0.20567375886524822, 0.233338113676562, 0.214349376114082, 0.2650444793301936, 0.24749544626593808, 0.27854300581573305, 0.2875120570444691, 0.332010582010582, 0.31319212188777407, 0.3208224947355382, 0.3222966758638812, 0.3506875073451639, 0.34930491195551433, 0.35399083674945747, 0.3571433874572169, 0.332605266351171, 0.3804273504273505, 0.3699432182231943, 0.3758221835454512, 0.39610389610389607, 0.39151462316042923, 0.3659838182131176, 0.38311688311688313, 0.393939393939394, 0.3784067085953879, 0.39570749527782967, 0.37535402577885674, 0.38554852320675104, 0.39746136865342163, 0.393939393939394, 0.392368125701459, 0.4117760576366405, 0.39711375212224115, 0.40674897119341563, 0.4026936026936026, 0.4111965811965812, 0.42603815937149275, 0.3987562662605495, 0.4041442486549193, 0.4094564013674226, 0.43893168977914737, 0.4389018713516151, 0.4405609947245909, 0.4463888888888889, 0.4622619639013082, 0.4831742532525382, 0.4715258456811955, 0.46843879482419154, 0.46539229381760566, 0.486120218579235, 0.46514685417124446, 0.47408812987560606, 0.4510640926353711, 0.4668303284567277, 0.5123575108514868, 0.4800486254346894, 0.4863591926858164, 0.5071607854388874, 0.48715891219927987, 0.49361887261582926, 0.5137723888368217, 0.502482059201144, 0.5250173263852336, 0.5378966184731174, 0.5657885849375212, 0.5138504493948294, 0.5449147324515565, 0.5719994281307815, 0.5326740728079243, 0.5664596828989333, 0.5719922159681196, 0.5368990155154627, 0.5456153289845836, 0.5537669871934329, 0.5639395819251934, 0.5823898525146665, 0.5558030709617946, 0.6309858025186492, 0.5978795461767129, 0.5609399131566818, 0.6112735198526362, 0.6119854334427836, 0.6009651990863081, 0.6465475760856491, 0.6058839594722256, 0.624056120956893, 0.6290107378466425, 0.6230003043238664, 0.632119659325075, 0.6654707308664615, 0.6581142636556649, 0.6118386977432482, 0.6468796055171296, 0.6477244353648849, 0.6514904787684671, 0.6464772873260937, 0.687935692864822, 0.6814179666158952, 0.6633876656181489, 0.6602101602101603, 0.6856072539278646, 0.6325098881936776, 0.6689196419046336, 0.664888427996489, 0.6621943947525343, 0.6644497422417833, 0.683621378949587, 0.7058317669688084, 0.6996263671045663, 0.6921184032123487, 0.6969046956219982, 0.6933425328898384, 0.6816091080104677, 0.7137107317478669, 0.7228070175438596, 0.6821969696969697, 0.6924253438714737, 0.6808130016578596, 0.7214752610373582, 0.7216874628639335, 0.6953937070635181, 0.7224585366792766, 0.7120363637210004, 0.7064465652809669, 0.7147186147186148, 0.7114885855297195, 0.7189818130994601, 0.7226787390488111, 0.7583826429980275, 0.7413478225108331, 0.7417892232194082, 0.7413095041744225, 0.724833658586519, 0.6683778292259767, 0.7434332977811238, 0.7445829830951713, 0.7161881432389312, 0.7216217531124874, 0.7505448908009225, 0.7337123932449411, 0.7553362214241216, 0.7370440108269253, 0.7620029723275329, 0.7561979458450047, 0.6982702133203805, 0.7831357048748352, 0.769518784756205, 0.7805143559064452, 0.8088459383753501, 0.7518959166545125, 0.7810944993794037, 0.7787889408902542],