{"epoch": 60, "macroF1Rumor": 0.6275252525252525, "accRumor": 0.6615384615384615, "loss": 1.020925760269165, "trainRumorAcc": [0.38461538461538464, 0.4807692307692308, 0.47692307692307695, 0.4461538461538462, 0.4461538461538462, 0.49615384615384617, 0.45384615384615384, 0.5153846153846153, 0.5076923076923077, 0.5692307692307692, 0.5384615384615384, 0.5576923076923077, 0.55, 0.5423076923076923, 0.5615384615384615, 0.573076923076923, 0.5653846153846154, 0.5692307692307692, 0.5576923076923077, 0.5692307692307692, 0.5884615384615385, 0.5576923076923077, 0.6153846153846154, 0.5884615384615385, 0.5846153846153846, 0.6038461538461538, 0.6230769230769231, 0.6346153846153846, 0.6076923076923076, 0.5961538461538461, 0.6153846153846154, 0.65, 0.65, 0.6461538461538462, 0.65, 0.6461538461538462, 0.6576923076923077, 0.6730769230769231, 0.6807692307692308, 0.6884615384615385, 0.6884615384615385, 0.6576923076923077, 0.6884615384615385, 0.6884615384615385, 0.7115384615384616, 0.7269230769230769, 0.7076923076923077, 0.7423076923076923, 0.75, 0.7153846153846154, 0.7576923076923077, 0.7730769230769231, 0.7346153846153847, 0.75, 0.7423076923076923, 0.7692307692307693, 0.7730769230769231, 0.7384615384615385, 0.7884615384615384, 0.7653846153846153, 0.8192307692307692, 0.7884615384615384, 0.7884615384615384, 0.8038461538461539, 0.7846153846153846, 0.7769230769230769, 0.8153846153846154, 0.8153846153846154, 0.8269230769230769, 0.8192307692307692, 0.8346153846153846, 0.85, 0.8307692307692308, 0.85, 0.8307692307692308, 0.823076923076923, 0.823076923076923, 0.8461538461538461, 0.823076923076923, 0.8461538461538461, 0.8423076923076923, 0.8576923076923076, 0.85, 0.8769230769230769, 0.8346153846153846, 0.8384615384615385, 0.8115384615384615, 0.8576923076923076, 0.8653846153846154, 0.9038461538461539, 0.8730769230769231, 0.8769230769230769, 0.8730769230769231, 0.8923076923076924, 0.8807692307692307, 0.8807692307692307, 0.8923076923076924, 0.8884615384615384, 0.9153846153846154, 0.8884615384615384, 0.9038461538461539, 0.9, 0.8923076923076924, 0.9115384615384615, 0.8884615384615384, 0.9230769230769231, 0.9153846153846154, 0.9038461538461539, 0.8923076923076924, 0.9076923076923077], "trainRumorF1": [0.32891246684350134, 0.29861973950013104, 0.281039565135084, 0.21256684491978609, 0.20567375886524822, 0.31893431893431895, 0.22192513368983957, 0.3487715149126265, 0.3315184513006655, 0.4133707654875538, 0.37323380431884834, 0.39659294450466237, 0.3930229924113717, 0.39517345399698334, 0.4083672267058482, 0.41997572394659266, 0.41802686696518854, 0.4166236299994262, 0.41476717681536956, 0.41928721174004197, 0.4382589202316458, 0.41395209254105964, 0.4603282399547255, 0.437093745486061, 0.44714295351818123, 0.4599007820075829, 0.4845284485076027, 0.48652318925287835, 0.4907550894771478, 0.47395800106326424, 0.5047395354810666, 0.5323968111879839, 0.5713812537611165, 0.5674820131992743, 0.5619210977701544, 0.5628836410207291, 0.5921526285870377, 0.59705078990314, 0.6216661655534795, 0.6306405671623062, 0.623310168087916, 0.6010475605246847, 0.6369694476212951, 0.6076244492603656, 0.6727416551713388, 0.672655971479501, 0.6658651475571502, 0.6915425048270065, 0.7122321101306318, 0.6711013087142366, 0.7169384800792976, 0.7361621165245732, 0.697618788825399, 0.70647662420015, 0.7014070294173737, 0.7302741296643734, 0.7445428967168097, 0.7029190904197318, 0.7552685732981811, 0.7289758350157237, 0.7975434624698097, 0.7600979380774421, 0.7601445475603206, 0.767130346152929, 0.7585665193912616, 0.7511248762671543, 0.7831468343303357, 0.7780765658780183, 0.7911291540683747, 0.7948868824504743, 0.810064449671969, 0.8188184960863034, 0.8103049061634048, 0.8283710364125046, 0.8095692016853843, 0.797071198474788, 0.8073947000298562, 0.8215859183179445, 0.8043739216417162, 0.8195773106561487, 0.8209726170041667, 0.8426760447460734, 0.8278360249665845, 0.8538865347613805, 0.8043400689682727, 0.8166693872250393, 0.7828741573102476, 0.8393860097296577, 0.8487665369568757, 0.8929142285283067, 0.8498412698412698, 0.8591033433016467, 0.8552876381735524, 0.8743109317866601, 0.8690217917399797, 0.8676819411685401, 0.8817311649430951, 0.8720378804308537, 0.9043115082135046, 0.8705994620073194, 0.8922606501253885, 0.8864024864024863, 0.8771284271284271, 0.896836590918992, 0.8743920285925847, 0.914677160504794, 0.9034572724669658, 0.8916666666666667, 0.8766278356836296, 0.898730662871175], "trainLoss": [1.0930066108703613, 1.0707107782363892, 1.063256025314331, 1.0523849725723267, 1.05135178565979, 1.0479861497879028, 1.0463606119155884, 1.0387029647827148, 1.0315697193145752, 1.025611162185669, 1.0236082077026367, 1.014311671257019, 1.0083575248718262, 0.9925364851951599, 0.9908910989761353, 0.9808787703514099, 0.9676029682159424, 0.9529501795768738, 0.9488087296485901, 0.9370784759521484, 0.9208316206932068, 0.9145630598068237, 0.8893070816993713, 0.8960966467857361, 0.889036238193512, 0.8669260144233704, 0.8497092127799988, 0.8423840403556824, 0.8235212564468384, 0.8151519298553467, 0.8196771740913391, 0.801664412021637, 0.7987828254699707, 0.7786749005317688, 0.7771887183189392, 0.7656093239784241, 0.7661906480789185, 0.7504631280899048, 0.7294546961784363, 0.72410649061203, 0.7233297824859619, 0.7277438044548035, 0.7421273589134216, 0.7024765014648438, 0.7215257883071899, 0.660372793674469, 0.6904791593551636, 0.6694053411483765, 0.6589048504829407, 0.6565608978271484, 0.6270115375518799, 0.6333199739456177, 0.6493130922317505, 0.6013755798339844, 0.6112884283065796, 0.5922335386276245, 0.5811113119125366, 0.5972956418991089, 0.5609150528907776, 0.5579046010971069, 0.5297306776046753, 0.5336504578590393, 0.5616781711578369, 0.5508450269699097, 0.5404365062713623, 0.538221001625061, 0.4974637031555176, 0.5099613070487976, 0.49793437123298645, 0.4593662619590759, 0.469405859708786, 0.4358568489551544, 0.46611088514328003, 0.42738956212997437, 0.45371514558792114, 0.4733368754386902, 0.4666970372200012, 0.4172579050064087, 0.4211180806159973, 0.39325863122940063, 0.41020840406417847, 0.401122123003006, 0.40189599990844727, 0.3753278851509094, 0.3774113953113556, 0.39106473326683044, 0.3904903531074524, 0.3344571590423584, 0.3707622289657593, 0.33435118198394775, 0.33708617091178894, 0.3466587960720062, 0.3375888168811798, 0.30510053038597107, 0.33805736899375916, 0.3459467887878418, 0.2957198917865753, 0.276807963848114, 0.2818692922592163, 0.3167671859264374, 0.27821576595306396, 0.2780464291572571, 0.2565750479698181, 0.2655668258666992, 0.2634468674659729, 0.2763393521308899, 0.25488489866256714, 0.24789994955062866, 0.2443566620349884, 0.23097704350948334], "testRumorAcc": [0.47692307692307695, 0.47692307692307695, 0.49230769230769234, 0.5230769230769231, 0.5692307692307692, 0.6461538461538462, 0.6307692307692307, 0.6153846153846154, 0.6153846153846154, 0.6461538461538462, 0.6153846153846154, 0.6615384615384615, 0.6307692307692307, 0.5846153846153846, 0.6, 0.6153846153846154, 0.5846153846153846, 0.6153846153846154, 0.5846153846153846, 0.6153846153846154, 0.6307692307692307, 0.6], "testRumorF1": [0.2707509881422925, 0.2707509881422925, 0.29722846441947565, 0.345679012345679, 0.41135902636916843, 0.5758740679370339, 0.57761533979554, 0.5590739841346932, 0.5544233140780165, 0.6061577311577312, 0.5676786843769767, 0.6275252525252525, 0.5984625115554907, 0.5594801855168297, 0.5622863247863248, 0.5788597335901139, 0.5623143881208398, 0.5533872808382613, 0.5623143881208398, 0.5721733463668948, 0.5914438502673797, 0.5810496438612093], "testLoss": [1.059556007385254, 1.0448269844055176, 1.029893398284912, 1.0109444856643677, 1.0028284788131714, 0.9718282222747803, 0.9870051741600037, 0.9898293018341064, 0.9945816993713379, 1.0107110738754272, 1.0145313739776611, 1.020925760269165, 1.0559422969818115, 1.0480760335922241, 1.0868765115737915, 1.1601989269256592, 1.140092134475708, 1.1201163530349731, 1.1836936473846436, 1.2161834239959717, 1.2563728094100952, 1.2413774728775024]}