{"epoch": 70, "macroF1Rumor": 0.5662037037037037, "accRumor": 0.6, "loss": 0.9099903106689453, "trainRumorAcc": [0.4269230769230769, 0.4461538461538462, 0.4461538461538462, 0.4461538461538462, 0.4461538461538462, 0.4423076923076923, 0.4807692307692308, 0.4807692307692308, 0.4807692307692308, 0.49615384615384617, 0.5, 0.5230769230769231, 0.5115384615384615, 0.5423076923076923, 0.5230769230769231, 0.5230769230769231, 0.5346153846153846, 0.5307692307692308, 0.5576923076923077, 0.5538461538461539, 0.55, 0.5692307692307692, 0.5653846153846154, 0.5846153846153846, 0.6038461538461538, 0.6153846153846154, 0.6230769230769231, 0.6307692307692307, 0.6115384615384616, 0.6076923076923076, 0.6307692307692307, 0.6307692307692307, 0.6423076923076924, 0.6423076923076924, 0.6423076923076924, 0.6730769230769231, 0.7, 0.6461538461538462, 0.6653846153846154, 0.7, 0.6923076923076923, 0.6807692307692308, 0.7192307692307692, 0.6961538461538461, 0.7269230769230769, 0.7346153846153847, 0.7192307692307692, 0.7307692307692307, 0.7230769230769231, 0.7538461538461538, 0.7423076923076923, 0.7384615384615385, 0.7576923076923077, 0.7230769230769231, 0.7769230769230769, 0.7692307692307693, 0.7423076923076923, 0.7576923076923077, 0.7884615384615384, 0.7884615384615384, 0.8, 0.7884615384615384, 0.8, 0.7769230769230769, 0.7846153846153846, 0.7730769230769231, 0.8076923076923077, 0.8269230769230769, 0.8192307692307692, 0.8038461538461539, 0.8269230769230769, 0.8346153846153846, 0.8269230769230769, 0.8461538461538461, 0.8346153846153846, 0.8461538461538461, 0.8461538461538461, 0.8615384615384616, 0.8692307692307693, 0.8423076923076923, 0.8730769230769231, 0.8576923076923076, 0.8576923076923076, 0.8615384615384616, 0.8769230769230769, 0.8730769230769231, 0.8884615384615384, 0.8884615384615384, 0.8884615384615384, 0.8730769230769231, 0.8807692307692307, 0.8807692307692307, 0.9115384615384615, 0.9192307692307692, 0.8961538461538462, 0.9230769230769231, 0.8961538461538462, 0.9192307692307692, 0.9307692307692308, 0.9230769230769231, 0.9307692307692308, 0.9346153846153846, 0.9384615384615385, 0.9653846153846154, 0.95, 0.9384615384615385, 0.95, 0.9692307692307692, 0.9615384615384616, 0.9461538461538461, 0.9615384615384616, 0.9615384615384616, 0.9692307692307692, 0.9538461538461539, 0.9807692307692307, 0.9769230769230769, 0.9730769230769231, 0.9576923076923077, 0.9692307692307692, 0.9769230769230769], "trainRumorF1": [0.24909801765333697, 0.20567375886524822, 0.20567375886524822, 0.20622222222222222, 0.20567375886524822, 0.21170848267622458, 0.3065987101791042, 0.3057936349744203, 0.30631175640250047, 0.35283446712018146, 0.3291423001949318, 0.3721244131455399, 0.36326291079812206, 0.3905670971364403, 0.38362139917695465, 0.37473591549295776, 0.40434998757146406, 0.38863750628456506, 0.417680091883247, 0.4156456565691558, 0.41703412288610225, 0.4420591085599659, 0.4361973883802109, 0.4519313344696864, 0.4703580657069029, 0.5013135813057197, 0.4871916505258529, 0.5251506959432085, 0.5016745183703548, 0.511223642258125, 0.5300476981469414, 0.5304722476144949, 0.5723370591415301, 0.5665499438203123, 0.5654254728824849, 0.6057659701318908, 0.6511421662072402, 0.5897160527007597, 0.6023156873295269, 0.6454267893178186, 0.6462005677691952, 0.6318397678304458, 0.6739673891197181, 0.6588002500898654, 0.6902196038747536, 0.6967792737393005, 0.6843210878695666, 0.7028614480987745, 0.6826379674676888, 0.731490611067814, 0.7092849179805704, 0.7064474292790145, 0.728867763725772, 0.6968797200915886, 0.7551475176475178, 0.7477149599574622, 0.7188414063414065, 0.7329846110100727, 0.7691719257984317, 0.7778122584315682, 0.7837910367932611, 0.7730662967377944, 0.787268996667493, 0.7581842329949721, 0.7667588612760042, 0.7493201978760241, 0.7903899815920642, 0.8139957812140528, 0.805334595959596, 0.787393901213887, 0.8154851713779708, 0.8194291010194625, 0.8154073011318349, 0.8306659751526438, 0.8230976851547492, 0.8318638163028901, 0.8276812792941826, 0.8499895585706971, 0.859211325216502, 0.8263239875389408, 0.8633870566222587, 0.8500515357658216, 0.844357757334009, 0.8470855008670135, 0.8674830030991673, 0.8570535155901009, 0.8762367133767333, 0.8753892254576249, 0.8757839665677736, 0.8565101923629056, 0.8655408002579077, 0.8665809638126044, 0.9059552571859566, 0.9082306847886077, 0.8851215429044879, 0.91608434306, 0.8855584266436979, 0.9126207954875368, 0.9246767587040737, 0.912367981391944, 0.922030144339959, 0.9250848638341332, 0.9321313174107376, 0.9615829306035835, 0.9434605927510934, 0.9296577393160402, 0.945481242895036, 0.9655053086722113, 0.9566045548654244, 0.9416730006566666, 0.9571428571428573, 0.957279530915011, 0.964729791381527, 0.9468341241691882, 0.9780585415794127, 0.9731355252606256, 0.9723858132602444, 0.9538200760168724, 0.9647977824944203, 0.9740613687789037], "trainLoss": [1.0879276990890503, 1.0691046714782715, 1.0621529817581177, 1.0585423707962036, 1.0533037185668945, 1.050741195678711, 1.0431756973266602, 1.040420413017273, 1.0366501808166504, 1.0302236080169678, 1.0266242027282715, 1.0178731679916382, 1.013168454170227, 1.0100122690200806, 1.004908800125122, 0.9944745302200317, 0.9905200600624084, 0.9900252223014832, 0.9789679050445557, 0.9684585928916931, 0.9605386257171631, 0.9456865787506104, 0.9342101812362671, 0.9284440279006958, 0.9129341244697571, 0.9022989273071289, 0.8864253163337708, 0.8762695789337158, 0.8581627011299133, 0.8608675599098206, 0.8498278260231018, 0.834765613079071, 0.8276000618934631, 0.82476806640625, 0.8090313076972961, 0.7983514070510864, 0.778648316860199, 0.7983105778694153, 0.7714885473251343, 0.7650786638259888, 0.7465323805809021, 0.7370240688323975, 0.7392704486846924, 0.7332051396369934, 0.7241761684417725, 0.7100343108177185, 0.7258807420730591, 0.6990918517112732, 0.705184280872345, 0.6896265149116516, 0.6847447156906128, 0.6656718850135803, 0.6700721979141235, 0.660099983215332, 0.6216316223144531, 0.6241545081138611, 0.6289666891098022, 0.6278281211853027, 0.6082537174224854, 0.5998015403747559, 0.5686467289924622, 0.585006833076477, 0.5625002384185791, 0.5619966387748718, 0.556808590888977, 0.5506570935249329, 0.5372045636177063, 0.5212077498435974, 0.5113354325294495, 0.5095854997634888, 0.511968195438385, 0.4848458170890808, 0.47699669003486633, 0.44956740736961365, 0.4498120844364166, 0.4335843622684479, 0.4391348958015442, 0.43363508582115173, 0.4093399941921234, 0.38738203048706055, 0.3889317214488983, 0.3712119460105896, 0.37427636981010437, 0.35547229647636414, 0.32715171575546265, 0.32842278480529785, 0.3310812711715698, 0.3203243017196655, 0.30533090233802795, 0.3085813522338867, 0.3240344524383545, 0.27946341037750244, 0.25117433071136475, 0.24499483406543732, 0.2556932866573334, 0.22408607602119446, 0.2549864649772644, 0.23681996762752533, 0.21681319177150726, 0.19636096060276031, 0.17461375892162323, 0.18021532893180847, 0.18246261775493622, 0.1558203399181366, 0.16957546770572662, 0.16757729649543762, 0.163130983710289, 0.13070987164974213, 0.1352076679468155, 0.1410285383462906, 0.11594703048467636, 0.12094517052173615, 0.09862525761127472, 0.11110813915729523, 0.10280098021030426, 0.09096140414476395, 0.09457938373088837, 0.11739035695791245, 0.08658918738365173, 0.08064411580562592], "testRumorAcc": [0.4461538461538462, 0.4153846153846154, 0.47692307692307695, 0.46153846153846156, 0.5538461538461539, 0.5846153846153846, 0.6153846153846154, 0.6307692307692307, 0.6, 0.6, 0.6153846153846154, 0.6153846153846154, 0.6153846153846154, 0.6, 0.6, 0.5692307692307692, 0.5538461538461539, 0.5692307692307692, 0.5692307692307692, 0.5692307692307692, 0.5230769230769231, 0.5692307692307692, 0.5846153846153846, 0.5692307692307692],