{"epoch": 105, "macroF1Rumor": 0.661164641809803, "accRumor": 0.676923076923077, "loss": 0.8932590484619141, "trainRumorAcc": [0.33076923076923076, 0.4269230769230769, 0.4346153846153846, 0.4461538461538462, 0.4461538461538462, 0.4461538461538462, 0.4461538461538462, 0.4461538461538462, 0.4461538461538462, 0.4461538461538462, 0.4461538461538462, 0.4461538461538462, 0.4461538461538462, 0.4461538461538462, 0.4461538461538462, 0.46153846153846156, 0.45, 0.46923076923076923, 0.46153846153846156, 0.48846153846153845, 0.5, 0.5115384615384615, 0.5153846153846153, 0.5230769230769231, 0.5461538461538461, 0.5269230769230769, 0.5384615384615384, 0.5461538461538461, 0.5692307692307692, 0.5461538461538461, 0.5846153846153846, 0.5807692307692308, 0.5846153846153846, 0.5923076923076923, 0.5769230769230769, 0.5884615384615385, 0.5923076923076923, 0.5884615384615385, 0.6230769230769231, 0.6307692307692307, 0.6153846153846154, 0.6423076923076924, 0.6076923076923076, 0.6423076923076924, 0.6269230769230769, 0.6461538461538462, 0.6423076923076924, 0.6538461538461539, 0.6692307692307692, 0.65, 0.6807692307692308, 0.6730769230769231, 0.676923076923077, 0.6846153846153846, 0.6846153846153846, 0.6923076923076923, 0.6730769230769231, 0.7153846153846154, 0.6884615384615385, 0.6923076923076923, 0.6807692307692308, 0.7269230769230769, 0.6807692307692308, 0.6923076923076923, 0.7038461538461539, 0.7038461538461539, 0.7307692307692307, 0.7153846153846154, 0.7346153846153847, 0.7076923076923077, 0.7230769230769231, 0.7615384615384615, 0.7269230769230769, 0.7346153846153847, 0.7423076923076923, 0.7346153846153847, 0.7730769230769231, 0.7692307692307693, 0.7461538461538462, 0.7538461538461538, 0.7807692307692308, 0.7538461538461538, 0.8038461538461539, 0.7307692307692307, 0.7538461538461538, 0.7846153846153846, 0.7884615384615384, 0.7807692307692308, 0.7884615384615384, 0.7961538461538461, 0.8076923076923077, 0.7884615384615384, 0.8, 0.8, 0.7807692307692308, 0.8269230769230769, 0.7961538461538461, 0.8307692307692308, 0.8461538461538461, 0.8153846153846154, 0.8461538461538461, 0.8346153846153846, 0.8307692307692308, 0.8384615384615385, 0.8461538461538461, 0.8538461538461538, 0.8961538461538462, 0.8423076923076923, 0.8384615384615385, 0.8615384615384616, 0.8692307692307693, 0.8730769230769231, 0.8653846153846154, 0.8692307692307693, 0.8576923076923076, 0.8615384615384616, 0.8846153846153846, 0.8923076923076924, 0.8846153846153846, 0.8961538461538462, 0.8846153846153846, 0.9192307692307692, 0.9038461538461539, 0.8730769230769231, 0.8846153846153846, 0.9038461538461539, 0.9, 0.9, 0.9192307692307692, 0.9346153846153846, 0.9115384615384615, 0.9192307692307692, 0.9346153846153846, 0.9115384615384615, 0.9153846153846154, 0.926923076923077, 0.926923076923077, 0.9346153846153846, 0.9423076923076923, 0.9384615384615385, 0.9230769230769231, 0.9346153846153846, 0.9461538461538461, 0.926923076923077, 0.9538461538461539, 0.9538461538461539, 0.9615384615384616, 0.9576923076923077, 0.95, 0.9576923076923077, 0.9615384615384616, 0.9692307692307692, 0.95, 0.9807692307692307, 0.9769230769230769], "trainRumorF1": [0.24041000155303618, 0.27556237218813906, 0.2041553748870822, 0.20622222222222222, 0.20622222222222222, 0.20567375886524822, 0.20567375886524822, 0.20622222222222222, 0.20677361853832443, 0.20622222222222222, 0.20677361853832443, 0.2078853046594982, 0.20732797140303846, 0.2078853046594982, 0.20732797140303846, 0.2547697974217311, 0.21529271206690562, 0.26333159631752645, 0.2547697974217311, 0.29922577945176815, 0.3204761904761905, 0.33384892359966534, 0.34854497354497355, 0.3547498444859149, 0.39144412024559916, 0.36786544999105386, 0.37312649351666866, 0.38647342995169076, 0.42253635021731073, 0.4002622009856953, 0.44330240719735525, 0.4357284180910077, 0.44451476793248945, 0.4570851804344751, 0.4559660815692641, 0.4983162539553517, 0.48659466380333544, 0.4943396226415093, 0.5351555244897828, 0.5435979827732405, 0.5359248286800132, 0.5885201760249922, 0.5388086168573973, 0.5743551609987234, 0.575719853584078, 0.6009656311543105, 0.5885817824457957, 0.6100298144166595, 0.6141489639672898, 0.5982408166985689, 0.6378592077335753, 0.617405092118148, 0.6398876820363619, 0.6433641975308643, 0.6379422925774596, 0.6478248515984365, 0.6323235191012974, 0.6783724555721088, 0.6386266340761396, 0.6621699960830396, 0.6312305444380916, 0.707012987012987, 0.6285698907879761, 0.6512195479561792, 0.6651681855352964, 0.6680104051587022, 0.6971116239048811, 0.6876833001833002, 0.6947912315401509, 0.6766341353431894, 0.6932204270549834, 0.7352892831341874, 0.6901672119229372, 0.7107973488976613, 0.706202641507017, 0.7041341485785931, 0.744711403754553, 0.7377084167000133, 0.712933712933713, 0.7190071185322395, 0.7450883706539816, 0.7115959747336317, 0.781469945484525, 0.7037646186358746, 0.7221012205387206, 0.760256979645655, 0.7582624148224085, 0.7549017268842405, 0.7620990309170931, 0.7739848788392477, 0.780331683011472, 0.7704601965242599, 0.7811417802505146, 0.7725147553601777, 0.7585356140299755, 0.8014876981226967, 0.7675941334937116, 0.8138406036788511, 0.8321162016774212, 0.7825273805694248, 0.828539816697392, 0.8127468328371812, 0.8027275364120413, 0.827226042610658, 0.8332069370838767, 0.8364237176589993, 0.8820663148980522, 0.8279528998756674, 0.8263903024292869, 0.8452191960634737, 0.854449559240717, 0.8571102068396707, 0.8537938633874003, 0.8537150585566735, 0.8424316986132147, 0.8489975930227672, 0.8719896754084789, 0.8810856204021705, 0.8737805300812748, 0.882884819127054, 0.874177434626675, 0.912969756870429, 0.8924651222111141, 0.8609989528590164, 0.8732974016036197, 0.8970262535772054, 0.8885085117403366, 0.8908247119213867, 0.9101807131315874, 0.9285049575112297, 0.8986382353138315, 0.9123262554308523, 0.9258403361344537, 0.9004345004345004, 0.9073079153416176, 0.919548436497589, 0.9210092930413406, 0.9262010359589229, 0.9386747608641374, 0.9273973585989089, 0.917974323730446, 0.9308845577211394, 0.9363775869934884, 0.923076923076923, 0.9498870241708349, 0.9489313146894761, 0.9578424734231693, 0.9522708303498715, 0.945389555740385, 0.9577419454914918, 0.9592525928732826, 0.9666160823840236, 0.9443490522997803, 0.9775833999971931, 0.9741379310344828],