{"epoch": 135, "macroF1Rumor": 0.6625170625170625, "accRumor": 0.6923076923076923, "loss": 1.8334803581237793, "trainRumorAcc": [0.4, 0.4461538461538462, 0.4423076923076923, 0.4461538461538462, 0.45, 0.46923076923076923, 0.4576923076923077, 0.5115384615384615, 0.5153846153846153, 0.5, 0.5346153846153846, 0.5384615384615384, 0.55, 0.5192307692307693, 0.5653846153846154, 0.5461538461538461, 0.5538461538461539, 0.573076923076923, 0.5846153846153846, 0.5769230769230769, 0.5846153846153846, 0.5846153846153846, 0.6, 0.6192307692307693, 0.6153846153846154, 0.6423076923076924, 0.6038461538461538, 0.6115384615384616, 0.6384615384615384, 0.6384615384615384, 0.6576923076923077, 0.6692307692307692, 0.6692307692307692, 0.6730769230769231, 0.6884615384615385, 0.6615384615384615, 0.6923076923076923, 0.6923076923076923, 0.7269230769230769, 0.7, 0.7, 0.7230769230769231, 0.7192307692307692, 0.7153846153846154, 0.7346153846153847, 0.7346153846153847, 0.7423076923076923, 0.75, 0.7461538461538462, 0.7538461538461538, 0.7692307692307693, 0.7846153846153846, 0.7615384615384615, 0.7538461538461538, 0.7807692307692308, 0.7884615384615384, 0.7730769230769231, 0.7884615384615384, 0.7884615384615384, 0.8076923076923077, 0.8115384615384615, 0.8076923076923077, 0.8153846153846154, 0.8038461538461539, 0.8307692307692308, 0.8423076923076923, 0.8192307692307692, 0.8115384615384615, 0.8538461538461538, 0.8461538461538461, 0.85, 0.8615384615384616, 0.8692307692307693, 0.8615384615384616, 0.8769230769230769, 0.8576923076923076, 0.8730769230769231, 0.8769230769230769, 0.9, 0.8807692307692307, 0.8923076923076924, 0.8961538461538462, 0.9115384615384615, 0.9192307692307692, 0.9153846153846154, 0.8961538461538462, 0.926923076923077, 0.9192307692307692, 0.926923076923077, 0.926923076923077, 0.9230769230769231, 0.9384615384615385, 0.9461538461538461, 0.9615384615384616, 0.9307692307692308, 0.9423076923076923, 0.9423076923076923, 0.95, 0.9576923076923077, 0.95, 0.9730769230769231, 0.9653846153846154, 0.9692307692307692, 0.9615384615384616, 0.9653846153846154, 0.9923076923076923, 0.9846153846153847, 0.9807692307692307, 0.9884615384615385, 0.9846153846153847, 0.9807692307692307, 0.9961538461538462, 0.9769230769230769, 0.9923076923076923, 0.9807692307692307, 0.9846153846153847, 0.9923076923076923, 0.9807692307692307, 0.9846153846153847, 0.9884615384615385, 0.9884615384615385, 0.9961538461538462, 1.0, 1.0, 0.9923076923076923, 1.0, 1.0, 0.9961538461538462, 0.9923076923076923, 0.9961538461538462, 0.9884615384615385, 1.0, 1.0, 0.9923076923076923, 1.0, 1.0, 1.0, 1.0, 1.0, 1.0, 1.0, 0.9961538461538462, 1.0, 0.9923076923076923, 1.0, 1.0, 0.9884615384615385, 1.0, 1.0, 1.0, 1.0, 1.0, 0.9884615384615385, 0.9961538461538462, 0.9961538461538462, 1.0, 1.0, 1.0, 1.0, 1.0, 1.0, 1.0, 1.0, 1.0, 1.0, 1.0, 0.9961538461538462, 1.0, 1.0, 0.9961538461538462, 1.0, 0.9923076923076923, 1.0, 0.9961538461538462, 1.0, 0.9961538461538462, 1.0, 0.9923076923076923, 1.0, 1.0, 1.0, 1.0, 1.0, 1.0, 1.0], "trainRumorF1": [0.24966078697421978, 0.20567375886524822, 0.20444444444444443, 0.20567375886524822, 0.21388505747126438, 0.2632019959516076, 0.23619271445358406, 0.3440223961315772, 0.36662678124660064, 0.3170454545454546, 0.38051603568844955, 0.39049110716647534, 0.4044155364507458, 0.35665765659889526, 0.41854304635761586, 0.3953817698398936, 0.40640257784315786, 0.42523476345828976, 0.43487890606191915, 0.44652038357869017, 0.4448142565648487, 0.45121968492424663, 0.46261264047839984, 0.484298196544877, 0.48706848706848715, 0.5242011956297671, 0.49343412426916244, 0.50758739008141, 0.5538988103715097, 0.5664138493908003, 0.5850633778691332, 0.5920962632298941, 0.6037769601751221, 0.6126653833970906, 0.6401042613489164, 0.6297375297375297, 0.6384190849207761, 0.6510693984378196, 0.6849932225434658, 0.6642386987214574, 0.6548011969395617, 0.6882255413661751, 0.6725875103233593, 0.6773231555667039, 0.695106274305538, 0.6974957111588744, 0.6999392447528434, 0.7176072337331879, 0.7085934178133044, 0.7261674340400989, 0.7242763866534223, 0.7570986015557238, 0.7322196004875741, 0.7150071723165486, 0.7571907484372083, 0.7551223155929039, 0.7410765044316839, 0.7581630265862339, 0.7522119959094749, 0.7781649128581373, 0.7845036285492849, 0.7785979534787524, 0.7723818908068131, 0.7722795978235091, 0.7983309026089774, 0.8157130796312222, 0.7823413033308131, 0.782045039233413, 0.8269538898379786, 0.8241794006581454, 0.8269833500622163, 0.8401332413917473, 0.846145145537998, 0.8392057677771964, 0.8580289992368622, 0.8384984714914111, 0.8515012094910533, 0.8631156161490171, 0.8796628845409332, 0.8612388237153715, 0.8797866152622692, 0.8838935574229692, 0.8986438779198558, 0.9077118853626117, 0.9033636052702779, 0.8818640453528891, 0.9171807880873631, 0.9063420205604485, 0.9145013792012932, 0.9178602623604237, 0.9100092100788331, 0.9289807158869428, 0.9395628551283647, 0.9552704075186044, 0.9236040416761412, 0.9357945408880418, 0.9342631877014975, 0.9424369747899161, 0.9514733568630516, 0.9406766274513206, 0.9689660038497246, 0.9604920083310945, 0.9638120500189465, 0.9544612873866241, 0.9612463953290443, 0.9913793103448275, 0.9822499605238294, 0.9792625772468998, 0.986504002334093, 0.9837565472774185, 0.9799515839898124, 0.9956708341108417, 0.973616831201045, 0.9909579633040829, 0.9783541705542077, 0.9819054331259096, 0.9908830898466139, 0.9768533363376114, 0.9832395773319783, 0.9889375830299839, 0.9866301104958093, 0.9957079957079958, 1.0, 1.0, 0.991451731761238, 1.0, 1.0, 0.9957079957079958, 0.9923011037833684, 0.9956708341108417, 0.9869743051823234, 1.0, 1.0, 0.9932504677893611, 1.0, 1.0, 1.0, 1.0, 1.0, 1.0, 1.0, 0.9957079957079958, 1.0, 0.9903769045709704, 1.0, 1.0, 0.9875551506400339, 1.0, 1.0, 1.0, 1.0, 1.0, 0.9880719604180799, 0.9956708341108417, 0.9952016794122057, 1.0, 1.0, 1.0, 1.0, 1.0, 1.0, 1.0, 1.0, 1.0, 1.0, 1.0, 0.9956708341108417, 1.0, 1.0, 0.9966200670966878, 1.0, 0.9913793103448275, 1.0, 0.9952016794122057, 1.0, 0.9966302162833954, 1.0, 0.9932504677893611, 1.0, 1.0, 1.0, 1.0, 1.0, 1.0, 1.0],