{"epoch": 55, "macroF1Rumor": 0.5398148148148149, "accRumor": 0.5846153846153846, "loss": 1.027971863746643, "trainRumorAcc": [0.4461538461538462, 0.4461538461538462, 0.4461538461538462, 0.4461538461538462, 0.4461538461538462, 0.4461538461538462, 0.4461538461538462, 0.4461538461538462, 0.4461538461538462, 0.4461538461538462, 0.4461538461538462, 0.45, 0.5038461538461538, 0.47692307692307695, 0.5038461538461538, 0.49615384615384617, 0.5384615384615384, 0.55, 0.55, 0.5615384615384615, 0.5423076923076923, 0.5538461538461539, 0.573076923076923, 0.5692307692307692, 0.5692307692307692, 0.5923076923076923, 0.5807692307692308, 0.5884615384615385, 0.5961538461538461, 0.5807692307692308, 0.6, 0.5884615384615385, 0.6269230769230769, 0.6115384615384616, 0.6346153846153846, 0.6269230769230769, 0.6461538461538462, 0.6538461538461539, 0.6730769230769231, 0.6807692307692308, 0.6730769230769231, 0.6884615384615385, 0.6692307692307692, 0.6923076923076923, 0.7153846153846154, 0.7192307692307692, 0.6846153846153846, 0.6807692307692308, 0.7230769230769231, 0.7038461538461539, 0.7115384615384616, 0.7115384615384616, 0.7192307692307692, 0.7230769230769231, 0.7423076923076923, 0.7461538461538462, 0.7423076923076923, 0.7423076923076923, 0.7423076923076923, 0.7384615384615385, 0.7307692307692307, 0.7576923076923077, 0.7461538461538462, 0.7576923076923077, 0.7538461538461538, 0.7576923076923077, 0.7730769230769231, 0.7692307692307693, 0.7807692307692308, 0.7769230769230769, 0.8038461538461539, 0.7884615384615384, 0.7884615384615384, 0.8115384615384615, 0.8115384615384615, 0.8192307692307692, 0.8192307692307692, 0.8423076923076923, 0.8076923076923077, 0.8, 0.8269230769230769, 0.8307692307692308, 0.8346153846153846, 0.85, 0.8423076923076923, 0.8538461538461538, 0.8461538461538461, 0.8576923076923076, 0.823076923076923, 0.8807692307692307, 0.8576923076923076, 0.8769230769230769, 0.8653846153846154, 0.8884615384615384, 0.8615384615384616, 0.8923076923076924, 0.8923076923076924, 0.9, 0.9115384615384615, 0.9115384615384615, 0.9192307692307692, 0.8923076923076924, 0.9115384615384615, 0.9, 0.9230769230769231], "trainRumorF1": [0.21303129800885623, 0.20567375886524822, 0.20567375886524822, 0.20567375886524822, 0.20567375886524822, 0.20567375886524822, 0.20567375886524822, 0.20567375886524822, 0.20622222222222222, 0.20567375886524822, 0.21256684491978609, 0.22090800477897252, 0.3396716122650841, 0.2811546840958606, 0.32960274248840493, 0.3112682035155201, 0.3872292103424179, 0.3888888888888889, 0.39773756655840575, 0.4106386150209748, 0.39393939393939387, 0.40517185925338256, 0.43137111961606217, 0.4393504190768558, 0.42918353576248314, 0.4580993242373099, 0.4486527903336053, 0.4717733000969395, 0.4750895555462496, 0.4529347686787133, 0.48314121839848534, 0.5127380011590538, 0.5293277845211259, 0.5291053610688314, 0.5591509260957271, 0.5575211952515555, 0.5741591367644148, 0.6033064827449753, 0.6200076676091436, 0.6216209114330941, 0.6143653012492608, 0.6247409461615303, 0.6208903636755697, 0.6359201554978512, 0.6692518536209088, 0.6818459231057656, 0.6410395896320009, 0.613243795915276, 0.6856525691769669, 0.6626300766767779, 0.6661791293991323, 0.670626694826867, 0.682713325390171, 0.6780538535288144, 0.703973374295955, 0.7115067055460207, 0.7075545481057292, 0.7125694640948249, 0.7072566752799311, 0.7008367131987675, 0.6972955360052134, 0.7199015108051253, 0.7072140166051732, 0.7233076864985261, 0.7254355331278407, 0.7143384152079805, 0.7475750379992316, 0.7365501666253547, 0.7542193611731357, 0.7412060381506023, 0.7729052254538485, 0.7591218254621249, 0.7626633025522424, 0.7842279233848558, 0.7855625385635694, 0.7843229963380152, 0.7924308312850569, 0.8160544217687075, 0.7860410039274801, 0.767945988978289, 0.790910037145184, 0.8033218807069676, 0.8134095444738153, 0.8238698460009936, 0.8174791840777541, 0.8245767811614172, 0.8234200923944476, 0.8335180197304387, 0.7943975633814523, 0.8568130745658836, 0.8296241684752474, 0.8564348654995233, 0.8453838554253492, 0.8650622367695538, 0.8410610781300436, 0.871318939560843, 0.874043973062605, 0.8840654361615873, 0.8973581973581974, 0.8978821590515796, 0.9035217789116365, 0.875773995351044, 0.895349779398343, 0.8868695684817088, 0.9130676094087358], "trainLoss": [1.0804692506790161, 1.0710691213607788, 1.0658130645751953, 1.0634586811065674, 1.061714768409729, 1.0588964223861694, 1.0570586919784546, 1.0536675453186035, 1.0529463291168213, 1.0491924285888672, 1.0445842742919922, 1.0392876863479614, 1.0357027053833008, 1.031154751777649, 1.0253214836120605, 1.0199638605117798, 1.0099878311157227, 1.004243016242981, 0.9955741167068481, 0.9913636445999146, 0.9813339114189148, 0.9673008322715759, 0.9599629640579224, 0.949091374874115, 0.9356406927108765, 0.9268828630447388, 0.9154530167579651, 0.9000778198242188, 0.8968856334686279, 0.8740504384040833, 0.865656316280365, 0.8625514507293701, 0.8398774862289429, 0.8387589454650879, 0.8200793862342834, 0.8140234351158142, 0.801848292350769, 0.7956185936927795, 0.7772786617279053, 0.7724780440330505, 0.7633233070373535, 0.7460853457450867, 0.7479433417320251, 0.7252395153045654, 0.7227567434310913, 0.7222835421562195, 0.7219091057777405, 0.7174633741378784, 0.7138727307319641, 0.6985586285591125, 0.7021084427833557, 0.6789124011993408, 0.681395947933197, 0.6563891172409058, 0.6551889777183533, 0.6605648398399353, 0.6543697118759155, 0.6283321380615234, 0.6224073171615601, 0.6312008500099182, 0.6317954063415527, 0.6060385704040527, 0.6015756130218506, 0.5894637107849121, 0.5853146910667419, 0.5786332488059998, 0.5753809213638306, 0.5592933893203735, 0.5602660775184631, 0.5344594717025757, 0.5275060534477234, 0.543064296245575, 0.5260523557662964, 0.5128719210624695, 0.5096226334571838, 0.4814019203186035, 0.4867507517337799, 0.46633169054985046, 0.48228710889816284, 0.46005403995513916, 0.44588759541511536, 0.44649267196655273, 0.442516565322876, 0.4211764633655548, 0.42007946968078613, 0.39831212162971497, 0.4049091637134552, 0.38414016366004944, 0.4058953523635864, 0.3642455041408539, 0.3551812171936035, 0.3450917899608612, 0.3516901731491089, 0.3092692792415619, 0.3409883677959442, 0.3045593798160553, 0.2985292971134186, 0.2941477596759796, 0.27650755643844604, 0.2765963673591614, 0.25137951970100403, 0.2550661265850067, 0.2543503940105438, 0.26449722051620483, 0.22646558284759521], "testRumorAcc": [0.4461538461538462, 0.4461538461538462, 0.4307692307692308, 0.46153846153846156, 0.5076923076923077, 0.5538461538461539, 0.5846153846153846, 0.5846153846153846, 0.5384615384615384, 0.5538461538461539, 0.5846153846153846, 0.5230769230769231, 0.5384615384615384, 0.5846153846153846, 0.5846153846153846, 0.5692307692307692, 0.5230769230769231, 0.5538461538461539, 0.5384615384615384, 0.5692307692307692, 0.5538461538461539], "testRumorF1": [0.20567375886524822, 0.20567375886524822, 0.22678770504857468, 0.2967884828349945, 0.38942164258619955, 0.4679979518689195, 0.5359602026268693, 0.5347928225121207, 0.5055965055965056, 0.5254057646879183, 0.5398148148148149, 0.4939326002633358, 0.5057979215506634, 0.5389784946236559, 0.5286935286935287, 0.5351153745969299, 0.5001245507277322, 0.5209150326797386, 0.507191401928244, 0.5347282766637604, 0.5035742035742036], "testLoss": [1.0707364082336426, 1.0659358501434326, 1.060674786567688, 1.059104084968567, 1.0516911745071411, 1.04993736743927, 1.0253900289535522, 1.0102076530456543, 1.0054309368133545, 1.009993314743042, 1.027971863746643, 1.0237231254577637, 1.0362244844436646, 1.053597092628479, 1.0705461502075195, 1.084181785583496, 1.1292195320129395, 1.1433579921722412, 1.1835740804672241, 1.2695140838623047, 1.3389227390289307]}