{"epoch": 95, "macroF1Rumor": 0.6603806675527987, "accRumor": 0.6923076923076923, "loss": 0.8585118055343628, "trainRumorAcc": [0.4461538461538462, 0.4461538461538462, 0.45, 0.4461538461538462, 0.45, 0.5, 0.5, 0.49615384615384617, 0.5076923076923077, 0.5, 0.5307692307692308, 0.5307692307692308, 0.5153846153846153, 0.5423076923076923, 0.5153846153846153, 0.5307692307692308, 0.5692307692307692, 0.5538461538461539, 0.5384615384615384, 0.573076923076923, 0.5884615384615385, 0.6, 0.6153846153846154, 0.6230769230769231, 0.6115384615384616, 0.6115384615384616, 0.6192307692307693, 0.6307692307692307, 0.6269230769230769, 0.6346153846153846, 0.6461538461538462, 0.65, 0.6615384615384615, 0.7, 0.65, 0.6730769230769231, 0.6807692307692308, 0.6807692307692308, 0.6846153846153846, 0.6846153846153846, 0.6884615384615385, 0.6846153846153846, 0.7115384615384616, 0.7192307692307692, 0.7269230769230769, 0.7230769230769231, 0.7153846153846154, 0.7269230769230769, 0.7423076923076923, 0.7038461538461539, 0.7538461538461538, 0.7538461538461538, 0.7769230769230769, 0.7538461538461538, 0.7576923076923077, 0.7807692307692308, 0.7653846153846153, 0.7884615384615384, 0.7653846153846153, 0.7884615384615384, 0.7961538461538461, 0.7730769230769231, 0.7961538461538461, 0.8, 0.8153846153846154, 0.8192307692307692, 0.8038461538461539, 0.8192307692307692, 0.8038461538461539, 0.823076923076923, 0.8461538461538461, 0.8192307692307692, 0.8192307692307692, 0.8538461538461538, 0.8307692307692308, 0.8423076923076923, 0.8461538461538461, 0.8576923076923076, 0.8384615384615385, 0.8692307692307693, 0.8692307692307693, 0.8769230769230769, 0.8576923076923076, 0.85, 0.8692307692307693, 0.8653846153846154, 0.8807692307692307, 0.8884615384615384, 0.8884615384615384, 0.9, 0.8769230769230769, 0.9038461538461539, 0.8961538461538462, 0.8961538461538462, 0.8961538461538462, 0.9115384615384615, 0.926923076923077, 0.9230769230769231, 0.9192307692307692, 0.926923076923077, 0.9153846153846154, 0.9384615384615385, 0.926923076923077, 0.9230769230769231, 0.9153846153846154, 0.9423076923076923, 0.9461538461538461, 0.9538461538461539, 0.9576923076923077, 0.9653846153846154, 0.95, 0.9576923076923077, 0.9384615384615385, 0.9615384615384616, 0.9538461538461539, 0.9615384615384616, 0.9653846153846154, 0.9576923076923077, 0.9807692307692307, 0.9692307692307692, 0.9653846153846154, 0.9653846153846154, 0.9769230769230769, 0.9769230769230769, 0.9846153846153847, 0.9769230769230769, 0.9730769230769231, 0.9846153846153847, 0.9807692307692307, 0.9884615384615385, 0.9807692307692307, 0.9769230769230769, 0.9807692307692307, 0.9846153846153847, 0.9807692307692307, 0.9846153846153847, 0.9846153846153847, 0.9846153846153847, 0.9884615384615385, 0.9769230769230769, 0.9846153846153847, 0.9846153846153847, 0.9884615384615385, 0.9923076923076923, 1.0], "trainRumorF1": [0.20567375886524822, 0.20567375886524822, 0.214349376114082, 0.20622222222222222, 0.2205219347129761, 0.32083365416698756, 0.3212121212121212, 0.3112682035155201, 0.33111974272229877, 0.3417817854754272, 0.3722071135285021, 0.38485517144758496, 0.36413212951883683, 0.3921991666137868, 0.36705101327742834, 0.38485517144758496, 0.4232877455769022, 0.402827511775343, 0.3925515993178101, 0.4193408715033042, 0.43654320987654316, 0.4560945623815154, 0.4757976323193714, 0.48332943021580693, 0.48292066010626084, 0.4809310907671563, 0.502264133698138, 0.5211254034783447, 0.503771996696525, 0.5211299748759032, 0.555756028868157, 0.5722281198463973, 0.5657317830501373, 0.6231673057122756, 0.5558882417921601, 0.5986695906432749, 0.6246488679635902, 0.6190990659828544, 0.6229171613839426, 0.6088591042824453, 0.6218173940275328, 0.6320652881965689, 0.6689435233121234, 0.6776400482843378, 0.6799147897580095, 0.6725322607675549, 0.6630742027796909, 0.6810699588477366, 0.7059974792655677, 0.6624820028795392, 0.7170383902062389, 0.7148179348948913, 0.752609251294615, 0.723049266631112, 0.7255197307994533, 0.7534433913120974, 0.7314487563126851, 0.7489783891252678, 0.732327288953795, 0.7518313443727545, 0.7614249854025621, 0.7400248988484283, 0.7652898533650637, 0.7740644467634317, 0.7864477749862832, 0.7994983664382572, 0.7824731270647743, 0.7875571334924851, 0.7795900006426323, 0.7967195767195768, 0.8256482529893115, 0.7934976277788136, 0.7966119781245832, 0.833466829378076, 0.8094397233565096, 0.8183330606011018, 0.8272505097518236, 0.841936385684262, 0.8120332869704615, 0.8555137235089831, 0.8519137056470206, 0.8600241591449173, 0.8375176584858942, 0.8293515582799033, 0.850810998351982, 0.8485652797704448, 0.8650380554505129, 0.8692290400916255, 0.874446271764968, 0.8874568723116442, 0.8636822773186409, 0.8907617992905119, 0.8772658294709247, 0.8822963143067749, 0.8811682648819804, 0.8996251974346978, 0.9217461727455065, 0.9124628639334521, 0.906701969410164, 0.9187346003154393, 0.9071685375234946, 0.9304944755244242, 0.920372803152886, 0.9128071016615907, 0.9092558983666063, 0.934178716376478, 0.9397365295793065, 0.9488718079107095, 0.9526618269812461, 0.9601655508351503, 0.940876715876716, 0.9530338849487786, 0.9312874214954999, 0.9577723456019602, 0.9472969262792272, 0.9557703114349478, 0.9607037037522107, 0.953106405067636, 0.976401409684768, 0.9650285029608169, 0.9609291621281884, 0.9596364608393477, 0.9716817078786383, 0.9723341469843344, 0.9826504377868869, 0.9728821656606236, 0.9687201865021358, 0.9836156483161927, 0.9768533363376114, 0.9855240010052778, 0.9768533363376114, 0.9734634628987532, 0.9787301188769977, 0.9821217946770702, 0.9787968732396807, 0.9817562149157979, 0.9807538091419407, 0.9817562149157979, 0.9875033413525794, 0.9725699920602469, 0.9807538091419407, 0.9831439258725615, 0.9875033413525794, 0.9932294285235462, 1.0],