{"epoch": 70, "macroF1Rumor": 0.6398812888637649, "accRumor": 0.676923076923077, "loss": 0.9397318959236145, "trainRumorAcc": [0.38846153846153847, 0.4461538461538462, 0.4576923076923077, 0.45, 0.4423076923076923, 0.45, 0.46923076923076923, 0.49230769230769234, 0.5, 0.5230769230769231, 0.49615384615384617, 0.5153846153846153, 0.5038461538461538, 0.5384615384615384, 0.5384615384615384, 0.5653846153846154, 0.5, 0.5346153846153846, 0.5384615384615384, 0.55, 0.5576923076923077, 0.5423076923076923, 0.5423076923076923, 0.5384615384615384, 0.5923076923076923, 0.6115384615384616, 0.5846153846153846, 0.5923076923076923, 0.6038461538461538, 0.6307692307692307, 0.6230769230769231, 0.6307692307692307, 0.65, 0.6153846153846154, 0.6615384615384615, 0.6192307692307693, 0.6653846153846154, 0.6884615384615385, 0.6461538461538462, 0.6692307692307692, 0.676923076923077, 0.6538461538461539, 0.6423076923076924, 0.676923076923077, 0.6884615384615385, 0.6884615384615385, 0.6846153846153846, 0.6730769230769231, 0.6730769230769231, 0.7115384615384616, 0.6884615384615385, 0.7038461538461539, 0.6846153846153846, 0.6961538461538461, 0.7461538461538462, 0.6961538461538461, 0.7192307692307692, 0.7230769230769231, 0.7153846153846154, 0.7115384615384616, 0.7038461538461539, 0.7307692307692307, 0.7423076923076923, 0.75, 0.7346153846153847, 0.7538461538461538, 0.7615384615384615, 0.7538461538461538, 0.7615384615384615, 0.7269230769230769, 0.7807692307692308, 0.8153846153846154, 0.8076923076923077, 0.8, 0.7961538461538461, 0.8, 0.8192307692307692, 0.8, 0.7884615384615384, 0.8269230769230769, 0.7884615384615384, 0.823076923076923, 0.8346153846153846, 0.8346153846153846, 0.8423076923076923, 0.8307692307692308, 0.8730769230769231, 0.8192307692307692, 0.8461538461538461, 0.8461538461538461, 0.8615384615384616, 0.8615384615384616, 0.8653846153846154, 0.8615384615384616, 0.8615384615384616, 0.8653846153846154, 0.8769230769230769, 0.8692307692307693, 0.9038461538461539, 0.8769230769230769, 0.8692307692307693, 0.8807692307692307, 0.8961538461538462, 0.8961538461538462, 0.9153846153846154, 0.8923076923076924, 0.8961538461538462, 0.9076923076923077, 0.9115384615384615, 0.9346153846153846, 0.9115384615384615, 0.9038461538461539, 0.95, 0.9230769230769231, 0.9346153846153846, 0.926923076923077, 0.9192307692307692, 0.9384615384615385, 0.9423076923076923, 0.9423076923076923], "trainRumorF1": [0.26247585205239926, 0.20677361853832443, 0.23619271445358406, 0.21388505747126438, 0.20444444444444443, 0.22090800477897252, 0.2681359044995409, 0.3059501095328952, 0.3354869816779171, 0.3723986527126188, 0.315495837340056, 0.3644659151905529, 0.35425642385276507, 0.38355316939528517, 0.3862493497485695, 0.41707770898880203, 0.3466205557577964, 0.3866264454499748, 0.40754096557260205, 0.4047856984232734, 0.41852172666888326, 0.40394556592941305, 0.417845531787012, 0.42383357383357384, 0.48301935153146225, 0.5167493321226374, 0.4689211212516297, 0.5167416133595119, 0.541328478062365, 0.5731236604501857, 0.5582241043221079, 0.5773409275552712, 0.6040773705932077, 0.5565148953478685, 0.6073797678275291, 0.5788740696495517, 0.6247502815008535, 0.6543069874846719, 0.610064371613253, 0.6404590415826371, 0.644838727214831, 0.6201281919601975, 0.6233766921695983, 0.6441549438751887, 0.6516086793864573, 0.6677747189606955, 0.6459833337090388, 0.6489646333295936, 0.6279529609193234, 0.6833739846686856, 0.6561339305924233, 0.6797366709029292, 0.6597784439392462, 0.6612534584385902, 0.7213173263792979, 0.6671268416302362, 0.6921748751994237, 0.6958215087293039, 0.693525802603697, 0.6876682615629983, 0.6812804767644899, 0.7025658189273023, 0.713148968200436, 0.7258268562504727, 0.7078277953277953, 0.7413453870419611, 0.74676182094902, 0.7363449822065666, 0.7444562605852928, 0.7005528965506732, 0.7645432004577533, 0.8024355021036144, 0.7946279779565715, 0.7900407720885658, 0.7853374316189399, 0.7912149073351259, 0.8018191606268891, 0.781697096107079, 0.7654640522875816, 0.8125194861043917, 0.7727699764187048, 0.8100698341439082, 0.8187786681403703, 0.8260468535272666, 0.826529383485162, 0.8156359952104634, 0.8683987233645668, 0.8062297407353474, 0.8377288879124865, 0.8367899776990685, 0.8515020142393815, 0.8482173756367577, 0.8559998186681174, 0.8524509803921569, 0.8470624512524715, 0.8563039093872112, 0.865214329743489, 0.8567991631799163, 0.8919011740619042, 0.8716630591630592, 0.8589640396979847, 0.8712313352340638, 0.8882777872890868, 0.8913582729954412, 0.9092558983666063, 0.884698331340705, 0.8868420068420068, 0.898200695953505, 0.9055012553464565, 0.9290145858050108, 0.9033745165936109, 0.8953097476295593, 0.9439346432184541, 0.9176905248279965, 0.9264664344223706, 0.9187144964378745, 0.9100202998508083, 0.9350755698435024, 0.9371726555465836, 0.9381623408551193], "trainLoss": [1.0818676948547363, 1.069117546081543, 1.0645354986190796, 1.0627473592758179, 1.0565991401672363, 1.0537813901901245, 1.0489293336868286, 1.0444079637527466, 1.0401943922042847, 1.0337615013122559, 1.0234110355377197, 1.023386836051941, 1.0176562070846558, 1.012210726737976, 1.000421166419983, 0.9889780879020691, 0.993921160697937, 0.9808641076087952, 0.9763891696929932, 0.9647448062896729, 0.9544418454170227, 0.9469610452651978, 0.9446651339530945, 0.9453328847885132, 0.9263758063316345, 0.9259111881256104, 0.9013645052909851, 0.8897096514701843, 0.8864994645118713, 0.8644613027572632, 0.8658014535903931, 0.8695177435874939, 0.836736798286438, 0.8391384482383728, 0.8243027329444885, 0.8333157300949097, 0.8087555766105652, 0.7971954345703125, 0.809873104095459, 0.798231840133667, 0.796836793422699, 0.8087698817253113, 0.7709461450576782, 0.7757985591888428, 0.7871852517127991, 0.7401371002197266, 0.7541348338127136, 0.7668381333351135, 0.7577680349349976, 0.7280884981155396, 0.7046611905097961, 0.712372362613678, 0.7248827219009399, 0.707939863204956, 0.6895411610603333, 0.7018446922302246, 0.6925796270370483, 0.6885018944740295, 0.6732138991355896, 0.666882336139679, 0.6963562965393066, 0.6290295720100403, 0.634655773639679, 0.6173931360244751, 0.6051785349845886, 0.6014664173126221, 0.5866667032241821, 0.5921452045440674, 0.5559720396995544, 0.6122437119483948, 0.5710903406143188, 0.5499526262283325, 0.5325943827629089, 0.5049206018447876, 0.534958004951477, 0.49737614393234253, 0.5161328911781311, 0.5127808451652527, 0.49332016706466675, 0.4647659957408905, 0.5040337443351746, 0.4810314178466797, 0.4652179181575775, 0.4517363905906677, 0.43687742948532104, 0.43858927488327026, 0.3830961585044861, 0.3997970223426819, 0.4116572439670563, 0.403665155172348, 0.375872403383255, 0.38426434993743896, 0.3579145073890686, 0.3708723187446594, 0.32919490337371826, 0.3254818320274353, 0.3425177335739136, 0.35603559017181396, 0.3165571093559265, 0.3136906325817108, 0.3182324171066284, 0.3265255093574524, 0.27766135334968567, 0.27847200632095337, 0.2707318961620331, 0.2784183621406555, 0.23834718763828278, 0.24317666888237, 0.25483328104019165, 0.220408633351326, 0.25525546073913574, 0.23601780831813812, 0.20468300580978394, 0.21923118829727173, 0.21103723347187042, 0.18389709293842316, 0.19822031259536743, 0.1707378625869751, 0.19599740207195282, 0.1690986305475235], "testRumorAcc": [0.4461538461538462, 0.4461538461538462, 0.47692307692307695, 0.5076923076923077, 0.5230769230769231, 0.6, 0.6, 0.6307692307692307, 0.6461538461538462, 0.6461538461538462, 0.6615384615384615, 0.6615384615384615, 0.6461538461538462, 0.676923076923077, 0.6461538461538462, 0.6461538461538462, 0.6307692307692307, 0.6, 0.6307692307692307, 0.6307692307692307, 0.6, 0.6153846153846154, 0.6153846153846154, 0.5846153846153846],