{"epoch": 110, "macroF1Rumor": 0.7025962543203922, "accRumor": 0.7230769230769231, "loss": 0.9186658263206482, "trainRumorAcc": [0.34615384615384615, 0.4461538461538462, 0.4461538461538462, 0.4461538461538462, 0.4461538461538462, 0.45384615384615384, 0.45384615384615384, 0.4653846153846154, 0.48846153846153845, 0.49615384615384617, 0.5, 0.5269230769230769, 0.5192307692307693, 0.5076923076923077, 0.5076923076923077, 0.5038461538461538, 0.5230769230769231, 0.5269230769230769, 0.5230769230769231, 0.5192307692307693, 0.5384615384615384, 0.5269230769230769, 0.5423076923076923, 0.55, 0.5384615384615384, 0.5423076923076923, 0.5538461538461539, 0.5692307692307692, 0.5884615384615385, 0.5807692307692308, 0.5884615384615385, 0.5807692307692308, 0.5884615384615385, 0.6076923076923076, 0.6192307692307693, 0.6653846153846154, 0.6346153846153846, 0.6423076923076924, 0.6461538461538462, 0.6884615384615385, 0.6730769230769231, 0.7, 0.6884615384615385, 0.6846153846153846, 0.7153846153846154, 0.7192307692307692, 0.7038461538461539, 0.7230769230769231, 0.7076923076923077, 0.7346153846153847, 0.7153846153846154, 0.7576923076923077, 0.7230769230769231, 0.7538461538461538, 0.7807692307692308, 0.7692307692307693, 0.7576923076923077, 0.7730769230769231, 0.7807692307692308, 0.7846153846153846, 0.7884615384615384, 0.7961538461538461, 0.7846153846153846, 0.7961538461538461, 0.7923076923076923, 0.8269230769230769, 0.8076923076923077, 0.823076923076923, 0.8384615384615385, 0.8153846153846154, 0.8461538461538461, 0.8423076923076923, 0.8307692307692308, 0.8538461538461538, 0.8384615384615385, 0.8653846153846154, 0.8653846153846154, 0.8576923076923076, 0.8769230769230769, 0.8615384615384616, 0.8538461538461538, 0.8692307692307693, 0.8807692307692307, 0.8884615384615384, 0.8653846153846154, 0.9192307692307692, 0.9076923076923077, 0.9076923076923077, 0.9230769230769231, 0.926923076923077, 0.9307692307692308, 0.9346153846153846, 0.9192307692307692, 0.9307692307692308, 0.926923076923077, 0.9461538461538461, 0.9230769230769231, 0.9423076923076923, 0.9538461538461539, 0.95, 0.9538461538461539, 0.9538461538461539, 0.9615384615384616, 0.9615384615384616, 0.9576923076923077, 0.9730769230769231, 0.9769230769230769, 0.9807692307692307, 0.9730769230769231, 0.9769230769230769, 0.9730769230769231, 0.9807692307692307, 0.9653846153846154, 0.9807692307692307, 0.9846153846153847, 0.9769230769230769, 0.9807692307692307, 0.9846153846153847, 0.9846153846153847, 0.9923076923076923, 0.9923076923076923, 0.9923076923076923, 0.9807692307692307, 0.9846153846153847, 0.9884615384615385, 0.9884615384615385, 0.9961538461538462, 0.9846153846153847, 1.0, 0.9961538461538462, 0.9961538461538462, 0.9961538461538462, 0.9961538461538462, 0.9923076923076923, 0.9923076923076923, 1.0, 1.0, 1.0, 1.0, 0.9961538461538462, 1.0, 0.9961538461538462, 1.0, 1.0, 1.0, 1.0, 1.0, 0.9846153846153847, 0.9923076923076923, 1.0, 1.0, 1.0, 1.0, 1.0, 1.0, 1.0, 0.9961538461538462, 1.0, 0.9961538461538462, 1.0], "trainRumorF1": [0.26211723534558184, 0.20567375886524822, 0.20567375886524822, 0.20567375886524822, 0.20567375886524822, 0.22230924481127814, 0.22862671919275693, 0.25626138433515483, 0.3001718951439622, 0.30844434894714223, 0.3381052363682637, 0.3626639806221071, 0.3631418972964326, 0.3506855964082029, 0.3465791372768117, 0.3598924917634818, 0.3852904360769986, 0.37898089171974525, 0.3733275318176874, 0.3775016532665066, 0.3917748917748917, 0.37998906894373347, 0.39310633646359044, 0.41363885916999826, 0.39987708831178415, 0.41769823514789955, 0.42502998238282896, 0.43846112227868445, 0.4567797283703356, 0.453473107910536, 0.4634960491834315, 0.4572431176723968, 0.462122059948147, 0.509916884795401, 0.5393405185322486, 0.5555864406213742, 0.5310459589664229, 0.5658913135112479, 0.5625441624775404, 0.6135606311375924, 0.6090748071397397, 0.635233563754975, 0.620697408225002, 0.6247628876111847, 0.6626285841972117, 0.6627755819060167, 0.6405161045683921, 0.6764346764346764, 0.6554534545913856, 0.689669868915152, 0.6669542925702018, 0.7281358967109602, 0.6728821009318139, 0.7014401801388805, 0.7537046607330846, 0.7495829521302345, 0.7205625185489578, 0.7449195691985441, 0.745975651234362, 0.7567093804550286, 0.76486688428436, 0.7697885108577989, 0.7530803942177932, 0.7745821298130863, 0.7650199915824917, 0.8038379615540254, 0.7812344350805889, 0.8017958829167463, 0.8214735171072242, 0.7966518183909487, 0.8313805196875498, 0.82274780000854, 0.8078220535526038, 0.8335523158091758, 0.8167431294357604, 0.8498729295695958, 0.8454790823211876, 0.8458696347817686, 0.8648487937478763, 0.8404597954892156, 0.8361502135775131, 0.8542812151255187, 0.8666389801002428, 0.8787115805627895, 0.8462473390222157, 0.9096850861556743, 0.8986219828765524, 0.8972807702315899, 0.9123480265664545, 0.9196629180213312, 0.9223376631377272, 0.9257884152234616, 0.9097097776690113, 0.9236282581546362, 0.9178399031930922, 0.9388485581770518, 0.913986338645886, 0.9344208977208384, 0.9486434434610636, 0.9430747064614341, 0.9478332786960367, 0.9494317776176846, 0.9559916960098448, 0.9565015309524272, 0.953285569013078, 0.9705719105403494, 0.973616831201045, 0.9775500124337334, 0.9718687238395556, 0.9755047180874588, 0.970479226291466, 0.9770334693202206, 0.9598903314874275, 0.9773394318910013, 0.983248018131739, 0.973616831201045, 0.9778333376664269, 0.9817562149157979, 0.9808574277168495, 0.990794649345502, 0.9913793103448275, 0.9908729406599063, 0.9770334693202206, 0.9824222429039556, 0.986504002334093, 0.9875033413525794, 0.9957079957079958, 0.9830271793597928, 1.0, 0.9952016794122057, 0.9966302162833954, 0.9956708341108417, 0.9951746670017593, 0.9909579633040829, 0.9918320267157478, 1.0, 1.0, 1.0, 1.0, 0.9952016794122057, 1.0, 0.9956708341108417, 1.0, 1.0, 1.0, 1.0, 1.0, 0.983248018131739, 0.9909579633040829, 1.0, 1.0, 1.0, 1.0, 1.0, 1.0, 1.0, 0.9957079957079958, 1.0, 0.9957079957079958, 1.0],