{"epoch": 75, "macroF1Rumor": 0.7245421245421246, "accRumor": 0.7538461538461538, "loss": 0.8431293368339539, "trainRumorAcc": [0.4307692307692308, 0.4461538461538462, 0.4461538461538462, 0.4461538461538462, 0.47307692307692306, 0.4653846153846154, 0.46923076923076923, 0.5230769230769231, 0.4846153846153846, 0.5076923076923077, 0.5192307692307693, 0.5269230769230769, 0.5346153846153846, 0.5230769230769231, 0.5076923076923077, 0.5423076923076923, 0.5423076923076923, 0.5538461538461539, 0.5538461538461539, 0.5615384615384615, 0.5769230769230769, 0.5692307692307692, 0.573076923076923, 0.5961538461538461, 0.6192307692307693, 0.6076923076923076, 0.6115384615384616, 0.6, 0.6269230769230769, 0.6269230769230769, 0.6230769230769231, 0.6307692307692307, 0.6576923076923077, 0.6653846153846154, 0.676923076923077, 0.6615384615384615, 0.676923076923077, 0.6846153846153846, 0.6692307692307692, 0.7076923076923077, 0.6846153846153846, 0.7038461538461539, 0.7076923076923077, 0.7115384615384616, 0.7384615384615385, 0.7153846153846154, 0.7230769230769231, 0.7538461538461538, 0.75, 0.7615384615384615, 0.7653846153846153, 0.7846153846153846, 0.7653846153846153, 0.7692307692307693, 0.7884615384615384, 0.7923076923076923, 0.7769230769230769, 0.8038461538461539, 0.7884615384615384, 0.8076923076923077, 0.8115384615384615, 0.8076923076923077, 0.8192307692307692, 0.8461538461538461, 0.823076923076923, 0.8653846153846154, 0.8384615384615385, 0.8538461538461538, 0.8538461538461538, 0.8461538461538461, 0.8538461538461538, 0.8576923076923076, 0.8730769230769231, 0.8576923076923076, 0.8807692307692307, 0.9076923076923077, 0.8807692307692307, 0.8961538461538462, 0.8923076923076924, 0.8923076923076924, 0.9115384615384615, 0.9153846153846154, 0.9230769230769231, 0.8884615384615384, 0.9307692307692308, 0.9346153846153846, 0.926923076923077, 0.9384615384615385, 0.9384615384615385, 0.95, 0.9615384615384616, 0.9538461538461539, 0.9461538461538461, 0.9538461538461539, 0.9615384615384616, 0.9653846153846154, 0.9692307692307692, 0.9730769230769231, 0.9769230769230769, 0.9692307692307692, 0.9807692307692307, 0.9846153846153847, 0.9884615384615385, 0.9846153846153847, 0.9769230769230769, 0.9730769230769231, 0.9769230769230769, 0.9846153846153847, 0.9846153846153847, 0.9807692307692307, 0.9961538461538462, 0.9923076923076923, 1.0, 0.9884615384615385, 0.9923076923076923, 0.9961538461538462, 1.0, 1.0, 0.9961538461538462, 1.0, 0.9961538461538462, 0.9961538461538462, 1.0, 0.9961538461538462, 0.9961538461538462], "trainRumorF1": [0.22004186289900574, 0.20567375886524822, 0.20567375886524822, 0.20567375886524822, 0.2875696546882542, 0.25641025641025644, 0.25802380610927866, 0.36815442862475334, 0.34958755351362636, 0.3488849426904361, 0.37445887445887444, 0.37998906894373347, 0.38413964510721926, 0.37685774946921446, 0.3717171717171717, 0.39310633646359044, 0.4083017885523412, 0.40407998126104644, 0.4201674277016743, 0.41759340247407223, 0.4406066536203523, 0.4205004547665884, 0.44453459544737445, 0.46069069566337334, 0.4949246228825545, 0.47, 0.49126345498915464, 0.47523525871801975, 0.5042779991874039, 0.5203214760876127, 0.49397996820633727, 0.5303381303381303, 0.56815707559542, 0.5868113857069218, 0.5976334451073826, 0.5833614484930275, 0.6061771561771563, 0.6250943845066678, 0.6008504315931718, 0.6557554343196407, 0.6413879422777568, 0.6547395045063471, 0.6691774177624104, 0.6753745948056119, 0.7053432176478628, 0.6579335280211376, 0.6859013507945398, 0.721683736863787, 0.7253584860740521, 0.7302054919076196, 0.7344990433750697, 0.7549498255654424, 0.7391234756097561, 0.7438131466520885, 0.7557326446215334, 0.7660278224895416, 0.7440825471639853, 0.7853994810638344, 0.7578982864201955, 0.7832802577082374, 0.789792663476874, 0.7889528024612452, 0.7990035720659551, 0.8333247781142831, 0.8040759179763427, 0.848320942519187, 0.8204121378131344, 0.8367395064610155, 0.8397146551617328, 0.8316236460187004, 0.8387594767262817, 0.8428451399209335, 0.865176447745255, 0.8437827541633184, 0.8678511290176848, 0.8997198879551821, 0.8677314236624105, 0.887590304233345, 0.8794860752225094, 0.8793508465522727, 0.905037632145775, 0.9035844480334609, 0.9141937745724088, 0.8765113208712295, 0.925476749113835, 0.9272538769188214, 0.9191321499013806, 0.931199209771918, 0.9294803340569932, 0.9439346432184541, 0.957794047457449, 0.9460336205707031, 0.938728391201933, 0.9467093494021279, 0.9588818381651528, 0.9603669150579907, 0.9657173236120604, 0.9700626519848488, 0.9728533647209264, 0.9666034087669599, 0.9779838644984586, 0.9827314750182263, 0.986504002334093, 0.9836273723603314, 0.9731348338426379, 0.9690130193562688, 0.9758185254118551, 0.9836335820125829, 0.9826504377868869, 0.9773394318910013, 0.9952016794122057, 0.9903769045709704, 1.0, 0.9856050382366172, 0.9908729406599063, 0.9956708341108417, 1.0, 1.0, 0.9952016794122057, 1.0, 0.9952016794122057, 0.9956708341108417, 1.0, 0.9951746670017593, 0.9957079957079958], "trainLoss": [1.080263614654541, 1.0695974826812744, 1.0633841753005981, 1.0612270832061768, 1.052748441696167, 1.0467288494110107, 1.0393880605697632, 1.0330429077148438, 1.0286996364593506, 1.0209931135177612, 1.009588599205017, 1.0076160430908203, 1.0039290189743042, 0.9961971640586853, 0.9906373023986816, 0.9811878800392151, 0.9793171286582947, 0.9665579199790955, 0.9639166593551636, 0.9495764970779419, 0.9323186874389648, 0.9286608099937439, 0.925485372543335, 0.9111959934234619, 0.9012675285339355, 0.8811039328575134, 0.8680696487426758, 0.8577812910079956, 0.8232386708259583, 0.8264015913009644, 0.7992912530899048, 0.7975865006446838, 0.7906351685523987, 0.7836710214614868, 0.7775974273681641, 0.76409512758255, 0.7468629479408264, 0.7396209836006165, 0.7326064705848694, 0.7112783789634705, 0.7153533101081848, 0.6987379193305969, 0.6896082758903503, 0.6750707626342773, 0.6695922613143921, 0.6557573080062866, 0.6601840257644653, 0.6554892659187317, 0.6329843997955322, 0.6254215240478516, 0.6227976679801941, 0.601808488368988, 0.6092339158058167, 0.5882406830787659, 0.5648056268692017, 0.5516607761383057, 0.5425540208816528, 0.5343366265296936, 0.5199863910675049, 0.5168910026550293, 0.5165546536445618, 0.5140814185142517, 0.46561577916145325, 0.4700668156147003, 0.458840936422348, 0.4328407347202301, 0.4465450644493103, 0.41268742084503174, 0.41363418102264404, 0.4024341106414795, 0.3987705707550049, 0.3763333559036255, 0.35906505584716797, 0.36867234110832214, 0.34409233927726746, 0.32072383165359497, 0.3245774805545807, 0.3001573085784912, 0.30434510111808777, 0.2962770164012909, 0.26391690969467163, 0.26015686988830566, 0.25628429651260376, 0.25030529499053955, 0.2275967299938202, 0.22066673636436462, 0.20205949246883392, 0.18929822742938995, 0.19275672733783722, 0.17251402139663696, 0.15474428236484528, 0.16256451606750488, 0.14267903566360474, 0.14495849609375, 0.13640539348125458, 0.1205790638923645, 0.11847972124814987, 0.1103297621011734, 0.08726441860198975, 0.11326185613870621, 0.09340120106935501, 0.08191193640232086, 0.07307052612304688, 0.0717030018568039, 0.07751704752445221, 0.06665953993797302, 0.07362448424100876, 0.061578888446092606, 0.058575574308633804, 0.06366287916898727, 0.04770957678556442, 0.04360160976648331, 0.037269964814186096, 0.04352223873138428, 0.042988743633031845, 0.03146910294890404, 0.029589682817459106, 0.019090143963694572, 0.01912677474319935, 0.01974637247622013, 0.024242140352725983, 0.023798512294888496, 0.0146452896296978, 0.021922551095485687, 0.03232065215706825],