{"epoch": 80, "macroF1Rumor": 0.6342555366945611, "accRumor": 0.6615384615384615, "loss": 0.9350031614303589, "trainRumorAcc": [0.4269230769230769, 0.4423076923076923, 0.4461538461538462, 0.4461538461538462, 0.4461538461538462, 0.4461538461538462, 0.4461538461538462, 0.46153846153846156, 0.45, 0.45384615384615384, 0.47307692307692306, 0.46153846153846156, 0.5038461538461538, 0.49230769230769234, 0.5076923076923077, 0.49615384615384617, 0.49615384615384617, 0.4846153846153846, 0.49615384615384617, 0.5192307692307693, 0.5461538461538461, 0.5307692307692308, 0.5576923076923077, 0.5461538461538461, 0.5461538461538461, 0.5384615384615384, 0.573076923076923, 0.6038461538461538, 0.6038461538461538, 0.6, 0.5961538461538461, 0.6269230769230769, 0.6346153846153846, 0.6269230769230769, 0.6346153846153846, 0.6461538461538462, 0.6269230769230769, 0.6346153846153846, 0.6307692307692307, 0.6307692307692307, 0.676923076923077, 0.6576923076923077, 0.6115384615384616, 0.6538461538461539, 0.676923076923077, 0.65, 0.6807692307692308, 0.6730769230769231, 0.6653846153846154, 0.7076923076923077, 0.6730769230769231, 0.6923076923076923, 0.7192307692307692, 0.6884615384615385, 0.7346153846153847, 0.7230769230769231, 0.6961538461538461, 0.7153846153846154, 0.7115384615384616, 0.6923076923076923, 0.7269230769230769, 0.7153846153846154, 0.7192307692307692, 0.7230769230769231, 0.7346153846153847, 0.7615384615384615, 0.7307692307692307, 0.7307692307692307, 0.7307692307692307, 0.7576923076923077, 0.7230769230769231, 0.7384615384615385, 0.75, 0.7576923076923077, 0.7923076923076923, 0.7961538461538461, 0.7769230769230769, 0.7846153846153846, 0.7615384615384615, 0.7653846153846153, 0.8076923076923077, 0.8192307692307692, 0.8076923076923077, 0.8, 0.8, 0.823076923076923, 0.8, 0.8115384615384615, 0.8038461538461539, 0.8192307692307692, 0.8192307692307692, 0.8461538461538461, 0.8615384615384616, 0.8423076923076923, 0.8692307692307693, 0.8615384615384616, 0.8692307692307693, 0.8653846153846154, 0.8538461538461538, 0.9, 0.8538461538461538, 0.8807692307692307, 0.8769230769230769, 0.9, 0.8846153846153846, 0.8961538461538462, 0.8923076923076924, 0.9153846153846154, 0.9, 0.9038461538461539, 0.9038461538461539, 0.9230769230769231, 0.9076923076923077, 0.9153846153846154, 0.9115384615384615, 0.926923076923077, 0.9153846153846154, 0.9192307692307692, 0.9192307692307692, 0.9192307692307692, 0.926923076923077, 0.9423076923076923, 0.9307692307692308, 0.9346153846153846, 0.9423076923076923, 0.95, 0.9423076923076923, 0.9423076923076923, 0.9653846153846154, 0.95], "trainRumorF1": [0.2451178451178451, 0.20444444444444443, 0.20622222222222222, 0.20567375886524822, 0.20567375886524822, 0.20567375886524822, 0.20567375886524822, 0.23774967171193587, 0.21388505747126438, 0.22831541218637993, 0.2837980366173567, 0.2595653504744414, 0.3392458284062541, 0.31360726321352145, 0.33938294010889286, 0.3279463933780055, 0.3407552838389361, 0.34443095774810706, 0.32755959526667805, 0.3738461538461539, 0.4071426980234678, 0.37855731791113145, 0.42556069166238664, 0.4398106467437233, 0.45329802858647605, 0.4275835275835276, 0.4896731796045298, 0.5350253597546591, 0.5343314314875639, 0.525285374948998, 0.5488549487384212, 0.5784592698868165, 0.5848850574712643, 0.5850716947211227, 0.5943674696985918, 0.606533941020782, 0.6017284835496007, 0.603278711914471, 0.5898397511615089, 0.5976800976800978, 0.6549448384554767, 0.6251028806584361, 0.5785828329043942, 0.6244138795745475, 0.6530741727370596, 0.6213150112289596, 0.6494229209557676, 0.6445225432097148, 0.6403278537551227, 0.6808949023975437, 0.6552075978939799, 0.6660955909677136, 0.7062076481557725, 0.6606696847024026, 0.7198955373047543, 0.6975570995518273, 0.6786509656882848, 0.6934503557448485, 0.6916990797837017, 0.6765416034121303, 0.7049761125824375, 0.7039423560451067, 0.7055334415879905, 0.7057614360441601, 0.7175682966267266, 0.7481645411983191, 0.7193535353535353, 0.7176407854052012, 0.7146798187577689, 0.743857493952913, 0.711251367183988, 0.7275097524082478, 0.735207396773828, 0.7436898256570387, 0.7846233743139585, 0.784860407382813, 0.7638825189062609, 0.7739767961273896, 0.7446543715440344, 0.7506217581885832, 0.8035659686732884, 0.810033606519959, 0.7949922580311033, 0.7932419335629998, 0.7861178625364539, 0.8146825396825396, 0.7934400633663944, 0.7992098236000675, 0.8004901603940695, 0.8082828608762513, 0.8046029570756241, 0.8404630599001018, 0.8537675886952654, 0.8360727591496823, 0.8588383838383838, 0.8507524221809937, 0.8663471103853446, 0.8633743653697171, 0.8484342294753168, 0.8913963375350488, 0.8478987897929486, 0.8725048118176186, 0.8650328586095997, 0.8964317348870848, 0.8793959815631642, 0.8886071802333504, 0.8860486039188609, 0.9099581605080607, 0.8951717644002857, 0.896014181733641, 0.9000267308206361, 0.9181743714846718, 0.9014383749336785, 0.9094256978872365, 0.9082724796298646, 0.9236451763858581, 0.9106714777487454, 0.9149230108911421, 0.917055849993878, 0.9127766820074511, 0.924000450206619, 0.9388672868303974, 0.9261561079925155, 0.934088709712416, 0.9390178731418516, 0.9491087789438614, 0.936444909570454, 0.940324799363701, 0.9618155886130518, 0.9481259370314842], "trainLoss": [1.0812084674835205, 1.0659575462341309, 1.0600597858428955, 1.0592886209487915, 1.0559064149856567, 1.0516612529754639, 1.0469003915786743, 1.045983910560608, 1.0444061756134033, 1.042288899421692, 1.0374553203582764, 1.0331701040267944, 1.0304629802703857, 1.020140290260315, 1.013004183769226, 1.013919711112976, 1.004543423652649, 1.0056532621383667, 0.9926581978797913, 0.9927012324333191, 0.976087212562561, 0.9729597568511963, 0.9604543447494507, 0.9582815766334534, 0.9430262446403503, 0.947378933429718, 0.9354803562164307, 0.9229649901390076, 0.9287847280502319, 0.907340407371521, 0.9162828326225281, 0.8958815932273865, 0.8773197531700134, 0.8768050074577332, 0.8846246600151062, 0.8669084310531616, 0.8765861988067627, 0.8649616837501526, 0.839506208896637, 0.8536101579666138, 0.8317310810089111, 0.8266416192054749, 0.8436855673789978, 0.8285084962844849, 0.819844663143158, 0.8151354789733887, 0.8073720932006836, 0.7877859473228455, 0.813082754611969, 0.788167417049408, 0.7807115912437439, 0.768994152545929, 0.7635018825531006, 0.7599346041679382, 0.7423300743103027, 0.7311692833900452, 0.7631189823150635, 0.7533802390098572, 0.7155427932739258, 0.7289658784866333, 0.6899043917655945, 0.7030611038208008, 0.6840880513191223, 0.6798825263977051, 0.6783233880996704, 0.6718248724937439, 0.6874944567680359, 0.6653642654418945, 0.655627965927124, 0.6478018164634705, 0.6627797484397888, 0.6433199048042297, 0.6240533590316772, 0.6090035438537598, 0.5899582505226135, 0.5878027677536011, 0.5833327174186707, 0.584661602973938, 0.5770352482795715, 0.5684641599655151, 0.5515496730804443, 0.5271185040473938, 0.5014647245407104, 0.5178613066673279, 0.5147257447242737, 0.49673110246658325, 0.49492961168289185, 0.4894005060195923, 0.48540636897087097, 0.4488549530506134, 0.48408764600753784, 0.42699962854385376, 0.4439765512943268, 0.4340609610080719, 0.3950868248939514, 0.39465460181236267, 0.37090209126472473, 0.37048572301864624, 0.3436049222946167, 0.32236579060554504, 0.3678211271762848, 0.3311338424682617, 0.2970118820667267, 0.3188229203224182, 0.3030999004840851, 0.3146163821220398, 0.2782755196094513, 0.2642230689525604, 0.29476603865623474, 0.26006725430488586, 0.2520664930343628, 0.26710838079452515, 0.2701992392539978, 0.23164886236190796, 0.24181894958019257, 0.24004031717777252, 0.21356822550296783, 0.23915687203407288, 0.24122948944568634, 0.2127298265695572, 0.20015987753868103, 0.18660502135753632, 0.16819442808628082, 0.1711355447769165, 0.17557671666145325, 0.16148054599761963, 0.17623022198677063, 0.152620330452919, 0.18305329978466034, 0.15926750004291534],