{"epoch": 80, "macroF1Rumor": 0.6447368421052632, "accRumor": 0.676923076923077, "loss": 0.935223400592804, "trainRumorAcc": [0.36153846153846153, 0.4461538461538462, 0.45, 0.4576923076923077, 0.45384615384615384, 0.46923076923076923, 0.5115384615384615, 0.5, 0.5038461538461538, 0.5153846153846153, 0.5076923076923077, 0.48846153846153845, 0.5153846153846153, 0.5038461538461538, 0.5115384615384615, 0.5307692307692308, 0.5230769230769231, 0.5423076923076923, 0.5230769230769231, 0.5653846153846154, 0.5384615384615384, 0.55, 0.5846153846153846, 0.5538461538461539, 0.6076923076923076, 0.5961538461538461, 0.6115384615384616, 0.5923076923076923, 0.5961538461538461, 0.6346153846153846, 0.6538461538461539, 0.6230769230769231, 0.6384615384615384, 0.6692307692307692, 0.6576923076923077, 0.6461538461538462, 0.6576923076923077, 0.6423076923076924, 0.6384615384615384, 0.6653846153846154, 0.6807692307692308, 0.6230769230769231, 0.6653846153846154, 0.6615384615384615, 0.6807692307692308, 0.65, 0.6961538461538461, 0.676923076923077, 0.7115384615384616, 0.7038461538461539, 0.7076923076923077, 0.6961538461538461, 0.6961538461538461, 0.7307692307692307, 0.7269230769230769, 0.6961538461538461, 0.7230769230769231, 0.7038461538461539, 0.7230769230769231, 0.7461538461538462, 0.7269230769230769, 0.7346153846153847, 0.7307692307692307, 0.7538461538461538, 0.7230769230769231, 0.7423076923076923, 0.7769230769230769, 0.75, 0.7692307692307693, 0.75, 0.7653846153846153, 0.7653846153846153, 0.7538461538461538, 0.7653846153846153, 0.7576923076923077, 0.7538461538461538, 0.7846153846153846, 0.7576923076923077, 0.7923076923076923, 0.8115384615384615, 0.7730769230769231, 0.7807692307692308, 0.7653846153846153, 0.7846153846153846, 0.7884615384615384, 0.7923076923076923, 0.8, 0.8038461538461539, 0.8, 0.8076923076923077, 0.8076923076923077, 0.8076923076923077, 0.7923076923076923, 0.8269230769230769, 0.823076923076923, 0.8269230769230769, 0.8153846153846154, 0.8307692307692308, 0.8307692307692308, 0.8615384615384616, 0.8384615384615385, 0.8461538461538461, 0.8461538461538461, 0.8615384615384616, 0.85, 0.8807692307692307, 0.8653846153846154, 0.8846153846153846, 0.8615384615384616, 0.8576923076923076, 0.8961538461538462, 0.8576923076923076, 0.8576923076923076, 0.8884615384615384, 0.8884615384615384, 0.8884615384615384, 0.8653846153846154, 0.8846153846153846, 0.9, 0.8923076923076924, 0.8846153846153846, 0.9192307692307692, 0.9230769230769231, 0.9038461538461539, 0.9230769230769231, 0.9115384615384615, 0.926923076923077, 0.9307692307692308, 0.9423076923076923, 0.926923076923077], "trainRumorF1": [0.2832847235147072, 0.20567375886524822, 0.21388505747126438, 0.229799881515398, 0.22192513368983957, 0.2579787234042553, 0.3431217973985022, 0.32161204529112625, 0.3366736654577846, 0.3562066552140994, 0.3589845562404719, 0.34064647268067433, 0.35466760684765153, 0.3614718614718615, 0.35769277035967767, 0.39993193111428765, 0.3841132040684327, 0.4175892549436015, 0.4036111111111111, 0.4466728602077725, 0.4186864283638476, 0.44778478352248846, 0.5148212596337883, 0.44245184322353803, 0.5393613164133315, 0.5364684367748426, 0.5677226772267723, 0.5376415407750831, 0.5476738934056007, 0.581771056987422, 0.6060202827606861, 0.5714183000811976, 0.5788137788137787, 0.6345440004412454, 0.6115953654188948, 0.6152795339729419, 0.6165247985472703, 0.6004005681034721, 0.6050464967131634, 0.6288888888888889, 0.6499092922438979, 0.5913337165852256, 0.6287085982379677, 0.6360744628867766, 0.6490463868405904, 0.6201987096242244, 0.667992807810147, 0.645774078584103, 0.6746986346986347, 0.6727406910432739, 0.6800119357379867, 0.6635608963195171, 0.6712629165215372, 0.7031936674486235, 0.6890772760337978, 0.673525641025641, 0.6880348704367244, 0.6756493930722695, 0.6966974386938006, 0.7141428654359689, 0.703507702416129, 0.7066826200337476, 0.6985680297279447, 0.7189859127062065, 0.6952046247838687, 0.7051593205560894, 0.7458444781801972, 0.7165795489650911, 0.7442740919030554, 0.7155460858585858, 0.7418274561987137, 0.7368474064126239, 0.7269495082609602, 0.7290716302620219, 0.7290044940963577, 0.7252184567475245, 0.7549924440590091, 0.7314699470569916, 0.7654715694192887, 0.7876496879790537, 0.7447896916705016, 0.7510602634628148, 0.7378562091503268, 0.757517534101757, 0.7566969485208479, 0.7650802990608816, 0.7691161034814286, 0.7693399820737747, 0.7771761051546862, 0.7756559679636602, 0.7757826552722159, 0.781894170763886, 0.7616088659422684, 0.8037117513457446, 0.7945612381349059, 0.7989452495292301, 0.7806516290726817, 0.8098021508258619, 0.8051380676881345, 0.8446845404828598, 0.8176834091060033, 0.8210571167419197, 0.8234488772021127, 0.8391903531438416, 0.8269938928974557, 0.8620145263301954, 0.8378781838316721, 0.8656480468559097, 0.8333392755928547, 0.8386740449412194, 0.8838848311804561, 0.8349320576003656, 0.8352004218200157, 0.8701910985955404, 0.8704344891764254, 0.8737521289382112, 0.8437721862246114, 0.8676371026953983, 0.8870190047066663, 0.8760092149847817, 0.8628119127476866, 0.9089961257143919, 0.9112810190231445, 0.8888171116853288, 0.9084806336327635, 0.8975230750326423, 0.9155006385667442, 0.9230100313121673, 0.9341033542824327, 0.9155849363211122], "trainLoss": [1.0935786962509155, 1.06715726852417, 1.061302900314331, 1.0539216995239258, 1.0526885986328125, 1.0448845624923706, 1.0398269891738892, 1.0359346866607666, 1.029236078262329, 1.027540922164917, 1.0180017948150635, 1.0151797533035278, 1.0078555345535278, 1.0032843351364136, 0.994907796382904, 0.9855677485466003, 0.9758636951446533, 0.9701671600341797, 0.9729466438293457, 0.9483917355537415, 0.9438158869743347, 0.943316638469696, 0.9410638213157654, 0.9335182905197144, 0.9277461171150208, 0.9235739707946777, 0.9094319343566895, 0.908402144908905, 0.9057721495628357, 0.8942700028419495, 0.8857194185256958, 0.9020934700965881, 0.8845078349113464, 0.8584063053131104, 0.8767382502555847, 0.8669610619544983, 0.850410521030426, 0.8608376979827881, 0.8412851095199585, 0.8439863920211792, 0.8212469220161438, 0.8430917859077454, 0.8170304894447327, 0.8275471925735474, 0.7988091707229614, 0.8003455400466919, 0.8049135804176331, 0.7921937108039856, 0.7834771275520325, 0.7761841416358948, 0.769805908203125, 0.76222163438797, 0.7540267109870911, 0.7421391606330872, 0.7307246327400208, 0.7371845841407776, 0.7317368984222412, 0.709369957447052, 0.7337806224822998, 0.687374472618103, 0.7153974175453186, 0.68259596824646, 0.6993908286094666, 0.6812273263931274, 0.6955058574676514, 0.6890803575515747, 0.6600579023361206, 0.6393612027168274, 0.6537755131721497, 0.6238884329795837, 0.6225965023040771, 0.627995491027832, 0.6349686980247498, 0.6090198159217834, 0.6404769420623779, 0.6128436923027039, 0.5876290798187256, 0.6098502278327942, 0.5793843269348145, 0.5687757730484009, 0.5794934630393982, 0.5660476088523865, 0.5474435091018677, 0.5729057788848877, 0.5179246664047241, 0.5293771624565125, 0.5189073085784912, 0.5189327001571655, 0.5128324627876282, 0.48300716280937195, 0.5089643001556396, 0.499847412109375, 0.5075423717498779, 0.4513355493545532, 0.44964033365249634, 0.4584604501724243, 0.4516093134880066, 0.46066680550575256, 0.4308616518974304, 0.4139704704284668, 0.39732491970062256, 0.3878723084926605, 0.39817845821380615, 0.3984832465648651, 0.3808474540710449, 0.3612024188041687, 0.365569144487381, 0.3441820442676544, 0.339263379573822, 0.35024169087409973, 0.307151198387146, 0.3289255201816559, 0.3448806703090668, 0.30788227915763855, 0.30143555998802185, 0.29445523023605347, 0.3259340524673462, 0.2924017906188965, 0.2746332883834839, 0.2649576961994171, 0.2851942479610443, 0.2415298968553543, 0.22827944159507751, 0.22621263563632965, 0.20134446024894714, 0.22150175273418427, 0.19344326853752136, 0.2112625390291214, 0.1896933764219284, 0.17946434020996094],