{"epoch": 180, "macroF1Rumor": 0.6450317124735729, "accRumor": 0.6615384615384615, "loss": 2.494264602661133, "trainRumorAcc": [0.3384615384615385, 0.4461538461538462, 0.4461538461538462, 0.4461538461538462, 0.4461538461538462, 0.4461538461538462, 0.4461538461538462, 0.4461538461538462, 0.4461538461538462, 0.46153846153846156, 0.49230769230769234, 0.4461538461538462, 0.49615384615384617, 0.47692307692307695, 0.5153846153846153, 0.5384615384615384, 0.5230769230769231, 0.55, 0.5538461538461539, 0.55, 0.5423076923076923, 0.5653846153846154, 0.5538461538461539, 0.5653846153846154, 0.5769230769230769, 0.5769230769230769, 0.5961538461538461, 0.6115384615384616, 0.6, 0.5961538461538461, 0.6269230769230769, 0.65, 0.6538461538461539, 0.6615384615384615, 0.65, 0.6730769230769231, 0.6730769230769231, 0.7076923076923077, 0.6961538461538461, 0.7076923076923077, 0.7076923076923077, 0.7192307692307692, 0.7384615384615385, 0.7230769230769231, 0.7192307692307692, 0.7153846153846154, 0.75, 0.7192307692307692, 0.7576923076923077, 0.7576923076923077, 0.7615384615384615, 0.7615384615384615, 0.7461538461538462, 0.7653846153846153, 0.7692307692307693, 0.7730769230769231, 0.7730769230769231, 0.7923076923076923, 0.7846153846153846, 0.7884615384615384, 0.7923076923076923, 0.7961538461538461, 0.8076923076923077, 0.8, 0.8153846153846154, 0.8076923076923077, 0.8384615384615385, 0.8461538461538461, 0.85, 0.8653846153846154, 0.85, 0.8384615384615385, 0.8538461538461538, 0.8653846153846154, 0.8692307692307693, 0.8769230769230769, 0.8846153846153846, 0.8615384615384616, 0.8769230769230769, 0.8923076923076924, 0.9115384615384615, 0.9038461538461539, 0.9, 0.9153846153846154, 0.9, 0.926923076923077, 0.9076923076923077, 0.9115384615384615, 0.9230769230769231, 0.9384615384615385, 0.9307692307692308, 0.9346153846153846, 0.95, 0.9307692307692308, 0.9461538461538461, 0.9576923076923077, 0.9461538461538461, 0.9423076923076923, 0.9615384615384616, 0.9730769230769231, 0.9692307692307692, 0.9730769230769231, 0.9730769230769231, 0.9692307692307692, 0.9692307692307692, 0.9769230769230769, 0.9769230769230769, 0.9769230769230769, 0.9807692307692307, 0.9807692307692307, 0.9807692307692307, 0.9807692307692307, 0.9923076923076923, 0.9923076923076923, 0.9846153846153847, 0.9923076923076923, 0.9961538461538462, 0.9961538461538462, 0.9961538461538462, 1.0, 0.9923076923076923, 0.9961538461538462, 1.0, 0.9961538461538462, 0.9923076923076923, 0.9961538461538462, 0.9923076923076923, 1.0, 1.0, 0.9961538461538462, 1.0, 1.0, 1.0, 0.9961538461538462, 1.0, 1.0, 0.9923076923076923, 1.0, 0.9961538461538462, 1.0, 1.0, 1.0, 1.0, 1.0, 0.9961538461538462, 1.0, 1.0, 1.0, 1.0, 1.0, 1.0, 1.0, 1.0, 1.0, 1.0, 0.9961538461538462, 1.0, 1.0, 1.0, 0.9961538461538462, 1.0, 1.0, 1.0, 1.0, 1.0, 1.0, 1.0, 1.0, 1.0, 1.0, 1.0, 1.0, 1.0, 1.0, 1.0, 1.0, 1.0, 1.0, 1.0, 1.0, 1.0, 1.0, 1.0, 0.9961538461538462, 1.0, 0.9961538461538462, 1.0, 1.0, 1.0, 1.0, 1.0, 1.0, 1.0, 1.0, 1.0, 1.0, 1.0, 1.0, 1.0, 1.0, 1.0, 1.0, 1.0, 0.9961538461538462, 1.0, 1.0, 0.9961538461538462, 1.0, 1.0, 1.0, 1.0, 1.0, 1.0, 1.0, 1.0, 1.0, 1.0, 1.0, 1.0, 1.0, 1.0, 1.0, 1.0, 1.0, 1.0, 1.0, 1.0, 1.0, 1.0, 1.0], "trainRumorF1": [0.22505658142437127, 0.21256684491978609, 0.20567375886524822, 0.20567375886524822, 0.20567375886524822, 0.20567375886524822, 0.20567375886524822, 0.20567375886524822, 0.20622222222222222, 0.2439887183899804, 0.30110901862314293, 0.20567375886524822, 0.31423958888015485, 0.27653291644953965, 0.341348048876626, 0.37312649351666866, 0.35165692007797267, 0.38443094257047744, 0.3933619609948112, 0.38903986524424483, 0.4041361870578819, 0.41634817648030736, 0.4094052528734384, 0.4288127173373076, 0.45664414414414417, 0.4472248531297807, 0.48951242234824327, 0.5148787720216292, 0.48938401651740504, 0.5111510791366907, 0.556713945809062, 0.5918211327304316, 0.5908206950262443, 0.5968062574006437, 0.6049489447950588, 0.6221053912620177, 0.622165556751249, 0.6580971857045478, 0.6481204752221661, 0.6630304627046889, 0.6672875147451419, 0.6751706633384799, 0.6870294560148866, 0.6677318184507959, 0.6813209494324045, 0.6688934240246974, 0.709568174479663, 0.6701007084579663, 0.714284068338305, 0.7175346322433173, 0.724886174401032, 0.7207144898570559, 0.7026922450309548, 0.7343024912416795, 0.7289135188731782, 0.7344998485927112, 0.7323506360402726, 0.7546838685795835, 0.7493587977259412, 0.7484988773993613, 0.7554751797626267, 0.7682305933571465, 0.7723607024205031, 0.7737078689236836, 0.783937799926172, 0.7811408199643495, 0.8082106364813132, 0.8257552164434756, 0.833418319879029, 0.8454073419980316, 0.8288577332910004, 0.8102235030150317, 0.8422640396816408, 0.8480787579148236, 0.8543288695110557, 0.8626864699368119, 0.8739657826131876, 0.8420678748566462, 0.8658021800098302, 0.8799157152855844, 0.905037632145775, 0.8948917797465515, 0.8941893741445813, 0.9056670602125148, 0.8873053716631517, 0.9183928899621848, 0.9002780581974036, 0.9041648987780295, 0.9150473228386234, 0.931765584173199, 0.9219187675070027, 0.9279567167821011, 0.9444073766845794, 0.9259166287030064, 0.9431571848214896, 0.9572640967989806, 0.9383447904780459, 0.9349112426035503, 0.957794047457449, 0.9711155103423116, 0.9645632649262413, 0.9715516156060205, 0.9712908174446637, 0.9660358386961674, 0.9650607669794743, 0.9739612874624316, 0.9764567783754857, 0.9738222561751974, 0.9777438248026483, 0.9795362400179527, 0.9790318699075188, 0.9806666481125862, 0.990794649345502, 0.992328116193815, 0.9831365333402765, 0.9903206291591046, 0.9956708341108417, 0.9966200670966878, 0.9952016794122057, 1.0, 0.992303128687568, 0.9951746670017593, 1.0, 0.9951746670017593, 0.9908830898466139, 0.9966200670966878, 0.992328116193815, 1.0, 1.0, 0.9952016794122057, 1.0, 1.0, 1.0, 0.9966302162833954, 1.0, 1.0, 0.9932504677893611, 1.0, 0.9952016794122057, 1.0, 1.0, 1.0, 1.0, 1.0, 0.9966302162833954, 1.0, 1.0, 1.0, 1.0, 1.0, 1.0, 1.0, 1.0, 1.0, 1.0, 0.9957079957079958, 1.0, 1.0, 1.0, 0.9966200670966878, 1.0, 1.0, 1.0, 1.0, 1.0, 1.0, 1.0, 1.0, 1.0, 1.0, 1.0, 1.0, 1.0, 1.0, 1.0, 1.0, 1.0, 1.0, 1.0, 1.0, 1.0, 1.0, 1.0, 0.9956708341108417, 1.0, 0.9952016794122057, 1.0, 1.0, 1.0, 1.0, 1.0, 1.0, 1.0, 1.0, 1.0, 1.0, 1.0, 1.0, 1.0, 1.0, 1.0, 1.0, 1.0, 0.9966302162833954, 1.0, 1.0, 0.9957079957079958, 1.0, 1.0, 1.0, 1.0, 1.0, 1.0, 1.0, 1.0, 1.0, 1.0, 1.0, 1.0, 1.0, 1.0, 1.0, 1.0, 1.0, 1.0, 1.0, 1.0, 1.0, 1.0, 1.0],