{"epoch": 110, "macroF1Rumor": 0.6859339480473041, "accRumor": 0.676923076923077, "loss": 1.214800477027893, "trainRumorAcc": [0.41923076923076924, 0.4461538461538462, 0.45, 0.4461538461538462, 0.4807692307692308, 0.46153846153846156, 0.5, 0.49615384615384617, 0.49615384615384617, 0.48846153846153845, 0.5038461538461538, 0.55, 0.5423076923076923, 0.5423076923076923, 0.5538461538461539, 0.5461538461538461, 0.55, 0.5576923076923077, 0.5615384615384615, 0.573076923076923, 0.5576923076923077, 0.5653846153846154, 0.573076923076923, 0.5692307692307692, 0.6, 0.5923076923076923, 0.6076923076923076, 0.5961538461538461, 0.5923076923076923, 0.5923076923076923, 0.6115384615384616, 0.6269230769230769, 0.6423076923076924, 0.6346153846153846, 0.6538461538461539, 0.6730769230769231, 0.6692307692307692, 0.6615384615384615, 0.6807692307692308, 0.6923076923076923, 0.6846153846153846, 0.6884615384615385, 0.7038461538461539, 0.7, 0.7269230769230769, 0.7038461538461539, 0.7538461538461538, 0.75, 0.7461538461538462, 0.75, 0.7461538461538462, 0.7269230769230769, 0.7615384615384615, 0.7538461538461538, 0.7730769230769231, 0.7692307692307693, 0.7846153846153846, 0.8115384615384615, 0.7846153846153846, 0.7846153846153846, 0.7846153846153846, 0.8, 0.8076923076923077, 0.8153846153846154, 0.8384615384615385, 0.8269230769230769, 0.823076923076923, 0.85, 0.8692307692307693, 0.8653846153846154, 0.8538461538461538, 0.8653846153846154, 0.8653846153846154, 0.8615384615384616, 0.8653846153846154, 0.8653846153846154, 0.8615384615384616, 0.8923076923076924, 0.9, 0.8807692307692307, 0.9038461538461539, 0.926923076923077, 0.8961538461538462, 0.9230769230769231, 0.9153846153846154, 0.8961538461538462, 0.9230769230769231, 0.9538461538461539, 0.9384615384615385, 0.9230769230769231, 0.9230769230769231, 0.9346153846153846, 0.9423076923076923, 0.9538461538461539, 0.9461538461538461, 0.9576923076923077, 0.9461538461538461, 0.9461538461538461, 0.9807692307692307, 0.9807692307692307, 0.9769230769230769, 0.9692307692307692, 0.9653846153846154, 0.9615384615384616, 0.9730769230769231, 0.9884615384615385, 0.9769230769230769, 0.9846153846153847, 0.9807692307692307, 0.9846153846153847, 0.9923076923076923, 0.9923076923076923, 0.9807692307692307, 0.9923076923076923, 0.9961538461538462, 0.9961538461538462, 0.9807692307692307, 1.0, 0.9961538461538462, 0.9884615384615385, 0.9961538461538462, 0.9961538461538462, 0.9961538461538462, 0.9961538461538462, 0.9961538461538462, 1.0, 0.9961538461538462, 0.9961538461538462, 0.9923076923076923, 1.0, 0.9923076923076923, 1.0, 0.9923076923076923, 0.9961538461538462, 0.9923076923076923, 1.0, 1.0, 1.0, 0.9961538461538462, 1.0, 1.0, 1.0, 0.9961538461538462, 0.9961538461538462, 1.0, 0.9961538461538462, 1.0, 1.0, 0.9961538461538462, 1.0, 0.9884615384615385, 0.9961538461538462, 0.9923076923076923, 1.0, 1.0, 1.0, 1.0, 1.0, 1.0, 1.0], "trainRumorF1": [0.3036938209595563, 0.20567375886524822, 0.21388505747126438, 0.21911589008363197, 0.2870821850045933, 0.2545026596996658, 0.32340141168608777, 0.3323600395647874, 0.332010582010582, 0.3431753043005911, 0.341411178620481, 0.4007328447701532, 0.3934993520367063, 0.4020975814174492, 0.4100190625562567, 0.41168677995484265, 0.3996649702235188, 0.42021914055812365, 0.4172496939196839, 0.42979611022974334, 0.42753071637476764, 0.4328969910365259, 0.441971540924756, 0.46988418965681217, 0.48296119085592776, 0.49046863073595287, 0.5275016294466742, 0.49134780719158017, 0.4825280323099704, 0.5101445894208195, 0.5230920909130568, 0.5733084598040138, 0.5895875252514514, 0.569923935980219, 0.5930736987073727, 0.6269416449105202, 0.6228008581610379, 0.6026392456672958, 0.6355311355311355, 0.6395617608781757, 0.641395120694027, 0.6472603295637044, 0.6624720527906521, 0.647670025864752, 0.6902371596803257, 0.6696229427004146, 0.7238057439274561, 0.7196390772607896, 0.7162464537215282, 0.7170309095860566, 0.7146445695226183, 0.6984601413769225, 0.7303608040070589, 0.7192514222686636, 0.739859612484047, 0.7351856158150244, 0.7504290119662324, 0.7896029538541615, 0.7485319351133928, 0.7548357903103381, 0.7532049456862864, 0.7720415306690965, 0.7786081079893709, 0.7847475028554819, 0.814302805075537, 0.7973183769746903, 0.7894910018487749, 0.8290103407037629, 0.8494242141300964, 0.8471938022232223, 0.8275768619755164, 0.8405927823221057, 0.8428194694390635, 0.840383314819405, 0.8406066834167619, 0.8466722694058935, 0.8352045721056648, 0.8747015610651974, 0.8881849043698754, 0.8675070028011205, 0.8944750313918671, 0.9189260266183342, 0.8833546396826254, 0.911361422524485, 0.9045198288482849, 0.8780598669891466, 0.9120072332730561, 0.9479098406626169, 0.9299504497137456, 0.9144161063387669, 0.9143190615102639, 0.9263074934027592, 0.9348584093998621, 0.9487632816886183, 0.9390489660382663, 0.9531308600924082, 0.9385464471671369, 0.9379822622660731, 0.9778333376664269, 0.9794033535650416, 0.9742825698893185, 0.9650285029608169, 0.9603246622302883, 0.9549655809456743, 0.9700331628116207, 0.986134021017742, 0.9726188219797187, 0.9827586206896552, 0.9773394318910013, 0.9836570243892897, 0.9913793103448275, 0.9913793103448275, 0.9794033535650416, 0.9913793103448275, 0.9956708341108417, 0.9957079957079958, 0.9778333376664269, 1.0, 0.9951746670017593, 0.9871239871239871, 0.9956708341108417, 0.9966200670966878, 0.9956708341108417, 0.9966302162833954, 0.9966200670966878, 1.0, 0.9957079957079958, 0.9956708341108417, 0.9918320267157478, 1.0, 0.990794649345502, 1.0, 0.9909579633040829, 0.9956708341108417, 0.9903769045709704, 1.0, 1.0, 1.0, 0.9957079957079958, 1.0, 1.0, 1.0, 0.9956708341108417, 0.9956708341108417, 1.0, 0.9952016794122057, 1.0, 1.0, 0.9957079957079958, 1.0, 0.9866301104958093, 0.9966302162833954, 0.9913793103448275, 1.0, 1.0, 1.0, 1.0, 1.0, 1.0, 1.0],