{"epoch": 85, "macroF1Rumor": 0.6320836965998257, "accRumor": 0.6461538461538462, "loss": 0.8417373299598694, "trainRumorAcc": [0.3769230769230769, 0.43846153846153846, 0.4461538461538462, 0.4461538461538462, 0.45, 0.4461538461538462, 0.4807692307692308, 0.5038461538461538, 0.48846153846153845, 0.49230769230769234, 0.5192307692307693, 0.5423076923076923, 0.5153846153846153, 0.5153846153846153, 0.5153846153846153, 0.5269230769230769, 0.5230769230769231, 0.5307692307692308, 0.5269230769230769, 0.5269230769230769, 0.5576923076923077, 0.5692307692307692, 0.573076923076923, 0.5653846153846154, 0.5692307692307692, 0.5961538461538461, 0.6076923076923076, 0.6, 0.6153846153846154, 0.5846153846153846, 0.6346153846153846, 0.6307692307692307, 0.6346153846153846, 0.6384615384615384, 0.6576923076923077, 0.6423076923076924, 0.6346153846153846, 0.6423076923076924, 0.6461538461538462, 0.6961538461538461, 0.6576923076923077, 0.6692307692307692, 0.6730769230769231, 0.65, 0.6615384615384615, 0.6846153846153846, 0.6538461538461539, 0.6692307692307692, 0.6961538461538461, 0.7076923076923077, 0.7115384615384616, 0.6961538461538461, 0.6730769230769231, 0.6884615384615385, 0.7038461538461539, 0.7115384615384616, 0.6884615384615385, 0.6807692307692308, 0.7115384615384616, 0.6961538461538461, 0.7269230769230769, 0.7, 0.7115384615384616, 0.7230769230769231, 0.7346153846153847, 0.7384615384615385, 0.7153846153846154, 0.7076923076923077, 0.7307692307692307, 0.7538461538461538, 0.7153846153846154, 0.7153846153846154, 0.7423076923076923, 0.7576923076923077, 0.7615384615384615, 0.7423076923076923, 0.7576923076923077, 0.7730769230769231, 0.7692307692307693, 0.7538461538461538, 0.75, 0.7769230769230769, 0.7961538461538461, 0.7692307692307693, 0.7923076923076923, 0.7692307692307693, 0.8153846153846154, 0.7807692307692308, 0.8192307692307692, 0.7807692307692308, 0.7807692307692308, 0.8038461538461539, 0.8115384615384615, 0.823076923076923, 0.8384615384615385, 0.823076923076923, 0.8076923076923077, 0.823076923076923, 0.85, 0.85, 0.8, 0.8115384615384615, 0.8115384615384615, 0.8423076923076923, 0.85, 0.8461538461538461, 0.8615384615384616, 0.8615384615384616, 0.8384615384615385, 0.85, 0.8807692307692307, 0.8807692307692307, 0.8807692307692307, 0.8692307692307693, 0.8576923076923076, 0.8846153846153846, 0.9076923076923077, 0.9230769230769231, 0.8730769230769231, 0.8884615384615384, 0.9038461538461539, 0.8961538461538462, 0.9076923076923077, 0.9192307692307692, 0.9230769230769231, 0.9153846153846154, 0.9230769230769231, 0.9346153846153846, 0.926923076923077, 0.9076923076923077, 0.9384615384615385, 0.9346153846153846, 0.9230769230769231, 0.95, 0.9384615384615385], "trainRumorF1": [0.3416738999397228, 0.21038081415439905, 0.20567375886524822, 0.20567375886524822, 0.22090800477897252, 0.21911589008363197, 0.2916900093370682, 0.3200035101575184, 0.3144086348691162, 0.3017740429505135, 0.36372549019607847, 0.39972652156854266, 0.36993006993007, 0.37782116236374913, 0.37831237628199577, 0.40543807283609096, 0.3936844371726665, 0.410299173432814, 0.3950006911224256, 0.40922981267415864, 0.4573336077188463, 0.46679494632623025, 0.47832950567459703, 0.47873386949788593, 0.4804735965872275, 0.499193926700187, 0.5364840557553109, 0.5268727872622673, 0.5674165827601615, 0.5272417153996102, 0.5935650623885917, 0.5790427067022811, 0.5926249758733836, 0.6021635729617559, 0.6120805880699547, 0.5924169859514686, 0.5927664542448355, 0.6023020150408686, 0.6035253386601743, 0.671712605256909, 0.6237282020086357, 0.629336752567191, 0.6461430619268972, 0.6135049577479528, 0.6247295118968685, 0.6588686675643197, 0.6219730090697833, 0.6318814315205573, 0.6613765163046276, 0.6737910716358991, 0.6845438586912462, 0.6648518248879913, 0.6378666800431648, 0.6537257121297869, 0.6679629697013804, 0.692244022866185, 0.6626187187306037, 0.6457570111039215, 0.6785988655274786, 0.6618504268703189, 0.6961599175521077, 0.6718151198101073, 0.6805475825998214, 0.6999656140117355, 0.7054359142966738, 0.7119341643314975, 0.689223766218494, 0.6804204715102197, 0.7076174831706767, 0.7332742600569547, 0.6828542448007738, 0.6928692024108534, 0.7132706192762855, 0.7313679245283019, 0.7374205552975837, 0.7221899731042355, 0.7355137311888797, 0.7496212121212121, 0.7537742109972122, 0.7239644328779007, 0.7249128861581936, 0.753257525902102, 0.7792248915390937, 0.7554077358955408, 0.7689246123509071, 0.7481417591474516, 0.7989807643486243, 0.756338899196042, 0.798254079176511, 0.7541797897837634, 0.7601587842835854, 0.7808685878861317, 0.7886450012596167, 0.8089148951072377, 0.817975918613764, 0.8044598701772854, 0.7913024309932699, 0.8045013654769751, 0.8319556271247093, 0.8283859316696868, 0.7827970678463559, 0.7927925760637548, 0.7905555220324022, 0.8300612590195469, 0.830746533506915, 0.8265975451160638, 0.8446860364083327, 0.8463734896660462, 0.8215009636460135, 0.835054904027178, 0.864711910841731, 0.8710903489384503, 0.8715182129318402, 0.8607142857142858, 0.8494318093628946, 0.8761910596053052, 0.8967943828355728, 0.9142876681203828, 0.862457303596544, 0.8776720237166483, 0.8919011740619042, 0.8813740575066357, 0.8993216956237707, 0.9111212659112303, 0.9138142580450271, 0.9074534873700305, 0.912162273028628, 0.9256302521008403, 0.9203276787008844, 0.9008214819144099, 0.9305452045557049, 0.9252663869553545, 0.9174736073575563, 0.9452686447473937, 0.931199209771918],