{"epoch": 150, "macroF1Rumor": 0.7933387933387933, "accRumor": 0.8153846153846154, "loss": 1.0783485174179077, "trainRumorAcc": [0.3576923076923077, 0.45, 0.4461538461538462, 0.4461538461538462, 0.4461538461538462, 0.4461538461538462, 0.4461538461538462, 0.45, 0.45, 0.4461538461538462, 0.48846153846153845, 0.48846153846153845, 0.5076923076923077, 0.5038461538461538, 0.5384615384615384, 0.5076923076923077, 0.5076923076923077, 0.5384615384615384, 0.5153846153846153, 0.5153846153846153, 0.5307692307692308, 0.5307692307692308, 0.5384615384615384, 0.5884615384615385, 0.5692307692307692, 0.5423076923076923, 0.5423076923076923, 0.5615384615384615, 0.6038461538461538, 0.5615384615384615, 0.5769230769230769, 0.5961538461538461, 0.5884615384615385, 0.6, 0.6, 0.6038461538461538, 0.6346153846153846, 0.6153846153846154, 0.6192307692307693, 0.6346153846153846, 0.6346153846153846, 0.6307692307692307, 0.6346153846153846, 0.6730769230769231, 0.6576923076923077, 0.6576923076923077, 0.6807692307692308, 0.6653846153846154, 0.6846153846153846, 0.6653846153846154, 0.6807692307692308, 0.6730769230769231, 0.6807692307692308, 0.6884615384615385, 0.6884615384615385, 0.6884615384615385, 0.7076923076923077, 0.7153846153846154, 0.7076923076923077, 0.7153846153846154, 0.7076923076923077, 0.7076923076923077, 0.6884615384615385, 0.7230769230769231, 0.7807692307692308, 0.7461538461538462, 0.75, 0.7192307692307692, 0.7538461538461538, 0.7576923076923077, 0.7576923076923077, 0.7615384615384615, 0.75, 0.7692307692307693, 0.7769230769230769, 0.7615384615384615, 0.7923076923076923, 0.7807692307692308, 0.7692307692307693, 0.7884615384615384, 0.7961538461538461, 0.7846153846153846, 0.8, 0.8076923076923077, 0.7807692307692308, 0.8076923076923077, 0.823076923076923, 0.8115384615384615, 0.823076923076923, 0.8192307692307692, 0.8153846153846154, 0.8346153846153846, 0.8576923076923076, 0.823076923076923, 0.8192307692307692, 0.85, 0.823076923076923, 0.8692307692307693, 0.85, 0.85, 0.8538461538461538, 0.8423076923076923, 0.8346153846153846, 0.9076923076923077, 0.8730769230769231, 0.8846153846153846, 0.8692307692307693, 0.8769230769230769, 0.8846153846153846, 0.8961538461538462, 0.8730769230769231, 0.9076923076923077, 0.8884615384615384, 0.9, 0.8846153846153846, 0.9076923076923077, 0.9192307692307692, 0.9, 0.9192307692307692, 0.9192307692307692, 0.9, 0.9230769230769231, 0.9153846153846154, 0.926923076923077, 0.9192307692307692, 0.9230769230769231, 0.9384615384615385, 0.9153846153846154, 0.9153846153846154, 0.9461538461538461, 0.9346153846153846, 0.9346153846153846, 0.9538461538461539, 0.9346153846153846, 0.95, 0.9730769230769231, 0.9384615384615385, 0.9538461538461539, 0.9576923076923077, 0.9576923076923077, 0.9423076923076923, 0.9538461538461539, 0.9692307692307692, 0.9653846153846154, 0.9692307692307692, 0.9615384615384616, 0.9769230769230769, 0.9653846153846154, 0.95, 0.9692307692307692, 0.9615384615384616, 0.9576923076923077, 0.9807692307692307, 0.9846153846153847, 0.9846153846153847, 0.9730769230769231, 0.9653846153846154, 0.9692307692307692, 0.9769230769230769, 0.9653846153846154, 0.9807692307692307, 0.9730769230769231, 0.9769230769230769, 0.9769230769230769, 0.9769230769230769, 0.9769230769230769, 0.9846153846153847, 0.9769230769230769, 0.9884615384615385, 0.9769230769230769, 0.9692307692307692, 0.9769230769230769, 0.9846153846153847, 0.9807692307692307, 0.9653846153846154, 0.9884615384615385, 0.9961538461538462, 0.9884615384615385, 0.9884615384615385, 0.9692307692307692, 0.9769230769230769, 0.9884615384615385, 0.9961538461538462, 0.9807692307692307, 0.9846153846153847, 0.9884615384615385, 0.9884615384615385, 0.9807692307692307, 0.9807692307692307, 0.9961538461538462, 1.0, 0.9961538461538462, 0.9807692307692307, 0.9730769230769231, 0.9846153846153847, 0.9884615384615385, 0.9961538461538462, 0.9961538461538462, 0.9807692307692307, 0.9961538461538462], "trainRumorF1": [0.25179094757408005, 0.22090800477897252, 0.20567375886524822, 0.20567375886524822, 0.20567375886524822, 0.20567375886524822, 0.20567375886524822, 0.214349376114082, 0.21388505747126438, 0.20567375886524822, 0.3040774503568653, 0.2915809586498816, 0.32623403975253396, 0.32435610548023347, 0.387316153269335, 0.3511904761904762, 0.36434634974533103, 0.3882922535211268, 0.35858585858585856, 0.37229437229437234, 0.3896103896103897, 0.3879264758762188, 0.3917183364153886, 0.4389381242338377, 0.42486543420125705, 0.40920918032171477, 0.40088593576965664, 0.4222455248880765, 0.4696516785436505, 0.422373696872494, 0.4460215053763441, 0.4659428157799494, 0.4696977145872459, 0.49356535540436713, 0.5010067471893819, 0.48240702899091525, 0.5560299991953384, 0.534282253661086, 0.5230729459553545, 0.5758555923780156, 0.5602295606982478, 0.5595954096604262, 0.5705553455553455, 0.6178571428571429, 0.622703014822202, 0.6041179874621928, 0.6506172839506174, 0.6155944498469356, 0.6272623085738899, 0.6221895505506143, 0.6416408670089763, 0.6232910638139396, 0.6422466422466422, 0.6496190881704438, 0.6331845634603429, 0.6460403008173708, 0.6767976364947542, 0.6867495309568481, 0.6651816702425861, 0.67792862216385, 0.671256397657528, 0.6717322341435817, 0.6512353509725747, 0.682776365879636, 0.7522875140318434, 0.7177919040095438, 0.7209195400076781, 0.6773865871973839, 0.7196207551911539, 0.7326530612244898, 0.726367477501134, 0.7295219483712986, 0.7176763592188657, 0.7359211874196291, 0.748872661556354, 0.7304604979177095, 0.7576528721759935, 0.7481475410202751, 0.7400080113001497, 0.7641912359678614, 0.7594327823412095, 0.7612217104937354, 0.7659883720930232, 0.7777060591678532, 0.7545688428967309, 0.7769493135253733, 0.8012531734456868, 0.7841036092301624, 0.7996224056014003, 0.7928627450980392, 0.7925033467202142, 0.812816060300539, 0.8333038699209987, 0.801530981373162, 0.7968123131671737, 0.8273325852135974, 0.7984459860482039, 0.8555080145429184, 0.8313921040498896, 0.8334792244686743, 0.8318547953507923, 0.8173743182658795, 0.8179763151273122, 0.8932453645842768, 0.8604140958921258, 0.8728695096952584, 0.8523618282654427, 0.8637217339042896, 0.8688622443683172, 0.8846688855996194, 0.862456243225474, 0.8987919595114188, 0.8778064886592017, 0.8844671660516304, 0.8714285714285714, 0.9035076186922971, 0.9085681531223927, 0.8917856379156688, 0.906974931008598, 0.9111257542111725, 0.891037923020237, 0.9121514204771466, 0.9090467884396641, 0.9173581505202929, 0.909779934934469, 0.916879487748908, 0.9345276979144256, 0.9081569147460934, 0.8988309329140788, 0.9414322250639385, 0.9282214215458882, 0.928641829292332, 0.9489792339406117, 0.9244944501982445, 0.9448712342504649, 0.9704599726723622, 0.9341323869479039, 0.9509537279430281, 0.9543003076762845, 0.9533039487765503, 0.9382438628034171, 0.9518199065109821, 0.9664142652769261, 0.960621348450963, 0.9655459854419451, 0.9596364608393477, 0.974959774448036, 0.9614555439043483, 0.9433673468660162, 0.967213649135846, 0.9591010502258257, 0.953285569013078, 0.9771194493219427, 0.9837565472774185, 0.9831365333402765, 0.9705085891750037, 0.9619439007913949, 0.9664334323078635, 0.9758811160279949, 0.9640260686772315, 0.9804230771249206, 0.969695838775891, 0.9753706709238384, 0.9778802459235498, 0.974542831429417, 0.9738865225038286, 0.9836570243892897, 0.97563760454037, 0.9874270749423748, 0.9728738899122485, 0.9672351366951776, 0.9739797731192207, 0.9820854658000862, 0.9773394318910013, 0.9591239720658106, 0.9884294807162322, 0.9966200670966878, 0.9870125023325246, 0.9856050382366172, 0.9646456107994569, 0.9734634628987532, 0.9879970869606111, 0.9957079957079958, 0.9788826516974072, 0.9831365333402765, 0.9874823020867646, 0.9879334190164605, 0.9807538091419407, 0.9785399785399785, 0.9956708341108417, 1.0, 0.9956708341108417, 0.979776874568496, 0.9712908174446637, 0.9826060878692457, 0.986134021017742, 0.9966200670966878, 0.9957079957079958, 0.9768533363376114, 0.9956708341108417],