{"epoch": 205, "macroF1Rumor": 0.6767293609398872, "accRumor": 0.6923076923076923, "loss": 1.5447850227355957, "trainRumorAcc": [0.39615384615384613, 0.4576923076923077, 0.4461538461538462, 0.4807692307692308, 0.45, 0.47307692307692306, 0.47692307692307695, 0.5038461538461538, 0.49230769230769234, 0.49615384615384617, 0.48846153846153845, 0.5, 0.5, 0.5, 0.49230769230769234, 0.5230769230769231, 0.4807692307692308, 0.5076923076923077, 0.5076923076923077, 0.5230769230769231, 0.5076923076923077, 0.5307692307692308, 0.5384615384615384, 0.5269230769230769, 0.5384615384615384, 0.5461538461538461, 0.5384615384615384, 0.5576923076923077, 0.5653846153846154, 0.5461538461538461, 0.5423076923076923, 0.5538461538461539, 0.5346153846153846, 0.5807692307692308, 0.5692307692307692, 0.573076923076923, 0.573076923076923, 0.5846153846153846, 0.5807692307692308, 0.5961538461538461, 0.5884615384615385, 0.5807692307692308, 0.6153846153846154, 0.5961538461538461, 0.6, 0.6, 0.6230769230769231, 0.5961538461538461, 0.5846153846153846, 0.6076923076923076, 0.6384615384615384, 0.6269230769230769, 0.6307692307692307, 0.6384615384615384, 0.6269230769230769, 0.6576923076923077, 0.6423076923076924, 0.65, 0.6384615384615384, 0.6307692307692307, 0.676923076923077, 0.6615384615384615, 0.6538461538461539, 0.6384615384615384, 0.6846153846153846, 0.6692307692307692, 0.6884615384615385, 0.6846153846153846, 0.7, 0.6923076923076923, 0.7, 0.6884615384615385, 0.6884615384615385, 0.7076923076923077, 0.7230769230769231, 0.7346153846153847, 0.7384615384615385, 0.7269230769230769, 0.7269230769230769, 0.7384615384615385, 0.7692307692307693, 0.7653846153846153, 0.7423076923076923, 0.7576923076923077, 0.7653846153846153, 0.7615384615384615, 0.7692307692307693, 0.7961538461538461, 0.7807692307692308, 0.7730769230769231, 0.8115384615384615, 0.8038461538461539, 0.7653846153846153, 0.7769230769230769, 0.7730769230769231, 0.8115384615384615, 0.8346153846153846, 0.8076923076923077, 0.8153846153846154, 0.8076923076923077, 0.8, 0.8115384615384615, 0.8269230769230769, 0.8115384615384615, 0.8, 0.8730769230769231, 0.8461538461538461, 0.85, 0.8192307692307692, 0.8307692307692308, 0.8346153846153846, 0.8461538461538461, 0.8653846153846154, 0.8923076923076924, 0.8923076923076924, 0.8807692307692307, 0.8884615384615384, 0.8884615384615384, 0.9076923076923077, 0.9307692307692308, 0.8653846153846154, 0.9, 0.9, 0.8923076923076924, 0.9076923076923077, 0.9153846153846154, 0.9192307692307692, 0.9230769230769231, 0.9230769230769231, 0.9384615384615385, 0.9076923076923077, 0.926923076923077, 0.9153846153846154, 0.95, 0.9115384615384615, 0.9307692307692308, 0.95, 0.9346153846153846, 0.9346153846153846, 0.9461538461538461, 0.9384615384615385, 0.9576923076923077, 0.9307692307692308, 0.9384615384615385, 0.9423076923076923, 0.9615384615384616, 0.9461538461538461, 0.9615384615384616, 0.9346153846153846, 0.9692307692307692, 0.95, 0.9538461538461539, 0.9576923076923077, 0.9538461538461539, 0.9538461538461539, 0.9653846153846154, 0.9461538461538461, 0.9576923076923077, 0.9807692307692307, 0.9692307692307692, 0.9961538461538462, 0.9769230769230769, 0.9730769230769231, 0.9769230769230769, 0.9615384615384616, 0.9653846153846154, 0.9807692307692307, 0.9769230769230769, 0.9769230769230769, 0.9692307692307692, 0.9730769230769231, 0.9923076923076923, 0.9846153846153847, 0.9807692307692307, 0.9807692307692307, 0.9884615384615385, 0.9653846153846154, 0.9807692307692307, 0.9961538461538462, 0.9730769230769231, 0.9884615384615385, 0.9846153846153847, 0.9884615384615385, 0.9923076923076923, 0.9923076923076923, 0.9846153846153847, 1.0, 0.9846153846153847, 0.9730769230769231, 0.9884615384615385, 0.9846153846153847, 0.9769230769230769, 0.9961538461538462, 0.9961538461538462, 0.9923076923076923, 0.9846153846153847, 0.9846153846153847, 0.9769230769230769, 0.9846153846153847, 0.9846153846153847, 0.9807692307692307, 0.9884615384615385, 0.9923076923076923, 0.9807692307692307, 1.0, 0.9807692307692307, 0.9846153846153847, 0.9884615384615385, 1.0, 0.9923076923076923, 0.9846153846153847, 0.9884615384615385, 0.9923076923076923, 1.0, 1.0, 0.9846153846153847, 1.0, 0.9807692307692307, 0.9884615384615385, 0.9961538461538462, 0.9884615384615385, 0.9961538461538462, 0.9961538461538462, 0.9884615384615385, 1.0, 0.9923076923076923, 0.9884615384615385, 0.9769230769230769, 0.9884615384615385, 1.0, 0.9961538461538462, 0.9846153846153847, 0.9923076923076923, 1.0, 0.9923076923076923, 0.9923076923076923, 0.9961538461538462, 1.0, 0.9961538461538462, 0.9961538461538462, 0.9846153846153847, 0.9961538461538462, 0.9923076923076923, 1.0, 0.9846153846153847, 0.9923076923076923, 1.0, 0.9884615384615385, 0.9923076923076923, 1.0, 0.9961538461538462, 0.9923076923076923, 0.9923076923076923, 0.9884615384615385, 0.9961538461538462],