{"epoch": 170, "macroF1Rumor": 0.728057337986416, "accRumor": 0.7692307692307693, "loss": 1.718272089958191, "trainRumorAcc": [0.43846153846153846, 0.4461538461538462, 0.4461538461538462, 0.4461538461538462, 0.47307692307692306, 0.48846153846153845, 0.4461538461538462, 0.46923076923076923, 0.5269230769230769, 0.5, 0.49615384615384617, 0.5307692307692308, 0.5269230769230769, 0.5269230769230769, 0.55, 0.5423076923076923, 0.5307692307692308, 0.5384615384615384, 0.5538461538461539, 0.55, 0.5538461538461539, 0.5538461538461539, 0.573076923076923, 0.5769230769230769, 0.5692307692307692, 0.5846153846153846, 0.5884615384615385, 0.5961538461538461, 0.5769230769230769, 0.6, 0.5923076923076923, 0.5884615384615385, 0.6038461538461538, 0.6076923076923076, 0.6153846153846154, 0.6307692307692307, 0.6538461538461539, 0.6230769230769231, 0.6423076923076924, 0.6538461538461539, 0.676923076923077, 0.676923076923077, 0.676923076923077, 0.7038461538461539, 0.7, 0.6846153846153846, 0.6846153846153846, 0.7, 0.7076923076923077, 0.6961538461538461, 0.7307692307692307, 0.7076923076923077, 0.7076923076923077, 0.7038461538461539, 0.7076923076923077, 0.7269230769230769, 0.7538461538461538, 0.7192307692307692, 0.7461538461538462, 0.75, 0.7769230769230769, 0.7846153846153846, 0.7769230769230769, 0.7653846153846153, 0.7769230769230769, 0.7807692307692308, 0.8153846153846154, 0.7769230769230769, 0.7807692307692308, 0.7961538461538461, 0.8038461538461539, 0.8115384615384615, 0.8038461538461539, 0.8, 0.8346153846153846, 0.8153846153846154, 0.8269230769230769, 0.8538461538461538, 0.8346153846153846, 0.8692307692307693, 0.8692307692307693, 0.8576923076923076, 0.8538461538461538, 0.8692307692307693, 0.8884615384615384, 0.8576923076923076, 0.8692307692307693, 0.8961538461538462, 0.9076923076923077, 0.8961538461538462, 0.9, 0.9076923076923077, 0.9076923076923077, 0.9, 0.926923076923077, 0.9076923076923077, 0.9384615384615385, 0.95, 0.95, 0.9576923076923077, 0.9576923076923077, 0.9384615384615385, 0.95, 0.95, 0.9538461538461539, 0.9730769230769231, 0.9615384615384616, 0.9615384615384616, 0.9461538461538461, 0.9615384615384616, 0.9653846153846154, 0.9769230769230769, 0.9807692307692307, 0.9769230769230769, 0.9730769230769231, 0.9884615384615385, 0.9846153846153847, 0.9884615384615385, 0.9846153846153847, 0.9923076923076923, 0.9923076923076923, 0.9846153846153847, 0.9923076923076923, 0.9884615384615385, 0.9807692307692307, 0.9961538461538462, 0.9884615384615385, 1.0, 1.0, 0.9961538461538462, 0.9884615384615385, 0.9961538461538462, 1.0, 1.0, 1.0, 1.0, 0.9961538461538462, 1.0, 0.9961538461538462, 0.9961538461538462, 1.0, 1.0, 0.9961538461538462, 0.9923076923076923, 0.9961538461538462, 0.9961538461538462, 0.9961538461538462, 0.9961538461538462, 1.0, 0.9961538461538462, 1.0, 1.0, 1.0, 1.0, 1.0, 1.0, 1.0, 1.0, 0.9923076923076923, 1.0, 1.0, 1.0, 1.0, 1.0, 0.9961538461538462, 1.0, 1.0, 0.9961538461538462, 1.0, 1.0, 1.0, 1.0, 1.0, 1.0, 1.0, 1.0, 0.9961538461538462, 0.9961538461538462, 1.0, 1.0, 1.0, 1.0, 1.0, 1.0, 1.0, 1.0, 1.0, 1.0, 1.0, 1.0, 1.0, 1.0, 1.0, 0.9961538461538462, 1.0, 1.0, 1.0, 1.0, 1.0, 0.9961538461538462, 1.0, 1.0, 1.0, 1.0, 0.9961538461538462, 1.0, 1.0, 1.0, 1.0, 1.0, 1.0, 1.0, 1.0, 1.0, 1.0, 1.0, 1.0, 1.0, 1.0, 1.0], "trainRumorF1": [0.22335190532351865, 0.20567375886524822, 0.20567375886524822, 0.20567375886524822, 0.2599043715846995, 0.29107577710929666, 0.20567375886524822, 0.2632384450566269, 0.3651053558112897, 0.3265205004335439, 0.3218390804597701, 0.3825641025641026, 0.3715866714784073, 0.37420774647887317, 0.399395313681028, 0.3898400450124588, 0.38213269166613434, 0.3891452991452991, 0.40541575301938665, 0.4011694685183251, 0.40407998126104644, 0.4121966794380587, 0.43137651821862355, 0.43193537643589414, 0.43005719900340383, 0.45162282600851555, 0.4590015210777923, 0.46243290052002445, 0.4491864413199633, 0.46538202207317503, 0.4784659784659784, 0.4572924285253052, 0.4945379635004288, 0.49709972862957946, 0.5191148032243685, 0.565444208789914, 0.5844441530064702, 0.5390499034716071, 0.5821170184521439, 0.6005637456658933, 0.6262898384427982, 0.6273257970674945, 0.6226100354414346, 0.6570757860257905, 0.6570332959221848, 0.6362280301359156, 0.6369890651585949, 0.6612255591406746, 0.6645260577765421, 0.6540404040404041, 0.6927117411850237, 0.6733801267314412, 0.6701728618235228, 0.6659672304029901, 0.6772142743369448, 0.6974931002836336, 0.7287314925970388, 0.6777777777777777, 0.7172629243226409, 0.7225523077497402, 0.7503440940174751, 0.7624322493224932, 0.7505596726879729, 0.7384185544778497, 0.7523398884111172, 0.7523528811881435, 0.7936878441182601, 0.753926013810211, 0.7609420646871464, 0.7738421135896218, 0.781110230087502, 0.7904237603875254, 0.7774383249311653, 0.7827466773568763, 0.813955676903884, 0.7926431607901976, 0.8004684526423657, 0.8409726831659903, 0.8221988795518208, 0.8555589217243352, 0.8537259753886088, 0.8413301012093074, 0.8349808948601011, 0.8532757857459052, 0.8758380208365514, 0.8437682588577565, 0.8549013606054604, 0.8843600784940722, 0.9006525007970904, 0.8844391628705354, 0.8902907386669985, 0.8964600122935291, 0.9000524028828236, 0.8902829443716879, 0.918154175347711, 0.9024764409379792, 0.9316031046300751, 0.9459142788396154, 0.9484621473039451, 0.9549571680248249, 0.9539725215619477, 0.9320929364641962, 0.9470377527999005, 0.947563108354995, 0.9493823801490994, 0.9707880405554824, 0.9596171774661477, 0.9599466925021751, 0.9431738022127037, 0.9574510990118975, 0.9621913941062877, 0.9769843485814448, 0.9788826516974072, 0.97563760454037, 0.9706022325697116, 0.9879970869606111, 0.9846332992377618, 0.9870125023325246, 0.9832395773319783, 0.992328116193815, 0.992303128687568, 0.9829034635224759, 0.9913793103448275, 0.9879970869606111, 0.9780585415794127, 0.9957079957079958, 0.9879970869606111, 1.0, 1.0, 0.9966200670966878, 0.9884294807162322, 0.9966200670966878, 1.0, 1.0, 1.0, 1.0, 0.9956708341108417, 1.0, 0.9966200670966878, 0.9951746670017593, 1.0, 1.0, 0.9957079957079958, 0.9909579633040829, 0.9951746670017593, 0.9966200670966878, 0.9957079957079958, 0.9956708341108417, 1.0, 0.9966200670966878, 1.0, 1.0, 1.0, 1.0, 1.0, 1.0, 1.0, 1.0, 0.9913793103448275, 1.0, 1.0, 1.0, 1.0, 1.0, 0.9957079957079958, 1.0, 1.0, 0.9966200670966878, 1.0, 1.0, 1.0, 1.0, 1.0, 1.0, 1.0, 1.0, 0.9966200670966878, 0.9952016794122057, 1.0, 1.0, 1.0, 1.0, 1.0, 1.0, 1.0, 1.0, 1.0, 1.0, 1.0, 1.0, 1.0, 1.0, 1.0, 0.9966200670966878, 1.0, 1.0, 1.0, 1.0, 1.0, 0.9952016794122057, 1.0, 1.0, 1.0, 1.0, 0.9957079957079958, 1.0, 1.0, 1.0, 1.0, 1.0, 1.0, 1.0, 1.0, 1.0, 1.0, 1.0, 1.0, 1.0, 1.0, 1.0],